scene,det_id,cx,cy,x,y,w,h,area,score,rf,cnn,hsv,depth,hsv_frac,lap_var
024d7bdf1579333810b17ba225597556_jpg.rf.wC6gRKMscShDjB3IC7gY.jpg,1,245,491,239,486,12,11,132,0.5229,0.42,0.5028,0.8786,0.242,0.1757,241.99
024d7bdf1579333810b17ba225597556_jpg.rf.wC6gRKMscShDjB3IC7gY.jpg,2,293,193,252,124,82,138,11316,0.4967,0.32,0.4722,1.0,0.1936,0.3887,193.65
024d7bdf1579333810b17ba225597556_jpg.rf.wC6gRKMscShDjB3IC7gY.jpg,3,382,92,349,72,67,40,2680,0.5517,0.43,0.5538,1.0,0.0739,0.3941,73.91
0cc16d4f80bf162bbe502bff7e768418_jpg.rf.XAnzrw3PfUYE1KKuLLAu.jpg,1,473,462,434,413,78,99,7722,0.5302,0.26,0.6168,1.0,0.2334,0.4839,233.42
0cc16d4f80bf162bbe502bff7e768418_jpg.rf.XAnzrw3PfUYE1KKuLLAu.jpg,2,230,61,224,54,13,15,195,0.588,0.53,0.5342,1.0,0.1555,0.3289,155.51
0cc16d4f80bf162bbe502bff7e768418_jpg.rf.XAnzrw3PfUYE1KKuLLAu.jpg,3,266,24,253,18,27,12,324,0.586,0.52,0.5536,1.0,0.1021,0.3291,102.13
0cc16d4f80bf162bbe502bff7e768418_jpg.rf.XAnzrw3PfUYE1KKuLLAu.jpg,4,182,18,164,4,37,28,1036,0.5857,0.56,0.5191,1.0,0.0805,0.2621,80.46
1000_F_195195148_PX9B9rE8TasfHa4l8WtmucoTHOEDok13_jpg.rf.tEBwlg9qt4BLCXCLaBTN.jpg,1,328,312,317,298,22,28,616,0.4812,0.34,0.4526,0.9081,0.2222,0.1816,222.17
10_jpg.rf.gym0bCuc8i1Y4tBlHSQo.jpg,1,341,227,287,181,109,92,10028,0.614,0.38,0.5171,1.0,1.0,0.3261,2958.91
10_jpg.rf.sXFJUhU0cV4b77QEPCBX.jpg,1,239,220,226,208,27,24,648,0.6772,0.56,0.5538,0.9366,1.0,0.1873,6007.3
10_jpg.rf.sXFJUhU0cV4b77QEPCBX.jpg,2,313,190,254,146,118,88,10384,0.6381,0.42,0.5461,1.0,1.0,0.3036,5457.15
11_jpg.rf.C58jddHuOPd2SLmFzDeX.jpg,1,265,411,255,399,20,24,480,0.6287,0.41,0.5291,1.0,1.0,0.2604,4278.13
11_jpg.rf.C58jddHuOPd2SLmFzDeX.jpg,2,294,183,281,171,26,25,650,0.7351,0.62,0.6316,0.9851,1.0,0.197,2726.41
11_jpg.rf.C58jddHuOPd2SLmFzDeX.jpg,3,493,178,474,155,38,46,1748,0.6796,0.61,0.5948,0.7896,1.0,0.1579,2198.49
11_jpg.rf.C58jddHuOPd2SLmFzDeX.jpg,4,285,150,279,144,13,13,169,0.6485,0.44,0.5557,1.0,1.0,0.2384,2347.36
11_jpg.rf.C58jddHuOPd2SLmFzDeX.jpg,5,5,143,0,134,10,18,180,0.6206,0.4,0.5159,1.0,1.0,0.3042,2101.34
11_jpg.rf.C58jddHuOPd2SLmFzDeX.jpg,6,291,132,285,126,13,12,156,0.6933,0.59,0.586,0.9083,1.0,0.1817,3029.13
11_jpg.rf.C58jddHuOPd2SLmFzDeX.jpg,7,480,130,464,120,32,21,672,0.6583,0.62,0.4833,0.8609,1.0,0.1722,2400.05
11_jpg.rf.C58jddHuOPd2SLmFzDeX.jpg,8,267,94,251,87,32,14,448,0.5225,0.4,0.499,0.5813,0.9155,0.1163,915.48
11_jpg.rf.C58jddHuOPd2SLmFzDeX.jpg,9,197,130,133,87,129,87,11223,0.6462,0.57,0.4192,1.0,1.0,0.3345,1177.92
11_jpg.rf.C58jddHuOPd2SLmFzDeX.jpg,10,112,105,91,87,43,36,1548,0.6781,0.58,0.5671,1.0,0.7656,0.2216,765.6
11_jpg.rf.j79DUMrF25y2bDRtBgjR.jpg,1,245,418,230,411,31,14,434,0.5485,0.41,0.5198,0.6351,0.9608,0.127,960.78
11_jpg.rf.j79DUMrF25y2bDRtBgjR.jpg,2,35,384,22,371,26,26,676,0.7209,0.62,0.6019,0.9661,1.0,0.1932,2409.31
11_jpg.rf.j79DUMrF25y2bDRtBgjR.jpg,3,507,367,502,359,10,16,160,0.6169,0.37,0.5355,1.0,1.0,0.2411,2188.31
11_jpg.rf.j79DUMrF25y2bDRtBgjR.jpg,4,224,372,215,356,19,32,608,0.6403,0.45,0.545,0.9604,1.0,0.1921,1467.97
11_jpg.rf.j79DUMrF25y2bDRtBgjR.jpg,5,219,329,206,316,26,27,702,0.7006,0.61,0.5509,0.9717,1.0,0.1943,1721.02
11_jpg.rf.j79DUMrF25y2bDRtBgjR.jpg,6,19,334,0,311,38,46,1748,0.669,0.61,0.5857,0.7524,1.0,0.1505,2171.6
11_jpg.rf.j79DUMrF25y2bDRtBgjR.jpg,7,505,188,499,181,13,14,182,0.6176,0.41,0.4973,1.0,1.0,0.4838,2277.94
11_jpg.rf.j79DUMrF25y2bDRtBgjR.jpg,8,247,102,237,89,21,26,546,0.6148,0.4,0.4995,1.0,1.0,0.2289,4062.43
11_jpg.rf.rBZ45MMHsDF3q7kduQEn.jpg,1,248,414,238,405,20,18,360,0.6241,0.41,0.5191,0.9948,1.0,0.199,3862.25
11_jpg.rf.rBZ45MMHsDF3q7kduQEn.jpg,2,502,324,493,316,19,16,304,0.6133,0.44,0.4551,1.0,1.0,0.3929,1883.05
11_jpg.rf.rBZ45MMHsDF3q7kduQEn.jpg,3,503,233,494,229,18,8,144,0.6971,0.62,0.5155,1.0,0.9966,0.3896,996.56
11_jpg.rf.rBZ45MMHsDF3q7kduQEn.jpg,4,214,182,201,171,27,23,621,0.6199,0.39,0.5846,0.8938,1.0,0.1788,2498.02
11_jpg.rf.rBZ45MMHsDF3q7kduQEn.jpg,5,19,178,0,155,38,46,1748,0.6576,0.61,0.5296,0.7935,1.0,0.1587,2465.91
11_jpg.rf.rBZ45MMHsDF3q7kduQEn.jpg,6,33,129,17,116,32,26,832,0.6478,0.61,0.4698,0.8493,1.0,0.1699,2301.61
11_jpg.rf.rBZ45MMHsDF3q7kduQEn.jpg,7,251,95,242,88,19,14,266,0.635,0.57,0.5405,0.7382,0.9872,0.1476,987.24
1200px-Saffron8_jpg.rf.CsB0w7kpqOcw4VoRlc0k.jpg,1,15,497,0,483,31,29,899,0.5263,0.41,0.5038,1.0,0.0651,0.322,65.1
1200px-Saffron8_jpg.rf.CsB0w7kpqOcw4VoRlc0k.jpg,2,55,469,44,460,23,19,437,0.5035,0.32,0.5389,1.0,0.0286,0.294,28.57
1200px-Saffron8_jpg.rf.CsB0w7kpqOcw4VoRlc0k.jpg,3,54,448,50,442,8,13,104,0.4951,0.34,0.4961,1.0,0.025,0.276,24.96
1200px-Saffron8_jpg.rf.CsB0w7kpqOcw4VoRlc0k.jpg,4,473,438,464,426,19,25,475,0.5928,0.53,0.5535,1.0,0.1355,0.2206,135.54
1200px-Saffron8_jpg.rf.CsB0w7kpqOcw4VoRlc0k.jpg,5,27,410,15,399,24,22,528,0.4887,0.31,0.5031,1.0,0.0408,0.3031,40.79
1200px-Saffron8_jpg.rf.CsB0w7kpqOcw4VoRlc0k.jpg,6,30,326,18,316,24,20,480,0.4546,0.32,0.5158,0.7986,0.0231,0.1597,23.15
1200px-Saffron8_jpg.rf.CsB0w7kpqOcw4VoRlc0k.jpg,7,102,316,96,312,13,9,117,0.5241,0.41,0.5079,1.0,0.028,0.4552,28.05
1200px-Saffron8_jpg.rf.CsB0w7kpqOcw4VoRlc0k.jpg,8,16,272,0,258,32,29,928,0.5014,0.31,0.5439,1.0,0.0257,0.3049,25.66
1200px-Saffron8_jpg.rf.CsB0w7kpqOcw4VoRlc0k.jpg,9,118,26,105,12,27,28,756,0.4581,0.21,0.541,0.9487,0.0555,0.1897,55.49
12_jpg.rf.eQkezFdpF2AHymA2BaRI.jpg,1,66,148,51,138,30,21,630,0.454,0.22,0.4923,1.0,0.0464,0.3196,46.43
12_jpg.rf.eQkezFdpF2AHymA2BaRI.jpg,2,317,81,310,76,14,10,140,0.5053,0.36,0.5021,1.0,0.0352,0.3374,35.2
1360438058_q_aboutsaffron_jpg.rf.ZmbdPXFJ5g1i9oQnqvuA.jpg,1,443,483,406,463,74,40,2960,0.6465,0.54,0.5669,1.0,0.5908,0.2109,590.84
1360438058_q_aboutsaffron_jpg.rf.ZmbdPXFJ5g1i9oQnqvuA.jpg,2,380,397,369,381,23,32,736,0.5398,0.39,0.5663,1.0,0.0513,0.3545,51.27
1360438058_q_aboutsaffron_jpg.rf.ZmbdPXFJ5g1i9oQnqvuA.jpg,3,446,362,440,357,12,10,120,0.536,0.45,0.5003,1.0,0.0343,0.4205,34.29
1360438058_q_aboutsaffron_jpg.rf.ZmbdPXFJ5g1i9oQnqvuA.jpg,4,503,214,494,205,18,19,342,0.4508,0.25,0.5058,0.9207,0.0217,0.1841,21.67
13_jpg.rf.6PfPe4Q5FcM3WU69wARp.jpg,1,272,451,248,439,49,24,1176,0.4823,0.23,0.5351,1.0,0.1452,0.3711,145.15
13_jpg.rf.6PfPe4Q5FcM3WU69wARp.jpg,2,418,90,404,82,28,17,476,0.4622,0.24,0.4914,1.0,0.0619,0.4957,61.94
13_jpg.rf.6PfPe4Q5FcM3WU69wARp.jpg,3,347,98,308,82,78,33,2574,0.5144,0.37,0.5132,1.0,0.053,0.377,52.98
13_jpg.rf.6PfPe4Q5FcM3WU69wARp.jpg,4,428,59,397,41,62,36,2232,0.4504,0.2,0.499,1.0,0.0572,0.4358,57.17
13_jpg.rf.6PfPe4Q5FcM3WU69wARp.jpg,5,426,11,385,0,82,22,1804,0.4612,0.21,0.5156,1.0,0.072,0.6322,72.02
13_jpg.rf.h4j3M6EJALR5YZeS2C3g.jpg,1,426,499,386,486,81,26,2106,0.4511,0.2,0.5019,1.0,0.0543,0.6035,54.32
13_jpg.rf.h4j3M6EJALR5YZeS2C3g.jpg,2,89,460,82,445,15,31,465,0.5248,0.25,0.5235,1.0,0.541,0.3247,541.05
13_jpg.rf.h4j3M6EJALR5YZeS2C3g.jpg,3,433,453,399,434,68,39,2652,0.578,0.31,0.5126,1.0,0.9005,0.4054,900.46
13_jpg.rf.h4j3M6EJALR5YZeS2C3g.jpg,4,417,421,400,412,35,19,665,0.5987,0.39,0.4635,1.0,1.0,0.5312,2133.37
13_jpg.rf.h4j3M6EJALR5YZeS2C3g.jpg,5,357,419,329,409,57,20,1140,0.6574,0.53,0.491,1.0,1.0,0.4506,2426.63
13_jpg.rf.h4j3M6EJALR5YZeS2C3g.jpg,6,314,407,305,397,18,21,378,0.675,0.53,0.5414,1.0,1.0,0.6121,3234.33
13_jpg.rf.h4j3M6EJALR5YZeS2C3g.jpg,7,476,340,469,329,14,23,322,0.5133,0.33,0.5527,0.522,1.0,0.1044,2831.75
13_jpg.rf.h4j3M6EJALR5YZeS2C3g.jpg,8,31,317,0,287,62,60,3720,0.5215,0.17,0.4972,1.0,0.8803,0.328,880.28
13_jpg.rf.h4j3M6EJALR5YZeS2C3g.jpg,9,10,286,0,274,20,25,500,0.5272,0.18,0.5267,0.8992,1.0,0.1798,2715.16
13_jpg.rf.h4j3M6EJALR5YZeS2C3g.jpg,10,271,62,248,50,47,25,1175,0.6045,0.36,0.51,1.0,1.0,0.4388,1875.18
13_jpg.rf.h4j3M6EJALR5YZeS2C3g.jpg,11,56,21,0,0,112,42,4704,0.5332,0.2,0.4662,1.0,1.0,0.6815,1219.34
1478859980_105980_0_jpg.rf.gMLRlfGgBWEETxKFuNjU.jpg,1,421,449,411,431,20,36,720,0.5797,0.42,0.4953,1.0,0.5937,0.2441,593.71
1478859980_105980_0_jpg.rf.gMLRlfGgBWEETxKFuNjU.jpg,2,129,139,120,120,19,38,722,0.5715,0.37,0.5551,1.0,0.4771,0.3748,477.14
1478859980_105980_0_jpg.rf.gMLRlfGgBWEETxKFuNjU.jpg,3,488,116,478,113,20,7,140,0.565,0.58,0.5129,0.7895,0.2454,0.1579,245.39
1478859980_105980_0_jpg.rf.gMLRlfGgBWEETxKFuNjU.jpg,4,390,78,379,68,23,20,460,0.4701,0.49,0.5065,0.5893,0.0345,0.1179,34.46
1478859980_105980_0_jpg.rf.gMLRlfGgBWEETxKFuNjU.jpg,5,461,56,455,50,13,13,169,0.5922,0.54,0.5171,1.0,0.2217,0.224,221.68
14_jpg.rf.Ie3lfICCvQrk35bICAX3.jpg,1,375,381,352,362,47,38,1786,0.6615,0.55,0.4829,1.0,1.0,0.2546,1814.31
14_jpg.rf.Ie3lfICCvQrk35bICAX3.jpg,2,386,217,374,205,24,25,600,0.6142,0.41,0.4876,1.0,1.0,0.3423,2582.43
14_jpg.rf.VpBCTCV39Y1aQr1GPg4q.jpg,1,226,429,217,413,19,32,608,0.5843,0.41,0.4023,1.0,1.0,0.3314,2141.53
14_jpg.rf.VpBCTCV39Y1aQr1GPg4q.jpg,2,349,415,334,385,30,61,1830,0.6732,0.55,0.5163,1.0,1.0,0.2446,2147.93
14_jpg.rf.VpBCTCV39Y1aQr1GPg4q.jpg,3,261,386,244,361,35,51,1785,0.5119,0.31,0.425,0.7734,1.0,0.1547,1393.36
15_jpg.rf.GFuly0eQ0Sww19YTb3Mq.jpg,1,154,349,141,337,27,24,648,0.6122,0.35,0.5419,1.0,1.0,0.3967,2282.3
15_jpg.rf.GFuly0eQ0Sww19YTb3Mq.jpg,2,140,193,128,185,25,17,425,0.563,0.27,0.4813,1.0,1.0,0.753,1552.3
15_jpg.rf.NQh9a5yULlmKxR7GbOsy.jpg,1,151,349,127,327,48,44,2112,0.5699,0.4,0.5653,1.0,0.3203,0.2673,320.32
15_jpg.rf.mQLj2Ldr6LWqv7GP1Aju.jpg,1,359,349,346,337,27,25,675,0.6061,0.36,0.5146,1.0,1.0,0.386,3359.91
15_jpg.rf.mQLj2Ldr6LWqv7GP1Aju.jpg,2,391,327,383,321,17,12,204,0.632,0.47,0.4787,1.0,1.0,0.2543,2122.04
16_jpg.rf.6DAvm25nW55gQV2vTIKH.jpg,1,447,496,439,491,17,10,170,0.6593,0.46,0.5666,1.0,1.0,0.2774,2019.46
16_jpg.rf.6DAvm25nW55gQV2vTIKH.jpg,2,347,206,331,198,33,17,561,0.6447,0.54,0.5193,0.8697,1.0,0.1739,2291.53
16_jpg.rf.BPxUp4onx3Jb9vuciPKZ.jpg,1,447,496,439,491,17,10,170,0.6593,0.46,0.5666,1.0,1.0,0.2774,2019.46
16_jpg.rf.h3dQQdJlrp8ucXQKz5ua.jpg,1,16,448,12,439,8,18,144,0.6654,0.47,0.5741,1.0,1.0,0.285,1997.79
17_jpg.rf.jv43NxzWuTZXHQ9BROuN.jpg,1,310,485,294,473,33,24,792,0.572,0.58,0.4533,1.0,0.104,0.3315,103.97
17_jpg.rf.jv43NxzWuTZXHQ9BROuN.jpg,2,377,488,345,465,65,47,3055,0.5827,0.57,0.4893,1.0,0.1193,0.334,119.25
17_jpg.rf.jv43NxzWuTZXHQ9BROuN.jpg,3,464,482,429,452,71,60,4260,0.5903,0.58,0.4785,1.0,0.1984,0.3768,198.43
17_jpg.rf.jv43NxzWuTZXHQ9BROuN.jpg,4,505,441,498,435,14,13,182,0.538,0.42,0.5282,1.0,0.0614,0.316,61.36
17_jpg.rf.jv43NxzWuTZXHQ9BROuN.jpg,5,376,437,368,427,16,21,336,0.4923,0.51,0.5098,0.6061,0.1411,0.1212,141.1
17_jpg.rf.jv43NxzWuTZXHQ9BROuN.jpg,6,30,423,22,418,17,11,187,0.5703,0.52,0.5203,1.0,0.0616,0.3223,61.62
17_jpg.rf.jv43NxzWuTZXHQ9BROuN.jpg,7,407,429,392,406,31,46,1426,0.5693,0.54,0.4803,1.0,0.1224,0.2867,122.44
17_jpg.rf.jv43NxzWuTZXHQ9BROuN.jpg,8,68,387,43,374,50,27,1350,0.5393,0.4,0.5003,1.0,0.2416,0.3122,241.63
17_jpg.rf.jv43NxzWuTZXHQ9BROuN.jpg,9,130,386,117,372,27,28,756,0.5944,0.51,0.5266,1.0,0.3165,0.2423,316.49
17_jpg.rf.jv43NxzWuTZXHQ9BROuN.jpg,10,462,346,455,337,15,18,270,0.553,0.55,0.4841,0.9198,0.071,0.184,71.02
17_jpg.rf.jv43NxzWuTZXHQ9BROuN.jpg,11,34,334,10,321,49,26,1274,0.6278,0.57,0.6333,1.0,0.0669,0.346,66.88
17_jpg.rf.jv43NxzWuTZXHQ9BROuN.jpg,12,494,306,489,298,11,16,176,0.5542,0.48,0.5021,1.0,0.1049,0.2081,104.94
17_jpg.rf.jv43NxzWuTZXHQ9BROuN.jpg,13,498,244,493,238,11,13,143,0.5098,0.37,0.4947,1.0,0.0713,0.3722,71.3
17_jpg.rf.jv43NxzWuTZXHQ9BROuN.jpg,14,460,186,442,171,36,31,1116,0.59,0.6,0.4863,1.0,0.0983,0.3101,98.34
17_jpg.rf.jv43NxzWuTZXHQ9BROuN.jpg,15,136,169,124,156,25,27,675,0.5878,0.57,0.4991,1.0,0.136,0.4782,136.01
17_jpg.rf.jv43NxzWuTZXHQ9BROuN.jpg,16,101,130,94,124,15,12,180,0.5936,0.6,0.4882,1.0,0.1268,0.3056,126.79
17_jpg.rf.jv43NxzWuTZXHQ9BROuN.jpg,17,65,133,54,112,23,42,966,0.5529,0.43,0.4659,1.0,0.3931,0.3534,393.15
17_jpg.rf.jv43NxzWuTZXHQ9BROuN.jpg,18,346,119,342,108,8,22,176,0.5816,0.33,0.5138,1.0,0.8622,0.4456,862.17
17_jpg.rf.jv43NxzWuTZXHQ9BROuN.jpg,19,9,103,0,91,18,25,450,0.5496,0.43,0.4633,1.0,0.3694,0.3209,369.4
17_jpg.rf.jv43NxzWuTZXHQ9BROuN.jpg,20,441,101,433,88,17,26,442,0.5004,0.35,0.5435,0.8938,0.0895,0.1788,89.46
17_jpg.rf.jv43NxzWuTZXHQ9BROuN.jpg,21,198,36,191,21,14,30,420,0.5625,0.39,0.4888,1.0,0.5493,0.62,549.35
17_jpg.rf.jv43NxzWuTZXHQ9BROuN.jpg,22,295,11,280,0,30,23,690,0.5923,0.52,0.4915,1.0,0.3824,0.5008,382.35
17_jpg.rf.jv43NxzWuTZXHQ9BROuN.jpg,23,173,28,160,0,27,56,1512,0.506,0.37,0.4759,1.0,0.0995,0.4388,99.46
17_jpg.rf.jv43NxzWuTZXHQ9BROuN.jpg,24,62,7,53,0,19,14,266,0.5257,0.58,0.5197,0.6532,0.1019,0.1306,101.88
17b208a4c291ddcfaf24be6f93448f16_jpg.rf.QtGBPhHTGP4svYCGw9nR.jpg,1,42,472,36,463,13,18,234,0.5582,0.47,0.5086,1.0,0.1567,0.2307,156.7
17b208a4c291ddcfaf24be6f93448f16_jpg.rf.QtGBPhHTGP4svYCGw9nR.jpg,2,249,461,235,448,29,27,783,0.5874,0.51,0.5088,1.0,0.3081,0.3877,308.11
17b208a4c291ddcfaf24be6f93448f16_jpg.rf.QtGBPhHTGP4svYCGw9nR.jpg,3,361,449,352,441,19,16,304,0.5031,0.47,0.5554,0.6452,0.1518,0.129,151.8
17b208a4c291ddcfaf24be6f93448f16_jpg.rf.QtGBPhHTGP4svYCGw9nR.jpg,4,484,434,478,429,12,11,132,0.4941,0.27,0.5199,1.0,0.1764,0.2464,176.36
17b208a4c291ddcfaf24be6f93448f16_jpg.rf.QtGBPhHTGP4svYCGw9nR.jpg,5,418,349,413,339,10,21,210,0.5579,0.49,0.4983,1.0,0.1203,0.2989,120.26
17b208a4c291ddcfaf24be6f93448f16_jpg.rf.QtGBPhHTGP4svYCGw9nR.jpg,6,505,325,499,321,13,9,117,0.5764,0.52,0.5225,1.0,0.1156,0.3459,115.57
17b208a4c291ddcfaf24be6f93448f16_jpg.rf.QtGBPhHTGP4svYCGw9nR.jpg,7,483,330,475,319,16,23,368,0.5526,0.47,0.4839,1.0,0.1876,0.2663,187.63
17b208a4c291ddcfaf24be6f93448f16_jpg.rf.QtGBPhHTGP4svYCGw9nR.jpg,8,13,275,0,269,26,12,312,0.5653,0.47,0.5247,1.0,0.1713,0.332,171.29
17b208a4c291ddcfaf24be6f93448f16_jpg.rf.QtGBPhHTGP4svYCGw9nR.jpg,9,92,181,82,174,21,14,294,0.5383,0.27,0.5864,1.0,0.3855,0.3275,385.51
17b208a4c291ddcfaf24be6f93448f16_jpg.rf.QtGBPhHTGP4svYCGw9nR.jpg,10,374,162,366,157,17,11,187,0.5323,0.33,0.4837,1.0,0.4751,0.5532,475.08
17b208a4c291ddcfaf24be6f93448f16_jpg.rf.QtGBPhHTGP4svYCGw9nR.jpg,11,38,139,31,131,14,16,224,0.5639,0.28,0.5714,1.0,0.6586,0.3695,658.6
17b208a4c291ddcfaf24be6f93448f16_jpg.rf.QtGBPhHTGP4svYCGw9nR.jpg,12,409,119,402,108,15,23,345,0.5767,0.51,0.5238,1.0,0.1489,0.2466,148.89
17b208a4c291ddcfaf24be6f93448f16_jpg.rf.QtGBPhHTGP4svYCGw9nR.jpg,13,496,92,483,87,26,11,286,0.5606,0.42,0.4976,1.0,0.3938,0.6236,393.78
17b208a4c291ddcfaf24be6f93448f16_jpg.rf.QtGBPhHTGP4svYCGw9nR.jpg,14,478,58,465,50,27,16,432,0.5863,0.51,0.5227,1.0,0.2485,0.2802,248.49
17b208a4c291ddcfaf24be6f93448f16_jpg.rf.QtGBPhHTGP4svYCGw9nR.jpg,15,437,58,432,50,11,17,187,0.5122,0.53,0.4494,0.6672,0.3598,0.1334,359.85
17b208a4c291ddcfaf24be6f93448f16_jpg.rf.QtGBPhHTGP4svYCGw9nR.jpg,16,393,67,379,47,29,40,1160,0.5763,0.52,0.5153,1.0,0.1393,0.272,139.33
17b208a4c291ddcfaf24be6f93448f16_jpg.rf.QtGBPhHTGP4svYCGw9nR.jpg,17,506,35,500,27,12,17,204,0.5689,0.52,0.5064,1.0,0.0965,0.3218,96.45
17b208a4c291ddcfaf24be6f93448f16_jpg.rf.QtGBPhHTGP4svYCGw9nR.jpg,18,185,36,172,26,27,21,567,0.5408,0.5,0.4894,0.8236,0.2978,0.1647,297.83
17b208a4c291ddcfaf24be6f93448f16_jpg.rf.QtGBPhHTGP4svYCGw9nR.jpg,19,482,27,479,20,7,15,105,0.5562,0.49,0.5205,0.9747,0.0764,0.1949,76.36
17b208a4c291ddcfaf24be6f93448f16_jpg.rf.QtGBPhHTGP4svYCGw9nR.jpg,20,283,9,273,3,20,13,260,0.479,0.44,0.5351,0.6463,0.0845,0.1293,84.46
17b208a4c291ddcfaf24be6f93448f16_jpg.rf.QtGBPhHTGP4svYCGw9nR.jpg,21,179,5,174,0,10,10,100,0.4748,0.39,0.5438,0.696,0.0871,0.1392,87.12
18_jpg.rf.bIbjfifvfq6cg6ihN4Gz.jpg,1,483,462,461,455,44,15,660,0.598,0.33,0.5419,1.0,0.9286,0.2698,928.64
18_jpg.rf.bIbjfifvfq6cg6ihN4Gz.jpg,2,317,394,310,381,14,27,378,0.6379,0.37,0.5955,1.0,1.0,0.2811,1482.06
18_jpg.rf.fKduN09BlVIKGKgrSo7P.jpg,1,153,339,145,330,16,19,304,0.6367,0.37,0.5921,1.0,1.0,0.2696,1821.41
19_jpg.rf.79H9zYqpvEHkBUmIsL4r.jpg,1,434,499,431,487,7,25,175,0.5804,0.26,0.5411,1.0,1.0,0.489,1327.29
19_jpg.rf.79H9zYqpvEHkBUmIsL4r.jpg,2,142,484,131,476,22,17,374,0.4937,0.29,0.5387,1.0,0.0366,0.4006,36.61
19_jpg.rf.79H9zYqpvEHkBUmIsL4r.jpg,3,434,470,431,459,7,22,154,0.5571,0.25,0.4846,1.0,1.0,0.469,1654.68
19_jpg.rf.79H9zYqpvEHkBUmIsL4r.jpg,4,400,229,394,220,12,18,216,0.6267,0.34,0.5934,1.0,1.0,0.4917,3019.18
19_jpg.rf.79H9zYqpvEHkBUmIsL4r.jpg,5,282,88,276,82,13,12,156,0.6061,0.34,0.5346,1.0,1.0,0.2083,2042.51
19_jpg.rf.Px3ba8IURgg8AapnTZIw.jpg,1,230,425,224,420,12,10,120,0.5802,0.27,0.5664,0.9375,1.0,0.1875,1647.62
19_jpg.rf.Px3ba8IURgg8AapnTZIw.jpg,2,275,385,239,327,73,117,8541,0.6014,0.3,0.5611,1.0,1.0,0.4782,2007.72
19_jpg.rf.Px3ba8IURgg8AapnTZIw.jpg,3,77,33,72,4,11,59,649,0.5778,0.29,0.5038,1.0,1.0,0.5047,1109.37
19d2a8635ecbd31e3c6120f6d2545f55_jpg.rf.Cl82A6hyXFcytZsFzsLT.jpg,1,508,498,505,485,7,27,189,0.5164,0.38,0.5056,1.0,0.0645,0.4499,64.51
19d2a8635ecbd31e3c6120f6d2545f55_jpg.rf.Cl82A6hyXFcytZsFzsLT.jpg,2,485,498,478,485,15,27,405,0.5385,0.46,0.4996,1.0,0.0267,0.2671,26.69
19d2a8635ecbd31e3c6120f6d2545f55_jpg.rf.Cl82A6hyXFcytZsFzsLT.jpg,3,234,423,227,416,14,14,196,0.4632,0.41,0.4984,0.7175,0.018,0.1435,18.01
19d2a8635ecbd31e3c6120f6d2545f55_jpg.rf.Cl82A6hyXFcytZsFzsLT.jpg,4,455,417,450,408,11,18,198,0.4592,0.47,0.5324,0.5217,0.0407,0.1043,40.67
19d2a8635ecbd31e3c6120f6d2545f55_jpg.rf.Cl82A6hyXFcytZsFzsLT.jpg,5,235,401,226,397,18,9,162,0.5069,0.27,0.5642,1.0,0.1498,0.2063,149.81
19d2a8635ecbd31e3c6120f6d2545f55_jpg.rf.Cl82A6hyXFcytZsFzsLT.jpg,6,492,340,482,331,20,18,360,0.4823,0.44,0.4639,0.8125,0.0339,0.1625,33.86
19d2a8635ecbd31e3c6120f6d2545f55_jpg.rf.Cl82A6hyXFcytZsFzsLT.jpg,7,420,309,415,300,11,19,209,0.541,0.51,0.5012,0.9257,0.0189,0.1851,18.93
19d2a8635ecbd31e3c6120f6d2545f55_jpg.rf.Cl82A6hyXFcytZsFzsLT.jpg,8,412,279,407,270,10,19,190,0.5248,0.42,0.5011,1.0,0.0239,0.283,23.91
19d2a8635ecbd31e3c6120f6d2545f55_jpg.rf.Cl82A6hyXFcytZsFzsLT.jpg,9,146,62,131,52,31,20,620,0.4618,0.42,0.5264,0.6286,0.0489,0.1257,48.88
19d2a8635ecbd31e3c6120f6d2545f55_jpg.rf.Cl82A6hyXFcytZsFzsLT.jpg,10,181,30,173,24,16,13,208,0.4843,0.5,0.5062,0.6357,0.0504,0.1271,50.37
19d2a8635ecbd31e3c6120f6d2545f55_jpg.rf.Cl82A6hyXFcytZsFzsLT.jpg,11,195,14,191,8,9,12,108,0.4835,0.53,0.5041,0.5853,0.0451,0.1171,45.15
19d2a8635ecbd31e3c6120f6d2545f55_jpg.rf.Cl82A6hyXFcytZsFzsLT.jpg,12,272,34,262,0,21,69,1449,0.5462,0.48,0.5479,0.9172,0.0301,0.1834,30.06
1_jpg.rf.y3SzQJA2JqfPYvGUTJvj.jpg,1,374,479,367,472,14,15,210,0.5694,0.58,0.5088,0.4416,1.0,0.0883,1803.83
1_jpg.rf.y3SzQJA2JqfPYvGUTJvj.jpg,2,275,477,271,470,8,14,112,0.5291,0.49,0.5701,0.6731,0.2341,0.1346,234.05
1_jpg.rf.y3SzQJA2JqfPYvGUTJvj.jpg,3,367,457,358,449,19,16,304,0.5952,0.57,0.5355,0.5415,1.0,0.1083,1104.17
1_jpg.rf.y3SzQJA2JqfPYvGUTJvj.jpg,4,480,471,449,431,63,81,5103,0.6015,0.51,0.4669,1.0,0.5959,0.4401,595.85
1_jpg.rf.y3SzQJA2JqfPYvGUTJvj.jpg,5,487,414,463,394,49,40,1960,0.5889,0.39,0.5395,1.0,0.6363,0.4409,636.27
1_jpg.rf.y3SzQJA2JqfPYvGUTJvj.jpg,6,439,336,432,331,14,11,154,0.6918,0.61,0.5095,1.0,1.0,0.2107,1933.07
1_jpg.rf.y3SzQJA2JqfPYvGUTJvj.jpg,7,34,291,18,277,33,29,957,0.6214,0.55,0.4936,0.7805,1.0,0.1561,1900.62
1_jpg.rf.y3SzQJA2JqfPYvGUTJvj.jpg,8,506,272,501,266,11,12,132,0.6737,0.61,0.4971,0.9314,1.0,0.1863,1799.21
1_jpg.rf.y3SzQJA2JqfPYvGUTJvj.jpg,9,20,224,13,220,14,8,112,0.5554,0.58,0.518,0.3558,1.0,0.0712,2372.84
1_jpg.rf.y3SzQJA2JqfPYvGUTJvj.jpg,10,418,203,410,194,17,18,306,0.6579,0.59,0.5015,0.8793,1.0,0.1759,1352.4
1_jpg.rf.y3SzQJA2JqfPYvGUTJvj.jpg,11,30,185,24,171,12,29,348,0.5778,0.6,0.5706,0.3404,1.0,0.0681,2879.82
1_jpg.rf.y3SzQJA2JqfPYvGUTJvj.jpg,12,59,165,54,153,11,25,275,0.6404,0.55,0.4871,0.8872,1.0,0.1774,1553.67
1_jpg.rf.y3SzQJA2JqfPYvGUTJvj.jpg,13,30,116,24,109,13,15,195,0.5627,0.59,0.5415,0.3333,1.0,0.0667,1677.2
1_jpg.rf.y3SzQJA2JqfPYvGUTJvj.jpg,14,503,107,495,89,17,37,629,0.669,0.55,0.5044,1.0,1.0,0.2529,1568.18
1_jpg.rf.y3SzQJA2JqfPYvGUTJvj.jpg,15,368,72,359,63,19,19,361,0.6979,0.59,0.5468,1.0,1.0,0.2945,3285.25
1_jpg.rf.y3SzQJA2JqfPYvGUTJvj.jpg,16,4,72,0,51,9,42,378,0.6128,0.57,0.5213,0.6543,1.0,0.1309,1127.73
1_jpg.rf.y3SzQJA2JqfPYvGUTJvj.jpg,17,270,53,266,47,9,12,108,0.5762,0.55,0.442,0.6448,1.0,0.129,2372.98
1_jpg.rf.y3SzQJA2JqfPYvGUTJvj.jpg,18,389,20,378,0,22,41,902,0.6644,0.58,0.4611,1.0,1.0,0.306,1753.56
1_jpg.rf.y3SzQJA2JqfPYvGUTJvj.jpg,19,191,9,185,0,12,18,216,0.6923,0.59,0.5308,1.0,1.0,0.2413,3988.33
1_jpg.rf.y3SzQJA2JqfPYvGUTJvj.jpg,20,117,16,91,0,53,32,1696,0.6492,0.59,0.4835,1.0,0.7344,0.2296,734.41
1_jpg.rf.y3SzQJA2JqfPYvGUTJvj.jpg,21,70,10,59,0,22,21,462,0.6641,0.59,0.505,0.9041,1.0,0.1808,1004.88
1_jpg.rf.y3SzQJA2JqfPYvGUTJvj.jpg,22,6,8,0,0,12,16,192,0.6377,0.55,0.5352,1.0,0.5791,0.2424,579.12
1_psHOo97OjWfxX7CTem7-eg_jpg.rf.KEh5NkLvQzMlVZ4zseDe.jpg,1,191,494,175,476,33,36,1188,0.5562,0.47,0.5401,1.0,0.0264,0.3788,26.4
1_psHOo97OjWfxX7CTem7-eg_jpg.rf.KEh5NkLvQzMlVZ4zseDe.jpg,2,134,418,128,411,12,14,168,0.5352,0.42,0.4674,0.9856,0.2748,0.1971,274.82
1_psHOo97OjWfxX7CTem7-eg_jpg.rf.KEh5NkLvQzMlVZ4zseDe.jpg,3,411,90,402,83,19,15,285,0.5692,0.39,0.4936,1.0,0.599,0.2222,599.01
1bea407d4e72a3a8f333f88d154718a0_jpg.rf.FYNa5ahxOMokkCmJtvLr.jpg,1,300,437,294,415,13,45,585,0.5077,0.29,0.4488,1.0,0.4916,0.2372,491.57
1bea407d4e72a3a8f333f88d154718a0_jpg.rf.FYNa5ahxOMokkCmJtvLr.jpg,2,244,396,239,387,10,19,190,0.5141,0.47,0.558,0.5279,0.4874,0.1056,487.39
1bea407d4e72a3a8f333f88d154718a0_jpg.rf.FYNa5ahxOMokkCmJtvLr.jpg,3,183,376,172,364,23,25,575,0.5325,0.33,0.501,1.0,0.4171,0.2649,417.09
1caf29808967ab5438fb27983fa8f347_jpg.rf.ZoRoIBXRZt9CLLzeoOGz.jpg,1,62,502,32,493,60,19,1140,0.532,0.39,0.4991,1.0,0.2084,0.4511,208.43
1caf29808967ab5438fb27983fa8f347_jpg.rf.ZoRoIBXRZt9CLLzeoOGz.jpg,2,494,487,483,482,22,10,220,0.5008,0.31,0.5294,1.0,0.0701,0.2861,70.09
1caf29808967ab5438fb27983fa8f347_jpg.rf.ZoRoIBXRZt9CLLzeoOGz.jpg,3,4,487,0,480,9,14,126,0.5455,0.37,0.4973,1.0,0.4192,0.4128,419.25
1caf29808967ab5438fb27983fa8f347_jpg.rf.ZoRoIBXRZt9CLLzeoOGz.jpg,4,113,485,104,478,19,14,266,0.5256,0.36,0.5303,1.0,0.1402,0.361,140.22
1caf29808967ab5438fb27983fa8f347_jpg.rf.ZoRoIBXRZt9CLLzeoOGz.jpg,5,181,482,151,464,61,36,2196,0.5181,0.38,0.5169,1.0,0.042,0.5183,41.96
1caf29808967ab5438fb27983fa8f347_jpg.rf.ZoRoIBXRZt9CLLzeoOGz.jpg,6,490,454,484,446,12,17,204,0.5202,0.37,0.499,1.0,0.1605,0.2299,160.47
1caf29808967ab5438fb27983fa8f347_jpg.rf.ZoRoIBXRZt9CLLzeoOGz.jpg,7,47,463,28,442,38,42,1596,0.5258,0.38,0.5122,1.0,0.1351,0.3174,135.07
1caf29808967ab5438fb27983fa8f347_jpg.rf.ZoRoIBXRZt9CLLzeoOGz.jpg,8,112,422,105,416,14,12,168,0.5383,0.41,0.5297,1.0,0.094,0.4327,94.0
1caf29808967ab5438fb27983fa8f347_jpg.rf.ZoRoIBXRZt9CLLzeoOGz.jpg,9,85,393,67,387,37,12,444,0.568,0.48,0.542,1.0,0.103,0.2857,102.98
1caf29808967ab5438fb27983fa8f347_jpg.rf.ZoRoIBXRZt9CLLzeoOGz.jpg,10,22,400,0,377,44,47,2068,0.5388,0.41,0.5177,1.0,0.1414,0.4471,141.44
1caf29808967ab5438fb27983fa8f347_jpg.rf.ZoRoIBXRZt9CLLzeoOGz.jpg,11,70,367,63,362,14,11,154,0.5437,0.45,0.5206,1.0,0.04,0.2609,39.96
1caf29808967ab5438fb27983fa8f347_jpg.rf.ZoRoIBXRZt9CLLzeoOGz.jpg,12,128,350,106,332,45,37,1665,0.5554,0.5,0.5003,1.0,0.0531,0.2968,53.11
1caf29808967ab5438fb27983fa8f347_jpg.rf.ZoRoIBXRZt9CLLzeoOGz.jpg,13,14,294,7,287,15,15,225,0.5434,0.45,0.5095,1.0,0.0757,0.2003,75.74
1caf29808967ab5438fb27983fa8f347_jpg.rf.ZoRoIBXRZt9CLLzeoOGz.jpg,14,89,303,81,286,16,34,544,0.5464,0.45,0.5356,1.0,0.0142,0.3851,14.21
1caf29808967ab5438fb27983fa8f347_jpg.rf.ZoRoIBXRZt9CLLzeoOGz.jpg,15,51,303,35,283,32,40,1280,0.5412,0.46,0.5065,1.0,0.029,0.3169,28.99
1caf29808967ab5438fb27983fa8f347_jpg.rf.ZoRoIBXRZt9CLLzeoOGz.jpg,16,28,146,20,138,16,16,256,0.5613,0.52,0.497,1.0,0.0538,0.2526,53.79
1caf29808967ab5438fb27983fa8f347_jpg.rf.ZoRoIBXRZt9CLLzeoOGz.jpg,17,415,142,410,135,11,14,154,0.5062,0.36,0.4882,1.0,0.0934,0.3395,93.42
1caf29808967ab5438fb27983fa8f347_jpg.rf.ZoRoIBXRZt9CLLzeoOGz.jpg,18,84,77,76,68,16,18,288,0.4747,0.26,0.5149,1.0,0.0348,0.2274,34.83
1caf29808967ab5438fb27983fa8f347_jpg.rf.ZoRoIBXRZt9CLLzeoOGz.jpg,19,351,71,339,53,24,36,864,0.4947,0.32,0.5141,1.0,0.028,0.2367,28.03
1caf29808967ab5438fb27983fa8f347_jpg.rf.ZoRoIBXRZt9CLLzeoOGz.jpg,20,143,4,131,0,24,9,216,0.4731,0.27,0.504,1.0,0.0222,0.3204,22.24
1f766e58c42fc7527944a51c4c657abc_jpg.rf.caDyayk2CKLykZUejNM4.jpg,1,264,352,221,285,87,134,11658,0.5994,0.36,0.4954,1.0,1.0,0.4463,1410.67
1f766e58c42fc7527944a51c4c657abc_jpg.rf.caDyayk2CKLykZUejNM4.jpg,2,136,314,94,241,85,147,12495,0.4929,0.23,0.4963,1.0,0.3866,0.4133,386.56
1fbe294e8a11cd79a45a6cc80043ffa4_jpg.rf.zi8LFhglfkFs3iNFOMJK.jpg,1,243,485,237,479,12,13,156,0.4913,0.59,0.5011,0.4583,0.1776,0.0917,177.56
1fbe294e8a11cd79a45a6cc80043ffa4_jpg.rf.zi8LFhglfkFs3iNFOMJK.jpg,2,370,471,355,458,31,27,837,0.5145,0.61,0.5273,0.4741,0.216,0.0948,216.02
1fbe294e8a11cd79a45a6cc80043ffa4_jpg.rf.zi8LFhglfkFs3iNFOMJK.jpg,3,214,444,199,433,31,23,713,0.4504,0.46,0.5381,0.3189,0.3724,0.0638,372.36
1fbe294e8a11cd79a45a6cc80043ffa4_jpg.rf.zi8LFhglfkFs3iNFOMJK.jpg,4,155,427,146,415,19,25,475,0.5938,0.61,0.4994,0.8675,0.3203,0.1735,320.28
1fbe294e8a11cd79a45a6cc80043ffa4_jpg.rf.zi8LFhglfkFs3iNFOMJK.jpg,5,82,417,73,409,18,17,306,0.4739,0.6,0.5123,0.3103,0.2256,0.0621,225.64
1fbe294e8a11cd79a45a6cc80043ffa4_jpg.rf.zi8LFhglfkFs3iNFOMJK.jpg,6,499,348,494,343,11,10,110,0.4815,0.59,0.5727,0.2767,0.1925,0.0553,192.5
1fbe294e8a11cd79a45a6cc80043ffa4_jpg.rf.zi8LFhglfkFs3iNFOMJK.jpg,7,146,329,121,301,51,57,2907,0.562,0.6,0.5336,0.7499,0.152,0.15,152.04
1fbe294e8a11cd79a45a6cc80043ffa4_jpg.rf.zi8LFhglfkFs3iNFOMJK.jpg,8,63,314,51,300,24,29,696,0.4867,0.61,0.4747,0.437,0.1963,0.0874,196.35
1fbe294e8a11cd79a45a6cc80043ffa4_jpg.rf.zi8LFhglfkFs3iNFOMJK.jpg,9,287,295,276,286,23,19,437,0.5665,0.37,0.5572,1.0,0.4203,0.2645,420.33
1fbe294e8a11cd79a45a6cc80043ffa4_jpg.rf.zi8LFhglfkFs3iNFOMJK.jpg,10,482,275,476,269,13,13,169,0.557,0.6,0.5189,0.736,0.1819,0.1472,181.94
1fbe294e8a11cd79a45a6cc80043ffa4_jpg.rf.zi8LFhglfkFs3iNFOMJK.jpg,11,62,275,56,269,12,12,144,0.4752,0.6,0.535,0.3038,0.1715,0.0608,171.47
1fbe294e8a11cd79a45a6cc80043ffa4_jpg.rf.zi8LFhglfkFs3iNFOMJK.jpg,12,37,241,32,233,10,16,160,0.4856,0.61,0.4905,0.3815,0.2415,0.0763,241.48
1fbe294e8a11cd79a45a6cc80043ffa4_jpg.rf.zi8LFhglfkFs3iNFOMJK.jpg,13,487,241,472,228,30,26,780,0.5803,0.61,0.5206,0.7926,0.2604,0.1585,260.4
1fbe294e8a11cd79a45a6cc80043ffa4_jpg.rf.zi8LFhglfkFs3iNFOMJK.jpg,14,17,211,9,201,17,20,340,0.4644,0.6,0.4906,0.3125,0.2018,0.0625,201.77
1fbe294e8a11cd79a45a6cc80043ffa4_jpg.rf.zi8LFhglfkFs3iNFOMJK.jpg,15,456,211,437,199,39,24,936,0.5687,0.61,0.4704,0.8252,0.2556,0.165,255.64
1fbe294e8a11cd79a45a6cc80043ffa4_jpg.rf.zi8LFhglfkFs3iNFOMJK.jpg,16,506,201,500,194,12,15,180,0.4821,0.61,0.5214,0.3292,0.2031,0.0658,203.07
1fbe294e8a11cd79a45a6cc80043ffa4_jpg.rf.zi8LFhglfkFs3iNFOMJK.jpg,17,333,179,321,162,25,34,850,0.6142,0.59,0.5378,1.0,0.1949,0.2597,194.9
1fbe294e8a11cd79a45a6cc80043ffa4_jpg.rf.zi8LFhglfkFs3iNFOMJK.jpg,18,57,154,52,145,10,19,190,0.521,0.6,0.5277,0.5279,0.2069,0.1056,206.93
1fbe294e8a11cd79a45a6cc80043ffa4_jpg.rf.zi8LFhglfkFs3iNFOMJK.jpg,19,333,149,327,142,12,14,168,0.5633,0.42,0.5523,0.9936,0.2423,0.1987,242.32
1fbe294e8a11cd79a45a6cc80043ffa4_jpg.rf.zi8LFhglfkFs3iNFOMJK.jpg,20,117,147,111,138,13,19,247,0.6046,0.6,0.502,1.0,0.1891,0.249,189.12
1fbe294e8a11cd79a45a6cc80043ffa4_jpg.rf.zi8LFhglfkFs3iNFOMJK.jpg,21,454,165,439,137,31,57,1767,0.4975,0.61,0.5108,0.428,0.1963,0.0856,196.26
1fbe294e8a11cd79a45a6cc80043ffa4_jpg.rf.zi8LFhglfkFs3iNFOMJK.jpg,22,331,128,326,121,10,14,140,0.5051,0.58,0.5269,0.4371,0.3029,0.0874,302.9
1fbe294e8a11cd79a45a6cc80043ffa4_jpg.rf.zi8LFhglfkFs3iNFOMJK.jpg,23,111,116,93,101,37,30,1110,0.5564,0.6,0.5133,0.7532,0.1612,0.1506,161.22
1fbe294e8a11cd79a45a6cc80043ffa4_jpg.rf.zi8LFhglfkFs3iNFOMJK.jpg,24,416,93,394,66,45,55,2475,0.5334,0.6,0.4787,0.7096,0.1389,0.1419,138.91
1fbe294e8a11cd79a45a6cc80043ffa4_jpg.rf.zi8LFhglfkFs3iNFOMJK.jpg,25,166,52,159,43,15,18,270,0.6255,0.58,0.5872,1.0,0.1701,0.2728,170.08
1fbe294e8a11cd79a45a6cc80043ffa4_jpg.rf.zi8LFhglfkFs3iNFOMJK.jpg,26,137,48,131,41,13,15,195,0.5918,0.59,0.4909,1.0,0.1342,0.3141,134.25
1fbe294e8a11cd79a45a6cc80043ffa4_jpg.rf.zi8LFhglfkFs3iNFOMJK.jpg,27,335,13,325,8,20,10,200,0.5475,0.6,0.492,0.7315,0.1898,0.1463,189.85
20d74057c9104f1836819a9ca40fb910_jpg.rf.y0R5ym2zagcujPoLKrik.jpg,1,370,494,364,489,13,11,143,0.4986,0.37,0.4302,1.0,0.1852,0.233,185.15
20d74057c9104f1836819a9ca40fb910_jpg.rf.y0R5ym2zagcujPoLKrik.jpg,2,109,488,89,483,41,11,451,0.551,0.33,0.4685,1.0,0.715,0.2609,715.04
20d74057c9104f1836819a9ca40fb910_jpg.rf.y0R5ym2zagcujPoLKrik.jpg,3,48,473,38,463,20,20,400,0.5473,0.29,0.6039,0.9619,0.4211,0.1924,421.11
20d74057c9104f1836819a9ca40fb910_jpg.rf.y0R5ym2zagcujPoLKrik.jpg,4,487,428,477,420,20,17,340,0.5833,0.38,0.4807,1.0,0.821,0.5474,820.96
20d74057c9104f1836819a9ca40fb910_jpg.rf.y0R5ym2zagcujPoLKrik.jpg,5,499,356,487,346,25,21,525,0.6052,0.34,0.5319,1.0,1.0,0.2796,1198.58
20d74057c9104f1836819a9ca40fb910_jpg.rf.y0R5ym2zagcujPoLKrik.jpg,6,422,203,404,199,37,9,333,0.4674,0.21,0.492,1.0,0.2164,0.2109,216.37
20d74057c9104f1836819a9ca40fb910_jpg.rf.y0R5ym2zagcujPoLKrik.jpg,7,407,140,396,136,23,8,184,0.587,0.36,0.486,1.0,0.9095,0.2943,909.49
20d74057c9104f1836819a9ca40fb910_jpg.rf.y0R5ym2zagcujPoLKrik.jpg,8,446,116,436,111,21,11,231,0.5341,0.32,0.5816,1.0,0.1851,0.2161,185.07
20d74057c9104f1836819a9ca40fb910_jpg.rf.y0R5ym2zagcujPoLKrik.jpg,9,403,78,389,60,29,37,1073,0.547,0.33,0.5522,1.0,0.3822,0.3793,382.18
21_jpg.rf.dceZtkeKRKhSdrwQvRir.jpg,1,216,449,152,413,129,72,9288,0.6522,0.54,0.4664,1.0,1.0,0.2964,2657.2
21_jpg.rf.dceZtkeKRKhSdrwQvRir.jpg,2,208,392,197,384,22,16,352,0.6803,0.53,0.5566,1.0,1.0,0.2122,3603.85
21_jpg.rf.dceZtkeKRKhSdrwQvRir.jpg,3,208,360,200,341,16,38,608,0.6533,0.57,0.5293,0.8429,1.0,0.1686,5677.24
21_jpg.rf.dceZtkeKRKhSdrwQvRir.jpg,4,84,316,79,307,11,19,209,0.6843,0.54,0.558,1.0,1.0,0.2202,3510.43
21_jpg.rf.dceZtkeKRKhSdrwQvRir.jpg,5,76,290,71,280,11,20,220,0.6029,0.35,0.5154,1.0,1.0,0.2704,4136.83
21_jpg.rf.dceZtkeKRKhSdrwQvRir.jpg,6,21,313,0,224,42,178,7476,0.5152,0.38,0.4779,1.0,0.1488,0.3624,148.81
21_jpg.rf.o9pLKVsvRGAPNHCe5aE8.jpg,1,491,187,470,96,42,182,7644,0.4789,0.28,0.508,1.0,0.0307,0.363,30.68
23251887-saffron-flower-on-the-field_jpg.rf.nYX5vEF2Wjq8UfzDgLYv.jpg,1,394,504,384,497,20,15,300,0.5137,0.4,0.4947,1.0,0.0052,0.375,5.16
23251887-saffron-flower-on-the-field_jpg.rf.nYX5vEF2Wjq8UfzDgLYv.jpg,2,313,499,282,487,63,25,1575,0.5202,0.39,0.5213,1.0,0.012,0.4232,12.04
23251887-saffron-flower-on-the-field_jpg.rf.nYX5vEF2Wjq8UfzDgLYv.jpg,3,299,374,281,362,36,24,864,0.5167,0.39,0.5085,1.0,0.0227,0.3258,22.73
23251887-saffron-flower-on-the-field_jpg.rf.nYX5vEF2Wjq8UfzDgLYv.jpg,4,215,347,209,325,12,45,540,0.4911,0.4,0.5001,0.8333,0.0943,0.1667,94.34
23251887-saffron-flower-on-the-field_jpg.rf.nYX5vEF2Wjq8UfzDgLYv.jpg,5,308,318,277,314,62,9,558,0.4522,0.22,0.4686,1.0,0.1116,0.4569,111.65
23_jpg.rf.FXUPtvsqPUHX22AkyW6w.jpg,1,184,403,172,384,25,39,975,0.6015,0.28,0.5813,1.0,1.0,0.256,2167.18
23_jpg.rf.FXUPtvsqPUHX22AkyW6w.jpg,2,305,70,277,18,57,104,5928,0.5573,0.36,0.4933,0.7934,1.0,0.1587,2506.15
23_jpg.rf.JFZUENibgP9mFXUwaYkT.jpg,1,205,442,176,391,59,103,6077,0.5651,0.38,0.486,0.8102,1.0,0.162,2190.24
23_jpg.rf.JFZUENibgP9mFXUwaYkT.jpg,2,326,115,309,86,35,59,2065,0.5933,0.28,0.558,1.0,1.0,0.3087,1413.42
23_jpg.rf.ZuT6Nf4fJcvi01kXlBI5.jpg,1,206,443,177,392,58,103,5974,0.5413,0.32,0.5177,0.7404,1.0,0.1481,2391.72
23_jpg.rf.ZuT6Nf4fJcvi01kXlBI5.jpg,2,329,108,319,90,21,37,777,0.5145,0.28,0.5102,0.6895,1.0,0.1379,1917.56
23a15ff025fbf48750ad82b1b2deebc0-1-_jpg.rf.a3xOUrqKALwVoZtsTu1P.jpg,1,435,201,426,196,18,11,198,0.4659,0.2,0.5512,0.6522,0.7254,0.1304,725.39
23a15ff025fbf48750ad82b1b2deebc0-1-_jpg.rf.a3xOUrqKALwVoZtsTu1P.jpg,2,340,4,332,0,16,9,144,0.5275,0.42,0.5022,1.0,0.0468,0.3143,46.82
240_F_103197649_5OFYo0Ir2HmOmCFUIpGXtuvpbe7dcNvX_jpg.rf.BZFrpfcD2HrsGH80U1vD.jpg,1,359,501,345,491,29,21,609,0.6293,0.45,0.4909,1.0,1.0,0.626,1475.96
240_F_103197649_5OFYo0Ir2HmOmCFUIpGXtuvpbe7dcNvX_jpg.rf.BZFrpfcD2HrsGH80U1vD.jpg,2,23,358,19,350,8,16,128,0.4652,0.28,0.4864,0.8214,0.3267,0.1643,326.74
240_F_103197649_5OFYo0Ir2HmOmCFUIpGXtuvpbe7dcNvX_jpg.rf.BZFrpfcD2HrsGH80U1vD.jpg,3,502,356,493,348,19,17,323,0.5546,0.38,0.4893,1.0,0.5038,0.3324,503.76
240_F_103197649_5OFYo0Ir2HmOmCFUIpGXtuvpbe7dcNvX_jpg.rf.O4TmtGDEs2UrFISSt0gO.jpg,1,359,501,345,491,29,21,609,0.6298,0.45,0.4923,1.0,1.0,0.6269,1475.03
240_F_103197649_5OFYo0Ir2HmOmCFUIpGXtuvpbe7dcNvX_jpg.rf.O4TmtGDEs2UrFISSt0gO.jpg,2,23,358,19,350,8,16,128,0.4652,0.28,0.4864,0.8214,0.3267,0.1643,326.74
240_F_103197649_5OFYo0Ir2HmOmCFUIpGXtuvpbe7dcNvX_jpg.rf.O4TmtGDEs2UrFISSt0gO.jpg,3,502,356,493,348,19,17,323,0.5546,0.38,0.4893,1.0,0.5038,0.3324,503.76
240_F_111136930_IhhTfdqJ2zCMAkljkFJTytOwwKe972sG_jpg.rf.0oBxACUqdaidGtzsncRM.jpg,1,114,376,97,357,35,38,1330,0.535,0.28,0.6307,1.0,0.1625,0.4864,162.49
240_F_111136930_IhhTfdqJ2zCMAkljkFJTytOwwKe972sG_jpg.rf.0oBxACUqdaidGtzsncRM.jpg,2,6,288,0,281,13,14,182,0.5131,0.45,0.52,0.8198,0.0963,0.164,96.3
240_F_111136930_IhhTfdqJ2zCMAkljkFJTytOwwKe972sG_jpg.rf.0oBxACUqdaidGtzsncRM.jpg,3,77,214,72,206,10,17,170,0.5312,0.56,0.4972,0.7837,0.0442,0.1567,44.15
240_F_111136930_IhhTfdqJ2zCMAkljkFJTytOwwKe972sG_jpg.rf.0oBxACUqdaidGtzsncRM.jpg,4,92,190,84,182,16,17,272,0.5552,0.5,0.5091,1.0,0.0198,0.2278,19.8
240_F_111136930_IhhTfdqJ2zCMAkljkFJTytOwwKe972sG_jpg.rf.0oBxACUqdaidGtzsncRM.jpg,5,237,149,233,134,8,30,240,0.5295,0.3,0.5643,1.0,0.2702,0.3726,270.15
240_F_111136930_IhhTfdqJ2zCMAkljkFJTytOwwKe972sG_jpg.rf.0oBxACUqdaidGtzsncRM.jpg,6,53,143,42,133,23,21,483,0.4556,0.45,0.5127,0.5671,0.0522,0.1134,52.21
240_F_111136930_IhhTfdqJ2zCMAkljkFJTytOwwKe972sG_jpg.rf.0oBxACUqdaidGtzsncRM.jpg,7,110,147,86,120,48,55,2640,0.5365,0.48,0.4949,0.9415,0.0699,0.1883,69.93
240_F_111136930_IhhTfdqJ2zCMAkljkFJTytOwwKe972sG_jpg.rf.0oBxACUqdaidGtzsncRM.jpg,8,98,125,75,102,46,47,2162,0.4871,0.48,0.4838,0.7043,0.0895,0.1409,89.51
240_F_111136930_IhhTfdqJ2zCMAkljkFJTytOwwKe972sG_jpg.rf.0oBxACUqdaidGtzsncRM.jpg,9,188,82,181,73,15,18,270,0.56,0.49,0.5255,1.0,0.0456,0.2469,45.64
240_F_111136930_IhhTfdqJ2zCMAkljkFJTytOwwKe972sG_jpg.rf.0oBxACUqdaidGtzsncRM.jpg,10,255,77,238,43,34,68,2312,0.5579,0.37,0.5459,0.9144,0.5447,0.1829,544.71
240_F_111136930_IhhTfdqJ2zCMAkljkFJTytOwwKe972sG_jpg.rf.0oBxACUqdaidGtzsncRM.jpg,11,165,48,158,32,15,32,480,0.538,0.47,0.4869,1.0,0.0313,0.5446,31.34
240_F_111136930_IhhTfdqJ2zCMAkljkFJTytOwwKe972sG_jpg.rf.0oBxACUqdaidGtzsncRM.jpg,12,189,42,173,24,32,36,1152,0.5733,0.53,0.5032,1.0,0.1167,0.3802,116.67
240_F_111136930_IhhTfdqJ2zCMAkljkFJTytOwwKe972sG_jpg.rf.0oBxACUqdaidGtzsncRM.jpg,13,376,27,372,18,9,18,162,0.4827,0.28,0.5185,1.0,0.032,0.2365,32.0
240_F_111136930_IhhTfdqJ2zCMAkljkFJTytOwwKe972sG_jpg.rf.0oBxACUqdaidGtzsncRM.jpg,14,125,17,118,9,14,17,238,0.492,0.57,0.5123,0.3846,0.3628,0.0769,362.84
240_F_125522423_KAdkMggkHpmqkw2j5DWcRJfGFoUiYmri_jpg.rf.SjCXadch3WjLM64gyH3f.jpg,1,91,503,73,494,37,18,666,0.4516,0.47,0.5167,0.523,0.0162,0.1046,16.22
240_F_125522423_KAdkMggkHpmqkw2j5DWcRJfGFoUiYmri_jpg.rf.SjCXadch3WjLM64gyH3f.jpg,2,143,492,136,482,15,20,300,0.5849,0.59,0.553,0.8796,0.0896,0.1759,89.61
240_F_125522423_KAdkMggkHpmqkw2j5DWcRJfGFoUiYmri_jpg.rf.SjCXadch3WjLM64gyH3f.jpg,3,186,487,149,470,74,34,2516,0.5889,0.59,0.4945,1.0,0.0931,0.2528,93.11
240_F_125522423_KAdkMggkHpmqkw2j5DWcRJfGFoUiYmri_jpg.rf.SjCXadch3WjLM64gyH3f.jpg,4,358,475,351,460,15,31,465,0.5736,0.54,0.5174,1.0,0.035,0.2472,35.05
240_F_125522423_KAdkMggkHpmqkw2j5DWcRJfGFoUiYmri_jpg.rf.SjCXadch3WjLM64gyH3f.jpg,5,303,472,284,447,39,50,1950,0.52,0.48,0.4263,1.0,0.0275,0.2258,27.51
240_F_125522423_KAdkMggkHpmqkw2j5DWcRJfGFoUiYmri_jpg.rf.SjCXadch3WjLM64gyH3f.jpg,6,405,457,386,443,38,29,1102,0.5999,0.57,0.5567,1.0,0.0556,0.2249,55.58
240_F_125522423_KAdkMggkHpmqkw2j5DWcRJfGFoUiYmri_jpg.rf.SjCXadch3WjLM64gyH3f.jpg,7,270,429,262,422,16,14,224,0.6348,0.6,0.5794,1.0,0.2198,0.3104,219.76
240_F_125522423_KAdkMggkHpmqkw2j5DWcRJfGFoUiYmri_jpg.rf.SjCXadch3WjLM64gyH3f.jpg,8,148,431,139,419,19,24,456,0.6709,0.62,0.54,1.0,0.6489,0.2133,648.88
240_F_125522423_KAdkMggkHpmqkw2j5DWcRJfGFoUiYmri_jpg.rf.SjCXadch3WjLM64gyH3f.jpg,9,303,427,295,418,17,18,306,0.6101,0.59,0.5358,1.0,0.1608,0.3011,160.78
240_F_125522423_KAdkMggkHpmqkw2j5DWcRJfGFoUiYmri_jpg.rf.SjCXadch3WjLM64gyH3f.jpg,10,485,416,480,406,11,20,220,0.5563,0.59,0.5811,0.5503,0.3632,0.1101,363.18
240_F_125522423_KAdkMggkHpmqkw2j5DWcRJfGFoUiYmri_jpg.rf.SjCXadch3WjLM64gyH3f.jpg,11,355,426,314,403,83,46,3818,0.6093,0.6,0.5013,1.0,0.2386,0.3385,238.64
240_F_125522423_KAdkMggkHpmqkw2j5DWcRJfGFoUiYmri_jpg.rf.SjCXadch3WjLM64gyH3f.jpg,12,402,395,392,388,20,15,300,0.6226,0.59,0.5592,1.0,0.2038,0.5799,203.77
240_F_125522423_KAdkMggkHpmqkw2j5DWcRJfGFoUiYmri_jpg.rf.SjCXadch3WjLM64gyH3f.jpg,13,219,347,215,339,8,16,128,0.5863,0.32,0.6052,0.8125,1.0,0.1625,1070.38
240_F_125522423_KAdkMggkHpmqkw2j5DWcRJfGFoUiYmri_jpg.rf.SjCXadch3WjLM64gyH3f.jpg,14,264,335,260,330,9,10,90,0.5273,0.33,0.5444,1.0,0.2125,0.2338,212.48
240_F_125522423_KAdkMggkHpmqkw2j5DWcRJfGFoUiYmri_jpg.rf.SjCXadch3WjLM64gyH3f.jpg,15,509,333,506,317,6,33,198,0.71,0.59,0.5991,1.0,0.9386,0.3019,938.56
240_F_125522423_KAdkMggkHpmqkw2j5DWcRJfGFoUiYmri_jpg.rf.SjCXadch3WjLM64gyH3f.jpg,16,389,337,367,306,45,62,2790,0.5823,0.36,0.6483,1.0,0.2935,0.4855,293.48
240_F_125522423_KAdkMggkHpmqkw2j5DWcRJfGFoUiYmri_jpg.rf.SjCXadch3WjLM64gyH3f.jpg,17,310,358,258,302,104,112,11648,0.5644,0.38,0.5959,1.0,0.2278,0.5261,227.77
240_F_125522423_KAdkMggkHpmqkw2j5DWcRJfGFoUiYmri_jpg.rf.SjCXadch3WjLM64gyH3f.jpg,18,160,307,146,296,28,22,616,0.5708,0.29,0.5381,1.0,0.8101,0.2294,810.09
240_F_125522423_KAdkMggkHpmqkw2j5DWcRJfGFoUiYmri_jpg.rf.SjCXadch3WjLM64gyH3f.jpg,19,388,291,381,287,14,9,126,0.5403,0.4,0.5022,1.0,0.2455,0.4615,245.45
240_F_125522423_KAdkMggkHpmqkw2j5DWcRJfGFoUiYmri_jpg.rf.SjCXadch3WjLM64gyH3f.jpg,20,54,285,49,278,11,15,165,0.6142,0.28,0.6177,1.0,1.0,0.2448,1238.13
240_F_125522423_KAdkMggkHpmqkw2j5DWcRJfGFoUiYmri_jpg.rf.SjCXadch3WjLM64gyH3f.jpg,21,460,246,453,236,14,21,294,0.5291,0.27,0.558,1.0,0.3929,0.2634,392.89
240_F_125522423_KAdkMggkHpmqkw2j5DWcRJfGFoUiYmri_jpg.rf.aimbuV135f5aQxEhNoHi.jpg,1,91,503,73,494,37,18,666,0.4516,0.47,0.5167,0.523,0.0162,0.1046,16.22
240_F_125522423_KAdkMggkHpmqkw2j5DWcRJfGFoUiYmri_jpg.rf.aimbuV135f5aQxEhNoHi.jpg,2,143,492,136,482,15,20,300,0.5849,0.59,0.553,0.8796,0.0896,0.1759,89.61
240_F_125522423_KAdkMggkHpmqkw2j5DWcRJfGFoUiYmri_jpg.rf.aimbuV135f5aQxEhNoHi.jpg,3,186,487,149,470,74,34,2516,0.5889,0.59,0.4945,1.0,0.0931,0.2528,93.11
240_F_125522423_KAdkMggkHpmqkw2j5DWcRJfGFoUiYmri_jpg.rf.aimbuV135f5aQxEhNoHi.jpg,4,358,475,351,460,15,31,465,0.5736,0.54,0.5174,1.0,0.035,0.2472,35.05
240_F_125522423_KAdkMggkHpmqkw2j5DWcRJfGFoUiYmri_jpg.rf.aimbuV135f5aQxEhNoHi.jpg,5,303,472,284,447,39,50,1950,0.52,0.48,0.4263,1.0,0.0275,0.2258,27.51
240_F_125522423_KAdkMggkHpmqkw2j5DWcRJfGFoUiYmri_jpg.rf.aimbuV135f5aQxEhNoHi.jpg,6,405,457,386,443,38,29,1102,0.5999,0.57,0.5567,1.0,0.0556,0.2249,55.58
240_F_125522423_KAdkMggkHpmqkw2j5DWcRJfGFoUiYmri_jpg.rf.aimbuV135f5aQxEhNoHi.jpg,7,270,429,262,422,16,14,224,0.6348,0.6,0.5794,1.0,0.2198,0.3104,219.76
240_F_125522423_KAdkMggkHpmqkw2j5DWcRJfGFoUiYmri_jpg.rf.aimbuV135f5aQxEhNoHi.jpg,8,148,431,139,419,19,24,456,0.6709,0.62,0.54,1.0,0.6489,0.2133,648.88
240_F_125522423_KAdkMggkHpmqkw2j5DWcRJfGFoUiYmri_jpg.rf.aimbuV135f5aQxEhNoHi.jpg,9,303,427,295,418,17,18,306,0.6101,0.59,0.5358,1.0,0.1608,0.3011,160.78
240_F_125522423_KAdkMggkHpmqkw2j5DWcRJfGFoUiYmri_jpg.rf.aimbuV135f5aQxEhNoHi.jpg,10,485,416,480,406,11,20,220,0.5563,0.59,0.5811,0.5503,0.3632,0.1101,363.18
240_F_125522423_KAdkMggkHpmqkw2j5DWcRJfGFoUiYmri_jpg.rf.aimbuV135f5aQxEhNoHi.jpg,11,355,426,314,403,83,46,3818,0.6093,0.6,0.5013,1.0,0.2386,0.3385,238.64
240_F_125522423_KAdkMggkHpmqkw2j5DWcRJfGFoUiYmri_jpg.rf.aimbuV135f5aQxEhNoHi.jpg,12,402,395,392,388,20,15,300,0.6226,0.59,0.5592,1.0,0.2038,0.5799,203.77
240_F_125522423_KAdkMggkHpmqkw2j5DWcRJfGFoUiYmri_jpg.rf.aimbuV135f5aQxEhNoHi.jpg,13,192,361,183,356,19,11,209,0.5939,0.38,0.5709,1.0,0.611,0.2258,610.99
240_F_125522423_KAdkMggkHpmqkw2j5DWcRJfGFoUiYmri_jpg.rf.aimbuV135f5aQxEhNoHi.jpg,14,219,347,215,339,8,16,128,0.5838,0.31,0.6079,0.8125,1.0,0.1625,1071.21
240_F_125522423_KAdkMggkHpmqkw2j5DWcRJfGFoUiYmri_jpg.rf.aimbuV135f5aQxEhNoHi.jpg,15,264,335,260,330,9,10,90,0.5273,0.33,0.5444,1.0,0.2125,0.2338,212.48
240_F_125522423_KAdkMggkHpmqkw2j5DWcRJfGFoUiYmri_jpg.rf.aimbuV135f5aQxEhNoHi.jpg,16,509,333,506,317,6,33,198,0.71,0.59,0.5991,1.0,0.9386,0.3019,938.56
240_F_125522423_KAdkMggkHpmqkw2j5DWcRJfGFoUiYmri_jpg.rf.aimbuV135f5aQxEhNoHi.jpg,17,389,337,367,306,45,62,2790,0.5787,0.35,0.648,1.0,0.2936,0.4862,293.64
240_F_125522423_KAdkMggkHpmqkw2j5DWcRJfGFoUiYmri_jpg.rf.aimbuV135f5aQxEhNoHi.jpg,18,310,358,258,302,104,112,11648,0.5644,0.38,0.5959,1.0,0.2278,0.5261,227.77
240_F_125522423_KAdkMggkHpmqkw2j5DWcRJfGFoUiYmri_jpg.rf.aimbuV135f5aQxEhNoHi.jpg,19,160,304,146,290,28,28,784,0.5759,0.29,0.5502,1.0,0.818,0.2281,818.03
240_F_125522423_KAdkMggkHpmqkw2j5DWcRJfGFoUiYmri_jpg.rf.aimbuV135f5aQxEhNoHi.jpg,20,388,291,381,287,14,9,126,0.5363,0.39,0.5006,1.0,0.2463,0.4597,246.28
240_F_125522423_KAdkMggkHpmqkw2j5DWcRJfGFoUiYmri_jpg.rf.aimbuV135f5aQxEhNoHi.jpg,21,54,285,49,278,11,14,154,0.6134,0.29,0.6054,1.0,1.0,0.2525,1264.9
240_F_125522423_KAdkMggkHpmqkw2j5DWcRJfGFoUiYmri_jpg.rf.aimbuV135f5aQxEhNoHi.jpg,22,460,246,453,236,14,21,294,0.529,0.27,0.5578,1.0,0.3929,0.2634,392.89
240_F_125540193_PoV2GMUYmJfmL5OV6JGqg4uRE9fwZYUo_jpg.rf.DbjHcv1wirQEhk8vlZfb.jpg,1,9,327,0,317,18,20,360,0.5156,0.4,0.5,1.0,0.0066,0.487,6.6
240_F_125540193_PoV2GMUYmJfmL5OV6JGqg4uRE9fwZYUo_jpg.rf.xyPLBjB6bcia6oF92EWE.jpg,1,9,327,0,317,18,20,360,0.5156,0.4,0.5,1.0,0.0066,0.487,6.6
240_F_125540202_hK49mP5gHchHYGwja5WOCdPA0XT9afw8_jpg.rf.n158X3A5M3oyqdBH6ofv.jpg,1,506,281,501,268,11,26,286,0.5745,0.42,0.4948,1.0,0.5436,0.5743,543.56
240_F_125540202_hK49mP5gHchHYGwja5WOCdPA0XT9afw8_jpg.rf.n158X3A5M3oyqdBH6ofv.jpg,2,9,193,0,185,19,17,323,0.4927,0.32,0.4848,1.0,0.1104,0.2331,110.36
240_F_125540202_hK49mP5gHchHYGwja5WOCdPA0XT9afw8_jpg.rf.n158X3A5M3oyqdBH6ofv.jpg,3,507,124,503,117,9,14,126,0.6003,0.56,0.5044,1.0,0.2775,0.3128,277.51
240_F_125540202_hK49mP5gHchHYGwja5WOCdPA0XT9afw8_jpg.rf.n158X3A5M3oyqdBH6ofv.jpg,4,509,23,506,15,6,16,96,0.6103,0.43,0.4893,1.0,0.8849,0.4048,884.89
240_F_125576821_JU2Pwcw838NfTEnQnnxIki81gjOxdYlm_jpg.rf.pTDSuOqUm0RTgawG13TU.jpg,1,347,479,337,471,21,17,357,0.473,0.27,0.4823,1.0,0.0975,0.3386,97.49
240_F_125576821_JU2Pwcw838NfTEnQnnxIki81gjOxdYlm_jpg.rf.pTDSuOqUm0RTgawG13TU.jpg,2,110,174,105,166,11,16,176,0.5589,0.44,0.5263,1.0,0.2072,0.3727,207.17
240_F_125576821_JU2Pwcw838NfTEnQnnxIki81gjOxdYlm_jpg.rf.pTDSuOqUm0RTgawG13TU.jpg,3,484,154,473,137,23,35,805,0.5119,0.35,0.502,1.0,0.1371,0.4553,137.15
240_F_125576825_PCQ0qfxZi9b9bHSUOz7FTK2WnM6alyj0_jpg.rf.7LVCXWNKF5cgSmKAbmNR.jpg,1,418,507,406,502,25,10,250,0.6838,0.62,0.4767,1.0,1.0,0.6267,1761.82
240_F_125576825_PCQ0qfxZi9b9bHSUOz7FTK2WnM6alyj0_jpg.rf.7LVCXWNKF5cgSmKAbmNR.jpg,2,277,498,254,485,46,27,1242,0.6253,0.45,0.4795,1.0,1.0,0.4901,1105.7
240_F_125576825_PCQ0qfxZi9b9bHSUOz7FTK2WnM6alyj0_jpg.rf.7LVCXWNKF5cgSmKAbmNR.jpg,3,9,493,0,480,19,26,494,0.6698,0.6,0.4888,1.0,0.8873,0.4716,887.32
240_F_125576825_PCQ0qfxZi9b9bHSUOz7FTK2WnM6alyj0_jpg.rf.7LVCXWNKF5cgSmKAbmNR.jpg,4,367,494,341,476,52,36,1872,0.6965,0.61,0.5229,1.0,1.0,0.5167,1383.12
240_F_125576825_PCQ0qfxZi9b9bHSUOz7FTK2WnM6alyj0_jpg.rf.7LVCXWNKF5cgSmKAbmNR.jpg,5,241,484,227,467,28,35,980,0.6309,0.45,0.4953,1.0,1.0,0.509,1568.35
240_F_125576825_PCQ0qfxZi9b9bHSUOz7FTK2WnM6alyj0_jpg.rf.7LVCXWNKF5cgSmKAbmNR.jpg,6,208,453,204,447,9,13,117,0.6009,0.38,0.4796,1.0,1.0,0.3295,1433.97
240_F_125576825_PCQ0qfxZi9b9bHSUOz7FTK2WnM6alyj0_jpg.rf.7LVCXWNKF5cgSmKAbmNR.jpg,7,9,453,0,443,18,21,378,0.6425,0.55,0.478,1.0,0.8268,0.4596,826.76
240_F_125576825_PCQ0qfxZi9b9bHSUOz7FTK2WnM6alyj0_jpg.rf.7LVCXWNKF5cgSmKAbmNR.jpg,8,9,364,0,357,18,15,270,0.6163,0.39,0.5307,1.0,0.9409,0.2454,940.88
240_F_125576825_PCQ0qfxZi9b9bHSUOz7FTK2WnM6alyj0_jpg.rf.7LVCXWNKF5cgSmKAbmNR.jpg,9,360,359,346,344,28,31,868,0.6922,0.59,0.5668,1.0,0.8732,0.4198,873.21
240_F_125576825_PCQ0qfxZi9b9bHSUOz7FTK2WnM6alyj0_jpg.rf.7LVCXWNKF5cgSmKAbmNR.jpg,10,449,344,442,338,14,12,168,0.5905,0.38,0.4843,1.0,0.8798,0.4503,879.8
240_F_125576825_PCQ0qfxZi9b9bHSUOz7FTK2WnM6alyj0_jpg.rf.7LVCXWNKF5cgSmKAbmNR.jpg,11,467,303,459,296,16,15,240,0.6703,0.62,0.4963,1.0,0.796,0.3836,796.01
240_F_125576825_PCQ0qfxZi9b9bHSUOz7FTK2WnM6alyj0_jpg.rf.7LVCXWNKF5cgSmKAbmNR.jpg,12,508,299,504,293,8,13,104,0.6045,0.38,0.5847,1.0,0.6689,0.3343,668.85
240_F_125576825_PCQ0qfxZi9b9bHSUOz7FTK2WnM6alyj0_jpg.rf.7LVCXWNKF5cgSmKAbmNR.jpg,13,414,310,394,277,41,67,2747,0.5727,0.4,0.4962,1.0,0.5907,0.2797,590.69
240_F_125576825_PCQ0qfxZi9b9bHSUOz7FTK2WnM6alyj0_jpg.rf.7LVCXWNKF5cgSmKAbmNR.jpg,14,463,270,458,265,10,11,110,0.6391,0.6,0.5306,1.0,0.4342,0.3399,434.24
240_F_125576825_PCQ0qfxZi9b9bHSUOz7FTK2WnM6alyj0_jpg.rf.7LVCXWNKF5cgSmKAbmNR.jpg,15,346,257,342,251,8,12,96,0.5462,0.39,0.4857,1.0,0.3972,0.5604,397.17
240_F_125576825_PCQ0qfxZi9b9bHSUOz7FTK2WnM6alyj0_jpg.rf.7LVCXWNKF5cgSmKAbmNR.jpg,16,373,265,345,237,56,56,3136,0.5243,0.37,0.4452,1.0,0.3899,0.5028,389.94
240_F_125576825_PCQ0qfxZi9b9bHSUOz7FTK2WnM6alyj0_jpg.rf.7LVCXWNKF5cgSmKAbmNR.jpg,17,300,210,296,200,9,20,180,0.53,0.36,0.534,1.0,0.1713,0.3943,171.26
240_F_125576825_PCQ0qfxZi9b9bHSUOz7FTK2WnM6alyj0_jpg.rf.7LVCXWNKF5cgSmKAbmNR.jpg,18,69,170,47,153,45,35,1575,0.5134,0.35,0.5255,1.0,0.0699,0.3804,69.92
240_F_125576825_PCQ0qfxZi9b9bHSUOz7FTK2WnM6alyj0_jpg.rf.7LVCXWNKF5cgSmKAbmNR.jpg,19,43,127,29,110,28,34,952,0.4752,0.27,0.4993,1.0,0.0596,0.2766,59.57
240_F_125576825_PCQ0qfxZi9b9bHSUOz7FTK2WnM6alyj0_jpg.rf.7LVCXWNKF5cgSmKAbmNR.jpg,20,13,134,0,108,27,53,1431,0.4822,0.31,0.4673,1.0,0.1011,0.3497,101.07
240_F_125576825_PCQ0qfxZi9b9bHSUOz7FTK2WnM6alyj0_jpg.rf.tzEM3DOXZz8K8Gk6ZxGW.jpg,1,418,507,406,502,25,10,250,0.6838,0.62,0.4767,1.0,1.0,0.6267,1761.82
240_F_125576825_PCQ0qfxZi9b9bHSUOz7FTK2WnM6alyj0_jpg.rf.tzEM3DOXZz8K8Gk6ZxGW.jpg,2,276,498,253,485,47,27,1269,0.6188,0.44,0.4709,1.0,1.0,0.491,1116.37
240_F_125576825_PCQ0qfxZi9b9bHSUOz7FTK2WnM6alyj0_jpg.rf.tzEM3DOXZz8K8Gk6ZxGW.jpg,3,9,493,0,480,19,26,494,0.6698,0.6,0.4889,1.0,0.8864,0.4705,886.43
240_F_125576825_PCQ0qfxZi9b9bHSUOz7FTK2WnM6alyj0_jpg.rf.tzEM3DOXZz8K8Gk6ZxGW.jpg,4,367,494,341,476,52,36,1872,0.6966,0.61,0.5231,1.0,1.0,0.5167,1382.49
240_F_125576825_PCQ0qfxZi9b9bHSUOz7FTK2WnM6alyj0_jpg.rf.tzEM3DOXZz8K8Gk6ZxGW.jpg,5,241,484,227,467,28,35,980,0.6309,0.45,0.4953,1.0,1.0,0.509,1568.35
240_F_125576825_PCQ0qfxZi9b9bHSUOz7FTK2WnM6alyj0_jpg.rf.tzEM3DOXZz8K8Gk6ZxGW.jpg,6,171,487,126,463,91,49,4459,0.6492,0.44,0.5578,1.0,1.0,0.3703,1063.71
240_F_125576825_PCQ0qfxZi9b9bHSUOz7FTK2WnM6alyj0_jpg.rf.tzEM3DOXZz8K8Gk6ZxGW.jpg,7,208,453,204,447,9,13,117,0.6009,0.38,0.4798,1.0,1.0,0.3181,1432.69
240_F_125576825_PCQ0qfxZi9b9bHSUOz7FTK2WnM6alyj0_jpg.rf.tzEM3DOXZz8K8Gk6ZxGW.jpg,8,9,453,0,443,18,21,378,0.6417,0.55,0.4765,1.0,0.8245,0.4596,824.54
240_F_125576825_PCQ0qfxZi9b9bHSUOz7FTK2WnM6alyj0_jpg.rf.tzEM3DOXZz8K8Gk6ZxGW.jpg,9,45,446,37,441,16,11,176,0.6617,0.54,0.618,1.0,0.5642,0.2143,564.23
240_F_125576825_PCQ0qfxZi9b9bHSUOz7FTK2WnM6alyj0_jpg.rf.tzEM3DOXZz8K8Gk6ZxGW.jpg,10,48,419,40,404,16,31,496,0.606,0.4,0.5005,1.0,0.9083,0.4294,908.29
240_F_125576825_PCQ0qfxZi9b9bHSUOz7FTK2WnM6alyj0_jpg.rf.tzEM3DOXZz8K8Gk6ZxGW.jpg,11,9,364,0,357,18,15,270,0.6159,0.39,0.5299,1.0,0.9394,0.2469,939.41
240_F_125576825_PCQ0qfxZi9b9bHSUOz7FTK2WnM6alyj0_jpg.rf.tzEM3DOXZz8K8Gk6ZxGW.jpg,12,360,359,346,344,28,31,868,0.6923,0.59,0.5672,1.0,0.8729,0.4157,872.88
240_F_125576825_PCQ0qfxZi9b9bHSUOz7FTK2WnM6alyj0_jpg.rf.tzEM3DOXZz8K8Gk6ZxGW.jpg,13,449,344,442,338,14,12,168,0.5904,0.38,0.4844,1.0,0.8789,0.4535,878.93
240_F_125576825_PCQ0qfxZi9b9bHSUOz7FTK2WnM6alyj0_jpg.rf.tzEM3DOXZz8K8Gk6ZxGW.jpg,14,467,303,459,296,16,15,240,0.6703,0.62,0.4961,1.0,0.7963,0.3836,796.27
240_F_125576825_PCQ0qfxZi9b9bHSUOz7FTK2WnM6alyj0_jpg.rf.tzEM3DOXZz8K8Gk6ZxGW.jpg,15,508,299,504,293,8,13,104,0.6045,0.38,0.5847,1.0,0.6689,0.3343,668.85
240_F_125576825_PCQ0qfxZi9b9bHSUOz7FTK2WnM6alyj0_jpg.rf.tzEM3DOXZz8K8Gk6ZxGW.jpg,16,23,295,19,287,9,17,153,0.5688,0.38,0.4846,1.0,0.6623,0.486,662.27
240_F_125576825_PCQ0qfxZi9b9bHSUOz7FTK2WnM6alyj0_jpg.rf.tzEM3DOXZz8K8Gk6ZxGW.jpg,17,414,311,394,279,41,65,2665,0.5655,0.4,0.4734,1.0,0.5979,0.282,597.89
240_F_125576825_PCQ0qfxZi9b9bHSUOz7FTK2WnM6alyj0_jpg.rf.tzEM3DOXZz8K8Gk6ZxGW.jpg,18,463,270,458,265,10,11,110,0.639,0.6,0.5305,1.0,0.4333,0.3419,433.29
240_F_125576825_PCQ0qfxZi9b9bHSUOz7FTK2WnM6alyj0_jpg.rf.tzEM3DOXZz8K8Gk6ZxGW.jpg,19,346,257,342,251,8,13,104,0.548,0.39,0.4903,1.0,0.3992,0.582,399.21
240_F_125576825_PCQ0qfxZi9b9bHSUOz7FTK2WnM6alyj0_jpg.rf.tzEM3DOXZz8K8Gk6ZxGW.jpg,20,372,265,344,238,57,55,3135,0.5293,0.37,0.4594,1.0,0.3901,0.5025,390.12
240_F_125576825_PCQ0qfxZi9b9bHSUOz7FTK2WnM6alyj0_jpg.rf.tzEM3DOXZz8K8Gk6ZxGW.jpg,21,300,210,296,200,9,20,180,0.5301,0.36,0.5341,1.0,0.1719,0.3943,171.91
240_F_125576825_PCQ0qfxZi9b9bHSUOz7FTK2WnM6alyj0_jpg.rf.tzEM3DOXZz8K8Gk6ZxGW.jpg,22,69,170,47,153,45,35,1575,0.5134,0.35,0.5254,1.0,0.0699,0.3804,69.9
240_F_125576825_PCQ0qfxZi9b9bHSUOz7FTK2WnM6alyj0_jpg.rf.tzEM3DOXZz8K8Gk6ZxGW.jpg,23,43,127,29,110,28,34,952,0.4714,0.26,0.4983,1.0,0.0597,0.2663,59.73
240_F_125576825_PCQ0qfxZi9b9bHSUOz7FTK2WnM6alyj0_jpg.rf.tzEM3DOXZz8K8Gk6ZxGW.jpg,24,13,134,0,108,27,53,1431,0.483,0.31,0.4697,1.0,0.1013,0.3422,101.29
240_F_125787151_dCW6QpMab5zKS1Ei6aOmi9VhoC0yQY5u_jpg.rf.k4yZcKcQXqJWjOZJSJ38.jpg,1,335,508,330,504,10,8,80,0.4963,0.37,0.4657,1.0,0.0385,0.2468,38.46
240_F_125787151_dCW6QpMab5zKS1Ei6aOmi9VhoC0yQY5u_jpg.rf.k4yZcKcQXqJWjOZJSJ38.jpg,2,182,478,177,470,11,17,187,0.5069,0.33,0.5062,1.0,0.1418,0.2294,141.82
240_F_125787151_dCW6QpMab5zKS1Ei6aOmi9VhoC0yQY5u_jpg.rf.k4yZcKcQXqJWjOZJSJ38.jpg,3,163,464,154,450,19,29,551,0.4746,0.27,0.4993,1.0,0.0538,0.3564,53.8
240_F_125787151_dCW6QpMab5zKS1Ei6aOmi9VhoC0yQY5u_jpg.rf.k4yZcKcQXqJWjOZJSJ38.jpg,4,493,429,475,415,37,29,1073,0.5106,0.33,0.5212,1.0,0.1272,0.4952,127.21
240_F_125787151_dCW6QpMab5zKS1Ei6aOmi9VhoC0yQY5u_jpg.rf.k4yZcKcQXqJWjOZJSJ38.jpg,5,457,394,453,387,8,15,120,0.551,0.35,0.4731,1.0,0.6292,0.3389,629.25
240_F_125787151_dCW6QpMab5zKS1Ei6aOmi9VhoC0yQY5u_jpg.rf.k4yZcKcQXqJWjOZJSJ38.jpg,6,452,366,445,358,14,17,238,0.6214,0.37,0.5482,1.0,1.0,0.3727,1101.92
240_F_125787151_dCW6QpMab5zKS1Ei6aOmi9VhoC0yQY5u_jpg.rf.k4yZcKcQXqJWjOZJSJ38.jpg,7,179,369,175,355,9,28,252,0.6158,0.37,0.5394,1.0,0.975,0.2464,975.01
240_F_125787151_dCW6QpMab5zKS1Ei6aOmi9VhoC0yQY5u_jpg.rf.k4yZcKcQXqJWjOZJSJ38.jpg,8,386,347,382,338,9,18,162,0.5748,0.36,0.5674,1.0,0.502,0.2159,502.01
240_F_125787151_dCW6QpMab5zKS1Ei6aOmi9VhoC0yQY5u_jpg.rf.k4yZcKcQXqJWjOZJSJ38.jpg,9,6,344,0,330,12,29,348,0.5624,0.36,0.4643,1.0,0.7391,0.4051,739.08
240_F_125787151_dCW6QpMab5zKS1Ei6aOmi9VhoC0yQY5u_jpg.rf.k4yZcKcQXqJWjOZJSJ38.jpg,10,337,332,331,326,12,12,144,0.5425,0.26,0.6241,1.0,0.3307,0.2014,330.69
240_F_125787151_dCW6QpMab5zKS1Ei6aOmi9VhoC0yQY5u_jpg.rf.k4yZcKcQXqJWjOZJSJ38.jpg,11,198,323,190,315,16,16,256,0.6484,0.37,0.6254,1.0,1.0,0.2602,1363.43
240_F_125787151_dCW6QpMab5zKS1Ei6aOmi9VhoC0yQY5u_jpg.rf.k4yZcKcQXqJWjOZJSJ38.jpg,12,476,338,441,313,71,51,3621,0.526,0.36,0.4664,1.0,0.3678,0.458,367.82
240_F_125787151_dCW6QpMab5zKS1Ei6aOmi9VhoC0yQY5u_jpg.rf.k4yZcKcQXqJWjOZJSJ38.jpg,13,377,299,370,293,14,13,182,0.5281,0.34,0.5543,1.0,0.1505,0.2846,150.54
240_F_125787151_dCW6QpMab5zKS1Ei6aOmi9VhoC0yQY5u_jpg.rf.k4yZcKcQXqJWjOZJSJ38.jpg,14,147,282,141,276,12,13,156,0.5115,0.34,0.5188,1.0,0.1089,0.23,108.92
240_F_125787151_dCW6QpMab5zKS1Ei6aOmi9VhoC0yQY5u_jpg.rf.k4yZcKcQXqJWjOZJSJ38.jpg,15,213,286,194,273,38,27,1026,0.537,0.27,0.5051,1.0,0.6574,0.2497,657.39
240_F_125787151_dCW6QpMab5zKS1Ei6aOmi9VhoC0yQY5u_jpg.rf.k4yZcKcQXqJWjOZJSJ38.jpg,16,255,281,246,267,19,28,532,0.4768,0.26,0.5053,1.0,0.0894,0.2331,89.42
240_F_125787151_dCW6QpMab5zKS1Ei6aOmi9VhoC0yQY5u_jpg.rf.k4yZcKcQXqJWjOZJSJ38.jpg,17,87,269,79,258,17,23,391,0.5159,0.35,0.5248,1.0,0.0968,0.3044,96.77
240_F_125787151_dCW6QpMab5zKS1Ei6aOmi9VhoC0yQY5u_jpg.rf.k4yZcKcQXqJWjOZJSJ38.jpg,18,174,253,168,248,12,11,132,0.5233,0.26,0.5632,1.0,0.352,0.2138,351.95
240_F_125787151_dCW6QpMab5zKS1Ei6aOmi9VhoC0yQY5u_jpg.rf.k4yZcKcQXqJWjOZJSJ38.jpg,19,312,261,287,245,51,33,1683,0.4768,0.28,0.4975,1.0,0.0466,0.3012,46.59
240_F_125787151_dCW6QpMab5zKS1Ei6aOmi9VhoC0yQY5u_jpg.rf.k4yZcKcQXqJWjOZJSJ38.jpg,20,457,261,426,238,63,47,2961,0.495,0.32,0.5059,1.0,0.0592,0.4086,59.19
240_F_125787151_dCW6QpMab5zKS1Ei6aOmi9VhoC0yQY5u_jpg.rf.k4yZcKcQXqJWjOZJSJ38.jpg,21,232,243,225,232,15,23,345,0.4593,0.19,0.5386,1.0,0.0425,0.291,42.52
240_F_125787151_dCW6QpMab5zKS1Ei6aOmi9VhoC0yQY5u_jpg.rf.k4yZcKcQXqJWjOZJSJ38.jpg,22,144,237,133,224,22,27,594,0.4822,0.26,0.5515,0.9653,0.0506,0.1931,50.61
240_F_125787151_dCW6QpMab5zKS1Ei6aOmi9VhoC0yQY5u_jpg.rf.k4yZcKcQXqJWjOZJSJ38.jpg,23,411,242,391,223,40,39,1560,0.4739,0.27,0.5021,1.0,0.037,0.4284,37.0
240_F_125787151_dCW6QpMab5zKS1Ei6aOmi9VhoC0yQY5u_jpg.rf.k4yZcKcQXqJWjOZJSJ38.jpg,24,4,228,0,221,8,14,112,0.4887,0.31,0.4894,1.0,0.0892,0.2995,89.2
240_F_125787151_dCW6QpMab5zKS1Ei6aOmi9VhoC0yQY5u_jpg.rf.k4yZcKcQXqJWjOZJSJ38.jpg,25,45,230,35,220,21,20,420,0.5034,0.33,0.5149,1.0,0.0773,0.2509,77.3
240_F_125787151_dCW6QpMab5zKS1Ei6aOmi9VhoC0yQY5u_jpg.rf.k4yZcKcQXqJWjOZJSJ38.jpg,26,507,220,502,214,10,12,120,0.4658,0.25,0.5011,1.0,0.0294,0.4036,29.37
240_F_125787151_dCW6QpMab5zKS1Ei6aOmi9VhoC0yQY5u_jpg.rf.k4yZcKcQXqJWjOZJSJ38.jpg,27,363,214,357,208,12,13,156,0.459,0.22,0.5122,1.0,0.0272,0.3533,27.19
240_F_125787151_dCW6QpMab5zKS1Ei6aOmi9VhoC0yQY5u_jpg.rf.k4yZcKcQXqJWjOZJSJ38.jpg,28,21,209,16,203,10,13,130,0.4596,0.27,0.5015,0.9273,0.0414,0.1855,41.39
240_F_125787151_dCW6QpMab5zKS1Ei6aOmi9VhoC0yQY5u_jpg.rf.k4yZcKcQXqJWjOZJSJ38.jpg,29,388,208,376,197,24,23,552,0.4574,0.22,0.5072,1.0,0.0294,0.4921,29.42
240_F_125787151_dCW6QpMab5zKS1Ei6aOmi9VhoC0yQY5u_jpg.rf.k4yZcKcQXqJWjOZJSJ38.jpg,30,260,203,248,192,25,22,550,0.4511,0.2,0.5069,1.0,0.0372,0.2456,37.23
240_F_125787151_dCW6QpMab5zKS1Ei6aOmi9VhoC0yQY5u_jpg.rf.k4yZcKcQXqJWjOZJSJ38.jpg,31,476,152,462,130,29,45,1305,0.4876,0.31,0.5064,1.0,0.019,0.294,19.02
240_F_125787151_dCW6QpMab5zKS1Ei6aOmi9VhoC0yQY5u_jpg.rf.k4yZcKcQXqJWjOZJSJ38.jpg,32,306,114,301,107,10,14,140,0.477,0.3,0.4848,1.0,0.0233,0.2727,23.25
240_F_125787151_dCW6QpMab5zKS1Ei6aOmi9VhoC0yQY5u_jpg.rf.k4yZcKcQXqJWjOZJSJ38.jpg,33,355,114,345,100,21,28,588,0.5503,0.48,0.5124,1.0,0.0293,0.3864,29.31
240_F_125787151_dCW6QpMab5zKS1Ei6aOmi9VhoC0yQY5u_jpg.rf.k4yZcKcQXqJWjOZJSJ38.jpg,34,313,71,309,52,9,38,342,0.5482,0.49,0.4948,1.0,0.0348,0.2476,34.8
240_F_125787151_dCW6QpMab5zKS1Ei6aOmi9VhoC0yQY5u_jpg.rf.k4yZcKcQXqJWjOZJSJ38.jpg,35,488,51,481,39,14,24,336,0.4534,0.45,0.5172,0.5609,0.0272,0.1122,27.25
240_F_125787324_OrwFI4uq8lFwgzwY53kP9huJxIe5ul49_jpg.rf.Dn6H87Cd63sH8A1nORNL.jpg,1,429,499,420,486,19,26,494,0.4663,0.59,0.5394,0.1411,0.4279,0.0282,427.93
240_F_125787324_OrwFI4uq8lFwgzwY53kP9huJxIe5ul49_jpg.rf.Dn6H87Cd63sH8A1nORNL.jpg,2,453,487,447,479,12,17,204,0.474,0.58,0.534,0.1724,0.4962,0.0345,496.21
240_F_125787324_OrwFI4uq8lFwgzwY53kP9huJxIe5ul49_jpg.rf.Dn6H87Cd63sH8A1nORNL.jpg,3,392,472,359,451,67,42,2814,0.511,0.6,0.478,0.368,0.6007,0.0736,600.71
240_F_125787324_OrwFI4uq8lFwgzwY53kP9huJxIe5ul49_jpg.rf.Dn6H87Cd63sH8A1nORNL.jpg,4,501,417,490,399,22,37,814,0.6268,0.58,0.5079,1.0,0.4601,0.2522,460.07
240_F_125787324_OrwFI4uq8lFwgzwY53kP9huJxIe5ul49_jpg.rf.Dn6H87Cd63sH8A1nORNL.jpg,5,108,416,70,373,76,86,6536,0.5848,0.37,0.563,1.0,0.5826,0.3966,582.59
240_F_125787324_OrwFI4uq8lFwgzwY53kP9huJxIe5ul49_jpg.rf.Dn6H87Cd63sH8A1nORNL.jpg,6,499,383,486,372,26,23,598,0.6369,0.58,0.5449,0.9018,0.6287,0.1804,628.72
240_F_125787324_OrwFI4uq8lFwgzwY53kP9huJxIe5ul49_jpg.rf.Dn6H87Cd63sH8A1nORNL.jpg,7,125,356,115,340,20,32,640,0.5769,0.37,0.506,1.0,0.703,0.4723,703.02
240_F_125787324_OrwFI4uq8lFwgzwY53kP9huJxIe5ul49_jpg.rf.Dn6H87Cd63sH8A1nORNL.jpg,8,186,350,149,313,74,75,5550,0.5557,0.37,0.4951,1.0,0.529,0.3404,528.99
240_F_125787324_OrwFI4uq8lFwgzwY53kP9huJxIe5ul49_jpg.rf.Dn6H87Cd63sH8A1nORNL.jpg,9,391,232,379,224,25,17,425,0.4995,0.33,0.5026,0.9133,0.2541,0.1827,254.09
240_F_125787324_OrwFI4uq8lFwgzwY53kP9huJxIe5ul49_jpg.rf.Dn6H87Cd63sH8A1nORNL.jpg,10,258,242,241,211,35,63,2205,0.5297,0.34,0.5427,1.0,0.2071,0.3438,207.08
240_F_125787324_OrwFI4uq8lFwgzwY53kP9huJxIe5ul49_jpg.rf.Dn6H87Cd63sH8A1nORNL.jpg,11,243,185,217,171,53,28,1484,0.5187,0.35,0.5272,1.0,0.1169,0.245,116.86
240_F_125787324_OrwFI4uq8lFwgzwY53kP9huJxIe5ul49_jpg.rf.Dn6H87Cd63sH8A1nORNL.jpg,12,122,163,116,157,12,12,144,0.4722,0.28,0.5169,0.9375,0.0575,0.1875,57.53
240_F_125787324_OrwFI4uq8lFwgzwY53kP9huJxIe5ul49_jpg.rf.Dn6H87Cd63sH8A1nORNL.jpg,13,441,159,432,154,18,11,198,0.5031,0.33,0.51,1.0,0.0908,0.2029,90.76
240_F_125787324_OrwFI4uq8lFwgzwY53kP9huJxIe5ul49_jpg.rf.TqDn9FCyQAbLvmj3zyPE.jpg,1,429,500,420,488,19,24,456,0.4548,0.57,0.5427,0.1505,0.3527,0.0301,352.72
240_F_125787324_OrwFI4uq8lFwgzwY53kP9huJxIe5ul49_jpg.rf.TqDn9FCyQAbLvmj3zyPE.jpg,2,453,487,447,479,12,17,204,0.4741,0.58,0.5338,0.1724,0.4975,0.0345,497.52
240_F_125787324_OrwFI4uq8lFwgzwY53kP9huJxIe5ul49_jpg.rf.TqDn9FCyQAbLvmj3zyPE.jpg,3,392,472,359,451,67,42,2814,0.5115,0.6,0.4817,0.3645,0.6002,0.0729,600.17
240_F_125787324_OrwFI4uq8lFwgzwY53kP9huJxIe5ul49_jpg.rf.TqDn9FCyQAbLvmj3zyPE.jpg,4,501,417,490,399,22,36,792,0.6242,0.58,0.4993,1.0,0.4643,0.2597,464.35
240_F_125787324_OrwFI4uq8lFwgzwY53kP9huJxIe5ul49_jpg.rf.TqDn9FCyQAbLvmj3zyPE.jpg,5,108,416,70,374,76,85,6460,0.5838,0.37,0.5582,1.0,0.5898,0.3967,589.76
240_F_125787324_OrwFI4uq8lFwgzwY53kP9huJxIe5ul49_jpg.rf.TqDn9FCyQAbLvmj3zyPE.jpg,6,499,383,486,372,26,23,598,0.6414,0.59,0.5425,0.9107,0.6286,0.1821,628.57
240_F_125787324_OrwFI4uq8lFwgzwY53kP9huJxIe5ul49_jpg.rf.TqDn9FCyQAbLvmj3zyPE.jpg,7,125,356,115,340,20,32,640,0.5734,0.37,0.496,1.0,0.7026,0.4602,702.62
240_F_125787324_OrwFI4uq8lFwgzwY53kP9huJxIe5ul49_jpg.rf.TqDn9FCyQAbLvmj3zyPE.jpg,8,186,350,149,313,74,75,5550,0.5557,0.37,0.4948,1.0,0.5297,0.3337,529.73
240_F_125787324_OrwFI4uq8lFwgzwY53kP9huJxIe5ul49_jpg.rf.TqDn9FCyQAbLvmj3zyPE.jpg,9,391,232,379,224,24,17,408,0.4895,0.32,0.5042,0.8764,0.2579,0.1753,257.88
240_F_125787324_OrwFI4uq8lFwgzwY53kP9huJxIe5ul49_jpg.rf.TqDn9FCyQAbLvmj3zyPE.jpg,10,258,247,241,213,35,68,2380,0.5234,0.32,0.5421,1.0,0.2161,0.3532,216.1
240_F_125787324_OrwFI4uq8lFwgzwY53kP9huJxIe5ul49_jpg.rf.TqDn9FCyQAbLvmj3zyPE.jpg,11,243,185,217,172,53,27,1431,0.5158,0.35,0.5186,1.0,0.1181,0.2446,118.09
240_F_125787324_OrwFI4uq8lFwgzwY53kP9huJxIe5ul49_jpg.rf.TqDn9FCyQAbLvmj3zyPE.jpg,12,122,163,116,158,12,11,132,0.4834,0.31,0.5162,0.942,0.0584,0.1884,58.43
240_F_125787324_OrwFI4uq8lFwgzwY53kP9huJxIe5ul49_jpg.rf.TqDn9FCyQAbLvmj3zyPE.jpg,13,440,159,432,154,16,11,176,0.5004,0.32,0.5108,1.0,0.0965,0.2065,96.52
240_F_126094061_qHAnDtHwM9EZsoVcXmjzkmTDxV6NnYAU_jpg.rf.JDSyzdDKWHFRkxWVtFcN.jpg,1,128,372,121,362,14,20,280,0.5783,0.33,0.4651,1.0,1.0,0.2993,1220.81
240_F_126096265_Z1SjGEEKauTdIJR0vvkF3u2ZSrnDtQpI_jpg.rf.vROHH3gfXncF8gi9IRy0.jpg,1,218,460,210,439,16,42,672,0.4798,0.27,0.5098,1.0,0.0684,0.3194,68.42
240_F_126096265_Z1SjGEEKauTdIJR0vvkF3u2ZSrnDtQpI_jpg.rf.vROHH3gfXncF8gi9IRy0.jpg,2,463,107,450,95,27,24,648,0.4702,0.22,0.5354,1.0,0.0581,0.4915,58.08
240_F_126096351_WczvcXoaoC7JGeAIQe1bAup1YTdWWctt_jpg.rf.4MRl84k7V027Orc2fytH.jpg,1,146,497,119,482,54,30,1620,0.5462,0.5,0.4818,1.0,0.0256,0.2096,25.57
240_F_126096351_WczvcXoaoC7JGeAIQe1bAup1YTdWWctt_jpg.rf.4MRl84k7V027Orc2fytH.jpg,2,416,319,373,230,86,178,15308,0.537,0.35,0.5779,1.0,0.1226,0.554,122.63
240_F_126096351_WczvcXoaoC7JGeAIQe1bAup1YTdWWctt_jpg.rf.4MRl84k7V027Orc2fytH.jpg,3,384,225,375,218,19,15,285,0.4647,0.26,0.4817,1.0,0.0506,0.5293,50.58
240_F_126096351_WczvcXoaoC7JGeAIQe1bAup1YTdWWctt_jpg.rf.zN2zbj8kFeofEfZ75PdL.jpg,1,146,497,119,482,54,30,1620,0.5462,0.5,0.4818,1.0,0.0256,0.2096,25.57
240_F_126096351_WczvcXoaoC7JGeAIQe1bAup1YTdWWctt_jpg.rf.zN2zbj8kFeofEfZ75PdL.jpg,2,416,319,373,230,86,178,15308,0.5359,0.35,0.5746,1.0,0.1225,0.5544,122.54
240_F_126096351_WczvcXoaoC7JGeAIQe1bAup1YTdWWctt_jpg.rf.zN2zbj8kFeofEfZ75PdL.jpg,3,384,225,375,218,19,15,285,0.4647,0.26,0.4817,1.0,0.0506,0.5293,50.58
240_F_126931469_6QzVesVxLbyP3Ccsq89LgSZoEyxHVyrS_jpg.rf.TFTkEetPgYqwMKHTsrJr.jpg,1,501,498,491,491,21,15,315,0.6322,0.62,0.5061,1.0,0.3802,0.3361,380.21
240_F_126931469_6QzVesVxLbyP3Ccsq89LgSZoEyxHVyrS_jpg.rf.TFTkEetPgYqwMKHTsrJr.jpg,2,472,488,468,481,9,14,126,0.5664,0.41,0.5138,0.9707,0.489,0.1941,488.96
240_F_126931469_6QzVesVxLbyP3Ccsq89LgSZoEyxHVyrS_jpg.rf.TFTkEetPgYqwMKHTsrJr.jpg,3,165,419,160,411,11,16,176,0.5035,0.29,0.5079,1.0,0.242,0.4239,241.97
240_F_126931469_6QzVesVxLbyP3Ccsq89LgSZoEyxHVyrS_jpg.rf.TFTkEetPgYqwMKHTsrJr.jpg,4,215,413,205,403,20,20,400,0.453,0.56,0.541,0.2686,0.1394,0.0537,139.44
240_F_126931469_6QzVesVxLbyP3Ccsq89LgSZoEyxHVyrS_jpg.rf.TFTkEetPgYqwMKHTsrJr.jpg,5,403,382,351,361,105,42,4410,0.4659,0.29,0.4652,1.0,0.0161,0.3856,16.11
240_F_126931469_6QzVesVxLbyP3Ccsq89LgSZoEyxHVyrS_jpg.rf.TFTkEetPgYqwMKHTsrJr.jpg,6,248,368,244,359,9,19,171,0.5555,0.5,0.5131,0.9754,0.0587,0.1951,58.74
240_F_126931469_6QzVesVxLbyP3Ccsq89LgSZoEyxHVyrS_jpg.rf.TFTkEetPgYqwMKHTsrJr.jpg,7,280,350,269,343,22,15,330,0.522,0.41,0.498,1.0,0.0419,0.4967,41.93
240_F_126931469_6QzVesVxLbyP3Ccsq89LgSZoEyxHVyrS_jpg.rf.TFTkEetPgYqwMKHTsrJr.jpg,8,466,304,449,287,34,34,1156,0.522,0.39,0.5283,1.0,0.0056,0.2372,5.59
240_F_126931469_6QzVesVxLbyP3Ccsq89LgSZoEyxHVyrS_jpg.rf.TFTkEetPgYqwMKHTsrJr.jpg,9,354,295,340,279,28,32,896,0.4979,0.33,0.5175,1.0,0.0127,0.3369,12.75
240_F_126931469_6QzVesVxLbyP3Ccsq89LgSZoEyxHVyrS_jpg.rf.TFTkEetPgYqwMKHTsrJr.jpg,10,496,283,487,266,18,35,630,0.5359,0.46,0.4978,1.0,0.0066,0.4688,6.58
240_F_126931469_6QzVesVxLbyP3Ccsq89LgSZoEyxHVyrS_jpg.rf.TFTkEetPgYqwMKHTsrJr.jpg,11,406,171,393,166,26,11,286,0.4918,0.26,0.5451,1.0,0.1001,0.2128,100.15
240_F_126931469_6QzVesVxLbyP3Ccsq89LgSZoEyxHVyrS_jpg.rf.grsKMK9JJ91u9hgr2NKh.jpg,1,501,498,491,491,21,15,315,0.6322,0.62,0.5061,1.0,0.3802,0.3361,380.21
240_F_126931469_6QzVesVxLbyP3Ccsq89LgSZoEyxHVyrS_jpg.rf.grsKMK9JJ91u9hgr2NKh.jpg,2,472,488,468,481,9,14,126,0.5664,0.41,0.5138,0.9707,0.489,0.1941,488.96
240_F_126931469_6QzVesVxLbyP3Ccsq89LgSZoEyxHVyrS_jpg.rf.grsKMK9JJ91u9hgr2NKh.jpg,3,165,419,160,411,11,16,176,0.5035,0.29,0.5079,1.0,0.242,0.4239,241.97
240_F_126931469_6QzVesVxLbyP3Ccsq89LgSZoEyxHVyrS_jpg.rf.grsKMK9JJ91u9hgr2NKh.jpg,4,215,413,205,403,20,20,400,0.453,0.56,0.541,0.2686,0.1394,0.0537,139.44
240_F_126931469_6QzVesVxLbyP3Ccsq89LgSZoEyxHVyrS_jpg.rf.grsKMK9JJ91u9hgr2NKh.jpg,5,403,382,351,361,105,42,4410,0.4658,0.29,0.4648,1.0,0.0161,0.3857,16.1
240_F_126931469_6QzVesVxLbyP3Ccsq89LgSZoEyxHVyrS_jpg.rf.grsKMK9JJ91u9hgr2NKh.jpg,6,249,368,244,359,10,19,190,0.5339,0.5,0.5016,0.8871,0.0595,0.1774,59.54
240_F_126931469_6QzVesVxLbyP3Ccsq89LgSZoEyxHVyrS_jpg.rf.grsKMK9JJ91u9hgr2NKh.jpg,7,280,350,269,343,22,15,330,0.522,0.41,0.498,1.0,0.0419,0.4967,41.93
240_F_126931469_6QzVesVxLbyP3Ccsq89LgSZoEyxHVyrS_jpg.rf.grsKMK9JJ91u9hgr2NKh.jpg,8,466,304,449,287,34,34,1156,0.522,0.39,0.5283,1.0,0.0056,0.2372,5.59
240_F_126931469_6QzVesVxLbyP3Ccsq89LgSZoEyxHVyrS_jpg.rf.grsKMK9JJ91u9hgr2NKh.jpg,9,354,295,340,279,28,32,896,0.4979,0.33,0.5175,1.0,0.0127,0.3369,12.75
240_F_126931469_6QzVesVxLbyP3Ccsq89LgSZoEyxHVyrS_jpg.rf.grsKMK9JJ91u9hgr2NKh.jpg,10,496,283,487,266,18,35,630,0.5359,0.46,0.4978,1.0,0.0066,0.4688,6.58
240_F_126931469_6QzVesVxLbyP3Ccsq89LgSZoEyxHVyrS_jpg.rf.grsKMK9JJ91u9hgr2NKh.jpg,11,406,171,393,166,26,11,286,0.4899,0.26,0.5422,0.9954,0.1005,0.1991,100.49
240_F_128165250_wuTWoJghKsLkFTdHjlUteKiZlbkxJrQ6_jpg.rf.f24dLYKy2gudjgx2VxoR.jpg,1,106,98,93,86,27,24,648,0.4653,0.27,0.47,1.0,0.063,0.2137,63.04
240_F_128165250_wuTWoJghKsLkFTdHjlUteKiZlbkxJrQ6_jpg.rf.f24dLYKy2gudjgx2VxoR.jpg,2,234,101,211,67,47,68,3196,0.4737,0.25,0.519,1.0,0.0458,0.4403,45.79
240_F_128165250_wuTWoJghKsLkFTdHjlUteKiZlbkxJrQ6_jpg.rf.f24dLYKy2gudjgx2VxoR.jpg,3,462,7,453,0,19,15,285,0.4534,0.2,0.4999,1.0,0.0849,0.2611,84.92
240_F_128165250_wuTWoJghKsLkFTdHjlUteKiZlbkxJrQ6_jpg.rf.f24dLYKy2gudjgx2VxoR.jpg,4,249,31,228,0,42,62,2604,0.4582,0.25,0.4742,1.0,0.0472,0.2516,47.24
240_F_128165250_wuTWoJghKsLkFTdHjlUteKiZlbkxJrQ6_jpg.rf.p5Fz1n2gvhZkT5pMYKIf.jpg,1,106,98,93,86,27,24,648,0.4634,0.27,0.4645,1.0,0.0631,0.2123,63.12
240_F_128165250_wuTWoJghKsLkFTdHjlUteKiZlbkxJrQ6_jpg.rf.p5Fz1n2gvhZkT5pMYKIf.jpg,2,234,101,211,67,47,68,3196,0.4736,0.25,0.5186,1.0,0.0459,0.4403,45.94
240_F_128165250_wuTWoJghKsLkFTdHjlUteKiZlbkxJrQ6_jpg.rf.p5Fz1n2gvhZkT5pMYKIf.jpg,3,462,7,453,0,19,15,285,0.4534,0.2,0.4999,1.0,0.0849,0.2611,84.92
240_F_128165250_wuTWoJghKsLkFTdHjlUteKiZlbkxJrQ6_jpg.rf.p5Fz1n2gvhZkT5pMYKIf.jpg,4,249,31,228,0,42,62,2604,0.4582,0.25,0.4742,1.0,0.0472,0.2516,47.24
240_F_134447713_A1Ys1wvWqNoMP1xSf88B4K09iPcnnG0n_jpg.rf.eb8tGHtQcQOK4rOlnBOh.jpg,1,480,506,474,501,13,11,143,0.6811,0.62,0.484,1.0,0.9465,0.5976,946.52
240_F_134447713_A1Ys1wvWqNoMP1xSf88B4K09iPcnnG0n_jpg.rf.eb8tGHtQcQOK4rOlnBOh.jpg,2,196,504,190,499,12,10,120,0.6369,0.62,0.512,1.0,0.4072,0.2807,407.23
240_F_134447713_A1Ys1wvWqNoMP1xSf88B4K09iPcnnG0n_jpg.rf.eb8tGHtQcQOK4rOlnBOh.jpg,3,66,502,53,493,27,19,513,0.6385,0.59,0.5614,1.0,0.3553,0.3005,355.29
240_F_134447713_A1Ys1wvWqNoMP1xSf88B4K09iPcnnG0n_jpg.rf.eb8tGHtQcQOK4rOlnBOh.jpg,4,507,497,502,482,10,30,300,0.6712,0.6,0.5442,1.0,0.7075,0.3507,707.5
240_F_134447713_A1Ys1wvWqNoMP1xSf88B4K09iPcnnG0n_jpg.rf.eb8tGHtQcQOK4rOlnBOh.jpg,5,121,497,96,482,50,30,1500,0.5635,0.4,0.523,1.0,0.4044,0.2576,404.43
240_F_134447713_A1Ys1wvWqNoMP1xSf88B4K09iPcnnG0n_jpg.rf.eb8tGHtQcQOK4rOlnBOh.jpg,6,276,485,269,478,14,15,210,0.5723,0.44,0.4757,1.0,0.5179,0.5071,517.93
240_F_134447713_A1Ys1wvWqNoMP1xSf88B4K09iPcnnG0n_jpg.rf.eb8tGHtQcQOK4rOlnBOh.jpg,7,166,489,148,467,36,45,1620,0.5792,0.43,0.4916,1.0,0.5666,0.4322,566.64
240_F_134447713_A1Ys1wvWqNoMP1xSf88B4K09iPcnnG0n_jpg.rf.eb8tGHtQcQOK4rOlnBOh.jpg,8,214,471,203,459,23,24,552,0.6561,0.57,0.5342,1.0,0.6962,0.4548,696.18
240_F_134447713_A1Ys1wvWqNoMP1xSf88B4K09iPcnnG0n_jpg.rf.eb8tGHtQcQOK4rOlnBOh.jpg,9,275,461,264,453,23,16,368,0.6277,0.62,0.4698,1.0,0.4626,0.351,462.6
240_F_134447713_A1Ys1wvWqNoMP1xSf88B4K09iPcnnG0n_jpg.rf.eb8tGHtQcQOK4rOlnBOh.jpg,10,185,450,180,444,10,13,130,0.6534,0.43,0.5798,1.0,1.0,0.54,1144.59
240_F_134447713_A1Ys1wvWqNoMP1xSf88B4K09iPcnnG0n_jpg.rf.eb8tGHtQcQOK4rOlnBOh.jpg,11,134,454,129,442,11,25,275,0.6634,0.61,0.5461,0.9518,0.6837,0.1904,683.74
240_F_134447713_A1Ys1wvWqNoMP1xSf88B4K09iPcnnG0n_jpg.rf.eb8tGHtQcQOK4rOlnBOh.jpg,12,203,442,195,431,17,23,391,0.697,0.62,0.5142,1.0,1.0,0.4108,1109.03
240_F_134447713_A1Ys1wvWqNoMP1xSf88B4K09iPcnnG0n_jpg.rf.eb8tGHtQcQOK4rOlnBOh.jpg,13,91,435,87,429,9,12,108,0.6077,0.38,0.4992,1.0,1.0,0.3988,1069.76
240_F_134447713_A1Ys1wvWqNoMP1xSf88B4K09iPcnnG0n_jpg.rf.eb8tGHtQcQOK4rOlnBOh.jpg,14,213,418,204,411,19,14,266,0.6936,0.62,0.5046,1.0,1.0,0.4839,1720.52
240_F_134447713_A1Ys1wvWqNoMP1xSf88B4K09iPcnnG0n_jpg.rf.eb8tGHtQcQOK4rOlnBOh.jpg,15,449,407,440,403,19,9,171,0.6191,0.39,0.5218,1.0,1.0,0.4992,1788.48
240_F_134447713_A1Ys1wvWqNoMP1xSf88B4K09iPcnnG0n_jpg.rf.eb8tGHtQcQOK4rOlnBOh.jpg,16,433,390,425,382,16,16,256,0.6252,0.4,0.5293,1.0,1.0,0.5383,1494.75
240_F_134447713_A1Ys1wvWqNoMP1xSf88B4K09iPcnnG0n_jpg.rf.eb8tGHtQcQOK4rOlnBOh.jpg,17,456,381,448,373,17,16,272,0.6205,0.41,0.5056,1.0,1.0,0.6527,1460.64
240_F_134447713_A1Ys1wvWqNoMP1xSf88B4K09iPcnnG0n_jpg.rf.eb8tGHtQcQOK4rOlnBOh.jpg,18,232,382,221,368,22,29,638,0.7173,0.6,0.5923,1.0,1.0,0.2956,1556.75
240_F_134447713_A1Ys1wvWqNoMP1xSf88B4K09iPcnnG0n_jpg.rf.eb8tGHtQcQOK4rOlnBOh.jpg,19,289,382,283,365,12,34,408,0.6739,0.57,0.4983,1.0,1.0,0.4375,1427.48
240_F_134447713_A1Ys1wvWqNoMP1xSf88B4K09iPcnnG0n_jpg.rf.eb8tGHtQcQOK4rOlnBOh.jpg,20,332,363,322,352,20,22,440,0.6758,0.45,0.6237,1.0,1.0,0.3888,1122.99
240_F_134447713_A1Ys1wvWqNoMP1xSf88B4K09iPcnnG0n_jpg.rf.eb8tGHtQcQOK4rOlnBOh.jpg,21,485,362,470,345,31,34,1054,0.6209,0.4,0.5169,1.0,1.0,0.5905,1037.73
240_F_134447713_A1Ys1wvWqNoMP1xSf88B4K09iPcnnG0n_jpg.rf.eb8tGHtQcQOK4rOlnBOh.jpg,22,464,342,460,334,8,16,128,0.6197,0.41,0.5034,1.0,1.0,0.5786,1271.4
240_F_134447713_A1Ys1wvWqNoMP1xSf88B4K09iPcnnG0n_jpg.rf.eb8tGHtQcQOK4rOlnBOh.jpg,23,442,333,438,325,9,16,144,0.6878,0.62,0.488,1.0,1.0,0.4711,1287.17
240_F_134447713_A1Ys1wvWqNoMP1xSf88B4K09iPcnnG0n_jpg.rf.eb8tGHtQcQOK4rOlnBOh.jpg,24,405,325,398,315,15,20,300,0.6071,0.42,0.507,1.0,0.8269,0.4248,826.89
240_F_134447713_A1Ys1wvWqNoMP1xSf88B4K09iPcnnG0n_jpg.rf.eb8tGHtQcQOK4rOlnBOh.jpg,25,426,309,411,300,31,18,558,0.6747,0.61,0.5179,1.0,0.7988,0.3961,798.84
240_F_134447713_A1Ys1wvWqNoMP1xSf88B4K09iPcnnG0n_jpg.rf.eb8tGHtQcQOK4rOlnBOh.jpg,26,480,306,448,277,64,58,3712,0.6307,0.62,0.4606,1.0,0.5255,0.5543,525.48
240_F_134447713_A1Ys1wvWqNoMP1xSf88B4K09iPcnnG0n_jpg.rf.eb8tGHtQcQOK4rOlnBOh.jpg,27,451,279,439,272,25,14,350,0.6457,0.62,0.5262,1.0,0.4454,0.4615,445.36
240_F_134447713_A1Ys1wvWqNoMP1xSf88B4K09iPcnnG0n_jpg.rf.eb8tGHtQcQOK4rOlnBOh.jpg,28,63,148,57,127,13,43,559,0.538,0.39,0.5426,1.0,0.1165,0.2269,116.51
240_F_134447713_A1Ys1wvWqNoMP1xSf88B4K09iPcnnG0n_jpg.rf.eb8tGHtQcQOK4rOlnBOh.jpg,29,405,138,396,122,18,32,576,0.5777,0.39,0.5691,1.0,0.4203,0.4015,420.31
240_F_134447713_A1Ys1wvWqNoMP1xSf88B4K09iPcnnG0n_jpg.rf.eb8tGHtQcQOK4rOlnBOh.jpg,30,136,125,128,116,16,18,288,0.4954,0.26,0.5704,1.0,0.0477,0.4,47.69
240_F_134447713_A1Ys1wvWqNoMP1xSf88B4K09iPcnnG0n_jpg.rf.eb8tGHtQcQOK4rOlnBOh.jpg,31,225,105,219,98,12,15,180,0.4809,0.27,0.5219,1.0,0.0374,0.4429,37.44
240_F_134447713_A1Ys1wvWqNoMP1xSf88B4K09iPcnnG0n_jpg.rf.eb8tGHtQcQOK4rOlnBOh.jpg,32,414,74,389,34,50,81,4050,0.4827,0.28,0.5,1.0,0.0969,0.4195,96.85
240_F_134447793_EnhBk05fYouwQELUpZSTSEKk8JrYkNnp_jpg.rf.JuPZzjAJO0PTupMffJ2e.jpg,1,495,168,478,143,34,50,1700,0.5156,0.35,0.5236,1.0,0.0979,0.4802,97.91
240_F_134447793_EnhBk05fYouwQELUpZSTSEKk8JrYkNnp_jpg.rf.dxZVMETvr3Hq4EfdeWUI.jpg,1,495,168,478,143,34,50,1700,0.515,0.35,0.5219,1.0,0.098,0.4895,98.01
240_F_179442236_hSCIuD62p7fpV9CjaziAzkuhUXSKWC84_jpg.rf.XsBzEnwN3NsaWVu3wHJy.jpg,1,181,502,168,493,27,19,513,0.6462,0.59,0.5554,1.0,0.4528,0.3774,452.78
240_F_179442236_hSCIuD62p7fpV9CjaziAzkuhUXSKWC84_jpg.rf.XsBzEnwN3NsaWVu3wHJy.jpg,2,11,502,0,493,22,19,418,0.5469,0.48,0.5044,1.0,0.0239,0.4671,23.91
240_F_179442236_hSCIuD62p7fpV9CjaziAzkuhUXSKWC84_jpg.rf.XsBzEnwN3NsaWVu3wHJy.jpg,3,333,488,316,464,35,48,1680,0.4537,0.48,0.532,0.4452,0.1041,0.089,104.09
240_F_179442236_hSCIuD62p7fpV9CjaziAzkuhUXSKWC84_jpg.rf.XsBzEnwN3NsaWVu3wHJy.jpg,4,49,429,43,420,13,19,247,0.6459,0.56,0.5012,1.0,0.7451,0.4052,745.12
240_F_179442236_hSCIuD62p7fpV9CjaziAzkuhUXSKWC84_jpg.rf.XsBzEnwN3NsaWVu3wHJy.jpg,5,10,420,0,403,21,34,714,0.6309,0.58,0.546,1.0,0.3685,0.4348,368.48
240_F_179442236_hSCIuD62p7fpV9CjaziAzkuhUXSKWC84_jpg.rf.XsBzEnwN3NsaWVu3wHJy.jpg,6,10,390,0,383,21,14,294,0.5931,0.53,0.4858,1.0,0.3757,0.5598,375.66
240_F_179442236_hSCIuD62p7fpV9CjaziAzkuhUXSKWC84_jpg.rf.XsBzEnwN3NsaWVu3wHJy.jpg,7,249,47,239,15,20,65,1300,0.5307,0.44,0.5006,1.0,0.0152,0.569,15.23
240_F_179442236_hSCIuD62p7fpV9CjaziAzkuhUXSKWC84_jpg.rf.XsBzEnwN3NsaWVu3wHJy.jpg,8,275,19,271,8,8,23,184,0.4755,0.29,0.4919,1.0,0.0185,0.3657,18.48
240_F_179442236_hSCIuD62p7fpV9CjaziAzkuhUXSKWC84_jpg.rf.svB7hMZRaMF9J27Ve85x.jpg,1,181,502,168,493,27,19,513,0.6462,0.59,0.5554,1.0,0.4528,0.3774,452.78
240_F_179442236_hSCIuD62p7fpV9CjaziAzkuhUXSKWC84_jpg.rf.svB7hMZRaMF9J27Ve85x.jpg,2,11,502,0,493,22,19,418,0.5469,0.48,0.5044,1.0,0.0239,0.4671,23.91
240_F_179442236_hSCIuD62p7fpV9CjaziAzkuhUXSKWC84_jpg.rf.svB7hMZRaMF9J27Ve85x.jpg,3,333,488,316,464,35,48,1680,0.4537,0.48,0.532,0.4452,0.1041,0.089,104.09
240_F_179442236_hSCIuD62p7fpV9CjaziAzkuhUXSKWC84_jpg.rf.svB7hMZRaMF9J27Ve85x.jpg,4,49,429,43,420,13,19,247,0.6459,0.56,0.5012,1.0,0.7451,0.4052,745.12
240_F_179442236_hSCIuD62p7fpV9CjaziAzkuhUXSKWC84_jpg.rf.svB7hMZRaMF9J27Ve85x.jpg,5,10,420,0,403,21,34,714,0.6309,0.58,0.546,1.0,0.3685,0.4348,368.48
240_F_179442236_hSCIuD62p7fpV9CjaziAzkuhUXSKWC84_jpg.rf.svB7hMZRaMF9J27Ve85x.jpg,6,10,389,0,382,21,15,315,0.5918,0.53,0.4822,1.0,0.375,0.5556,375.02
240_F_179442236_hSCIuD62p7fpV9CjaziAzkuhUXSKWC84_jpg.rf.svB7hMZRaMF9J27Ve85x.jpg,7,249,47,239,15,20,65,1300,0.5307,0.44,0.5006,1.0,0.0152,0.569,15.23
240_F_179442236_hSCIuD62p7fpV9CjaziAzkuhUXSKWC84_jpg.rf.svB7hMZRaMF9J27Ve85x.jpg,8,275,19,271,8,8,23,184,0.4755,0.29,0.4919,1.0,0.0185,0.3657,18.48
240_F_179442315_kToephS8Z9Ffz4oLY1JBWbOlwhShNzOx_jpg.rf.4smF9iZdcDRxs6Ik9gQW.jpg,1,379,478,373,471,13,15,195,0.5232,0.37,0.4997,1.0,0.1878,0.4474,187.78
240_F_179442315_kToephS8Z9Ffz4oLY1JBWbOlwhShNzOx_jpg.rf.4smF9iZdcDRxs6Ik9gQW.jpg,2,289,480,279,469,21,23,483,0.5101,0.37,0.5214,0.8961,0.1887,0.1792,188.69
240_F_179442315_kToephS8Z9Ffz4oLY1JBWbOlwhShNzOx_jpg.rf.4smF9iZdcDRxs6Ik9gQW.jpg,3,448,471,434,463,29,16,464,0.4655,0.26,0.4959,1.0,0.0092,0.419,9.24
240_F_179442315_kToephS8Z9Ffz4oLY1JBWbOlwhShNzOx_jpg.rf.I9YKyqxbJoaQgtOiaucL.jpg,1,379,478,373,471,13,15,195,0.5232,0.37,0.4997,1.0,0.1878,0.4474,187.78
240_F_179442315_kToephS8Z9Ffz4oLY1JBWbOlwhShNzOx_jpg.rf.I9YKyqxbJoaQgtOiaucL.jpg,2,289,480,279,469,21,23,483,0.5298,0.37,0.5184,1.0,0.189,0.2026,188.96
240_F_179442315_kToephS8Z9Ffz4oLY1JBWbOlwhShNzOx_jpg.rf.I9YKyqxbJoaQgtOiaucL.jpg,3,448,471,434,463,29,16,464,0.4655,0.26,0.4959,1.0,0.0092,0.419,9.24
240_F_179442320_cIhjlhyBfPqhhUvQhsBaaoSCHsavsJPL_jpg.rf.oUnEzXdFBAnm9HApMS3o.jpg,1,47,495,39,484,17,22,374,0.5546,0.4,0.4871,1.0,0.4408,0.3002,440.83
240_F_179442320_cIhjlhyBfPqhhUvQhsBaaoSCHsavsJPL_jpg.rf.oUnEzXdFBAnm9HApMS3o.jpg,2,211,480,206,475,11,11,121,0.5759,0.57,0.5893,0.7278,0.2458,0.1456,245.76
240_F_179442320_cIhjlhyBfPqhhUvQhsBaaoSCHsavsJPL_jpg.rf.oUnEzXdFBAnm9HApMS3o.jpg,3,177,491,167,471,20,41,820,0.595,0.58,0.4853,0.8876,0.4468,0.1775,446.82
240_F_179442320_cIhjlhyBfPqhhUvQhsBaaoSCHsavsJPL_jpg.rf.oUnEzXdFBAnm9HApMS3o.jpg,4,55,454,26,437,59,35,2065,0.5673,0.4,0.5653,1.0,0.295,0.2484,294.95
240_F_179442320_cIhjlhyBfPqhhUvQhsBaaoSCHsavsJPL_jpg.rf.oUnEzXdFBAnm9HApMS3o.jpg,5,467,439,461,433,12,12,144,0.6079,0.38,0.5635,1.0,0.777,0.4062,777.0
240_F_179442320_cIhjlhyBfPqhhUvQhsBaaoSCHsavsJPL_jpg.rf.oUnEzXdFBAnm9HApMS3o.jpg,6,436,444,421,431,30,27,810,0.5015,0.32,0.5246,1.0,0.0586,0.4982,58.56
240_F_179442320_cIhjlhyBfPqhhUvQhsBaaoSCHsavsJPL_jpg.rf.oUnEzXdFBAnm9HApMS3o.jpg,7,7,433,0,425,14,17,238,0.5791,0.54,0.4968,1.0,0.1619,0.2362,161.92
240_F_179442320_cIhjlhyBfPqhhUvQhsBaaoSCHsavsJPL_jpg.rf.oUnEzXdFBAnm9HApMS3o.jpg,8,222,421,218,412,8,18,144,0.6115,0.54,0.4552,1.0,0.6319,0.31,631.88
240_F_179442320_cIhjlhyBfPqhhUvQhsBaaoSCHsavsJPL_jpg.rf.oUnEzXdFBAnm9HApMS3o.jpg,9,464,411,454,404,21,15,315,0.5409,0.38,0.5306,1.0,0.2217,0.3558,221.75
240_F_179442320_cIhjlhyBfPqhhUvQhsBaaoSCHsavsJPL_jpg.rf.oUnEzXdFBAnm9HApMS3o.jpg,10,498,407,494,399,8,17,136,0.5762,0.38,0.595,1.0,0.3492,0.3759,349.18
240_F_179442320_cIhjlhyBfPqhhUvQhsBaaoSCHsavsJPL_jpg.rf.oUnEzXdFBAnm9HApMS3o.jpg,11,35,400,23,394,24,13,312,0.5222,0.37,0.5344,1.0,0.0568,0.3233,56.84
240_F_179442320_cIhjlhyBfPqhhUvQhsBaaoSCHsavsJPL_jpg.rf.oUnEzXdFBAnm9HApMS3o.jpg,12,163,415,139,383,48,65,3120,0.6121,0.55,0.5222,1.0,0.3687,0.3628,368.67
240_F_179442320_cIhjlhyBfPqhhUvQhsBaaoSCHsavsJPL_jpg.rf.oUnEzXdFBAnm9HApMS3o.jpg,13,173,383,170,375,7,16,112,0.6102,0.55,0.4481,1.0,0.6081,0.3252,608.09
240_F_179442320_cIhjlhyBfPqhhUvQhsBaaoSCHsavsJPL_jpg.rf.oUnEzXdFBAnm9HApMS3o.jpg,14,15,387,0,372,30,31,930,0.4946,0.32,0.5092,1.0,0.0444,0.4826,44.38
240_F_179442320_cIhjlhyBfPqhhUvQhsBaaoSCHsavsJPL_jpg.rf.oUnEzXdFBAnm9HApMS3o.jpg,15,20,349,15,339,11,21,231,0.4507,0.21,0.5035,1.0,0.0096,0.4427,9.61
240_F_179442320_cIhjlhyBfPqhhUvQhsBaaoSCHsavsJPL_jpg.rf.oUnEzXdFBAnm9HApMS3o.jpg,16,108,339,100,329,16,21,336,0.4734,0.24,0.5199,1.0,0.0747,0.2803,74.74
240_F_179442596_n2u4nbR8CAAy8ToeFoEz9vV4iLYCjCpN_jpg.rf.64LvELdPbn9lShuFHlVS.jpg,1,293,502,284,493,18,19,342,0.4641,0.28,0.4559,1.0,0.0652,0.352,65.16
240_F_179442596_n2u4nbR8CAAy8ToeFoEz9vV4iLYCjCpN_jpg.rf.64LvELdPbn9lShuFHlVS.jpg,2,46,428,38,423,16,11,176,0.4805,0.29,0.5034,1.0,0.0281,0.25,28.07
240_F_179442596_n2u4nbR8CAAy8ToeFoEz9vV4iLYCjCpN_jpg.rf.64LvELdPbn9lShuFHlVS.jpg,3,56,400,52,390,9,20,180,0.4831,0.3,0.5018,1.0,0.0249,0.3616,24.86
240_F_179442596_n2u4nbR8CAAy8ToeFoEz9vV4iLYCjCpN_jpg.rf.64LvELdPbn9lShuFHlVS.jpg,4,17,409,0,368,35,83,2905,0.4769,0.29,0.4987,1.0,0.0085,0.6562,8.51
240_F_179442596_n2u4nbR8CAAy8ToeFoEz9vV4iLYCjCpN_jpg.rf.64LvELdPbn9lShuFHlVS.jpg,5,10,227,0,222,21,11,231,0.4681,0.27,0.4978,0.9903,0.0134,0.1981,13.41
240_F_179442596_n2u4nbR8CAAy8ToeFoEz9vV4iLYCjCpN_jpg.rf.64LvELdPbn9lShuFHlVS.jpg,6,7,207,1,203,13,9,117,0.4788,0.3,0.4938,1.0,0.0102,0.4762,10.16
240_F_179442596_n2u4nbR8CAAy8ToeFoEz9vV4iLYCjCpN_jpg.rf.o78uAkz7hKUPeCaqeuRh.jpg,1,293,502,284,493,18,19,342,0.4641,0.28,0.4559,1.0,0.0652,0.352,65.16
240_F_179442596_n2u4nbR8CAAy8ToeFoEz9vV4iLYCjCpN_jpg.rf.o78uAkz7hKUPeCaqeuRh.jpg,2,46,428,38,423,16,11,176,0.4805,0.29,0.5034,1.0,0.0281,0.25,28.07
240_F_179442596_n2u4nbR8CAAy8ToeFoEz9vV4iLYCjCpN_jpg.rf.o78uAkz7hKUPeCaqeuRh.jpg,3,56,400,52,390,9,20,180,0.4831,0.3,0.5018,1.0,0.0249,0.3616,24.86
240_F_179442596_n2u4nbR8CAAy8ToeFoEz9vV4iLYCjCpN_jpg.rf.o78uAkz7hKUPeCaqeuRh.jpg,4,17,409,0,368,35,83,2905,0.4765,0.29,0.4977,1.0,0.0085,0.6562,8.5
240_F_179442596_n2u4nbR8CAAy8ToeFoEz9vV4iLYCjCpN_jpg.rf.o78uAkz7hKUPeCaqeuRh.jpg,5,10,227,0,222,21,11,231,0.4681,0.27,0.4978,0.9903,0.0134,0.1981,13.41
240_F_179442596_n2u4nbR8CAAy8ToeFoEz9vV4iLYCjCpN_jpg.rf.o78uAkz7hKUPeCaqeuRh.jpg,6,7,207,1,203,13,9,117,0.4788,0.3,0.4938,1.0,0.0102,0.4762,10.16
240_F_179442724_A4shTwPzDL5QZaIAmxENDkGuyAm0DSCE_jpg.rf.GoW49xK84u6GC9LBh4zV.jpg,1,55,505,51,498,8,14,112,0.6048,0.38,0.5622,1.0,0.7503,0.285,750.33
240_F_179442724_A4shTwPzDL5QZaIAmxENDkGuyAm0DSCE_jpg.rf.GoW49xK84u6GC9LBh4zV.jpg,2,454,483,442,475,24,17,408,0.5954,0.39,0.4772,1.0,0.9188,0.3391,918.81
240_F_179442724_A4shTwPzDL5QZaIAmxENDkGuyAm0DSCE_jpg.rf.GoW49xK84u6GC9LBh4zV.jpg,3,6,454,0,443,12,23,276,0.5269,0.38,0.5107,1.0,0.1513,0.6667,151.29
240_F_179442724_A4shTwPzDL5QZaIAmxENDkGuyAm0DSCE_jpg.rf.GoW49xK84u6GC9LBh4zV.jpg,4,18,432,9,424,19,16,304,0.5137,0.38,0.4801,1.0,0.127,0.7039,127.0
240_F_179442724_A4shTwPzDL5QZaIAmxENDkGuyAm0DSCE_jpg.rf.GoW49xK84u6GC9LBh4zV.jpg,5,463,446,444,417,38,58,2204,0.5566,0.4,0.5136,1.0,0.3685,0.3243,368.54
240_F_179442724_A4shTwPzDL5QZaIAmxENDkGuyAm0DSCE_jpg.rf.GoW49xK84u6GC9LBh4zV.jpg,6,309,360,302,352,14,16,224,0.4855,0.31,0.4846,1.0,0.0742,0.4615,74.17
240_F_179442724_A4shTwPzDL5QZaIAmxENDkGuyAm0DSCE_jpg.rf.GoW49xK84u6GC9LBh4zV.jpg,7,31,301,20,291,23,21,483,0.5115,0.3,0.5793,1.0,0.0378,0.3697,37.77
240_F_179442724_A4shTwPzDL5QZaIAmxENDkGuyAm0DSCE_jpg.rf.ojJK1bUcjTuTm3GdGjkQ.jpg,1,55,505,51,498,8,14,112,0.6048,0.38,0.5622,1.0,0.7503,0.285,750.33
240_F_179442724_A4shTwPzDL5QZaIAmxENDkGuyAm0DSCE_jpg.rf.ojJK1bUcjTuTm3GdGjkQ.jpg,2,454,483,442,475,24,17,408,0.5954,0.39,0.4772,1.0,0.9188,0.3391,918.81
240_F_179442724_A4shTwPzDL5QZaIAmxENDkGuyAm0DSCE_jpg.rf.ojJK1bUcjTuTm3GdGjkQ.jpg,3,6,454,0,443,12,23,276,0.5269,0.38,0.5107,1.0,0.1513,0.6667,151.29
240_F_179442724_A4shTwPzDL5QZaIAmxENDkGuyAm0DSCE_jpg.rf.ojJK1bUcjTuTm3GdGjkQ.jpg,4,18,432,9,424,19,16,304,0.5137,0.38,0.4801,1.0,0.127,0.7039,127.0
240_F_179442724_A4shTwPzDL5QZaIAmxENDkGuyAm0DSCE_jpg.rf.ojJK1bUcjTuTm3GdGjkQ.jpg,5,463,446,444,417,38,58,2204,0.5565,0.4,0.5132,1.0,0.3685,0.3243,368.54
240_F_179442724_A4shTwPzDL5QZaIAmxENDkGuyAm0DSCE_jpg.rf.ojJK1bUcjTuTm3GdGjkQ.jpg,6,308,359,302,351,12,17,204,0.4896,0.31,0.4968,1.0,0.0722,0.5216,72.2
240_F_179442724_A4shTwPzDL5QZaIAmxENDkGuyAm0DSCE_jpg.rf.ojJK1bUcjTuTm3GdGjkQ.jpg,7,31,301,20,291,23,21,483,0.5115,0.3,0.5793,1.0,0.0378,0.3697,37.77
240_F_179442793_j2mma4bChqwfFKPKr4xFpYXxhtuPIavs_jpg.rf.6mSSZGUrJ3dHwTBXWKpQ.jpg,1,69,501,65,491,9,21,189,0.5169,0.36,0.4992,1.0,0.1616,0.3633,161.61
240_F_179442793_j2mma4bChqwfFKPKr4xFpYXxhtuPIavs_jpg.rf.6mSSZGUrJ3dHwTBXWKpQ.jpg,2,465,497,439,482,52,30,1560,0.4809,0.26,0.5325,1.0,0.0351,0.4774,35.07
240_F_179442793_j2mma4bChqwfFKPKr4xFpYXxhtuPIavs_jpg.rf.6mSSZGUrJ3dHwTBXWKpQ.jpg,3,482,93,453,41,59,104,6136,0.4686,0.27,0.4944,1.0,0.011,0.6712,10.98
240_F_179442793_j2mma4bChqwfFKPKr4xFpYXxhtuPIavs_jpg.rf.pxR3VGlOkECm4YORq7jC.jpg,1,69,501,65,491,9,21,189,0.5169,0.36,0.4992,1.0,0.1616,0.3633,161.61
240_F_179442793_j2mma4bChqwfFKPKr4xFpYXxhtuPIavs_jpg.rf.pxR3VGlOkECm4YORq7jC.jpg,2,465,497,439,482,52,30,1560,0.4809,0.26,0.5325,1.0,0.0351,0.4774,35.07
240_F_179442793_j2mma4bChqwfFKPKr4xFpYXxhtuPIavs_jpg.rf.pxR3VGlOkECm4YORq7jC.jpg,3,482,93,453,41,59,104,6136,0.4681,0.27,0.4928,1.0,0.011,0.6672,11.04
240_F_179442939_vLS1fyXiwdDsKobSCqslNmneIwstIYH4_jpg.rf.zqVTuLizZB2syjyFRIsv.jpg,1,270,508,265,504,10,8,80,0.4594,0.25,0.4832,1.0,0.0282,0.5162,28.25
240_F_179442939_vLS1fyXiwdDsKobSCqslNmneIwstIYH4_jpg.rf.zqVTuLizZB2syjyFRIsv.jpg,2,227,500,218,488,18,24,432,0.4697,0.26,0.5058,1.0,0.0166,0.25,16.65
240_F_179442939_vLS1fyXiwdDsKobSCqslNmneIwstIYH4_jpg.rf.zqVTuLizZB2syjyFRIsv.jpg,3,421,471,367,431,109,81,8829,0.4574,0.18,0.5323,1.0,0.0815,0.3289,81.46
240_F_179442939_vLS1fyXiwdDsKobSCqslNmneIwstIYH4_jpg.rf.zqVTuLizZB2syjyFRIsv.jpg,4,92,471,6,430,172,82,14104,0.5364,0.36,0.4743,1.0,0.4442,0.5124,444.19
240_F_179442939_vLS1fyXiwdDsKobSCqslNmneIwstIYH4_jpg.rf.zqVTuLizZB2syjyFRIsv.jpg,5,501,418,491,410,21,17,357,0.6494,0.39,0.6433,1.0,0.8778,0.2056,877.77
240_F_179442939_vLS1fyXiwdDsKobSCqslNmneIwstIYH4_jpg.rf.zqVTuLizZB2syjyFRIsv.jpg,6,61,414,53,407,16,14,224,0.6141,0.39,0.5452,0.9341,1.0,0.1868,1170.49
240_F_179442939_vLS1fyXiwdDsKobSCqslNmneIwstIYH4_jpg.rf.zqVTuLizZB2syjyFRIsv.jpg,7,341,388,335,381,12,15,180,0.6197,0.38,0.5334,1.0,1.0,0.2438,1850.55
240_F_179442939_vLS1fyXiwdDsKobSCqslNmneIwstIYH4_jpg.rf.zqVTuLizZB2syjyFRIsv.jpg,8,392,366,361,331,63,71,4473,0.5761,0.37,0.5339,1.0,0.5969,0.374,596.86
240_F_179442939_vLS1fyXiwdDsKobSCqslNmneIwstIYH4_jpg.rf.zqVTuLizZB2syjyFRIsv.jpg,9,230,332,219,317,23,30,690,0.4939,0.27,0.4898,1.0,0.2798,0.2095,279.84
240_F_179442939_vLS1fyXiwdDsKobSCqslNmneIwstIYH4_jpg.rf.zqVTuLizZB2syjyFRIsv.jpg,10,491,321,484,316,14,11,154,0.5443,0.37,0.4762,1.0,0.4817,0.3846,481.69
240_F_179442939_vLS1fyXiwdDsKobSCqslNmneIwstIYH4_jpg.rf.zqVTuLizZB2syjyFRIsv.jpg,11,20,332,0,306,41,53,2173,0.5318,0.39,0.46,1.0,0.3431,0.38,343.1
240_F_179442939_vLS1fyXiwdDsKobSCqslNmneIwstIYH4_jpg.rf.zqVTuLizZB2syjyFRIsv.jpg,12,317,309,311,300,13,19,247,0.5315,0.35,0.4819,1.0,0.403,0.2155,403.01
240_F_179442939_vLS1fyXiwdDsKobSCqslNmneIwstIYH4_jpg.rf.zqVTuLizZB2syjyFRIsv.jpg,13,375,306,372,299,6,15,90,0.5657,0.37,0.4903,1.0,0.6454,0.5,645.39
240_F_179442939_vLS1fyXiwdDsKobSCqslNmneIwstIYH4_jpg.rf.zqVTuLizZB2syjyFRIsv.jpg,14,396,296,391,278,10,37,370,0.5953,0.52,0.4716,1.0,0.4823,0.2236,482.35
240_F_179442939_vLS1fyXiwdDsKobSCqslNmneIwstIYH4_jpg.rf.zqVTuLizZB2syjyFRIsv.jpg,15,21,285,1,275,41,20,820,0.531,0.37,0.4864,1.0,0.3126,0.3001,312.57
240_F_179442939_vLS1fyXiwdDsKobSCqslNmneIwstIYH4_jpg.rf.zqVTuLizZB2syjyFRIsv.jpg,16,206,188,201,179,11,18,198,0.4628,0.25,0.4988,1.0,0.0075,0.2449,7.48
240_F_179442939_vLS1fyXiwdDsKobSCqslNmneIwstIYH4_jpg.rf.zqVTuLizZB2syjyFRIsv.jpg,17,501,127,496,121,11,13,143,0.4692,0.27,0.4942,1.0,0.017,0.3545,16.96
240_F_179443021_iOzuwC4NpATphZugsP7TDayyT0StLieu_jpg.rf.3icXDLo90dMXXxJ1Qai0.jpg,1,247,488,234,475,26,26,676,0.6584,0.58,0.5397,1.0,0.6648,0.3262,664.81
240_F_179443021_iOzuwC4NpATphZugsP7TDayyT0StLieu_jpg.rf.3icXDLo90dMXXxJ1Qai0.jpg,2,466,473,460,466,12,15,180,0.5974,0.38,0.4698,1.0,1.0,0.463,1106.48
240_F_179443021_iOzuwC4NpATphZugsP7TDayyT0StLieu_jpg.rf.3icXDLo90dMXXxJ1Qai0.jpg,3,341,488,316,465,51,47,2397,0.6374,0.44,0.524,1.0,1.0,0.428,1357.02
240_F_179443021_iOzuwC4NpATphZugsP7TDayyT0StLieu_jpg.rf.3icXDLo90dMXXxJ1Qai0.jpg,4,127,483,73,454,108,58,6264,0.5637,0.5,0.4823,1.0,0.1984,0.5638,198.43
240_F_179443021_iOzuwC4NpATphZugsP7TDayyT0StLieu_jpg.rf.3icXDLo90dMXXxJ1Qai0.jpg,5,83,434,68,414,31,41,1271,0.5436,0.35,0.5223,1.0,0.3831,0.5094,383.05
240_F_179443021_iOzuwC4NpATphZugsP7TDayyT0StLieu_jpg.rf.3icXDLo90dMXXxJ1Qai0.jpg,6,417,418,410,408,14,21,294,0.4989,0.28,0.5269,1.0,0.1648,0.3916,164.75
240_F_179443021_iOzuwC4NpATphZugsP7TDayyT0StLieu_jpg.rf.3icXDLo90dMXXxJ1Qai0.jpg,7,463,421,414,367,98,108,10584,0.5864,0.39,0.6332,1.0,0.283,0.5183,282.97
240_F_179443109_xQXXKkvEWBerMRh9hk7JrJB7bJRKzkXm_jpg.rf.Hi9n3KYhhr5Pt1wJiWFZ.jpg,1,49,501,0,491,99,21,2079,0.6256,0.58,0.4638,1.0,0.6028,0.4056,602.77
240_F_179443109_xQXXKkvEWBerMRh9hk7JrJB7bJRKzkXm_jpg.rf.Hi9n3KYhhr5Pt1wJiWFZ.jpg,2,26,455,0,442,52,27,1404,0.6138,0.55,0.5391,1.0,0.3265,0.2683,326.46
240_F_179443109_xQXXKkvEWBerMRh9hk7JrJB7bJRKzkXm_jpg.rf.Hi9n3KYhhr5Pt1wJiWFZ.jpg,3,10,432,0,423,21,19,399,0.5545,0.42,0.5257,1.0,0.2345,0.2843,234.5
240_F_179443109_xQXXKkvEWBerMRh9hk7JrJB7bJRKzkXm_jpg.rf.Hi9n3KYhhr5Pt1wJiWFZ.jpg,4,9,394,0,385,19,18,342,0.6039,0.59,0.5109,1.0,0.1853,0.3747,185.29
240_F_179443109_xQXXKkvEWBerMRh9hk7JrJB7bJRKzkXm_jpg.rf.Hi9n3KYhhr5Pt1wJiWFZ.jpg,5,5,127,0,123,10,9,90,0.5462,0.44,0.5238,1.0,0.0882,0.2292,88.24
240_F_179443109_xQXXKkvEWBerMRh9hk7JrJB7bJRKzkXm_jpg.rf.Hi9n3KYhhr5Pt1wJiWFZ.jpg,6,169,92,155,81,29,23,667,0.5238,0.36,0.5266,1.0,0.135,0.3206,135.03
240_F_179443109_xQXXKkvEWBerMRh9hk7JrJB7bJRKzkXm_jpg.rf.Zl3PHzoqL8Qm5cLV61if.jpg,1,49,501,0,491,99,21,2079,0.6256,0.58,0.4638,1.0,0.6028,0.4056,602.77
240_F_179443109_xQXXKkvEWBerMRh9hk7JrJB7bJRKzkXm_jpg.rf.Zl3PHzoqL8Qm5cLV61if.jpg,2,26,455,0,442,52,27,1404,0.6138,0.55,0.5391,1.0,0.3265,0.2683,326.46
240_F_179443109_xQXXKkvEWBerMRh9hk7JrJB7bJRKzkXm_jpg.rf.Zl3PHzoqL8Qm5cLV61if.jpg,3,10,432,0,423,21,19,399,0.5545,0.42,0.5257,1.0,0.2345,0.2843,234.5
240_F_179443109_xQXXKkvEWBerMRh9hk7JrJB7bJRKzkXm_jpg.rf.Zl3PHzoqL8Qm5cLV61if.jpg,4,9,394,0,385,19,18,342,0.6039,0.59,0.5109,1.0,0.1853,0.3747,185.29
240_F_179443109_xQXXKkvEWBerMRh9hk7JrJB7bJRKzkXm_jpg.rf.Zl3PHzoqL8Qm5cLV61if.jpg,5,5,127,0,123,10,9,90,0.5461,0.44,0.5238,1.0,0.088,0.2292,87.99
240_F_179443109_xQXXKkvEWBerMRh9hk7JrJB7bJRKzkXm_jpg.rf.Zl3PHzoqL8Qm5cLV61if.jpg,6,170,92,155,81,30,23,690,0.5192,0.34,0.5332,1.0,0.1355,0.315,135.49
240_F_179443175_RB0e5QYJb2aAbgYqCkDEtS1TRDlCMrtd_jpg.rf.21dIkHolBaxAQZfyGKjx.jpg,1,485,464,473,451,25,27,675,0.4677,0.26,0.4945,1.0,0.036,0.262,36.01
240_F_179443175_RB0e5QYJb2aAbgYqCkDEtS1TRDlCMrtd_jpg.rf.21dIkHolBaxAQZfyGKjx.jpg,2,159,451,151,442,17,19,323,0.4951,0.32,0.5117,1.0,0.04,0.2158,40.0
240_F_179443175_RB0e5QYJb2aAbgYqCkDEtS1TRDlCMrtd_jpg.rf.21dIkHolBaxAQZfyGKjx.jpg,3,75,435,67,430,17,10,170,0.5299,0.36,0.5115,1.0,0.2486,0.3307,248.62
240_F_179443175_RB0e5QYJb2aAbgYqCkDEtS1TRDlCMrtd_jpg.rf.21dIkHolBaxAQZfyGKjx.jpg,4,248,433,240,422,17,22,374,0.5705,0.38,0.5051,1.0,0.6075,0.2606,607.53
240_F_179443175_RB0e5QYJb2aAbgYqCkDEtS1TRDlCMrtd_jpg.rf.21dIkHolBaxAQZfyGKjx.jpg,5,23,463,0,414,47,98,4606,0.4674,0.21,0.5377,1.0,0.0569,0.4289,56.9
240_F_179443175_RB0e5QYJb2aAbgYqCkDEtS1TRDlCMrtd_jpg.rf.21dIkHolBaxAQZfyGKjx.jpg,6,479,420,472,411,14,19,266,0.5323,0.36,0.5174,1.0,0.2523,0.2022,252.29
240_F_179443175_RB0e5QYJb2aAbgYqCkDEtS1TRDlCMrtd_jpg.rf.21dIkHolBaxAQZfyGKjx.jpg,7,280,411,273,402,15,19,285,0.5675,0.39,0.5546,1.0,0.3687,0.276,368.67
240_F_179443175_RB0e5QYJb2aAbgYqCkDEtS1TRDlCMrtd_jpg.rf.21dIkHolBaxAQZfyGKjx.jpg,8,59,403,54,398,11,11,121,0.6023,0.37,0.4937,1.0,1.0,0.31,1371.83
240_F_179443175_RB0e5QYJb2aAbgYqCkDEtS1TRDlCMrtd_jpg.rf.21dIkHolBaxAQZfyGKjx.jpg,9,204,393,177,368,54,50,2700,0.5529,0.39,0.5411,1.0,0.2701,0.2605,270.1
240_F_179443175_RB0e5QYJb2aAbgYqCkDEtS1TRDlCMrtd_jpg.rf.21dIkHolBaxAQZfyGKjx.jpg,10,90,363,86,352,9,22,198,0.5201,0.37,0.4966,0.8824,0.4032,0.1765,403.23
240_F_179443316_6c16ivU92VGk71xpP51jWEljjQ7aQNCN_jpg.rf.Yn2GNm7fDF2o9VPwVRo7.jpg,1,310,506,306,500,8,12,96,0.615,0.56,0.4902,1.0,0.474,0.2417,474.05
240_F_179443316_6c16ivU92VGk71xpP51jWEljjQ7aQNCN_jpg.rf.Yn2GNm7fDF2o9VPwVRo7.jpg,2,353,504,343,497,20,15,300,0.5956,0.38,0.4762,1.0,0.9594,0.4211,959.37
240_F_179443316_6c16ivU92VGk71xpP51jWEljjQ7aQNCN_jpg.rf.Yn2GNm7fDF2o9VPwVRo7.jpg,3,180,496,165,481,31,31,961,0.5642,0.37,0.562,1.0,0.38,0.2766,380.01
240_F_179443316_6c16ivU92VGk71xpP51jWEljjQ7aQNCN_jpg.rf.Yn2GNm7fDF2o9VPwVRo7.jpg,4,99,492,71,473,56,39,2184,0.5492,0.4,0.5728,0.7304,0.6265,0.1461,626.49
240_F_179443316_6c16ivU92VGk71xpP51jWEljjQ7aQNCN_jpg.rf.Yn2GNm7fDF2o9VPwVRo7.jpg,5,20,471,13,462,15,18,270,0.6164,0.4,0.504,1.0,1.0,0.2296,1402.19
240_F_179443316_6c16ivU92VGk71xpP51jWEljjQ7aQNCN_jpg.rf.Yn2GNm7fDF2o9VPwVRo7.jpg,6,55,451,49,440,13,22,286,0.6534,0.45,0.5598,1.0,1.0,0.2706,1007.17
240_F_179443316_6c16ivU92VGk71xpP51jWEljjQ7aQNCN_jpg.rf.Yn2GNm7fDF2o9VPwVRo7.jpg,7,392,444,384,431,16,27,432,0.5265,0.42,0.4899,1.0,0.0803,0.4414,80.33
240_F_179443316_6c16ivU92VGk71xpP51jWEljjQ7aQNCN_jpg.rf.Yn2GNm7fDF2o9VPwVRo7.jpg,8,377,419,365,407,25,25,625,0.5292,0.39,0.5145,1.0,0.1259,0.3484,125.91
240_F_179443316_6c16ivU92VGk71xpP51jWEljjQ7aQNCN_jpg.rf.Yn2GNm7fDF2o9VPwVRo7.jpg,9,230,424,221,404,18,40,720,0.5085,0.33,0.511,1.0,0.1416,0.2987,141.61
240_F_179443316_6c16ivU92VGk71xpP51jWEljjQ7aQNCN_jpg.rf.Yn2GNm7fDF2o9VPwVRo7.jpg,10,472,372,433,317,79,111,8769,0.513,0.33,0.5201,1.0,0.1544,0.4015,154.41
240_F_179443325_g1FwrwFR1mOjC1j5oeH2iE1J6lM8RpNx_jpg.rf.XR4u7s5hqLWcK0cfQpnV.jpg,1,445,465,442,456,7,19,133,0.5396,0.37,0.5018,1.0,0.3451,0.2292,345.08
240_F_179443325_g1FwrwFR1mOjC1j5oeH2iE1J6lM8RpNx_jpg.rf.XR4u7s5hqLWcK0cfQpnV.jpg,2,97,454,90,448,15,12,180,0.5398,0.38,0.4994,1.0,0.3197,0.4198,319.74
240_F_179443325_g1FwrwFR1mOjC1j5oeH2iE1J6lM8RpNx_jpg.rf.XR4u7s5hqLWcK0cfQpnV.jpg,3,242,460,237,447,10,26,260,0.6063,0.38,0.5325,0.9569,0.9555,0.1914,955.46
240_F_179443325_g1FwrwFR1mOjC1j5oeH2iE1J6lM8RpNx_jpg.rf.XR4u7s5hqLWcK0cfQpnV.jpg,4,197,427,192,417,10,21,210,0.6475,0.42,0.5728,1.0,1.0,0.2452,1196.62
240_F_179443325_g1FwrwFR1mOjC1j5oeH2iE1J6lM8RpNx_jpg.rf.XR4u7s5hqLWcK0cfQpnV.jpg,5,373,426,369,416,9,20,180,0.5235,0.52,0.4715,0.8185,0.1277,0.1637,127.72
240_F_179443325_g1FwrwFR1mOjC1j5oeH2iE1J6lM8RpNx_jpg.rf.XR4u7s5hqLWcK0cfQpnV.jpg,6,15,330,0,314,30,33,990,0.5497,0.37,0.5541,1.0,0.2629,0.3568,262.93
240_F_179443325_g1FwrwFR1mOjC1j5oeH2iE1J6lM8RpNx_jpg.rf.XR4u7s5hqLWcK0cfQpnV.jpg,7,42,274,22,262,40,24,960,0.5251,0.39,0.524,1.0,0.0521,0.2516,52.12
240_F_179443325_g1FwrwFR1mOjC1j5oeH2iE1J6lM8RpNx_jpg.rf.XR4u7s5hqLWcK0cfQpnV.jpg,8,12,127,0,109,24,36,864,0.4951,0.31,0.5233,1.0,0.0344,0.3563,34.39
240_F_179443325_g1FwrwFR1mOjC1j5oeH2iE1J6lM8RpNx_jpg.rf.XR4u7s5hqLWcK0cfQpnV.jpg,9,71,113,65,105,13,16,208,0.4645,0.25,0.5021,1.0,0.0126,0.2686,12.62
240_F_179443325_g1FwrwFR1mOjC1j5oeH2iE1J6lM8RpNx_jpg.rf.XR4u7s5hqLWcK0cfQpnV.jpg,10,489,58,486,52,7,12,84,0.4715,0.27,0.4984,1.0,0.0261,0.4167,26.05
240_F_179443325_g1FwrwFR1mOjC1j5oeH2iE1J6lM8RpNx_jpg.rf.XR4u7s5hqLWcK0cfQpnV.jpg,11,476,40,470,33,13,15,195,0.467,0.26,0.4962,1.0,0.0233,0.7244,23.32
240_F_179443799_XmfivqHXN3oIT1sSGnKYWwkUiSsc0QYN_jpg.rf.7QJTfFYC0FpYVj2LHuSn.jpg,1,509,131,507,122,5,18,90,0.49,0.29,0.5033,1.0,0.1238,0.2121,123.78
240_F_179443799_XmfivqHXN3oIT1sSGnKYWwkUiSsc0QYN_jpg.rf.SzktbNh8WM9TaL2Hf3f1.jpg,1,509,131,507,122,5,18,90,0.49,0.29,0.5033,1.0,0.1238,0.2121,123.78
240_F_179444537_S6m77gNelUTsbVDnZtvkNvNR3ZoBqVC8_jpg.rf.UsVYbda8WDbgqwsG20uG.jpg,1,52,33,20,0,65,67,4355,0.4877,0.34,0.4809,1.0,0.0035,0.5218,3.51
240_F_179444537_S6m77gNelUTsbVDnZtvkNvNR3ZoBqVC8_jpg.rf.WsuMGh0WhO53UOWCUwyC.jpg,1,52,33,20,0,65,67,4355,0.4877,0.34,0.4809,1.0,0.0035,0.5218,3.51
240_F_179444648_9u3ScPfG6O1OPDYN7qGLx9QYDZbgkqrj_jpg.rf.44MHFICicKVZYC1SYgrC.jpg,1,19,505,0,499,38,13,494,0.6082,0.58,0.4857,1.0,0.352,0.3122,352.04
240_F_179444648_9u3ScPfG6O1OPDYN7qGLx9QYDZbgkqrj_jpg.rf.44MHFICicKVZYC1SYgrC.jpg,2,275,461,266,451,19,20,380,0.5617,0.57,0.5348,0.6956,0.3587,0.1391,358.71
240_F_179444648_9u3ScPfG6O1OPDYN7qGLx9QYDZbgkqrj_jpg.rf.44MHFICicKVZYC1SYgrC.jpg,3,378,473,305,434,147,78,11466,0.619,0.55,0.5438,1.0,0.3616,0.2543,361.62
240_F_179444648_9u3ScPfG6O1OPDYN7qGLx9QYDZbgkqrj_jpg.rf.44MHFICicKVZYC1SYgrC.jpg,4,472,420,464,410,17,20,340,0.5529,0.48,0.5281,0.9698,0.0616,0.194,61.64
240_F_179444648_9u3ScPfG6O1OPDYN7qGLx9QYDZbgkqrj_jpg.rf.CrebcsPKzplSmmwH8aos.jpg,1,275,461,266,451,19,20,380,0.5573,0.57,0.5394,0.6653,0.3591,0.1331,359.12
240_F_179444648_9u3ScPfG6O1OPDYN7qGLx9QYDZbgkqrj_jpg.rf.CrebcsPKzplSmmwH8aos.jpg,2,371,473,305,434,133,78,10374,0.6258,0.56,0.5436,1.0,0.3954,0.2771,395.42
240_F_179444648_9u3ScPfG6O1OPDYN7qGLx9QYDZbgkqrj_jpg.rf.CrebcsPKzplSmmwH8aos.jpg,3,472,420,464,410,17,20,340,0.5525,0.48,0.5269,0.9698,0.0609,0.194,60.94
240_F_179444717_hgbiLeDkcIBuoRG1iC51RASU66mBY0o6_jpg.rf.IyWhOVXoer4w32GFgs6E.jpg,1,283,496,269,480,28,32,896,0.6024,0.53,0.6027,1.0,0.0596,0.2789,59.56
240_F_179444717_hgbiLeDkcIBuoRG1iC51RASU66mBY0o6_jpg.rf.IyWhOVXoer4w32GFgs6E.jpg,2,495,485,478,458,34,54,1836,0.5939,0.55,0.5102,1.0,0.2283,0.2229,228.25
240_F_179444717_hgbiLeDkcIBuoRG1iC51RASU66mBY0o6_jpg.rf.IyWhOVXoer4w32GFgs6E.jpg,3,369,397,363,382,12,31,372,0.5467,0.55,0.508,0.8479,0.0685,0.1696,68.45
240_F_179444717_hgbiLeDkcIBuoRG1iC51RASU66mBY0o6_jpg.rf.IyWhOVXoer4w32GFgs6E.jpg,4,460,376,455,371,11,11,121,0.4758,0.67,0.5141,0.2647,0.0842,0.0529,84.19
240_F_179444717_hgbiLeDkcIBuoRG1iC51RASU66mBY0o6_jpg.rf.IyWhOVXoer4w32GFgs6E.jpg,5,38,121,0,66,76,110,8360,0.5703,0.51,0.5382,1.0,0.0341,0.3044,34.12
240_F_179444717_hgbiLeDkcIBuoRG1iC51RASU66mBY0o6_jpg.rf.IyWhOVXoer4w32GFgs6E.jpg,6,97,23,64,0,67,47,3149,0.5572,0.46,0.5558,1.0,0.0168,0.251,16.82
240_F_179444717_hgbiLeDkcIBuoRG1iC51RASU66mBY0o6_jpg.rf.q9pYVGd4JO2GlMoM6wBG.jpg,1,283,496,269,480,28,32,896,0.6024,0.53,0.6027,1.0,0.0596,0.2789,59.56
240_F_179444717_hgbiLeDkcIBuoRG1iC51RASU66mBY0o6_jpg.rf.q9pYVGd4JO2GlMoM6wBG.jpg,2,495,485,478,458,34,54,1836,0.592,0.55,0.5047,1.0,0.2286,0.2192,228.64
240_F_179444717_hgbiLeDkcIBuoRG1iC51RASU66mBY0o6_jpg.rf.q9pYVGd4JO2GlMoM6wBG.jpg,3,369,397,363,382,13,31,403,0.5431,0.55,0.5165,0.814,0.0704,0.1628,70.37
240_F_179444717_hgbiLeDkcIBuoRG1iC51RASU66mBY0o6_jpg.rf.q9pYVGd4JO2GlMoM6wBG.jpg,4,460,376,455,371,11,11,121,0.4758,0.67,0.5141,0.2647,0.0842,0.0529,84.19
240_F_179444717_hgbiLeDkcIBuoRG1iC51RASU66mBY0o6_jpg.rf.q9pYVGd4JO2GlMoM6wBG.jpg,5,38,121,0,66,76,110,8360,0.5703,0.51,0.5381,1.0,0.0341,0.3044,34.13
240_F_179444717_hgbiLeDkcIBuoRG1iC51RASU66mBY0o6_jpg.rf.q9pYVGd4JO2GlMoM6wBG.jpg,6,97,23,64,0,67,47,3149,0.5572,0.46,0.5558,1.0,0.0168,0.251,16.82
240_F_229425327_mzgM6Q8AmykFfOQYG1vd5qARUUpux6ma_jpg.rf.Kcl8QkOCgAnq7D5MDVV4.jpg,1,89,504,84,496,11,16,176,0.5502,0.47,0.5081,1.0,0.0784,0.251,78.39
240_F_229425327_mzgM6Q8AmykFfOQYG1vd5qARUUpux6ma_jpg.rf.Kcl8QkOCgAnq7D5MDVV4.jpg,2,112,502,103,492,19,20,380,0.5959,0.56,0.5569,1.0,0.0496,0.3127,49.58
240_F_229425327_mzgM6Q8AmykFfOQYG1vd5qARUUpux6ma_jpg.rf.Kcl8QkOCgAnq7D5MDVV4.jpg,3,194,500,183,488,22,24,528,0.5838,0.57,0.5148,1.0,0.0409,0.5745,40.87
240_F_229425327_mzgM6Q8AmykFfOQYG1vd5qARUUpux6ma_jpg.rf.Kcl8QkOCgAnq7D5MDVV4.jpg,4,241,475,231,464,20,23,460,0.5604,0.52,0.4979,1.0,0.0408,0.3375,40.82
240_F_229425327_mzgM6Q8AmykFfOQYG1vd5qARUUpux6ma_jpg.rf.Kcl8QkOCgAnq7D5MDVV4.jpg,5,238,445,210,432,57,27,1539,0.5817,0.53,0.5498,1.0,0.0375,0.3248,37.52
240_F_229425327_mzgM6Q8AmykFfOQYG1vd5qARUUpux6ma_jpg.rf.Kcl8QkOCgAnq7D5MDVV4.jpg,6,16,389,10,382,12,15,180,0.4896,0.47,0.5043,0.733,0.0198,0.1466,19.85
240_F_229425327_mzgM6Q8AmykFfOQYG1vd5qARUUpux6ma_jpg.rf.Kcl8QkOCgAnq7D5MDVV4.jpg,7,310,367,305,360,10,14,140,0.5857,0.59,0.4841,1.0,0.0977,0.4126,97.66
240_F_229425327_mzgM6Q8AmykFfOQYG1vd5qARUUpux6ma_jpg.rf.Kcl8QkOCgAnq7D5MDVV4.jpg,8,277,355,272,346,11,18,198,0.6055,0.59,0.515,1.0,0.1873,0.3913,187.35
240_F_229425327_mzgM6Q8AmykFfOQYG1vd5qARUUpux6ma_jpg.rf.Kcl8QkOCgAnq7D5MDVV4.jpg,9,306,344,298,337,17,15,255,0.4972,0.32,0.4593,1.0,0.2446,0.6488,244.62
240_F_229425327_mzgM6Q8AmykFfOQYG1vd5qARUUpux6ma_jpg.rf.Kcl8QkOCgAnq7D5MDVV4.jpg,10,487,301,480,293,15,17,255,0.5271,0.37,0.5075,1.0,0.1993,0.447,199.26
240_F_229425327_mzgM6Q8AmykFfOQYG1vd5qARUUpux6ma_jpg.rf.Kcl8QkOCgAnq7D5MDVV4.jpg,11,16,277,13,269,7,16,112,0.5216,0.45,0.4992,0.9398,0.014,0.188,14.02
240_F_229425327_mzgM6Q8AmykFfOQYG1vd5qARUUpux6ma_jpg.rf.Kcl8QkOCgAnq7D5MDVV4.jpg,12,445,162,438,152,14,20,280,0.5431,0.47,0.4952,1.0,0.0527,0.4988,52.68
240_F_229425327_mzgM6Q8AmykFfOQYG1vd5qARUUpux6ma_jpg.rf.Kcl8QkOCgAnq7D5MDVV4.jpg,13,404,150,382,140,44,21,924,0.5361,0.5,0.4534,1.0,0.0239,0.4827,23.95
240_F_229425327_mzgM6Q8AmykFfOQYG1vd5qARUUpux6ma_jpg.rf.Kcl8QkOCgAnq7D5MDVV4.jpg,14,475,141,464,130,22,23,506,0.5377,0.48,0.4736,1.0,0.0393,0.4252,39.34
240_F_229428737_XnBSJi3dEqBDLN1pxfZB8MhDqGY00PwO_jpg.rf.iq94wxzJ17bdU3IaD5fa.jpg,1,362,498,346,484,32,28,896,0.4958,0.31,0.5286,1.0,0.0232,0.6892,23.19
240_F_229428737_XnBSJi3dEqBDLN1pxfZB8MhDqGY00PwO_jpg.rf.iq94wxzJ17bdU3IaD5fa.jpg,2,281,451,275,443,13,16,208,0.4913,0.32,0.5048,1.0,0.0256,0.2929,25.65
240_F_229428737_XnBSJi3dEqBDLN1pxfZB8MhDqGY00PwO_jpg.rf.iq94wxzJ17bdU3IaD5fa.jpg,3,261,422,249,408,24,28,672,0.499,0.33,0.5163,1.0,0.0277,0.4174,27.74
240_F_229428737_XnBSJi3dEqBDLN1pxfZB8MhDqGY00PwO_jpg.rf.iq94wxzJ17bdU3IaD5fa.jpg,4,81,380,71,368,21,25,525,0.5925,0.4,0.4356,1.0,1.0,0.2113,1158.2
240_F_229428737_XnBSJi3dEqBDLN1pxfZB8MhDqGY00PwO_jpg.rf.iq94wxzJ17bdU3IaD5fa.jpg,5,32,369,28,363,8,12,96,0.5666,0.54,0.4789,1.0,0.1,0.4083,99.96
240_F_229428737_XnBSJi3dEqBDLN1pxfZB8MhDqGY00PwO_jpg.rf.iq94wxzJ17bdU3IaD5fa.jpg,6,82,343,78,334,9,18,162,0.6236,0.39,0.5347,1.0,1.0,0.2556,1227.47
240_F_229428737_XnBSJi3dEqBDLN1pxfZB8MhDqGY00PwO_jpg.rf.iq94wxzJ17bdU3IaD5fa.jpg,7,89,326,82,320,15,12,180,0.5967,0.39,0.4576,1.0,1.0,0.2299,1413.11
240_F_229428737_XnBSJi3dEqBDLN1pxfZB8MhDqGY00PwO_jpg.rf.iq94wxzJ17bdU3IaD5fa.jpg,8,53,299,44,289,18,20,360,0.6066,0.53,0.5568,1.0,0.2623,0.3302,262.27
240_F_233532094_C7U4853pL0OF0Zbz1OmLQDewOSKTmD4p_jpg.rf.76C6unzKgPKEB3MDT0cl.jpg,1,112,87,97,76,30,23,690,0.4629,0.52,0.5321,0.4558,0.0351,0.0912,35.09
240_F_233532094_C7U4853pL0OF0Zbz1OmLQDewOSKTmD4p_jpg.rf.76C6unzKgPKEB3MDT0cl.jpg,2,207,68,201,59,13,19,247,0.453,0.22,0.4995,1.0,0.0119,0.2387,11.89
240_F_233532094_C7U4853pL0OF0Zbz1OmLQDewOSKTmD4p_jpg.rf.76C6unzKgPKEB3MDT0cl.jpg,3,116,58,110,51,12,14,168,0.4598,0.49,0.4636,0.609,0.0427,0.1218,42.7
240_F_233532094_C7U4853pL0OF0Zbz1OmLQDewOSKTmD4p_jpg.rf.76C6unzKgPKEB3MDT0cl.jpg,4,429,58,416,40,26,36,936,0.5463,0.44,0.5355,1.0,0.0488,0.3136,48.8
240_F_233532094_C7U4853pL0OF0Zbz1OmLQDewOSKTmD4p_jpg.rf.76C6unzKgPKEB3MDT0cl.jpg,5,508,27,505,20,7,15,105,0.4845,0.29,0.5143,1.0,0.0299,0.2707,29.88
240_F_233532094_C7U4853pL0OF0Zbz1OmLQDewOSKTmD4p_jpg.rf.76C6unzKgPKEB3MDT0cl.jpg,6,398,19,381,0,34,39,1326,0.5727,0.52,0.5334,1.0,0.0402,0.3087,40.18
240_F_233532094_C7U4853pL0OF0Zbz1OmLQDewOSKTmD4p_jpg.rf.yQfRAArGJ3CrJYO3R1yr.jpg,1,112,87,97,76,30,23,690,0.4629,0.52,0.5321,0.4558,0.0351,0.0912,35.09
240_F_233532094_C7U4853pL0OF0Zbz1OmLQDewOSKTmD4p_jpg.rf.yQfRAArGJ3CrJYO3R1yr.jpg,2,207,68,201,59,13,19,247,0.453,0.22,0.4995,1.0,0.0119,0.2387,11.89
240_F_233532094_C7U4853pL0OF0Zbz1OmLQDewOSKTmD4p_jpg.rf.yQfRAArGJ3CrJYO3R1yr.jpg,3,116,58,110,51,12,14,168,0.4598,0.49,0.4636,0.609,0.0427,0.1218,42.7
240_F_233532094_C7U4853pL0OF0Zbz1OmLQDewOSKTmD4p_jpg.rf.yQfRAArGJ3CrJYO3R1yr.jpg,4,429,58,416,40,26,36,936,0.5463,0.44,0.5355,1.0,0.0488,0.3136,48.8
240_F_233532094_C7U4853pL0OF0Zbz1OmLQDewOSKTmD4p_jpg.rf.yQfRAArGJ3CrJYO3R1yr.jpg,5,508,27,505,20,7,15,105,0.4845,0.29,0.5143,1.0,0.0299,0.2707,29.88
240_F_233532094_C7U4853pL0OF0Zbz1OmLQDewOSKTmD4p_jpg.rf.yQfRAArGJ3CrJYO3R1yr.jpg,6,398,19,381,0,34,39,1326,0.5727,0.52,0.5335,1.0,0.0402,0.3087,40.17
240_F_237489282_sboy2EVsB9GqfPklbGADOb2a0JBtncyV_jpg.rf.EXFiBxByUD5DkaZALnTV.jpg,1,110,57,98,28,24,58,1392,0.4908,0.31,0.5086,1.0,0.0427,0.4016,42.69
240_F_237718412_wiVSHkxq5xL5tnpbakoLPjz3Hs9wrPQe_jpg.rf.3zXojvA32fxEa0a4Pgq8.jpg,1,138,35,121,15,35,40,1400,0.4955,0.33,0.4991,1.0,0.0533,0.5016,53.25
240_F_237718412_wiVSHkxq5xL5tnpbakoLPjz3Hs9wrPQe_jpg.rf.3zXojvA32fxEa0a4Pgq8.jpg,2,240,20,235,11,11,18,198,0.4677,0.21,0.4867,1.0,0.2386,0.3174,238.62
240_F_237718412_wiVSHkxq5xL5tnpbakoLPjz3Hs9wrPQe_jpg.rf.HnHszfI8oeHih1udxeS0.jpg,1,138,35,121,15,35,40,1400,0.4955,0.33,0.4991,1.0,0.0533,0.5016,53.25
240_F_237718412_wiVSHkxq5xL5tnpbakoLPjz3Hs9wrPQe_jpg.rf.HnHszfI8oeHih1udxeS0.jpg,2,240,20,235,11,11,18,198,0.4677,0.21,0.4867,1.0,0.2386,0.3174,238.62
240_F_238867184_qVGH3HT5M9AEvb9yVZrGPWxcxjFsj9GP_jpg.rf.Wgp8Kj16ziHIkiTjh0Wm.jpg,1,8,492,0,483,16,18,288,0.5228,0.36,0.5002,1.0,0.2172,0.3258,217.19
240_F_238867184_qVGH3HT5M9AEvb9yVZrGPWxcxjFsj9GP_jpg.rf.Wgp8Kj16ziHIkiTjh0Wm.jpg,2,210,307,207,300,7,14,98,0.6744,0.55,0.5592,0.9312,1.0,0.1862,1263.94
240_F_238867184_qVGH3HT5M9AEvb9yVZrGPWxcxjFsj9GP_jpg.rf.Wgp8Kj16ziHIkiTjh0Wm.jpg,3,243,315,235,297,16,36,576,0.5393,0.35,0.4465,0.8371,0.9307,0.1674,930.67
240_F_238867184_qVGH3HT5M9AEvb9yVZrGPWxcxjFsj9GP_jpg.rf.Wgp8Kj16ziHIkiTjh0Wm.jpg,4,225,221,195,160,61,122,7442,0.5666,0.37,0.5094,1.0,0.5887,0.4643,588.7
240_F_238867184_qVGH3HT5M9AEvb9yVZrGPWxcxjFsj9GP_jpg.rf.YoS5baJkpibZxTHUZYta.jpg,1,8,492,0,483,16,18,288,0.5231,0.36,0.5011,1.0,0.2169,0.3258,216.95
240_F_238867184_qVGH3HT5M9AEvb9yVZrGPWxcxjFsj9GP_jpg.rf.YoS5baJkpibZxTHUZYta.jpg,2,243,315,237,298,13,35,455,0.5434,0.35,0.4155,0.8979,0.9592,0.1796,959.24
240_F_238867184_qVGH3HT5M9AEvb9yVZrGPWxcxjFsj9GP_jpg.rf.YoS5baJkpibZxTHUZYta.jpg,3,211,306,207,297,8,19,152,0.6783,0.55,0.577,0.9194,1.0,0.1839,1144.61
240_F_238867184_qVGH3HT5M9AEvb9yVZrGPWxcxjFsj9GP_jpg.rf.YoS5baJkpibZxTHUZYta.jpg,4,226,220,196,159,60,123,7380,0.5684,0.37,0.5116,1.0,0.5982,0.4714,598.18
240_F_262745925_pwwfnZG6vRJP0v9QJp5RTji5TA2U4zxk_jpg.rf.zgDqBKnqtii2uN6b999p.jpg,1,147,495,132,479,31,33,1023,0.458,0.22,0.5033,1.0,0.049,0.4866,48.95
240_F_262745925_pwwfnZG6vRJP0v9QJp5RTji5TA2U4zxk_jpg.rf.zgDqBKnqtii2uN6b999p.jpg,2,15,391,0,375,31,33,1023,0.479,0.28,0.4938,1.0,0.0822,0.3441,82.16
240_F_262745925_pwwfnZG6vRJP0v9QJp5RTji5TA2U4zxk_jpg.rf.zgDqBKnqtii2uN6b999p.jpg,3,348,100,340,86,17,28,476,0.4682,0.28,0.4974,0.9784,0.0046,0.1957,4.59
240_F_276069776_KihDnsUmOQ0atnV3JZGfIw9RgRUXzQJA_jpg.rf.XALhRH9r06iBlocOOMb8.jpg,1,249,370,239,364,20,13,260,0.5472,0.5,0.4385,1.0,0.1868,0.3325,186.77
240_F_276069776_KihDnsUmOQ0atnV3JZGfIw9RgRUXzQJA_jpg.rf.XALhRH9r06iBlocOOMb8.jpg,2,12,356,0,328,25,57,1425,0.5481,0.42,0.5586,1.0,0.0565,0.4848,56.52
240_F_276069776_KihDnsUmOQ0atnV3JZGfIw9RgRUXzQJA_jpg.rf.XALhRH9r06iBlocOOMb8.jpg,3,373,37,360,22,27,30,810,0.4529,0.4,0.5008,0.6746,0.0265,0.1349,26.53
240_F_276069776_KihDnsUmOQ0atnV3JZGfIw9RgRUXzQJA_jpg.rf.XALhRH9r06iBlocOOMb8.jpg,4,255,14,245,0,21,29,609,0.5005,0.27,0.495,1.0,0.3271,0.3074,327.06
240_F_276069776_KihDnsUmOQ0atnV3JZGfIw9RgRUXzQJA_jpg.rf.XALhRH9r06iBlocOOMb8.jpg,5,45,49,0,0,90,98,8820,0.5044,0.29,0.5565,1.0,0.0816,0.6264,81.56
240_F_276069776_KihDnsUmOQ0atnV3JZGfIw9RgRUXzQJA_jpg.rf.ww0cyFjvWr04LdqYdgYn.jpg,1,249,370,239,364,20,13,260,0.5472,0.5,0.4385,1.0,0.1868,0.3325,186.77
240_F_276069776_KihDnsUmOQ0atnV3JZGfIw9RgRUXzQJA_jpg.rf.ww0cyFjvWr04LdqYdgYn.jpg,2,12,356,0,328,25,57,1425,0.5482,0.42,0.5588,1.0,0.0565,0.4848,56.47
240_F_276069776_KihDnsUmOQ0atnV3JZGfIw9RgRUXzQJA_jpg.rf.ww0cyFjvWr04LdqYdgYn.jpg,3,373,37,360,22,27,30,810,0.4529,0.4,0.5008,0.6746,0.0265,0.1349,26.53
240_F_276069776_KihDnsUmOQ0atnV3JZGfIw9RgRUXzQJA_jpg.rf.ww0cyFjvWr04LdqYdgYn.jpg,4,255,14,245,0,21,29,609,0.5005,0.27,0.495,1.0,0.3271,0.3074,327.06
240_F_276069776_KihDnsUmOQ0atnV3JZGfIw9RgRUXzQJA_jpg.rf.ww0cyFjvWr04LdqYdgYn.jpg,5,45,48,0,0,90,97,8730,0.509,0.29,0.5694,1.0,0.0822,0.632,82.22
240_F_276069816_mwal87gatkAn9KqLPwHshD2zmeuHZ51B_jpg.rf.21QwPjmoUkOMHPFdwl0h.jpg,1,172,471,159,430,26,82,2132,0.5257,0.46,0.4664,1.0,0.0144,0.2946,14.39
240_F_276069816_mwal87gatkAn9KqLPwHshD2zmeuHZ51B_jpg.rf.21QwPjmoUkOMHPFdwl0h.jpg,2,392,453,380,423,25,61,1525,0.5516,0.47,0.5237,1.0,0.038,0.2977,37.95
240_F_276069816_mwal87gatkAn9KqLPwHshD2zmeuHZ51B_jpg.rf.21QwPjmoUkOMHPFdwl0h.jpg,3,431,442,424,415,14,54,756,0.4792,0.47,0.5239,0.6381,0.0373,0.1276,37.27
240_F_276069816_mwal87gatkAn9KqLPwHshD2zmeuHZ51B_jpg.rf.21QwPjmoUkOMHPFdwl0h.jpg,4,389,408,385,400,9,16,144,0.5525,0.48,0.5081,1.0,0.0667,0.6259,66.71
240_F_276069816_mwal87gatkAn9KqLPwHshD2zmeuHZ51B_jpg.rf.21QwPjmoUkOMHPFdwl0h.jpg,5,19,387,0,347,38,81,3078,0.5232,0.42,0.4966,1.0,0.0243,0.4494,24.3
240_F_276069816_mwal87gatkAn9KqLPwHshD2zmeuHZ51B_jpg.rf.21QwPjmoUkOMHPFdwl0h.jpg,6,138,144,132,135,12,18,216,0.5488,0.47,0.51,0.9792,0.0993,0.1958,99.29
240_F_276069816_mwal87gatkAn9KqLPwHshD2zmeuHZ51B_jpg.rf.21QwPjmoUkOMHPFdwl0h.jpg,7,100,135,86,122,28,26,728,0.4664,0.47,0.5716,0.4276,0.1635,0.0855,163.52
240_F_276069816_mwal87gatkAn9KqLPwHshD2zmeuHZ51B_jpg.rf.21QwPjmoUkOMHPFdwl0h.jpg,8,493,11,475,0,37,23,851,0.5108,0.4,0.4857,1.0,0.0084,0.4699,8.38
240_F_276069816_mwal87gatkAn9KqLPwHshD2zmeuHZ51B_jpg.rf.gbExrNHZbTJv5E0Uoemm.jpg,1,172,471,159,430,26,82,2132,0.5257,0.46,0.4664,1.0,0.0144,0.2946,14.39
240_F_276069816_mwal87gatkAn9KqLPwHshD2zmeuHZ51B_jpg.rf.gbExrNHZbTJv5E0Uoemm.jpg,2,392,453,380,423,25,61,1525,0.5516,0.47,0.5237,1.0,0.038,0.2977,37.95
240_F_276069816_mwal87gatkAn9KqLPwHshD2zmeuHZ51B_jpg.rf.gbExrNHZbTJv5E0Uoemm.jpg,3,431,442,424,415,14,54,756,0.4792,0.47,0.5239,0.6381,0.0373,0.1276,37.27
240_F_276069816_mwal87gatkAn9KqLPwHshD2zmeuHZ51B_jpg.rf.gbExrNHZbTJv5E0Uoemm.jpg,4,389,408,385,400,9,16,144,0.5525,0.48,0.5081,1.0,0.0667,0.6259,66.71
240_F_276069816_mwal87gatkAn9KqLPwHshD2zmeuHZ51B_jpg.rf.gbExrNHZbTJv5E0Uoemm.jpg,5,19,387,0,347,38,81,3078,0.5232,0.42,0.4966,1.0,0.0243,0.4494,24.3
240_F_276069816_mwal87gatkAn9KqLPwHshD2zmeuHZ51B_jpg.rf.gbExrNHZbTJv5E0Uoemm.jpg,6,138,144,132,135,12,18,216,0.5483,0.47,0.5088,0.9792,0.0993,0.1958,99.3
240_F_276069816_mwal87gatkAn9KqLPwHshD2zmeuHZ51B_jpg.rf.gbExrNHZbTJv5E0Uoemm.jpg,7,100,135,86,122,28,26,728,0.4664,0.47,0.5716,0.4276,0.1635,0.0855,163.52
240_F_276069816_mwal87gatkAn9KqLPwHshD2zmeuHZ51B_jpg.rf.gbExrNHZbTJv5E0Uoemm.jpg,8,493,11,475,0,37,23,851,0.5108,0.4,0.4857,1.0,0.0084,0.4699,8.38
240_F_291291202_2vlaU0r33GEpmGeuaNtB51hmMOkLlnDe_jpg.rf.FEnkhLzFyHLBt0SvgLeo.jpg,1,341,481,333,451,17,61,1037,0.5629,0.55,0.4856,1.0,0.0047,0.3628,4.67
240_F_291291202_2vlaU0r33GEpmGeuaNtB51hmMOkLlnDe_jpg.rf.FEnkhLzFyHLBt0SvgLeo.jpg,2,190,474,180,436,21,76,1596,0.5758,0.56,0.5083,1.0,0.0189,0.3104,18.94
240_F_291291202_2vlaU0r33GEpmGeuaNtB51hmMOkLlnDe_jpg.rf.FEnkhLzFyHLBt0SvgLeo.jpg,3,370,304,363,282,15,45,675,0.4776,0.2,0.5412,1.0,0.1818,0.2229,181.75
240_F_296545708_jGH52yxeGaUGBKk3udIOMoeqfXz5EJ0o_jpg.rf.nNet1HqZA29CX0hn3u70.jpg,1,3,439,0,431,6,17,102,0.5255,0.5,0.5046,0.819,0.1008,0.1638,100.83
240_F_296545708_jGH52yxeGaUGBKk3udIOMoeqfXz5EJ0o_jpg.rf.nNet1HqZA29CX0hn3u70.jpg,2,253,377,246,364,14,27,378,0.5562,0.5,0.4852,1.0,0.1137,0.2604,113.73
240_F_296545708_jGH52yxeGaUGBKk3udIOMoeqfXz5EJ0o_jpg.rf.nNet1HqZA29CX0hn3u70.jpg,3,439,4,431,0,16,9,144,0.5411,0.48,0.4918,1.0,0.0099,0.2357,9.94
240_F_296545708_jGH52yxeGaUGBKk3udIOMoeqfXz5EJ0o_jpg.rf.nNet1HqZA29CX0hn3u70.jpg,4,376,21,338,0,76,43,3268,0.5498,0.49,0.5069,1.0,0.0088,0.3657,8.81
240_F_296545708_jGH52yxeGaUGBKk3udIOMoeqfXz5EJ0o_jpg.rf.nNet1HqZA29CX0hn3u70.jpg,5,245,9,231,0,28,18,504,0.4725,0.3,0.4738,1.0,0.0162,0.8562,16.23
240_F_296545708_jGH52yxeGaUGBKk3udIOMoeqfXz5EJ0o_jpg.rf.nNet1HqZA29CX0hn3u70.jpg,6,61,18,37,0,48,36,1728,0.5452,0.49,0.4926,1.0,0.0129,0.2095,12.93
240_F_296545708_jGH52yxeGaUGBKk3udIOMoeqfXz5EJ0o_jpg.rf.xTCqdeW9yoIS38b24du1.jpg,1,3,439,0,431,6,17,102,0.5255,0.5,0.5046,0.819,0.1008,0.1638,100.83
240_F_296545708_jGH52yxeGaUGBKk3udIOMoeqfXz5EJ0o_jpg.rf.xTCqdeW9yoIS38b24du1.jpg,2,252,377,246,364,13,26,338,0.5586,0.5,0.4917,1.0,0.1148,0.2526,114.81
240_F_296545708_jGH52yxeGaUGBKk3udIOMoeqfXz5EJ0o_jpg.rf.xTCqdeW9yoIS38b24du1.jpg,3,439,4,431,0,16,9,144,0.5411,0.48,0.4918,1.0,0.0099,0.2357,9.94
240_F_296545708_jGH52yxeGaUGBKk3udIOMoeqfXz5EJ0o_jpg.rf.xTCqdeW9yoIS38b24du1.jpg,4,376,21,338,0,76,43,3268,0.5498,0.49,0.5069,1.0,0.0088,0.3657,8.81
240_F_296545708_jGH52yxeGaUGBKk3udIOMoeqfXz5EJ0o_jpg.rf.xTCqdeW9yoIS38b24du1.jpg,5,245,9,231,0,28,18,504,0.4725,0.3,0.4738,1.0,0.0162,0.8562,16.23
240_F_296545708_jGH52yxeGaUGBKk3udIOMoeqfXz5EJ0o_jpg.rf.xTCqdeW9yoIS38b24du1.jpg,6,61,18,37,0,48,36,1728,0.5452,0.49,0.4926,1.0,0.0129,0.2095,12.93
240_F_296545772_g7fYX0dbPbnVaUTrBNmTkfC0DlJsG0in_jpg.rf.4ehTNZKwyl4YDsLAYYWJ.jpg,1,502,507,493,502,19,10,190,0.6446,0.61,0.5367,1.0,0.4325,0.6575,432.54
240_F_296545772_g7fYX0dbPbnVaUTrBNmTkfC0DlJsG0in_jpg.rf.4ehTNZKwyl4YDsLAYYWJ.jpg,2,453,505,443,498,21,14,294,0.6365,0.61,0.5094,1.0,0.4471,0.353,447.15
240_F_296545772_g7fYX0dbPbnVaUTrBNmTkfC0DlJsG0in_jpg.rf.4ehTNZKwyl4YDsLAYYWJ.jpg,3,428,498,421,490,15,17,255,0.5994,0.4,0.4901,1.0,0.8783,0.213,878.32
240_F_296545772_g7fYX0dbPbnVaUTrBNmTkfC0DlJsG0in_jpg.rf.4ehTNZKwyl4YDsLAYYWJ.jpg,4,169,459,158,439,22,40,880,0.676,0.62,0.5026,1.0,0.8306,0.4344,830.62
240_F_296545772_g7fYX0dbPbnVaUTrBNmTkfC0DlJsG0in_jpg.rf.4ehTNZKwyl4YDsLAYYWJ.jpg,5,509,408,506,400,6,16,96,0.6559,0.62,0.5473,1.0,0.4736,0.381,473.58
240_F_296545772_g7fYX0dbPbnVaUTrBNmTkfC0DlJsG0in_jpg.rf.4ehTNZKwyl4YDsLAYYWJ.jpg,6,239,331,235,324,8,14,112,0.7086,0.62,0.5474,1.0,1.0,0.4135,1049.86
240_F_296545772_g7fYX0dbPbnVaUTrBNmTkfC0DlJsG0in_jpg.rf.4ehTNZKwyl4YDsLAYYWJ.jpg,7,9,308,0,296,19,24,456,0.6746,0.62,0.5063,1.0,0.8039,0.5289,803.9
240_F_296545772_g7fYX0dbPbnVaUTrBNmTkfC0DlJsG0in_jpg.rf.4ehTNZKwyl4YDsLAYYWJ.jpg,8,336,177,330,152,12,51,612,0.5781,0.49,0.5719,1.0,0.0639,0.3221,63.9
240_F_296545772_g7fYX0dbPbnVaUTrBNmTkfC0DlJsG0in_jpg.rf.4ehTNZKwyl4YDsLAYYWJ.jpg,9,17,166,0,137,35,58,2030,0.5742,0.4,0.4767,1.0,0.6735,0.2819,673.48
240_F_296545772_g7fYX0dbPbnVaUTrBNmTkfC0DlJsG0in_jpg.rf.4ehTNZKwyl4YDsLAYYWJ.jpg,10,10,53,0,33,21,40,840,0.6313,0.6,0.4711,1.0,0.5645,0.3504,564.5
240_F_296545772_g7fYX0dbPbnVaUTrBNmTkfC0DlJsG0in_jpg.rf.4ehTNZKwyl4YDsLAYYWJ.jpg,11,254,72,197,22,115,101,11615,0.6489,0.62,0.5262,1.0,0.4776,0.3779,477.58
240_F_296545772_g7fYX0dbPbnVaUTrBNmTkfC0DlJsG0in_jpg.rf.4ehTNZKwyl4YDsLAYYWJ.jpg,12,372,49,351,0,42,98,4116,0.5243,0.43,0.4891,1.0,0.0265,0.3321,26.48
240_F_296545772_g7fYX0dbPbnVaUTrBNmTkfC0DlJsG0in_jpg.rf.4ehTNZKwyl4YDsLAYYWJ.jpg,13,153,55,132,0,42,110,4620,0.5519,0.39,0.4537,1.0,0.5656,0.503,565.59
240_F_296545772_g7fYX0dbPbnVaUTrBNmTkfC0DlJsG0in_jpg.rf.pA4q0PYwWb9oHAqoDSTp.jpg,1,502,507,493,502,19,10,190,0.6446,0.61,0.5367,1.0,0.4325,0.6575,432.54
240_F_296545772_g7fYX0dbPbnVaUTrBNmTkfC0DlJsG0in_jpg.rf.pA4q0PYwWb9oHAqoDSTp.jpg,2,453,505,443,498,21,14,294,0.6365,0.61,0.5094,1.0,0.4471,0.353,447.15
240_F_296545772_g7fYX0dbPbnVaUTrBNmTkfC0DlJsG0in_jpg.rf.pA4q0PYwWb9oHAqoDSTp.jpg,3,428,498,421,490,15,17,255,0.5963,0.4,0.4812,1.0,0.8784,0.205,878.43
240_F_296545772_g7fYX0dbPbnVaUTrBNmTkfC0DlJsG0in_jpg.rf.pA4q0PYwWb9oHAqoDSTp.jpg,4,169,459,158,439,22,40,880,0.6767,0.62,0.5045,1.0,0.8312,0.4327,831.16
240_F_296545772_g7fYX0dbPbnVaUTrBNmTkfC0DlJsG0in_jpg.rf.pA4q0PYwWb9oHAqoDSTp.jpg,5,509,408,506,400,6,16,96,0.6559,0.62,0.5473,1.0,0.4736,0.381,473.58
240_F_296545772_g7fYX0dbPbnVaUTrBNmTkfC0DlJsG0in_jpg.rf.pA4q0PYwWb9oHAqoDSTp.jpg,6,239,331,235,325,8,13,104,0.7149,0.62,0.5653,1.0,1.0,0.422,1075.55
240_F_296545772_g7fYX0dbPbnVaUTrBNmTkfC0DlJsG0in_jpg.rf.pA4q0PYwWb9oHAqoDSTp.jpg,7,9,308,0,296,19,24,456,0.6746,0.62,0.5063,1.0,0.8039,0.5289,803.9
240_F_296545772_g7fYX0dbPbnVaUTrBNmTkfC0DlJsG0in_jpg.rf.pA4q0PYwWb9oHAqoDSTp.jpg,8,335,177,329,152,13,51,663,0.5855,0.5,0.586,1.0,0.0545,0.341,54.5
240_F_296545772_g7fYX0dbPbnVaUTrBNmTkfC0DlJsG0in_jpg.rf.pA4q0PYwWb9oHAqoDSTp.jpg,9,17,166,0,138,35,57,1995,0.5689,0.4,0.46,1.0,0.6796,0.2814,679.57
240_F_296545772_g7fYX0dbPbnVaUTrBNmTkfC0DlJsG0in_jpg.rf.pA4q0PYwWb9oHAqoDSTp.jpg,10,10,53,0,34,20,39,780,0.6276,0.6,0.4941,1.0,0.4463,0.3582,446.34
240_F_296545772_g7fYX0dbPbnVaUTrBNmTkfC0DlJsG0in_jpg.rf.pA4q0PYwWb9oHAqoDSTp.jpg,11,254,72,197,22,115,101,11615,0.6488,0.62,0.5258,1.0,0.4776,0.38,477.62
240_F_296545772_g7fYX0dbPbnVaUTrBNmTkfC0DlJsG0in_jpg.rf.pA4q0PYwWb9oHAqoDSTp.jpg,12,372,49,351,0,42,98,4116,0.5243,0.43,0.4891,1.0,0.0265,0.3321,26.48
240_F_296545772_g7fYX0dbPbnVaUTrBNmTkfC0DlJsG0in_jpg.rf.pA4q0PYwWb9oHAqoDSTp.jpg,13,153,55,132,0,42,110,4620,0.5521,0.39,0.4545,1.0,0.5653,0.503,565.34
240_F_301814549_wpa7RPxycIFY2V74Th5uG6oLmicex2nk_jpg.rf.lqtC0SN4UGaUQnMm7ubo.jpg,1,369,355,351,344,37,23,851,0.6826,0.62,0.5071,1.0,0.8813,0.2589,881.29
240_F_301814549_wpa7RPxycIFY2V74Th5uG6oLmicex2nk_jpg.rf.lqtC0SN4UGaUQnMm7ubo.jpg,2,160,324,146,312,29,25,725,0.6094,0.61,0.5202,0.7713,0.5961,0.1543,596.08
240_F_301814549_wpa7RPxycIFY2V74Th5uG6oLmicex2nk_jpg.rf.lqtC0SN4UGaUQnMm7ubo.jpg,3,293,326,281,307,25,39,975,0.6557,0.61,0.4947,1.0,0.6907,0.2957,690.66
240_F_301814549_wpa7RPxycIFY2V74Th5uG6oLmicex2nk_jpg.rf.lqtC0SN4UGaUQnMm7ubo.jpg,4,32,192,27,184,10,16,160,0.5153,0.35,0.4761,1.0,0.2613,0.4026,261.3
240_F_301814549_wpa7RPxycIFY2V74Th5uG6oLmicex2nk_jpg.rf.lqtC0SN4UGaUQnMm7ubo.jpg,5,161,180,154,170,14,20,280,0.5977,0.54,0.5094,1.0,0.3043,0.3233,304.35
240_F_301814549_wpa7RPxycIFY2V74Th5uG6oLmicex2nk_jpg.rf.lqtC0SN4UGaUQnMm7ubo.jpg,6,6,177,0,170,12,14,168,0.5782,0.5,0.515,1.0,0.2292,0.3568,229.19
240_F_301814549_wpa7RPxycIFY2V74Th5uG6oLmicex2nk_jpg.rf.lqtC0SN4UGaUQnMm7ubo.jpg,7,307,174,297,164,20,20,400,0.5785,0.54,0.4798,1.0,0.2158,0.3145,215.77
240_F_301814549_wpa7RPxycIFY2V74Th5uG6oLmicex2nk_jpg.rf.lqtC0SN4UGaUQnMm7ubo.jpg,8,254,226,188,160,132,133,17556,0.5699,0.4,0.5178,1.0,0.4864,0.3964,486.41
240_F_301814549_wpa7RPxycIFY2V74Th5uG6oLmicex2nk_jpg.rf.lqtC0SN4UGaUQnMm7ubo.jpg,9,424,167,408,158,33,19,627,0.524,0.33,0.4927,1.0,0.361,0.4136,361.0
240_F_301814549_wpa7RPxycIFY2V74Th5uG6oLmicex2nk_jpg.rf.lqtC0SN4UGaUQnMm7ubo.jpg,10,40,168,24,158,33,21,693,0.5051,0.29,0.5276,1.0,0.1891,0.4768,189.14
240_F_301814549_wpa7RPxycIFY2V74Th5uG6oLmicex2nk_jpg.rf.lqtC0SN4UGaUQnMm7ubo.jpg,11,110,162,100,152,21,20,420,0.4954,0.29,0.5115,1.0,0.1488,0.3883,148.82
240_F_301814549_wpa7RPxycIFY2V74Th5uG6oLmicex2nk_jpg.rf.lqtC0SN4UGaUQnMm7ubo.jpg,12,203,163,186,151,34,24,816,0.5599,0.47,0.4967,1.0,0.2156,0.3237,215.61
240_F_301814549_wpa7RPxycIFY2V74Th5uG6oLmicex2nk_jpg.rf.lqtC0SN4UGaUQnMm7ubo.jpg,13,257,157,249,150,17,15,255,0.4901,0.26,0.5193,1.0,0.1732,0.3346,173.16
240_F_301814549_wpa7RPxycIFY2V74Th5uG6oLmicex2nk_jpg.rf.lqtC0SN4UGaUQnMm7ubo.jpg,14,462,158,457,148,10,21,210,0.5233,0.31,0.5206,1.0,0.3259,0.4518,325.86
240_F_301814549_wpa7RPxycIFY2V74Th5uG6oLmicex2nk_jpg.rf.lqtC0SN4UGaUQnMm7ubo.jpg,15,363,156,355,148,16,17,272,0.5427,0.31,0.5722,1.0,0.339,0.4015,338.98
240_F_301814762_HTDn3Wi62dDHgoIPS05NdvGXFOKkydl6_jpg.rf.BYXPuL1I8Xjhs6qS7j71.jpg,1,142,496,125,481,35,31,1085,0.687,0.58,0.5256,1.0,1.0,0.4158,1325.99
240_F_301814762_HTDn3Wi62dDHgoIPS05NdvGXFOKkydl6_jpg.rf.BYXPuL1I8Xjhs6qS7j71.jpg,2,500,438,488,411,24,54,1296,0.7034,0.62,0.5409,1.0,0.971,0.3389,971.0
240_F_301814762_HTDn3Wi62dDHgoIPS05NdvGXFOKkydl6_jpg.rf.BYXPuL1I8Xjhs6qS7j71.jpg,3,434,420,383,377,102,87,8874,0.6755,0.61,0.5549,1.0,0.678,0.3585,678.0
240_F_301814762_HTDn3Wi62dDHgoIPS05NdvGXFOKkydl6_jpg.rf.BYXPuL1I8Xjhs6qS7j71.jpg,4,345,377,335,362,21,30,630,0.681,0.62,0.6127,1.0,0.4956,0.2446,495.59
240_F_301814762_HTDn3Wi62dDHgoIPS05NdvGXFOKkydl6_jpg.rf.BYXPuL1I8Xjhs6qS7j71.jpg,5,489,335,466,311,46,49,2254,0.6412,0.61,0.5492,1.0,0.3543,0.3291,354.31
240_F_301814762_HTDn3Wi62dDHgoIPS05NdvGXFOKkydl6_jpg.rf.BYXPuL1I8Xjhs6qS7j71.jpg,6,416,149,404,142,25,15,375,0.5965,0.61,0.4806,1.0,0.1479,0.4184,147.93
240_F_301814762_HTDn3Wi62dDHgoIPS05NdvGXFOKkydl6_jpg.rf.BYXPuL1I8Xjhs6qS7j71.jpg,7,477,142,460,130,35,24,840,0.5763,0.6,0.4415,1.0,0.1182,0.5254,118.18
240_F_301814762_HTDn3Wi62dDHgoIPS05NdvGXFOKkydl6_jpg.rf.BYXPuL1I8Xjhs6qS7j71.jpg,8,382,133,376,129,12,9,108,0.6163,0.62,0.4701,1.0,0.3476,0.4802,347.58
240_F_301814762_HTDn3Wi62dDHgoIPS05NdvGXFOKkydl6_jpg.rf.BYXPuL1I8Xjhs6qS7j71.jpg,9,503,120,494,111,18,18,324,0.6076,0.61,0.5179,1.0,0.1282,0.5431,128.21
240_F_301814762_HTDn3Wi62dDHgoIPS05NdvGXFOKkydl6_jpg.rf.BYXPuL1I8Xjhs6qS7j71.jpg,10,374,92,369,86,11,12,132,0.5652,0.42,0.5096,1.0,0.3986,0.6486,398.58
240_F_301814762_HTDn3Wi62dDHgoIPS05NdvGXFOKkydl6_jpg.rf.BYXPuL1I8Xjhs6qS7j71.jpg,11,357,80,352,70,11,20,220,0.5924,0.59,0.507,1.0,0.0844,0.413,84.4
240_F_301814762_HTDn3Wi62dDHgoIPS05NdvGXFOKkydl6_jpg.rf.BYXPuL1I8Xjhs6qS7j71.jpg,12,502,66,493,41,19,50,950,0.5938,0.58,0.5305,1.0,0.0516,0.4639,51.56
240_F_301814762_HTDn3Wi62dDHgoIPS05NdvGXFOKkydl6_jpg.rf.BYXPuL1I8Xjhs6qS7j71.jpg,13,496,18,480,0,32,36,1152,0.5993,0.59,0.5273,1.0,0.0819,0.5764,81.9
240_F_301814762_HTDn3Wi62dDHgoIPS05NdvGXFOKkydl6_jpg.rf.BYXPuL1I8Xjhs6qS7j71.jpg,14,381,8,375,0,13,16,208,0.5273,0.57,0.5007,0.7455,0.035,0.1491,35.05
240_F_301814762_HTDn3Wi62dDHgoIPS05NdvGXFOKkydl6_jpg.rf.BYXPuL1I8Xjhs6qS7j71.jpg,15,335,24,296,0,78,49,3822,0.5646,0.54,0.4747,1.0,0.0944,0.3083,94.38
240_F_301814762_HTDn3Wi62dDHgoIPS05NdvGXFOKkydl6_jpg.rf.IlyfuDRuB2NBW3Yx0adt.jpg,1,142,496,125,481,35,31,1085,0.687,0.58,0.5256,1.0,1.0,0.4158,1325.99
240_F_301814762_HTDn3Wi62dDHgoIPS05NdvGXFOKkydl6_jpg.rf.IlyfuDRuB2NBW3Yx0adt.jpg,2,500,438,488,411,24,54,1296,0.7046,0.62,0.5447,1.0,0.9693,0.3369,969.33
240_F_301814762_HTDn3Wi62dDHgoIPS05NdvGXFOKkydl6_jpg.rf.IlyfuDRuB2NBW3Yx0adt.jpg,3,434,420,383,377,102,87,8874,0.6754,0.61,0.5547,1.0,0.6778,0.3584,677.81
240_F_301814762_HTDn3Wi62dDHgoIPS05NdvGXFOKkydl6_jpg.rf.IlyfuDRuB2NBW3Yx0adt.jpg,4,345,377,335,362,21,30,630,0.6806,0.62,0.6114,1.0,0.4958,0.2446,495.84
240_F_301814762_HTDn3Wi62dDHgoIPS05NdvGXFOKkydl6_jpg.rf.IlyfuDRuB2NBW3Yx0adt.jpg,5,489,335,466,311,46,49,2254,0.6412,0.61,0.5493,1.0,0.3545,0.3291,354.52
240_F_301814762_HTDn3Wi62dDHgoIPS05NdvGXFOKkydl6_jpg.rf.IlyfuDRuB2NBW3Yx0adt.jpg,6,416,149,404,142,25,15,375,0.5965,0.61,0.4806,1.0,0.1479,0.4184,147.93
240_F_301814762_HTDn3Wi62dDHgoIPS05NdvGXFOKkydl6_jpg.rf.IlyfuDRuB2NBW3Yx0adt.jpg,7,477,142,460,130,35,24,840,0.5763,0.6,0.4415,1.0,0.1182,0.5254,118.18
240_F_301814762_HTDn3Wi62dDHgoIPS05NdvGXFOKkydl6_jpg.rf.IlyfuDRuB2NBW3Yx0adt.jpg,8,382,133,376,129,12,9,108,0.6192,0.62,0.478,1.0,0.349,0.4802,348.96
240_F_301814762_HTDn3Wi62dDHgoIPS05NdvGXFOKkydl6_jpg.rf.IlyfuDRuB2NBW3Yx0adt.jpg,9,503,120,494,111,18,18,324,0.6076,0.61,0.5179,1.0,0.1282,0.5431,128.21
240_F_301814762_HTDn3Wi62dDHgoIPS05NdvGXFOKkydl6_jpg.rf.IlyfuDRuB2NBW3Yx0adt.jpg,10,374,92,369,86,11,12,132,0.5652,0.42,0.5096,1.0,0.3986,0.6486,398.58
240_F_301814762_HTDn3Wi62dDHgoIPS05NdvGXFOKkydl6_jpg.rf.IlyfuDRuB2NBW3Yx0adt.jpg,11,502,66,493,41,19,50,950,0.5938,0.58,0.5305,1.0,0.0516,0.4639,51.56
240_F_301814762_HTDn3Wi62dDHgoIPS05NdvGXFOKkydl6_jpg.rf.IlyfuDRuB2NBW3Yx0adt.jpg,12,496,18,480,0,32,36,1152,0.5993,0.59,0.5275,1.0,0.082,0.5764,81.99
240_F_301814762_HTDn3Wi62dDHgoIPS05NdvGXFOKkydl6_jpg.rf.IlyfuDRuB2NBW3Yx0adt.jpg,13,381,8,375,0,13,16,208,0.5273,0.57,0.5007,0.7455,0.035,0.1491,35.05
240_F_301814762_HTDn3Wi62dDHgoIPS05NdvGXFOKkydl6_jpg.rf.IlyfuDRuB2NBW3Yx0adt.jpg,14,335,24,296,0,78,49,3822,0.564,0.54,0.4732,1.0,0.0943,0.3075,94.28
240_F_301814767_rP6ZKhks5U0QBGVb3qMoa3Lao3xfQof7_jpg.rf.k9GRAM10BzsxODZ8n841.jpg,1,117,489,99,466,36,46,1656,0.7037,0.62,0.5437,1.0,0.9641,0.3065,964.1
240_F_301814767_rP6ZKhks5U0QBGVb3qMoa3Lao3xfQof7_jpg.rf.k9GRAM10BzsxODZ8n841.jpg,2,155,470,147,459,16,22,352,0.6465,0.62,0.5579,0.8403,0.662,0.1681,662.04
240_F_301814767_rP6ZKhks5U0QBGVb3qMoa3Lao3xfQof7_jpg.rf.k9GRAM10BzsxODZ8n841.jpg,3,93,466,87,452,13,28,364,0.596,0.61,0.5273,0.74,0.4998,0.148,499.75
240_F_301814767_rP6ZKhks5U0QBGVb3qMoa3Lao3xfQof7_jpg.rf.k9GRAM10BzsxODZ8n841.jpg,4,132,445,124,440,16,10,160,0.7063,0.62,0.5815,1.0,0.8577,0.4659,857.65
240_F_301814767_rP6ZKhks5U0QBGVb3qMoa3Lao3xfQof7_jpg.rf.k9GRAM10BzsxODZ8n841.jpg,5,179,457,158,431,43,53,2279,0.7093,0.62,0.5495,1.0,1.0,0.3793,1478.58
240_F_301814767_rP6ZKhks5U0QBGVb3qMoa3Lao3xfQof7_jpg.rf.k9GRAM10BzsxODZ8n841.jpg,6,100,402,93,397,14,11,154,0.7031,0.62,0.5318,1.0,1.0,0.3896,1101.22
240_F_301814767_rP6ZKhks5U0QBGVb3qMoa3Lao3xfQof7_jpg.rf.k9GRAM10BzsxODZ8n841.jpg,7,164,392,157,380,14,25,350,0.4763,0.57,0.5964,0.1559,0.3684,0.0312,368.4
240_F_301814767_rP6ZKhks5U0QBGVb3qMoa3Lao3xfQof7_jpg.rf.k9GRAM10BzsxODZ8n841.jpg,8,76,357,70,352,12,11,132,0.657,0.61,0.5845,1.0,0.3889,0.212,388.95
240_F_301814767_rP6ZKhks5U0QBGVb3qMoa3Lao3xfQof7_jpg.rf.k9GRAM10BzsxODZ8n841.jpg,9,477,339,467,322,20,35,700,0.5878,0.59,0.5293,0.8444,0.2716,0.1689,271.59
240_F_301814767_rP6ZKhks5U0QBGVb3qMoa3Lao3xfQof7_jpg.rf.k9GRAM10BzsxODZ8n841.jpg,10,480,186,449,154,63,64,4032,0.6528,0.61,0.4976,1.0,0.6513,0.3394,651.33
240_F_301814767_rP6ZKhks5U0QBGVb3qMoa3Lao3xfQof7_jpg.rf.k9GRAM10BzsxODZ8n841.jpg,11,423,142,390,107,66,70,4620,0.6403,0.59,0.5456,1.0,0.4287,0.2159,428.71
240_F_301814767_rP6ZKhks5U0QBGVb3qMoa3Lao3xfQof7_jpg.rf.k9GRAM10BzsxODZ8n841.jpg,12,466,107,460,94,13,26,338,0.6133,0.54,0.5139,1.0,0.4445,0.3968,444.53
240_F_301814767_rP6ZKhks5U0QBGVb3qMoa3Lao3xfQof7_jpg.rf.k9GRAM10BzsxODZ8n841.jpg,13,495,99,479,76,33,47,1551,0.6104,0.51,0.5318,1.0,0.458,0.3937,457.96
240_F_301814767_rP6ZKhks5U0QBGVb3qMoa3Lao3xfQof7_jpg.rf.k9GRAM10BzsxODZ8n841.jpg,14,420,73,396,58,48,31,1488,0.6103,0.54,0.505,1.0,0.4454,0.276,445.42
240_F_301814767_rP6ZKhks5U0QBGVb3qMoa3Lao3xfQof7_jpg.rf.k9GRAM10BzsxODZ8n841.jpg,15,361,66,344,53,35,27,945,0.6201,0.54,0.5454,1.0,0.402,0.3011,401.99
240_F_301814767_rP6ZKhks5U0QBGVb3qMoa3Lao3xfQof7_jpg.rf.k9GRAM10BzsxODZ8n841.jpg,16,313,59,307,53,13,12,156,0.6102,0.59,0.5217,1.0,0.2108,0.21,210.76
240_F_301814767_rP6ZKhks5U0QBGVb3qMoa3Lao3xfQof7_jpg.rf.k9GRAM10BzsxODZ8n841.jpg,17,493,39,476,29,35,21,735,0.5852,0.54,0.5086,0.8911,0.3993,0.1782,399.34
240_F_301814767_rP6ZKhks5U0QBGVb3qMoa3Lao3xfQof7_jpg.rf.k9GRAM10BzsxODZ8n841.jpg,18,253,41,243,29,20,25,500,0.5324,0.39,0.4839,1.0,0.2653,0.3573,265.29
240_F_301814767_rP6ZKhks5U0QBGVb3qMoa3Lao3xfQof7_jpg.rf.k9GRAM10BzsxODZ8n841.jpg,19,446,32,430,24,32,16,512,0.5468,0.38,0.489,1.0,0.4262,0.2459,426.25
240_F_301814767_rP6ZKhks5U0QBGVb3qMoa3Lao3xfQof7_jpg.rf.k9GRAM10BzsxODZ8n841.jpg,20,493,14,486,10,14,9,126,0.5416,0.36,0.5288,1.0,0.3053,0.3773,305.32
240_F_301814767_rP6ZKhks5U0QBGVb3qMoa3Lao3xfQof7_jpg.rf.k9GRAM10BzsxODZ8n841.jpg,21,408,15,399,3,19,24,456,0.5314,0.29,0.5372,1.0,0.4191,0.2864,419.06
240_F_301814767_rP6ZKhks5U0QBGVb3qMoa3Lao3xfQof7_jpg.rf.k9GRAM10BzsxODZ8n841.jpg,22,452,4,445,0,14,9,126,0.511,0.33,0.4663,1.0,0.3227,0.3615,322.7
240_F_301814767_rP6ZKhks5U0QBGVb3qMoa3Lao3xfQof7_jpg.rf.wpfoajh97X9ZsI3vcXqV.jpg,1,117,489,99,467,36,45,1620,0.7052,0.62,0.5461,1.0,0.9707,0.306,970.66
240_F_301814767_rP6ZKhks5U0QBGVb3qMoa3Lao3xfQof7_jpg.rf.wpfoajh97X9ZsI3vcXqV.jpg,2,155,470,147,459,16,22,352,0.6441,0.62,0.5564,0.8298,0.6636,0.166,663.58
240_F_301814767_rP6ZKhks5U0QBGVb3qMoa3Lao3xfQof7_jpg.rf.wpfoajh97X9ZsI3vcXqV.jpg,3,93,466,87,452,13,28,364,0.5964,0.61,0.5283,0.74,0.5,0.148,500.02
240_F_301814767_rP6ZKhks5U0QBGVb3qMoa3Lao3xfQof7_jpg.rf.wpfoajh97X9ZsI3vcXqV.jpg,4,132,445,124,440,16,10,160,0.7022,0.61,0.5782,1.0,0.8627,0.4659,862.75
240_F_301814767_rP6ZKhks5U0QBGVb3qMoa3Lao3xfQof7_jpg.rf.wpfoajh97X9ZsI3vcXqV.jpg,5,180,457,158,431,44,53,2332,0.7042,0.62,0.5349,1.0,1.0,0.3728,1501.53
240_F_301814767_rP6ZKhks5U0QBGVb3qMoa3Lao3xfQof7_jpg.rf.wpfoajh97X9ZsI3vcXqV.jpg,6,100,402,93,397,14,11,154,0.7028,0.62,0.5309,1.0,1.0,0.3896,1102.63
240_F_301814767_rP6ZKhks5U0QBGVb3qMoa3Lao3xfQof7_jpg.rf.wpfoajh97X9ZsI3vcXqV.jpg,7,164,392,157,380,14,25,350,0.4763,0.57,0.5964,0.1559,0.3684,0.0312,368.4
240_F_301814767_rP6ZKhks5U0QBGVb3qMoa3Lao3xfQof7_jpg.rf.wpfoajh97X9ZsI3vcXqV.jpg,8,76,357,70,352,12,11,132,0.657,0.61,0.5845,1.0,0.3889,0.212,388.95
240_F_301814767_rP6ZKhks5U0QBGVb3qMoa3Lao3xfQof7_jpg.rf.wpfoajh97X9ZsI3vcXqV.jpg,9,477,339,467,322,20,35,700,0.5878,0.59,0.5294,0.8444,0.2715,0.1689,271.51
240_F_301814767_rP6ZKhks5U0QBGVb3qMoa3Lao3xfQof7_jpg.rf.wpfoajh97X9ZsI3vcXqV.jpg,10,480,186,449,154,63,64,4032,0.6528,0.61,0.4976,1.0,0.6513,0.3394,651.33
240_F_301814767_rP6ZKhks5U0QBGVb3qMoa3Lao3xfQof7_jpg.rf.wpfoajh97X9ZsI3vcXqV.jpg,11,423,142,390,107,66,70,4620,0.64,0.59,0.5448,1.0,0.4284,0.2162,428.4
240_F_301814767_rP6ZKhks5U0QBGVb3qMoa3Lao3xfQof7_jpg.rf.wpfoajh97X9ZsI3vcXqV.jpg,12,271,68,265,62,13,12,156,0.6232,0.57,0.523,1.0,0.4066,0.3717,406.59
240_F_301814767_rP6ZKhks5U0QBGVb3qMoa3Lao3xfQof7_jpg.rf.wpfoajh97X9ZsI3vcXqV.jpg,13,420,74,396,58,48,32,1536,0.6117,0.54,0.5095,1.0,0.444,0.2686,443.96
240_F_301814767_rP6ZKhks5U0QBGVb3qMoa3Lao3xfQof7_jpg.rf.wpfoajh97X9ZsI3vcXqV.jpg,14,361,66,344,53,35,27,945,0.6201,0.54,0.5454,1.0,0.402,0.3011,401.99
240_F_301814767_rP6ZKhks5U0QBGVb3qMoa3Lao3xfQof7_jpg.rf.wpfoajh97X9ZsI3vcXqV.jpg,15,313,59,307,53,13,12,156,0.6102,0.59,0.5217,1.0,0.2108,0.21,210.76
240_F_301814767_rP6ZKhks5U0QBGVb3qMoa3Lao3xfQof7_jpg.rf.wpfoajh97X9ZsI3vcXqV.jpg,16,493,39,476,29,35,21,735,0.5856,0.54,0.5099,0.8911,0.3993,0.1782,399.29
240_F_301814767_rP6ZKhks5U0QBGVb3qMoa3Lao3xfQof7_jpg.rf.wpfoajh97X9ZsI3vcXqV.jpg,17,253,41,243,29,20,25,500,0.5324,0.39,0.4839,1.0,0.2653,0.3573,265.29
240_F_301814767_rP6ZKhks5U0QBGVb3qMoa3Lao3xfQof7_jpg.rf.wpfoajh97X9ZsI3vcXqV.jpg,18,446,32,430,24,32,16,512,0.5464,0.38,0.488,1.0,0.4262,0.2403,426.17
240_F_301814767_rP6ZKhks5U0QBGVb3qMoa3Lao3xfQof7_jpg.rf.wpfoajh97X9ZsI3vcXqV.jpg,19,493,14,486,10,14,9,126,0.5416,0.36,0.5288,1.0,0.3053,0.3773,305.32
240_F_301814767_rP6ZKhks5U0QBGVb3qMoa3Lao3xfQof7_jpg.rf.wpfoajh97X9ZsI3vcXqV.jpg,20,408,15,399,3,19,24,456,0.5314,0.29,0.5371,1.0,0.4187,0.2864,418.7
240_F_301814767_rP6ZKhks5U0QBGVb3qMoa3Lao3xfQof7_jpg.rf.wpfoajh97X9ZsI3vcXqV.jpg,21,452,4,445,0,14,9,126,0.511,0.33,0.4663,1.0,0.3227,0.3615,322.7
240_F_302675497_qdrbQx6EomNYqDvSdOdE8Zf7ciCHGXOw_jpg.rf.7Iumbbg7A391NQbMalxU.jpg,1,323,365,319,356,9,18,162,0.6415,0.5,0.503,0.9524,1.0,0.1905,1285.36
240_F_302675497_qdrbQx6EomNYqDvSdOdE8Zf7ciCHGXOw_jpg.rf.7Iumbbg7A391NQbMalxU.jpg,2,344,305,286,270,116,70,8120,0.5746,0.29,0.574,1.0,0.7224,0.3248,722.44
240_F_302675497_qdrbQx6EomNYqDvSdOdE8Zf7ciCHGXOw_jpg.rf.AQtU5iZAyklC5IJVS9lC.jpg,1,324,365,320,356,8,18,144,0.6492,0.49,0.5126,0.9917,1.0,0.1983,1927.58
240_F_302675497_qdrbQx6EomNYqDvSdOdE8Zf7ciCHGXOw_jpg.rf.AQtU5iZAyklC5IJVS9lC.jpg,2,344,305,286,270,116,70,8120,0.5743,0.29,0.573,1.0,0.7228,0.3243,722.8
240_F_302675544_dOeMVi8krHDoGcxLmHbJNGfwLZHLGqLj_jpg.rf.XlY0ZxNQeqroP5FgLlwD.jpg,1,219,447,213,441,13,13,169,0.575,0.31,0.5474,1.0,0.7494,0.208,749.38
240_F_302675544_dOeMVi8krHDoGcxLmHbJNGfwLZHLGqLj_jpg.rf.XlY0ZxNQeqroP5FgLlwD.jpg,2,370,302,364,297,13,11,143,0.4992,0.47,0.4736,0.7304,0.2287,0.1461,228.68
240_F_302675544_dOeMVi8krHDoGcxLmHbJNGfwLZHLGqLj_jpg.rf.oKudITSiEchXpG2GZhfO.jpg,1,219,447,213,441,13,13,169,0.5754,0.31,0.5474,1.0,0.7535,0.208,753.51
240_F_302675562_a0VAzbCJRFNWBoHmKuV8EmSPNQ6WhI57_jpg.rf.b0RLHCn7kG8w3HzEMER9.jpg,1,365,374,357,368,16,12,192,0.4773,0.31,0.5187,0.8705,0.131,0.1741,130.98
240_F_302675562_a0VAzbCJRFNWBoHmKuV8EmSPNQ6WhI57_jpg.rf.b0RLHCn7kG8w3HzEMER9.jpg,2,246,244,198,155,97,178,17266,0.5376,0.25,0.5462,1.0,0.5899,0.302,589.91
240_F_302675562_a0VAzbCJRFNWBoHmKuV8EmSPNQ6WhI57_jpg.rf.bl27o5xhRI6ttXFCJZWg.jpg,1,365,374,357,368,16,12,192,0.4787,0.31,0.5187,0.878,0.1307,0.1756,130.68
240_F_302675562_a0VAzbCJRFNWBoHmKuV8EmSPNQ6WhI57_jpg.rf.bl27o5xhRI6ttXFCJZWg.jpg,2,246,244,198,155,97,178,17266,0.538,0.25,0.5473,1.0,0.5898,0.3021,589.83
240_F_302675605_c5ixXop5Z27YSD7pqqiCnjaderzhsTlK_jpg.rf.LlSfVFxxhzlwW5VtufQV.jpg,1,235,322,201,277,69,90,6210,0.5067,0.29,0.4694,1.0,0.4091,0.3585,409.11
240_F_302675605_c5ixXop5Z27YSD7pqqiCnjaderzhsTlK_jpg.rf.LlSfVFxxhzlwW5VtufQV.jpg,2,239,211,206,160,66,103,6798,0.5893,0.27,0.5748,1.0,0.9363,0.2821,936.32
240_F_302675605_c5ixXop5Z27YSD7pqqiCnjaderzhsTlK_jpg.rf.udGuCleeWyWUhQd760KT.jpg,1,235,322,201,277,69,90,6210,0.5084,0.29,0.4743,1.0,0.4088,0.3574,408.8
240_F_302675605_c5ixXop5Z27YSD7pqqiCnjaderzhsTlK_jpg.rf.udGuCleeWyWUhQd760KT.jpg,2,238,211,206,160,65,103,6695,0.5774,0.26,0.5575,1.0,0.9125,0.2855,912.48
240_F_311446508_UHc1pWntrEKI77Ar8dyoATVXP98lgBB0_jpg.rf.9x8KoZ0oBsiEAEZfze2l.jpg,1,382,253,367,247,31,12,372,0.4632,0.25,0.4959,1.0,0.0208,0.2103,20.8
240_F_311446508_UHc1pWntrEKI77Ar8dyoATVXP98lgBB0_jpg.rf.9x8KoZ0oBsiEAEZfze2l.jpg,2,8,78,0,68,16,20,320,0.4889,0.33,0.4935,1.0,0.0072,0.4602,7.21
240_F_311446508_UHc1pWntrEKI77Ar8dyoATVXP98lgBB0_jpg.rf.FiN5gM6VqUp0PmiB91NU.jpg,1,382,253,367,247,31,12,372,0.4632,0.25,0.4959,1.0,0.0208,0.2103,20.8
240_F_311446508_UHc1pWntrEKI77Ar8dyoATVXP98lgBB0_jpg.rf.FiN5gM6VqUp0PmiB91NU.jpg,2,8,78,0,68,16,20,320,0.4889,0.33,0.4935,1.0,0.0072,0.4602,7.21
240_F_313165893_l17vHX4RBVkA3LZWdHYMi3KYhOXD5ODh_jpg.rf.Z8NhCUd1YJe5J6Ym30K2.jpg,1,322,377,316,353,13,48,624,0.5477,0.37,0.5184,1.0,0.3677,0.298,367.71
240_F_313165893_l17vHX4RBVkA3LZWdHYMi3KYhOXD5ODh_jpg.rf.t05ETUzU86ANKGgrnsrA.jpg,1,322,377,315,352,14,50,700,0.556,0.38,0.5108,1.0,0.4419,0.2798,441.91
240_F_313614827_s4CutXhhvUvqpwDwJDc7rVVZw3tVqnLY_jpg.rf.iBOX5Dd2E9jyl6nFLE9l.jpg,1,277,438,265,417,24,43,1032,0.523,0.31,0.5344,1.0,0.2748,0.2813,274.83
240_F_313614827_s4CutXhhvUvqpwDwJDc7rVVZw3tVqnLY_jpg.rf.iBOX5Dd2E9jyl6nFLE9l.jpg,2,444,192,440,185,8,15,120,0.5014,0.25,0.4948,0.8611,0.685,0.1722,685.03
240_F_313614827_s4CutXhhvUvqpwDwJDc7rVVZw3tVqnLY_jpg.rf.iBOX5Dd2E9jyl6nFLE9l.jpg,3,184,129,174,115,20,28,560,0.5076,0.26,0.5156,0.9883,0.3854,0.1977,385.37
240_F_313614827_s4CutXhhvUvqpwDwJDc7rVVZw3tVqnLY_jpg.rf.iBOX5Dd2E9jyl6nFLE9l.jpg,4,327,157,300,44,54,226,12204,0.463,0.2,0.4852,1.0,0.2318,0.266,231.79
240_F_313614827_s4CutXhhvUvqpwDwJDc7rVVZw3tVqnLY_jpg.rf.lNRFTvNbCPgu9IpzbMVl.jpg,1,277,438,265,417,24,43,1032,0.524,0.31,0.5373,1.0,0.2746,0.2818,274.65
240_F_313614827_s4CutXhhvUvqpwDwJDc7rVVZw3tVqnLY_jpg.rf.lNRFTvNbCPgu9IpzbMVl.jpg,2,444,192,440,185,8,15,120,0.5189,0.25,0.5235,0.8981,0.686,0.1796,686.01
240_F_314595414_ywJehivWZKSE3FC0z8bmtGhETyed5hUt_jpg.rf.F2s6e4YO6j5UCQ8271BG.jpg,1,301,499,298,491,6,16,96,0.5115,0.39,0.4961,1.0,0.0138,0.3745,13.81
240_F_314595414_ywJehivWZKSE3FC0z8bmtGhETyed5hUt_jpg.rf.F2s6e4YO6j5UCQ8271BG.jpg,2,345,472,307,432,77,80,6160,0.486,0.26,0.5546,1.0,0.0086,0.4511,8.61
240_F_314595414_ywJehivWZKSE3FC0z8bmtGhETyed5hUt_jpg.rf.F2s6e4YO6j5UCQ8271BG.jpg,3,411,448,383,385,56,127,7112,0.4864,0.27,0.5435,1.0,0.0163,0.419,16.3
240_F_316302986_RaBM9WTta2SOyyhLI13BLkgN1gjJCsAT_jpg.rf.3JslC6NO2Bgc9QPP0F5d.jpg,1,118,54,113,38,10,32,320,0.4639,0.23,0.5208,1.0,0.0117,0.2593,11.74
240_F_316302986_RaBM9WTta2SOyyhLI13BLkgN1gjJCsAT_jpg.rf.3JslC6NO2Bgc9QPP0F5d.jpg,2,26,68,0,0,52,137,7124,0.4614,0.17,0.5729,1.0,0.0136,0.468,13.55
240_F_316302986_RaBM9WTta2SOyyhLI13BLkgN1gjJCsAT_jpg.rf.5uKkFVbJaseYpbc688qd.jpg,1,118,55,113,38,10,35,350,0.4635,0.23,0.5192,1.0,0.0131,0.2698,13.13
240_F_316302986_RaBM9WTta2SOyyhLI13BLkgN1gjJCsAT_jpg.rf.5uKkFVbJaseYpbc688qd.jpg,2,26,68,0,0,52,137,7124,0.4603,0.17,0.5699,1.0,0.0136,0.469,13.62
240_F_318895350_Qah42iBCjIFbqEiu4hiknOY33wtE9UxP_jpg.rf.TwJeoh9khURa95R82VfM.jpg,1,125,344,119,339,12,11,132,0.5431,0.29,0.4287,1.0,0.9159,0.2409,915.86
240_F_318895350_Qah42iBCjIFbqEiu4hiknOY33wtE9UxP_jpg.rf.TwJeoh9khURa95R82VfM.jpg,2,99,321,90,298,19,46,874,0.465,0.26,0.5213,0.6368,0.642,0.1274,642.03
240_F_318895350_Qah42iBCjIFbqEiu4hiknOY33wtE9UxP_jpg.rf.TwJeoh9khURa95R82VfM.jpg,3,10,276,0,268,21,17,357,0.5105,0.26,0.4278,1.0,0.6974,0.3359,697.43
240_F_318895350_Qah42iBCjIFbqEiu4hiknOY33wtE9UxP_jpg.rf.TwJeoh9khURa95R82VfM.jpg,4,105,270,95,267,20,6,120,0.4709,0.26,0.4396,0.8681,0.5238,0.1736,523.83
240_F_318895350_Qah42iBCjIFbqEiu4hiknOY33wtE9UxP_jpg.rf.TwJeoh9khURa95R82VfM.jpg,5,35,319,0,264,70,110,7700,0.5184,0.26,0.5685,1.0,0.2845,0.2897,284.54
240_F_318895350_Qah42iBCjIFbqEiu4hiknOY33wtE9UxP_jpg.rf.TwJeoh9khURa95R82VfM.jpg,6,32,262,27,257,11,11,121,0.5395,0.3,0.5004,1.0,0.5932,0.225,593.18
240_F_318895350_Qah42iBCjIFbqEiu4hiknOY33wtE9UxP_jpg.rf.TwJeoh9khURa95R82VfM.jpg,7,319,307,279,240,81,135,10935,0.5371,0.37,0.4394,1.0,0.5379,0.5173,537.92
240_F_318895350_Qah42iBCjIFbqEiu4hiknOY33wtE9UxP_jpg.rf.TwJeoh9khURa95R82VfM.jpg,8,171,143,134,122,75,42,3150,0.5575,0.35,0.5977,1.0,0.2581,0.229,258.11
240_F_318895350_Qah42iBCjIFbqEiu4hiknOY33wtE9UxP_jpg.rf.TwJeoh9khURa95R82VfM.jpg,9,259,88,226,46,66,84,5544,0.4891,0.26,0.4836,1.0,0.2887,0.2835,288.7
240_F_318895350_Qah42iBCjIFbqEiu4hiknOY33wtE9UxP_jpg.rf.TwJeoh9khURa95R82VfM.jpg,10,428,31,421,27,15,9,135,0.5187,0.34,0.4728,1.0,0.3418,0.2857,341.82
240_F_318895350_Qah42iBCjIFbqEiu4hiknOY33wtE9UxP_jpg.rf.jVvHhYK5c4HSaGseDjwH.jpg,1,125,344,119,339,12,11,132,0.5387,0.29,0.4152,1.0,0.9184,0.2518,918.44
240_F_318895350_Qah42iBCjIFbqEiu4hiknOY33wtE9UxP_jpg.rf.jVvHhYK5c4HSaGseDjwH.jpg,2,99,321,90,298,19,46,874,0.4681,0.26,0.5193,0.6563,0.6411,0.1313,641.08
240_F_318895350_Qah42iBCjIFbqEiu4hiknOY33wtE9UxP_jpg.rf.jVvHhYK5c4HSaGseDjwH.jpg,3,10,276,0,268,21,16,336,0.5159,0.26,0.4363,1.0,0.7215,0.3492,721.55
240_F_318895350_Qah42iBCjIFbqEiu4hiknOY33wtE9UxP_jpg.rf.jVvHhYK5c4HSaGseDjwH.jpg,4,105,269,95,266,20,7,140,0.4561,0.26,0.4083,0.847,0.5284,0.1694,528.38
240_F_318895350_Qah42iBCjIFbqEiu4hiknOY33wtE9UxP_jpg.rf.jVvHhYK5c4HSaGseDjwH.jpg,5,35,318,0,263,71,111,7881,0.4959,0.26,0.5045,1.0,0.2833,0.2852,283.26
240_F_318895350_Qah42iBCjIFbqEiu4hiknOY33wtE9UxP_jpg.rf.jVvHhYK5c4HSaGseDjwH.jpg,6,32,262,27,257,11,11,121,0.5395,0.3,0.5004,1.0,0.5932,0.225,593.18
240_F_318895350_Qah42iBCjIFbqEiu4hiknOY33wtE9UxP_jpg.rf.jVvHhYK5c4HSaGseDjwH.jpg,7,319,307,278,240,82,135,11070,0.5428,0.36,0.4673,1.0,0.5326,0.5119,532.65
240_F_318895350_Qah42iBCjIFbqEiu4hiknOY33wtE9UxP_jpg.rf.jVvHhYK5c4HSaGseDjwH.jpg,8,171,144,134,122,75,44,3300,0.5531,0.35,0.5843,1.0,0.2608,0.2198,260.77
240_F_318895350_Qah42iBCjIFbqEiu4hiknOY33wtE9UxP_jpg.rf.jVvHhYK5c4HSaGseDjwH.jpg,9,201,106,193,104,16,5,80,0.4853,0.25,0.5086,0.8088,0.5805,0.1618,580.47
240_F_318895350_Qah42iBCjIFbqEiu4hiknOY33wtE9UxP_jpg.rf.jVvHhYK5c4HSaGseDjwH.jpg,10,259,88,226,46,66,84,5544,0.4913,0.26,0.4902,1.0,0.2869,0.2879,286.92
240_F_318895350_Qah42iBCjIFbqEiu4hiknOY33wtE9UxP_jpg.rf.jVvHhYK5c4HSaGseDjwH.jpg,11,428,31,421,27,15,9,135,0.5194,0.34,0.4749,1.0,0.3419,0.2857,341.91
240_F_322084802_XxXd85uwa6HksblAgmPqVWTtY2mXQTyn_jpg.rf.chdMfqKEkGts7yzyBjiH.jpg,1,476,502,465,493,23,19,437,0.5945,0.52,0.5866,1.0,0.0721,0.464,72.09
240_F_322084802_XxXd85uwa6HksblAgmPqVWTtY2mXQTyn_jpg.rf.chdMfqKEkGts7yzyBjiH.jpg,2,298,447,293,442,11,11,121,0.576,0.34,0.5554,0.8129,1.0,0.1626,1412.48
240_F_322084802_XxXd85uwa6HksblAgmPqVWTtY2mXQTyn_jpg.rf.chdMfqKEkGts7yzyBjiH.jpg,3,148,428,143,420,10,16,160,0.5629,0.39,0.511,1.0,0.4755,0.2127,475.51
240_F_322084802_XxXd85uwa6HksblAgmPqVWTtY2mXQTyn_jpg.rf.chdMfqKEkGts7yzyBjiH.jpg,4,280,416,273,408,15,17,255,0.5162,0.41,0.5555,0.5619,0.6592,0.1124,659.25
240_F_322084802_XxXd85uwa6HksblAgmPqVWTtY2mXQTyn_jpg.rf.chdMfqKEkGts7yzyBjiH.jpg,5,155,405,150,398,11,14,154,0.7044,0.62,0.6387,0.8194,1.0,0.1639,1175.4
240_F_322084802_XxXd85uwa6HksblAgmPqVWTtY2mXQTyn_jpg.rf.chdMfqKEkGts7yzyBjiH.jpg,6,495,385,490,380,11,10,110,0.505,0.56,0.5092,0.5237,0.2606,0.1047,260.56
240_F_322084802_XxXd85uwa6HksblAgmPqVWTtY2mXQTyn_jpg.rf.chdMfqKEkGts7yzyBjiH.jpg,7,449,295,443,288,12,15,180,0.5989,0.51,0.558,1.0,0.2515,0.2716,251.5
240_F_322084802_XxXd85uwa6HksblAgmPqVWTtY2mXQTyn_jpg.rf.chdMfqKEkGts7yzyBjiH.jpg,8,382,356,336,265,93,183,17019,0.5805,0.51,0.5054,1.0,0.2507,0.3377,250.7
240_F_322084802_XxXd85uwa6HksblAgmPqVWTtY2mXQTyn_jpg.rf.kB7yW0TZoaWsEh3xXhPU.jpg,1,476,502,465,493,23,19,437,0.5945,0.52,0.5866,1.0,0.0721,0.464,72.09
240_F_322084802_XxXd85uwa6HksblAgmPqVWTtY2mXQTyn_jpg.rf.kB7yW0TZoaWsEh3xXhPU.jpg,2,330,458,324,454,12,8,96,0.5296,0.41,0.5229,0.7812,0.468,0.1562,467.97
240_F_322084802_XxXd85uwa6HksblAgmPqVWTtY2mXQTyn_jpg.rf.kB7yW0TZoaWsEh3xXhPU.jpg,3,298,447,293,442,11,11,121,0.5703,0.34,0.5447,0.8034,1.0,0.1607,1406.03
240_F_322084802_XxXd85uwa6HksblAgmPqVWTtY2mXQTyn_jpg.rf.kB7yW0TZoaWsEh3xXhPU.jpg,4,148,428,143,420,10,16,160,0.567,0.39,0.5225,1.0,0.4764,0.2143,476.36
240_F_322084802_XxXd85uwa6HksblAgmPqVWTtY2mXQTyn_jpg.rf.kB7yW0TZoaWsEh3xXhPU.jpg,5,280,416,273,408,15,17,255,0.5165,0.41,0.5558,0.5619,0.6614,0.1124,661.42
240_F_322084802_XxXd85uwa6HksblAgmPqVWTtY2mXQTyn_jpg.rf.kB7yW0TZoaWsEh3xXhPU.jpg,6,155,405,150,398,11,14,154,0.7013,0.62,0.6394,0.8027,1.0,0.1605,1174.85
240_F_322084802_XxXd85uwa6HksblAgmPqVWTtY2mXQTyn_jpg.rf.kB7yW0TZoaWsEh3xXhPU.jpg,7,495,385,490,380,11,10,110,0.505,0.56,0.5092,0.5237,0.2606,0.1047,260.56
240_F_322084802_XxXd85uwa6HksblAgmPqVWTtY2mXQTyn_jpg.rf.kB7yW0TZoaWsEh3xXhPU.jpg,8,449,295,443,288,12,15,180,0.6,0.51,0.5612,1.0,0.2505,0.2716,250.49
240_F_322084802_XxXd85uwa6HksblAgmPqVWTtY2mXQTyn_jpg.rf.kB7yW0TZoaWsEh3xXhPU.jpg,9,382,356,336,265,93,182,16926,0.5823,0.51,0.5105,1.0,0.2511,0.337,251.09
240_F_322084802_XxXd85uwa6HksblAgmPqVWTtY2mXQTyn_jpg.rf.kB7yW0TZoaWsEh3xXhPU.jpg,10,435,246,431,215,9,62,558,0.5407,0.4,0.5174,1.0,0.1959,0.3263,195.9
240_F_323769192_bgmmPMLZpelxO53fQ9AYIgvxV5QEsDcJ_jpg.rf.OUxzrCeMyaFxhHINd0G4.jpg,1,393,382,384,363,18,38,684,0.6369,0.41,0.5821,1.0,0.8969,0.2393,896.9
240_F_323769192_bgmmPMLZpelxO53fQ9AYIgvxV5QEsDcJ_jpg.rf.dLSQEIsckDlxEVFpW0sM.jpg,1,392,381,384,363,17,37,629,0.6489,0.41,0.6018,1.0,0.9474,0.2526,947.4
240_F_323769228_NzFVkCxHSyCslHqzQxz5jYBoDejJcngq_jpg.rf.aC27M2m9lIft1q9OuVnd.jpg,1,191,347,186,340,10,15,150,0.5075,0.24,0.4888,0.9091,0.7061,0.1818,706.11
240_F_323769228_NzFVkCxHSyCslHqzQxz5jYBoDejJcngq_jpg.rf.npUXI7gjjQBys9mRO9vF.jpg,1,190,347,186,340,9,15,135,0.5054,0.24,0.4653,0.9436,0.6986,0.1887,698.61
240_F_336427229_sX8RjyocPmJNIuImuxHnXgQE4buFqw6Y_jpg.rf.4hGlccQ2PXgKJiWSyFbu.jpg,1,322,495,313,491,19,9,171,0.4629,0.3,0.4973,0.914,0.01,0.1828,10.02
240_F_336427229_sX8RjyocPmJNIuImuxHnXgQE4buFqw6Y_jpg.rf.4hGlccQ2PXgKJiWSyFbu.jpg,2,351,447,340,439,22,16,352,0.4518,0.19,0.5172,1.0,0.0427,0.2195,42.73
240_F_336427229_sX8RjyocPmJNIuImuxHnXgQE4buFqw6Y_jpg.rf.4hGlccQ2PXgKJiWSyFbu.jpg,3,325,367,310,351,30,33,990,0.5138,0.3,0.5786,1.0,0.0628,0.3344,62.81
240_F_336427229_sX8RjyocPmJNIuImuxHnXgQE4buFqw6Y_jpg.rf.4hGlccQ2PXgKJiWSyFbu.jpg,4,476,353,471,333,10,41,410,0.5206,0.49,0.5133,0.8319,0.0302,0.1664,30.19
240_F_336427229_sX8RjyocPmJNIuImuxHnXgQE4buFqw6Y_jpg.rf.4hGlccQ2PXgKJiWSyFbu.jpg,5,435,355,415,330,40,50,2000,0.5478,0.45,0.5309,1.0,0.0451,0.2208,45.08
240_F_336427229_sX8RjyocPmJNIuImuxHnXgQE4buFqw6Y_jpg.rf.4hGlccQ2PXgKJiWSyFbu.jpg,6,341,318,319,290,44,56,2464,0.5498,0.33,0.6218,1.0,0.1669,0.2335,166.89
240_F_336427229_sX8RjyocPmJNIuImuxHnXgQE4buFqw6Y_jpg.rf.4hGlccQ2PXgKJiWSyFbu.jpg,7,143,304,109,203,69,202,13938,0.4945,0.27,0.5598,1.0,0.0408,0.4886,40.82
240_F_336427229_sX8RjyocPmJNIuImuxHnXgQE4buFqw6Y_jpg.rf.4hGlccQ2PXgKJiWSyFbu.jpg,8,282,289,249,187,67,205,13735,0.5196,0.29,0.5861,1.0,0.1296,0.3908,129.62
240_F_336427229_sX8RjyocPmJNIuImuxHnXgQE4buFqw6Y_jpg.rf.4hGlccQ2PXgKJiWSyFbu.jpg,9,61,123,46,97,30,52,1560,0.4708,0.28,0.4932,1.0,0.0023,0.4892,2.29
240_F_336427229_sX8RjyocPmJNIuImuxHnXgQE4buFqw6Y_jpg.rf.4hGlccQ2PXgKJiWSyFbu.jpg,10,497,24,483,0,29,49,1421,0.4919,0.34,0.4934,1.0,0.002,0.7662,1.99
240_F_336427229_sX8RjyocPmJNIuImuxHnXgQE4buFqw6Y_jpg.rf.W55K0nri8H4Cq9iNoLBB.jpg,1,322,495,313,491,19,9,171,0.4629,0.3,0.4973,0.914,0.01,0.1828,10.02
240_F_336427229_sX8RjyocPmJNIuImuxHnXgQE4buFqw6Y_jpg.rf.W55K0nri8H4Cq9iNoLBB.jpg,2,351,447,340,439,22,16,352,0.4518,0.19,0.5172,1.0,0.0427,0.2195,42.73
240_F_336427229_sX8RjyocPmJNIuImuxHnXgQE4buFqw6Y_jpg.rf.W55K0nri8H4Cq9iNoLBB.jpg,3,325,367,310,351,30,33,990,0.5135,0.3,0.5777,1.0,0.0628,0.3344,62.82
240_F_336427229_sX8RjyocPmJNIuImuxHnXgQE4buFqw6Y_jpg.rf.W55K0nri8H4Cq9iNoLBB.jpg,4,476,353,471,333,10,40,400,0.5172,0.51,0.502,0.7998,0.03,0.16,30.02
240_F_336427229_sX8RjyocPmJNIuImuxHnXgQE4buFqw6Y_jpg.rf.W55K0nri8H4Cq9iNoLBB.jpg,5,435,355,415,330,40,50,2000,0.5484,0.45,0.5326,1.0,0.0451,0.2208,45.11
240_F_336427229_sX8RjyocPmJNIuImuxHnXgQE4buFqw6Y_jpg.rf.W55K0nri8H4Cq9iNoLBB.jpg,6,341,318,320,290,43,56,2408,0.5442,0.32,0.6161,1.0,0.166,0.2353,165.95
240_F_336427229_sX8RjyocPmJNIuImuxHnXgQE4buFqw6Y_jpg.rf.W55K0nri8H4Cq9iNoLBB.jpg,7,143,300,109,203,69,195,13455,0.5011,0.27,0.5791,1.0,0.039,0.5031,39.02
240_F_336427229_sX8RjyocPmJNIuImuxHnXgQE4buFqw6Y_jpg.rf.W55K0nri8H4Cq9iNoLBB.jpg,8,282,290,249,188,67,204,13668,0.5215,0.29,0.5913,1.0,0.1303,0.3914,130.35
240_F_336427229_sX8RjyocPmJNIuImuxHnXgQE4buFqw6Y_jpg.rf.W55K0nri8H4Cq9iNoLBB.jpg,9,61,123,46,97,30,52,1560,0.4708,0.28,0.4932,1.0,0.0023,0.4892,2.29
240_F_336427229_sX8RjyocPmJNIuImuxHnXgQE4buFqw6Y_jpg.rf.W55K0nri8H4Cq9iNoLBB.jpg,10,497,24,483,0,29,49,1421,0.4919,0.34,0.4934,1.0,0.002,0.7662,1.99
240_F_396535141_4IdzQZnHN8eEOmNNqLZjMJT9CLraFRxA_jpg.rf.0CXqJtvz6gp7EMsgOxaK.jpg,1,440,499,426,486,28,26,728,0.5073,0.38,0.4973,1.0,0.0026,0.3898,2.59
240_F_396535141_4IdzQZnHN8eEOmNNqLZjMJT9CLraFRxA_jpg.rf.0CXqJtvz6gp7EMsgOxaK.jpg,2,268,415,247,376,42,78,3276,0.6745,0.76,0.6485,0.8128,0.1894,0.1626,189.44
240_F_396535141_4IdzQZnHN8eEOmNNqLZjMJT9CLraFRxA_jpg.rf.0CXqJtvz6gp7EMsgOxaK.jpg,3,379,332,349,262,61,141,8601,0.4704,0.21,0.5551,1.0,0.0262,0.4787,26.22
240_F_396535141_4IdzQZnHN8eEOmNNqLZjMJT9CLraFRxA_jpg.rf.2eUKqdr34JhLqzy9MnGS.jpg,1,440,499,426,486,28,26,728,0.5073,0.38,0.4973,1.0,0.0026,0.3898,2.59
240_F_396535141_4IdzQZnHN8eEOmNNqLZjMJT9CLraFRxA_jpg.rf.2eUKqdr34JhLqzy9MnGS.jpg,2,268,415,247,376,42,78,3276,0.6663,0.73,0.6554,0.8128,0.1887,0.1626,188.73
240_F_396535141_4IdzQZnHN8eEOmNNqLZjMJT9CLraFRxA_jpg.rf.2eUKqdr34JhLqzy9MnGS.jpg,3,379,332,349,262,61,141,8601,0.4696,0.21,0.5528,1.0,0.0263,0.4787,26.26
240_F_396535584_ziis5nT5i3h3PWlSMpNnUiFR0R2xMSNB_jpg.rf.OgBYNg5G1eQJNFcKwIr0.jpg,1,304,507,298,502,12,10,120,0.6506,0.61,0.5358,1.0,0.496,0.2344,496.02
240_F_396535584_ziis5nT5i3h3PWlSMpNnUiFR0R2xMSNB_jpg.rf.OgBYNg5G1eQJNFcKwIr0.jpg,2,412,501,405,491,15,21,315,0.4991,0.6,0.5329,0.3841,0.2575,0.0768,257.46
240_F_396535584_ziis5nT5i3h3PWlSMpNnUiFR0R2xMSNB_jpg.rf.OgBYNg5G1eQJNFcKwIr0.jpg,3,247,485,232,468,31,35,1085,0.5646,0.6,0.5437,0.6111,0.4208,0.1222,420.81
240_F_396535584_ziis5nT5i3h3PWlSMpNnUiFR0R2xMSNB_jpg.rf.OgBYNg5G1eQJNFcKwIr0.jpg,4,317,481,297,462,41,38,1558,0.5482,0.6,0.5108,0.6321,0.3299,0.1264,329.86
240_F_396535584_ziis5nT5i3h3PWlSMpNnUiFR0R2xMSNB_jpg.rf.OgBYNg5G1eQJNFcKwIr0.jpg,5,9,457,0,453,18,9,162,0.4957,0.6,0.5102,0.3968,0.2776,0.0794,277.6
240_F_396535584_ziis5nT5i3h3PWlSMpNnUiFR0R2xMSNB_jpg.rf.OgBYNg5G1eQJNFcKwIr0.jpg,6,183,455,177,441,12,28,336,0.5227,0.59,0.5266,0.526,0.267,0.1052,266.97
240_F_396535584_ziis5nT5i3h3PWlSMpNnUiFR0R2xMSNB_jpg.rf.OgBYNg5G1eQJNFcKwIr0.jpg,7,73,457,56,436,34,43,1462,0.5005,0.59,0.562,0.3696,0.2344,0.0739,234.45
240_F_396535584_ziis5nT5i3h3PWlSMpNnUiFR0R2xMSNB_jpg.rf.OgBYNg5G1eQJNFcKwIr0.jpg,8,257,437,242,422,31,31,961,0.4769,0.58,0.5413,0.3245,0.1958,0.0649,195.78
240_F_396535584_ziis5nT5i3h3PWlSMpNnUiFR0R2xMSNB_jpg.rf.OgBYNg5G1eQJNFcKwIr0.jpg,9,477,465,442,418,70,94,6580,0.5056,0.58,0.4955,0.5974,0.0969,0.1195,96.91
240_F_396535584_ziis5nT5i3h3PWlSMpNnUiFR0R2xMSNB_jpg.rf.OgBYNg5G1eQJNFcKwIr0.jpg,10,310,417,300,412,20,11,220,0.4677,0.59,0.5304,0.2446,0.2666,0.0489,266.65
240_F_396535584_ziis5nT5i3h3PWlSMpNnUiFR0R2xMSNB_jpg.rf.OgBYNg5G1eQJNFcKwIr0.jpg,11,62,419,54,410,17,18,306,0.596,0.59,0.49,1.0,0.1796,0.3253,179.64
240_F_396535584_ziis5nT5i3h3PWlSMpNnUiFR0R2xMSNB_jpg.rf.OgBYNg5G1eQJNFcKwIr0.jpg,12,114,431,102,402,25,58,1450,0.4633,0.56,0.5299,0.3533,0.1116,0.0707,111.6
240_F_396535584_ziis5nT5i3h3PWlSMpNnUiFR0R2xMSNB_jpg.rf.OgBYNg5G1eQJNFcKwIr0.jpg,13,315,399,308,393,15,13,195,0.5064,0.56,0.5172,0.6074,0.079,0.1215,78.97
240_F_396535584_ziis5nT5i3h3PWlSMpNnUiFR0R2xMSNB_jpg.rf.OgBYNg5G1eQJNFcKwIr0.jpg,14,448,391,438,383,21,16,336,0.5889,0.54,0.5518,1.0,0.0678,0.2121,67.82
240_F_396535584_ziis5nT5i3h3PWlSMpNnUiFR0R2xMSNB_jpg.rf.OgBYNg5G1eQJNFcKwIr0.jpg,15,119,385,113,377,12,17,204,0.6121,0.6,0.5091,0.9698,0.2991,0.194,299.14
240_F_396535584_ziis5nT5i3h3PWlSMpNnUiFR0R2xMSNB_jpg.rf.OgBYNg5G1eQJNFcKwIr0.jpg,16,264,395,247,373,35,44,1540,0.5106,0.58,0.4934,0.6041,0.1407,0.1208,140.67
240_F_396535584_ziis5nT5i3h3PWlSMpNnUiFR0R2xMSNB_jpg.rf.OgBYNg5G1eQJNFcKwIr0.jpg,17,417,381,409,369,17,25,425,0.5522,0.55,0.5416,0.8155,0.0703,0.1631,70.26
240_F_396535584_ziis5nT5i3h3PWlSMpNnUiFR0R2xMSNB_jpg.rf.OgBYNg5G1eQJNFcKwIr0.jpg,18,57,367,49,362,16,11,176,0.5031,0.47,0.5042,0.7686,0.0842,0.1537,84.19
240_F_396535584_ziis5nT5i3h3PWlSMpNnUiFR0R2xMSNB_jpg.rf.OgBYNg5G1eQJNFcKwIr0.jpg,19,170,365,161,357,18,16,288,0.6025,0.58,0.5379,1.0,0.1119,0.2405,111.93
240_F_396535584_ziis5nT5i3h3PWlSMpNnUiFR0R2xMSNB_jpg.rf.OgBYNg5G1eQJNFcKwIr0.jpg,20,274,349,269,342,11,14,154,0.597,0.58,0.5228,1.0,0.1099,0.2224,109.92
240_F_396535584_ziis5nT5i3h3PWlSMpNnUiFR0R2xMSNB_jpg.rf.OgBYNg5G1eQJNFcKwIr0.jpg,21,396,333,393,325,6,16,96,0.5373,0.35,0.5613,1.0,0.1832,0.3016,183.22
240_F_396535584_ziis5nT5i3h3PWlSMpNnUiFR0R2xMSNB_jpg.rf.OgBYNg5G1eQJNFcKwIr0.jpg,22,388,306,381,300,14,12,168,0.5135,0.26,0.5826,1.0,0.1853,0.5433,185.33
240_F_396535584_ziis5nT5i3h3PWlSMpNnUiFR0R2xMSNB_jpg.rf.OgBYNg5G1eQJNFcKwIr0.jpg,23,156,300,145,293,22,15,330,0.4991,0.49,0.5391,0.6808,0.0277,0.1362,27.71
240_F_396535584_ziis5nT5i3h3PWlSMpNnUiFR0R2xMSNB_jpg.rf.OgBYNg5G1eQJNFcKwIr0.jpg,24,56,270,48,264,17,13,221,0.5309,0.45,0.5291,0.931,0.0202,0.1862,20.19
240_F_396535584_ziis5nT5i3h3PWlSMpNnUiFR0R2xMSNB_jpg.rf.OgBYNg5G1eQJNFcKwIr0.jpg,25,242,249,237,243,11,12,132,0.5352,0.36,0.5296,1.0,0.2381,0.3152,238.13
240_F_396535584_ziis5nT5i3h3PWlSMpNnUiFR0R2xMSNB_jpg.rf.zAbqhyEJaIRwTzNVribq.jpg,1,304,507,298,502,12,10,120,0.6507,0.61,0.5362,1.0,0.4953,0.2344,495.27
240_F_396535584_ziis5nT5i3h3PWlSMpNnUiFR0R2xMSNB_jpg.rf.zAbqhyEJaIRwTzNVribq.jpg,2,412,501,405,491,15,21,315,0.4968,0.59,0.5374,0.3841,0.2542,0.0768,254.23
240_F_396535584_ziis5nT5i3h3PWlSMpNnUiFR0R2xMSNB_jpg.rf.zAbqhyEJaIRwTzNVribq.jpg,3,247,485,232,468,31,35,1085,0.5647,0.6,0.544,0.6111,0.4208,0.1222,420.82
240_F_396535584_ziis5nT5i3h3PWlSMpNnUiFR0R2xMSNB_jpg.rf.zAbqhyEJaIRwTzNVribq.jpg,4,317,481,297,462,41,38,1558,0.5469,0.6,0.5126,0.6226,0.329,0.1245,328.98
240_F_396535584_ziis5nT5i3h3PWlSMpNnUiFR0R2xMSNB_jpg.rf.zAbqhyEJaIRwTzNVribq.jpg,5,9,457,0,453,18,9,162,0.4957,0.6,0.5102,0.3968,0.2776,0.0794,277.6
240_F_396535584_ziis5nT5i3h3PWlSMpNnUiFR0R2xMSNB_jpg.rf.zAbqhyEJaIRwTzNVribq.jpg,6,183,455,177,441,12,28,336,0.5205,0.59,0.5266,0.5156,0.2652,0.1031,265.15
240_F_396535584_ziis5nT5i3h3PWlSMpNnUiFR0R2xMSNB_jpg.rf.zAbqhyEJaIRwTzNVribq.jpg,7,73,457,56,436,34,43,1462,0.5012,0.59,0.5638,0.3696,0.2346,0.0739,234.55
240_F_396535584_ziis5nT5i3h3PWlSMpNnUiFR0R2xMSNB_jpg.rf.zAbqhyEJaIRwTzNVribq.jpg,8,257,437,242,422,31,31,961,0.4768,0.58,0.5409,0.3245,0.1962,0.0649,196.2
240_F_396535584_ziis5nT5i3h3PWlSMpNnUiFR0R2xMSNB_jpg.rf.zAbqhyEJaIRwTzNVribq.jpg,9,477,465,442,418,70,94,6580,0.5061,0.58,0.4962,0.5987,0.0969,0.1197,96.94
240_F_396535584_ziis5nT5i3h3PWlSMpNnUiFR0R2xMSNB_jpg.rf.zAbqhyEJaIRwTzNVribq.jpg,10,310,417,300,412,20,11,220,0.4677,0.59,0.5304,0.2446,0.2666,0.0489,266.65
240_F_396535584_ziis5nT5i3h3PWlSMpNnUiFR0R2xMSNB_jpg.rf.zAbqhyEJaIRwTzNVribq.jpg,11,62,419,54,410,17,18,306,0.596,0.59,0.49,1.0,0.1796,0.3253,179.64
240_F_396535584_ziis5nT5i3h3PWlSMpNnUiFR0R2xMSNB_jpg.rf.zAbqhyEJaIRwTzNVribq.jpg,12,114,431,102,402,25,58,1450,0.4634,0.56,0.5303,0.3533,0.1117,0.0707,111.71
240_F_396535584_ziis5nT5i3h3PWlSMpNnUiFR0R2xMSNB_jpg.rf.zAbqhyEJaIRwTzNVribq.jpg,13,315,399,308,393,15,13,195,0.5064,0.56,0.5172,0.6074,0.079,0.1215,78.97
240_F_396535584_ziis5nT5i3h3PWlSMpNnUiFR0R2xMSNB_jpg.rf.zAbqhyEJaIRwTzNVribq.jpg,14,448,391,438,383,21,16,336,0.5889,0.54,0.5518,1.0,0.0678,0.2121,67.82
240_F_396535584_ziis5nT5i3h3PWlSMpNnUiFR0R2xMSNB_jpg.rf.zAbqhyEJaIRwTzNVribq.jpg,15,119,385,113,377,12,17,204,0.6069,0.6,0.5025,0.9555,0.2994,0.1911,299.35
240_F_396535584_ziis5nT5i3h3PWlSMpNnUiFR0R2xMSNB_jpg.rf.zAbqhyEJaIRwTzNVribq.jpg,16,264,395,247,373,35,44,1540,0.5147,0.58,0.4932,0.625,0.1408,0.125,140.83
240_F_396535584_ziis5nT5i3h3PWlSMpNnUiFR0R2xMSNB_jpg.rf.zAbqhyEJaIRwTzNVribq.jpg,17,417,381,409,368,17,26,442,0.5425,0.54,0.5339,0.7985,0.0697,0.1597,69.66
240_F_396535584_ziis5nT5i3h3PWlSMpNnUiFR0R2xMSNB_jpg.rf.zAbqhyEJaIRwTzNVribq.jpg,18,57,367,49,362,16,11,176,0.5031,0.47,0.5042,0.7686,0.0842,0.1537,84.19
240_F_396535584_ziis5nT5i3h3PWlSMpNnUiFR0R2xMSNB_jpg.rf.zAbqhyEJaIRwTzNVribq.jpg,19,170,365,161,357,18,16,288,0.6033,0.58,0.5405,1.0,0.1116,0.2405,111.6
240_F_396535584_ziis5nT5i3h3PWlSMpNnUiFR0R2xMSNB_jpg.rf.zAbqhyEJaIRwTzNVribq.jpg,20,232,351,229,344,7,14,98,0.5839,0.37,0.5793,1.0,0.5166,0.2935,516.65
240_F_396535584_ziis5nT5i3h3PWlSMpNnUiFR0R2xMSNB_jpg.rf.zAbqhyEJaIRwTzNVribq.jpg,21,274,349,269,342,11,14,154,0.597,0.58,0.5228,1.0,0.1099,0.2224,109.92
240_F_396535584_ziis5nT5i3h3PWlSMpNnUiFR0R2xMSNB_jpg.rf.zAbqhyEJaIRwTzNVribq.jpg,22,396,331,393,322,6,19,114,0.534,0.35,0.5519,1.0,0.1838,0.3495,183.76
240_F_396535584_ziis5nT5i3h3PWlSMpNnUiFR0R2xMSNB_jpg.rf.zAbqhyEJaIRwTzNVribq.jpg,23,388,306,381,300,14,12,168,0.5132,0.26,0.5815,1.0,0.1865,0.5433,186.54
240_F_396535584_ziis5nT5i3h3PWlSMpNnUiFR0R2xMSNB_jpg.rf.zAbqhyEJaIRwTzNVribq.jpg,24,156,300,145,293,22,15,330,0.4991,0.49,0.5391,0.6808,0.0277,0.1362,27.71
240_F_396535584_ziis5nT5i3h3PWlSMpNnUiFR0R2xMSNB_jpg.rf.zAbqhyEJaIRwTzNVribq.jpg,25,56,270,48,264,17,13,221,0.5309,0.45,0.5291,0.931,0.0202,0.1862,20.19
240_F_396535584_ziis5nT5i3h3PWlSMpNnUiFR0R2xMSNB_jpg.rf.zAbqhyEJaIRwTzNVribq.jpg,26,242,249,237,243,11,12,132,0.5332,0.36,0.5238,1.0,0.2384,0.3043,238.41
240_F_396535766_Z2hqdgQhVM9THKCtL0XPXgX2lCSF2C4S_jpg.rf.Re2KsQnFClhWCxu8kaRN.jpg,1,46,509,37,506,19,6,114,0.6227,0.61,0.5838,0.5242,1.0,0.1048,1881.86
240_F_396535766_Z2hqdgQhVM9THKCtL0XPXgX2lCSF2C4S_jpg.rf.Re2KsQnFClhWCxu8kaRN.jpg,2,88,508,72,505,33,7,231,0.6409,0.61,0.4898,1.0,0.5594,0.4137,559.37
240_F_396535766_Z2hqdgQhVM9THKCtL0XPXgX2lCSF2C4S_jpg.rf.Re2KsQnFClhWCxu8kaRN.jpg,3,358,506,336,500,45,12,540,0.6231,0.6,0.5197,1.0,0.3119,0.6179,311.87
240_F_396535766_Z2hqdgQhVM9THKCtL0XPXgX2lCSF2C4S_jpg.rf.Re2KsQnFClhWCxu8kaRN.jpg,4,243,488,235,482,16,12,192,0.6437,0.6,0.5379,1.0,0.4549,0.317,454.89
240_F_396535766_Z2hqdgQhVM9THKCtL0XPXgX2lCSF2C4S_jpg.rf.Re2KsQnFClhWCxu8kaRN.jpg,5,304,492,269,473,70,39,2730,0.6179,0.59,0.5266,1.0,0.271,0.4238,271.03
240_F_396535766_Z2hqdgQhVM9THKCtL0XPXgX2lCSF2C4S_jpg.rf.Re2KsQnFClhWCxu8kaRN.jpg,6,8,458,0,452,16,12,192,0.6172,0.59,0.5238,1.0,0.2734,0.572,273.44
240_F_396535766_Z2hqdgQhVM9THKCtL0XPXgX2lCSF2C4S_jpg.rf.Re2KsQnFClhWCxu8kaRN.jpg,7,314,449,290,433,48,32,1536,0.6125,0.6,0.5298,1.0,0.1706,0.3864,170.62
240_F_396535766_Z2hqdgQhVM9THKCtL0XPXgX2lCSF2C4S_jpg.rf.Re2KsQnFClhWCxu8kaRN.jpg,8,294,253,283,244,22,19,418,0.5686,0.47,0.5296,1.0,0.1868,0.3055,186.83
240_F_396535766_Z2hqdgQhVM9THKCtL0XPXgX2lCSF2C4S_jpg.rf.Re2KsQnFClhWCxu8kaRN.jpg,9,5,248,0,236,10,24,240,0.5445,0.48,0.492,1.0,0.0432,0.4514,43.21
240_F_396535766_Z2hqdgQhVM9THKCtL0XPXgX2lCSF2C4S_jpg.rf.Re2KsQnFClhWCxu8kaRN.jpg,10,340,220,311,184,59,72,4248,0.55,0.36,0.6098,1.0,0.1059,0.2993,105.88
240_F_396535766_Z2hqdgQhVM9THKCtL0XPXgX2lCSF2C4S_jpg.rf.Re2KsQnFClhWCxu8kaRN.jpg,11,259,240,234,181,51,118,6018,0.5244,0.29,0.5856,1.0,0.179,0.4774,179.02
240_F_396535766_Z2hqdgQhVM9THKCtL0XPXgX2lCSF2C4S_jpg.rf.Re2KsQnFClhWCxu8kaRN.jpg,12,218,185,207,174,23,22,506,0.485,0.24,0.5244,1.0,0.1746,0.7118,174.64
240_F_396535766_Z2hqdgQhVM9THKCtL0XPXgX2lCSF2C4S_jpg.rf.Re2KsQnFClhWCxu8kaRN.jpg,13,299,174,287,166,25,16,400,0.5162,0.31,0.5146,1.0,0.2762,0.5936,276.18
240_F_396535766_Z2hqdgQhVM9THKCtL0XPXgX2lCSF2C4S_jpg.rf.Re2KsQnFClhWCxu8kaRN.jpg,14,85,167,81,162,9,11,99,0.5113,0.39,0.4976,1.0,0.0067,0.4058,6.67
240_F_396535766_Z2hqdgQhVM9THKCtL0XPXgX2lCSF2C4S_jpg.rf.Re2KsQnFClhWCxu8kaRN.jpg,15,379,178,361,157,36,42,1512,0.5436,0.27,0.6935,1.0,0.0639,0.3117,63.9
240_F_396535766_Z2hqdgQhVM9THKCtL0XPXgX2lCSF2C4S_jpg.rf.Re2KsQnFClhWCxu8kaRN.jpg,16,308,72,297,58,22,29,638,0.453,0.21,0.5104,1.0,0.0086,0.2482,8.59
240_F_396535766_Z2hqdgQhVM9THKCtL0XPXgX2lCSF2C4S_jpg.rf.Re2KsQnFClhWCxu8kaRN.jpg,17,451,60,413,33,76,54,4104,0.4555,0.22,0.5088,1.0,0.0041,0.4423,4.13
240_F_396535766_Z2hqdgQhVM9THKCtL0XPXgX2lCSF2C4S_jpg.rf.Td3KnJGmBtfsnxb6mzgH.jpg,1,88,508,72,505,33,7,231,0.6409,0.61,0.4898,1.0,0.5594,0.4137,559.37
240_F_396535766_Z2hqdgQhVM9THKCtL0XPXgX2lCSF2C4S_jpg.rf.Td3KnJGmBtfsnxb6mzgH.jpg,2,358,506,336,500,45,12,540,0.6231,0.6,0.5197,1.0,0.3119,0.6179,311.87
240_F_396535766_Z2hqdgQhVM9THKCtL0XPXgX2lCSF2C4S_jpg.rf.Td3KnJGmBtfsnxb6mzgH.jpg,3,243,488,235,482,16,12,192,0.6435,0.6,0.5374,1.0,0.4538,0.317,453.84
240_F_396535766_Z2hqdgQhVM9THKCtL0XPXgX2lCSF2C4S_jpg.rf.Td3KnJGmBtfsnxb6mzgH.jpg,4,304,492,269,473,70,39,2730,0.6171,0.59,0.5244,1.0,0.2707,0.4244,270.72
240_F_396535766_Z2hqdgQhVM9THKCtL0XPXgX2lCSF2C4S_jpg.rf.Td3KnJGmBtfsnxb6mzgH.jpg,5,8,458,0,452,16,12,192,0.6168,0.59,0.5227,1.0,0.2735,0.572,273.5
240_F_396535766_Z2hqdgQhVM9THKCtL0XPXgX2lCSF2C4S_jpg.rf.Td3KnJGmBtfsnxb6mzgH.jpg,6,314,449,290,433,48,32,1536,0.6125,0.6,0.5298,1.0,0.1706,0.3864,170.62
240_F_396535766_Z2hqdgQhVM9THKCtL0XPXgX2lCSF2C4S_jpg.rf.Td3KnJGmBtfsnxb6mzgH.jpg,7,294,254,283,244,22,20,440,0.571,0.47,0.5376,1.0,0.1837,0.2969,183.74
240_F_396535766_Z2hqdgQhVM9THKCtL0XPXgX2lCSF2C4S_jpg.rf.Td3KnJGmBtfsnxb6mzgH.jpg,8,5,248,0,236,10,24,240,0.5445,0.48,0.492,1.0,0.0432,0.4514,43.21
240_F_396535766_Z2hqdgQhVM9THKCtL0XPXgX2lCSF2C4S_jpg.rf.Td3KnJGmBtfsnxb6mzgH.jpg,9,340,220,311,184,59,72,4248,0.5509,0.36,0.6122,1.0,0.1058,0.3005,105.81
240_F_396535766_Z2hqdgQhVM9THKCtL0XPXgX2lCSF2C4S_jpg.rf.Td3KnJGmBtfsnxb6mzgH.jpg,10,259,239,234,181,50,117,5850,0.5386,0.32,0.5858,1.0,0.2153,0.484,215.3
240_F_396535766_Z2hqdgQhVM9THKCtL0XPXgX2lCSF2C4S_jpg.rf.Td3KnJGmBtfsnxb6mzgH.jpg,11,218,185,207,174,23,22,506,0.485,0.24,0.5244,1.0,0.1746,0.7118,174.64
240_F_396535766_Z2hqdgQhVM9THKCtL0XPXgX2lCSF2C4S_jpg.rf.Td3KnJGmBtfsnxb6mzgH.jpg,12,299,174,287,166,25,16,400,0.5162,0.31,0.5146,1.0,0.2762,0.5936,276.18
240_F_396535766_Z2hqdgQhVM9THKCtL0XPXgX2lCSF2C4S_jpg.rf.Td3KnJGmBtfsnxb6mzgH.jpg,13,85,167,81,162,9,11,99,0.5113,0.39,0.4976,1.0,0.0067,0.4058,6.67
240_F_396535766_Z2hqdgQhVM9THKCtL0XPXgX2lCSF2C4S_jpg.rf.Td3KnJGmBtfsnxb6mzgH.jpg,14,379,178,361,157,36,42,1512,0.5436,0.27,0.6935,1.0,0.0639,0.3117,63.9
240_F_396535766_Z2hqdgQhVM9THKCtL0XPXgX2lCSF2C4S_jpg.rf.Td3KnJGmBtfsnxb6mzgH.jpg,15,308,72,297,58,22,29,638,0.453,0.21,0.5104,1.0,0.0086,0.2482,8.59
240_F_396535766_Z2hqdgQhVM9THKCtL0XPXgX2lCSF2C4S_jpg.rf.Td3KnJGmBtfsnxb6mzgH.jpg,16,451,60,413,33,76,54,4104,0.4555,0.22,0.5088,1.0,0.0041,0.4423,4.13
240_F_396535796_LQaKFY9ZoBGHW5on2K9fR6RHhl6dKOxW_jpg.rf.bWrRuK113BrSvXweEuFE.jpg,1,187,506,170,500,34,12,408,0.5747,0.54,0.4859,1.0,0.1565,0.2633,156.52
240_F_396535796_LQaKFY9ZoBGHW5on2K9fR6RHhl6dKOxW_jpg.rf.bWrRuK113BrSvXweEuFE.jpg,2,273,495,265,478,17,34,578,0.4927,0.28,0.5251,1.0,0.1089,0.3474,108.86
240_F_396535796_LQaKFY9ZoBGHW5on2K9fR6RHhl6dKOxW_jpg.rf.bWrRuK113BrSvXweEuFE.jpg,3,308,487,291,463,35,49,1715,0.5465,0.5,0.4643,1.0,0.0897,0.3335,89.74
240_F_396535796_LQaKFY9ZoBGHW5on2K9fR6RHhl6dKOxW_jpg.rf.bWrRuK113BrSvXweEuFE.jpg,4,358,463,346,447,24,32,768,0.5669,0.47,0.5425,1.0,0.1253,0.2355,125.31
240_F_396535796_LQaKFY9ZoBGHW5on2K9fR6RHhl6dKOxW_jpg.rf.bWrRuK113BrSvXweEuFE.jpg,5,494,384,477,350,35,69,2415,0.5374,0.35,0.5139,1.0,0.3503,0.4938,350.34
240_F_396535796_LQaKFY9ZoBGHW5on2K9fR6RHhl6dKOxW_jpg.rf.bWrRuK113BrSvXweEuFE.jpg,6,476,40,441,0,71,80,5680,0.5007,0.29,0.5349,1.0,0.1197,0.5683,119.66
240_F_396535796_LQaKFY9ZoBGHW5on2K9fR6RHhl6dKOxW_jpg.rf.bWrRuK113BrSvXweEuFE.jpg,7,14,10,0,0,28,20,560,0.4515,0.2,0.4973,1.0,0.0745,0.414,74.51
240_F_427857448_nvPH1PwDzFBJ0OK7WLtQkfct97X704Ue_jpg.rf.RCGSghEfPmDSr9Yz2CXQ.jpg,1,338,490,330,485,17,11,187,0.4873,0.32,0.4916,1.0,0.0321,0.4123,32.1
240_F_427857448_nvPH1PwDzFBJ0OK7WLtQkfct97X704Ue_jpg.rf.RCGSghEfPmDSr9Yz2CXQ.jpg,2,470,498,458,484,24,28,672,0.5142,0.4,0.4966,1.0,0.0038,0.4608,3.82
240_F_427857448_nvPH1PwDzFBJ0OK7WLtQkfct97X704Ue_jpg.rf.RCGSghEfPmDSr9Yz2CXQ.jpg,3,472,445,464,441,17,9,153,0.5028,0.37,0.4941,1.0,0.0032,0.358,3.16
240_F_427857448_nvPH1PwDzFBJ0OK7WLtQkfct97X704Ue_jpg.rf.RCGSghEfPmDSr9Yz2CXQ.jpg,4,26,430,0,405,52,50,2600,0.4808,0.41,0.5055,0.7995,0.0043,0.1599,4.25
240_F_427857448_nvPH1PwDzFBJ0OK7WLtQkfct97X704Ue_jpg.rf.RCGSghEfPmDSr9Yz2CXQ.jpg,5,181,419,167,404,29,31,899,0.5015,0.32,0.5314,1.0,0.0356,0.3216,35.59
240_F_427857448_nvPH1PwDzFBJ0OK7WLtQkfct97X704Ue_jpg.rf.RCGSghEfPmDSr9Yz2CXQ.jpg,6,163,385,156,377,14,17,238,0.5066,0.38,0.4945,1.0,0.0057,0.3899,5.71
240_F_427857448_nvPH1PwDzFBJ0OK7WLtQkfct97X704Ue_jpg.rf.RCGSghEfPmDSr9Yz2CXQ.jpg,7,30,357,23,353,15,9,135,0.4528,0.23,0.4894,1.0,0.0099,0.2522,9.91
240_F_427857448_nvPH1PwDzFBJ0OK7WLtQkfct97X704Ue_jpg.rf.RCGSghEfPmDSr9Yz2CXQ.jpg,8,97,362,80,351,35,22,770,0.4881,0.31,0.5106,1.0,0.0086,0.3304,8.59
240_F_427857448_nvPH1PwDzFBJ0OK7WLtQkfct97X704Ue_jpg.rf.RCGSghEfPmDSr9Yz2CXQ.jpg,9,148,348,142,342,12,13,156,0.4688,0.27,0.4966,1.0,0.0045,0.3617,4.55
240_F_427857448_nvPH1PwDzFBJ0OK7WLtQkfct97X704Ue_jpg.rf.RCGSghEfPmDSr9Yz2CXQ.jpg,10,490,336,486,331,9,11,99,0.5133,0.4,0.4941,1.0,0.0038,0.5342,3.79
240_F_427857448_nvPH1PwDzFBJ0OK7WLtQkfct97X704Ue_jpg.rf.RCGSghEfPmDSr9Yz2CXQ.jpg,11,143,305,139,296,8,18,144,0.531,0.44,0.4812,1.0,0.086,0.4633,86.0
240_F_427857448_nvPH1PwDzFBJ0OK7WLtQkfct97X704Ue_jpg.rf.RCGSghEfPmDSr9Yz2CXQ.jpg,12,7,16,0,9,15,15,225,0.4987,0.36,0.4926,1.0,0.0026,0.5044,2.59
240_F_427857448_nvPH1PwDzFBJ0OK7WLtQkfct97X704Ue_jpg.rf.YA8tZUaBGjYASqxtW6MY.jpg,1,338,490,330,485,17,11,187,0.4873,0.32,0.4916,1.0,0.0321,0.4123,32.1
240_F_427857448_nvPH1PwDzFBJ0OK7WLtQkfct97X704Ue_jpg.rf.YA8tZUaBGjYASqxtW6MY.jpg,2,470,498,458,484,24,28,672,0.5142,0.4,0.4966,1.0,0.0038,0.4608,3.82
240_F_427857448_nvPH1PwDzFBJ0OK7WLtQkfct97X704Ue_jpg.rf.YA8tZUaBGjYASqxtW6MY.jpg,3,472,445,464,441,17,9,153,0.5028,0.37,0.4941,1.0,0.0032,0.358,3.16
240_F_427857448_nvPH1PwDzFBJ0OK7WLtQkfct97X704Ue_jpg.rf.YA8tZUaBGjYASqxtW6MY.jpg,4,26,430,0,405,52,50,2600,0.4808,0.41,0.5055,0.7995,0.0043,0.1599,4.25
240_F_427857448_nvPH1PwDzFBJ0OK7WLtQkfct97X704Ue_jpg.rf.YA8tZUaBGjYASqxtW6MY.jpg,5,181,419,167,404,29,31,899,0.5015,0.32,0.5314,1.0,0.0356,0.3216,35.59
240_F_427857448_nvPH1PwDzFBJ0OK7WLtQkfct97X704Ue_jpg.rf.YA8tZUaBGjYASqxtW6MY.jpg,6,163,385,156,377,14,17,238,0.5066,0.38,0.4945,1.0,0.0057,0.3899,5.71
240_F_427857448_nvPH1PwDzFBJ0OK7WLtQkfct97X704Ue_jpg.rf.YA8tZUaBGjYASqxtW6MY.jpg,7,30,357,23,353,15,9,135,0.4528,0.23,0.4894,1.0,0.0099,0.2522,9.91
240_F_427857448_nvPH1PwDzFBJ0OK7WLtQkfct97X704Ue_jpg.rf.YA8tZUaBGjYASqxtW6MY.jpg,8,97,362,80,351,35,22,770,0.4881,0.31,0.5106,1.0,0.0086,0.3304,8.59
240_F_427857448_nvPH1PwDzFBJ0OK7WLtQkfct97X704Ue_jpg.rf.YA8tZUaBGjYASqxtW6MY.jpg,9,148,348,142,342,12,13,156,0.4688,0.27,0.4966,1.0,0.0045,0.3617,4.55
240_F_427857448_nvPH1PwDzFBJ0OK7WLtQkfct97X704Ue_jpg.rf.YA8tZUaBGjYASqxtW6MY.jpg,10,490,336,486,331,9,11,99,0.5133,0.4,0.4941,1.0,0.0038,0.5342,3.79
240_F_427857448_nvPH1PwDzFBJ0OK7WLtQkfct97X704Ue_jpg.rf.YA8tZUaBGjYASqxtW6MY.jpg,11,143,305,139,296,8,18,144,0.531,0.44,0.4812,1.0,0.086,0.4633,86.0
240_F_427857448_nvPH1PwDzFBJ0OK7WLtQkfct97X704Ue_jpg.rf.YA8tZUaBGjYASqxtW6MY.jpg,12,318,110,276,83,84,55,4620,0.4736,0.26,0.5135,1.0,0.0294,0.3587,29.36
240_F_427857448_nvPH1PwDzFBJ0OK7WLtQkfct97X704Ue_jpg.rf.YA8tZUaBGjYASqxtW6MY.jpg,13,150,40,142,34,16,13,208,0.4532,0.22,0.5017,1.0,0.0059,0.2,5.87
240_F_427857448_nvPH1PwDzFBJ0OK7WLtQkfct97X704Ue_jpg.rf.YA8tZUaBGjYASqxtW6MY.jpg,14,7,16,0,9,15,15,225,0.4987,0.36,0.4926,1.0,0.0026,0.5044,2.59
240_F_427857474_BChX1pSYlfjFVNqD9X8G3K14YLEz1Av3_jpg.rf.OmZYwu5FI4k2vKJ7xmFm.jpg,1,234,507,221,503,26,9,234,0.5175,0.4,0.5026,1.0,0.0159,0.3772,15.94
240_F_427857474_BChX1pSYlfjFVNqD9X8G3K14YLEz1Av3_jpg.rf.OmZYwu5FI4k2vKJ7xmFm.jpg,2,128,506,121,501,14,11,154,0.5144,0.4,0.4949,1.0,0.0123,0.7896,12.3
240_F_427857474_BChX1pSYlfjFVNqD9X8G3K14YLEz1Av3_jpg.rf.OmZYwu5FI4k2vKJ7xmFm.jpg,3,471,496,461,488,21,17,357,0.5518,0.41,0.5441,1.0,0.1782,0.3302,178.18
240_F_427857474_BChX1pSYlfjFVNqD9X8G3K14YLEz1Av3_jpg.rf.OmZYwu5FI4k2vKJ7xmFm.jpg,4,142,489,132,483,21,12,252,0.5214,0.41,0.5038,1.0,0.0153,0.5593,15.28
240_F_427857474_BChX1pSYlfjFVNqD9X8G3K14YLEz1Av3_jpg.rf.OmZYwu5FI4k2vKJ7xmFm.jpg,5,159,471,149,467,21,9,189,0.5212,0.41,0.4992,1.0,0.0293,0.4242,29.32
240_F_427857474_BChX1pSYlfjFVNqD9X8G3K14YLEz1Av3_jpg.rf.OmZYwu5FI4k2vKJ7xmFm.jpg,6,104,474,79,458,50,32,1600,0.5228,0.42,0.4981,1.0,0.0141,0.4641,14.15
240_F_427857474_BChX1pSYlfjFVNqD9X8G3K14YLEz1Av3_jpg.rf.OmZYwu5FI4k2vKJ7xmFm.jpg,7,256,460,249,454,15,13,195,0.5188,0.41,0.4958,1.0,0.0177,0.4815,17.65
240_F_427857474_BChX1pSYlfjFVNqD9X8G3K14YLEz1Av3_jpg.rf.OmZYwu5FI4k2vKJ7xmFm.jpg,8,129,458,123,454,12,8,96,0.4599,0.41,0.4926,0.7083,0.023,0.1417,23.05
240_F_427857474_BChX1pSYlfjFVNqD9X8G3K14YLEz1Av3_jpg.rf.OmZYwu5FI4k2vKJ7xmFm.jpg,9,65,481,37,451,57,61,3477,0.5237,0.42,0.4957,1.0,0.0318,0.597,31.83
240_F_427857474_BChX1pSYlfjFVNqD9X8G3K14YLEz1Av3_jpg.rf.OmZYwu5FI4k2vKJ7xmFm.jpg,10,91,437,82,429,19,16,304,0.5201,0.41,0.4985,1.0,0.0212,0.3491,21.22
240_F_427857474_BChX1pSYlfjFVNqD9X8G3K14YLEz1Av3_jpg.rf.OmZYwu5FI4k2vKJ7xmFm.jpg,11,319,445,297,427,45,37,1665,0.5338,0.5,0.5089,0.8861,0.0342,0.1772,34.21
240_F_427857474_BChX1pSYlfjFVNqD9X8G3K14YLEz1Av3_jpg.rf.OmZYwu5FI4k2vKJ7xmFm.jpg,12,150,440,137,427,27,26,702,0.5166,0.4,0.5021,1.0,0.0082,0.3252,8.17
240_F_427857474_BChX1pSYlfjFVNqD9X8G3K14YLEz1Av3_jpg.rf.OmZYwu5FI4k2vKJ7xmFm.jpg,13,7,428,0,423,15,11,165,0.514,0.4,0.4913,1.0,0.0202,0.2298,20.22
240_F_427857474_BChX1pSYlfjFVNqD9X8G3K14YLEz1Av3_jpg.rf.OmZYwu5FI4k2vKJ7xmFm.jpg,14,455,428,442,422,26,12,312,0.6018,0.59,0.519,1.0,0.1364,0.3739,136.42
240_F_427857474_BChX1pSYlfjFVNqD9X8G3K14YLEz1Av3_jpg.rf.OmZYwu5FI4k2vKJ7xmFm.jpg,15,53,426,46,420,15,13,195,0.5188,0.41,0.4983,1.0,0.0095,0.5333,9.48
240_F_427857474_BChX1pSYlfjFVNqD9X8G3K14YLEz1Av3_jpg.rf.OmZYwu5FI4k2vKJ7xmFm.jpg,16,285,416,276,407,19,19,361,0.5417,0.46,0.5079,1.0,0.0297,0.3424,29.71
240_F_427857474_BChX1pSYlfjFVNqD9X8G3K14YLEz1Av3_jpg.rf.OmZYwu5FI4k2vKJ7xmFm.jpg,17,481,411,469,404,24,15,360,0.558,0.5,0.5099,1.0,0.045,0.3879,45.01
240_F_427857474_BChX1pSYlfjFVNqD9X8G3K14YLEz1Av3_jpg.rf.OmZYwu5FI4k2vKJ7xmFm.jpg,18,218,406,199,396,39,20,780,0.5194,0.4,0.5093,1.0,0.0117,0.6415,11.69
240_F_427857474_BChX1pSYlfjFVNqD9X8G3K14YLEz1Av3_jpg.rf.OmZYwu5FI4k2vKJ7xmFm.jpg,19,166,401,136,381,60,40,2400,0.5219,0.38,0.5275,1.0,0.0429,0.6036,42.9
240_F_427857474_BChX1pSYlfjFVNqD9X8G3K14YLEz1Av3_jpg.rf.OmZYwu5FI4k2vKJ7xmFm.jpg,20,26,372,0,348,53,49,2597,0.5332,0.42,0.5276,1.0,0.0154,0.2929,15.42
240_F_427857474_BChX1pSYlfjFVNqD9X8G3K14YLEz1Av3_jpg.rf.OmZYwu5FI4k2vKJ7xmFm.jpg,21,500,356,489,345,23,22,506,0.5742,0.54,0.5103,1.0,0.066,0.3073,66.0
240_F_427857474_BChX1pSYlfjFVNqD9X8G3K14YLEz1Av3_jpg.rf.OmZYwu5FI4k2vKJ7xmFm.jpg,22,446,346,435,337,22,19,418,0.5977,0.59,0.5132,1.0,0.1158,0.2476,115.78
240_F_427857474_BChX1pSYlfjFVNqD9X8G3K14YLEz1Av3_jpg.rf.OmZYwu5FI4k2vKJ7xmFm.jpg,23,68,301,62,298,13,7,91,0.5422,0.38,0.5342,1.0,0.2221,0.4442,222.12
240_F_427857474_BChX1pSYlfjFVNqD9X8G3K14YLEz1Av3_jpg.rf.OmZYwu5FI4k2vKJ7xmFm.jpg,24,19,322,0,295,38,55,2090,0.497,0.33,0.512,1.0,0.0232,0.6085,23.18
240_F_427857474_BChX1pSYlfjFVNqD9X8G3K14YLEz1Av3_jpg.rf.OmZYwu5FI4k2vKJ7xmFm.jpg,25,485,314,458,293,54,42,2268,0.5738,0.54,0.5094,1.0,0.0654,0.3593,65.41
240_F_427857474_BChX1pSYlfjFVNqD9X8G3K14YLEz1Av3_jpg.rf.OmZYwu5FI4k2vKJ7xmFm.jpg,26,406,292,399,289,15,6,90,0.4503,0.21,0.4964,1.0,0.0307,0.2016,30.71
240_F_427857474_BChX1pSYlfjFVNqD9X8G3K14YLEz1Av3_jpg.rf.OmZYwu5FI4k2vKJ7xmFm.jpg,27,33,283,25,279,17,9,153,0.4911,0.31,0.5021,1.0,0.0682,0.514,68.25
240_F_427857474_BChX1pSYlfjFVNqD9X8G3K14YLEz1Av3_jpg.rf.OmZYwu5FI4k2vKJ7xmFm.jpg,28,378,258,364,250,29,16,464,0.5469,0.47,0.4996,1.0,0.0756,0.3162,75.64
240_F_427857474_BChX1pSYlfjFVNqD9X8G3K14YLEz1Av3_jpg.rf.OmZYwu5FI4k2vKJ7xmFm.jpg,29,487,246,463,218,49,56,2744,0.5168,0.45,0.489,0.9078,0.0665,0.1816,66.45
240_F_427857474_BChX1pSYlfjFVNqD9X8G3K14YLEz1Av3_jpg.rf.OmZYwu5FI4k2vKJ7xmFm.jpg,30,48,221,40,215,16,12,192,0.5385,0.46,0.4917,1.0,0.0547,0.4494,54.68
240_F_427857474_BChX1pSYlfjFVNqD9X8G3K14YLEz1Av3_jpg.rf.OmZYwu5FI4k2vKJ7xmFm.jpg,31,109,235,90,211,38,49,1862,0.4576,0.26,0.4614,1.0,0.0511,0.4039,51.13
240_F_427857474_BChX1pSYlfjFVNqD9X8G3K14YLEz1Av3_jpg.rf.OmZYwu5FI4k2vKJ7xmFm.jpg,32,200,213,195,207,10,12,120,0.5045,0.36,0.5044,1.0,0.0199,0.5076,19.88
240_F_427857474_BChX1pSYlfjFVNqD9X8G3K14YLEz1Av3_jpg.rf.OmZYwu5FI4k2vKJ7xmFm.jpg,33,403,201,397,196,12,11,132,0.5179,0.41,0.4825,1.0,0.0549,0.2699,54.89
240_F_427857474_BChX1pSYlfjFVNqD9X8G3K14YLEz1Av3_jpg.rf.OmZYwu5FI4k2vKJ7xmFm.jpg,34,459,199,424,185,71,28,1988,0.5272,0.42,0.5061,1.0,0.0304,0.2886,30.41
240_F_427857474_BChX1pSYlfjFVNqD9X8G3K14YLEz1Av3_jpg.rf.OmZYwu5FI4k2vKJ7xmFm.jpg,35,88,191,74,183,29,17,493,0.5407,0.44,0.5144,1.0,0.0671,0.3633,67.07
240_F_427857474_BChX1pSYlfjFVNqD9X8G3K14YLEz1Av3_jpg.rf.OmZYwu5FI4k2vKJ7xmFm.jpg,36,91,143,82,136,18,15,270,0.5261,0.43,0.4958,1.0,0.0211,0.2605,21.15
240_F_427857474_BChX1pSYlfjFVNqD9X8G3K14YLEz1Av3_jpg.rf.OmZYwu5FI4k2vKJ7xmFm.jpg,37,416,127,402,120,28,15,420,0.4537,0.22,0.5011,1.0,0.0128,0.2657,12.83
240_F_427857474_BChX1pSYlfjFVNqD9X8G3K14YLEz1Av3_jpg.rf.OmZYwu5FI4k2vKJ7xmFm.jpg,38,431,106,416,99,31,15,465,0.4963,0.35,0.4952,1.0,0.0045,0.5685,4.49
240_F_427857474_BChX1pSYlfjFVNqD9X8G3K14YLEz1Av3_jpg.rf.OmZYwu5FI4k2vKJ7xmFm.jpg,39,51,96,36,82,30,28,840,0.4626,0.26,0.4849,1.0,0.0186,0.469,18.62
240_F_427857474_BChX1pSYlfjFVNqD9X8G3K14YLEz1Av3_jpg.rf.OmZYwu5FI4k2vKJ7xmFm.jpg,40,470,76,428,54,84,45,3780,0.4546,0.22,0.5032,1.0,0.0149,0.4058,14.9
240_F_427857474_BChX1pSYlfjFVNqD9X8G3K14YLEz1Av3_jpg.rf.OmZYwu5FI4k2vKJ7xmFm.jpg,41,493,22,475,0,36,45,1620,0.4954,0.35,0.4892,1.0,0.0173,0.5203,17.25
240_F_427857474_BChX1pSYlfjFVNqD9X8G3K14YLEz1Av3_jpg.rf.OmZYwu5FI4k2vKJ7xmFm.jpg,42,249,27,219,0,61,54,3294,0.5326,0.43,0.5162,1.0,0.0145,0.2096,14.48
240_F_427857474_BChX1pSYlfjFVNqD9X8G3K14YLEz1Av3_jpg.rf.wVpJqdBuSYlOs5BfgnkF.jpg,1,234,507,221,503,26,9,234,0.5175,0.4,0.5026,1.0,0.0159,0.3772,15.94
240_F_427857474_BChX1pSYlfjFVNqD9X8G3K14YLEz1Av3_jpg.rf.wVpJqdBuSYlOs5BfgnkF.jpg,2,128,506,121,501,14,11,154,0.5144,0.4,0.4949,1.0,0.0123,0.7896,12.3
240_F_427857474_BChX1pSYlfjFVNqD9X8G3K14YLEz1Av3_jpg.rf.wVpJqdBuSYlOs5BfgnkF.jpg,3,471,496,461,488,21,17,357,0.5518,0.41,0.5441,1.0,0.1782,0.3302,178.18
240_F_427857474_BChX1pSYlfjFVNqD9X8G3K14YLEz1Av3_jpg.rf.wVpJqdBuSYlOs5BfgnkF.jpg,4,142,489,132,483,21,12,252,0.5213,0.41,0.5036,1.0,0.0153,0.5556,15.26
240_F_427857474_BChX1pSYlfjFVNqD9X8G3K14YLEz1Av3_jpg.rf.wVpJqdBuSYlOs5BfgnkF.jpg,5,158,471,149,467,18,8,144,0.5201,0.41,0.4974,1.0,0.0246,0.3817,24.64
240_F_427857474_BChX1pSYlfjFVNqD9X8G3K14YLEz1Av3_jpg.rf.wVpJqdBuSYlOs5BfgnkF.jpg,6,104,474,79,458,50,32,1600,0.5228,0.42,0.4981,1.0,0.0141,0.4641,14.15
240_F_427857474_BChX1pSYlfjFVNqD9X8G3K14YLEz1Av3_jpg.rf.wVpJqdBuSYlOs5BfgnkF.jpg,7,256,460,249,454,15,13,195,0.5188,0.41,0.4958,1.0,0.0177,0.4815,17.65
240_F_427857474_BChX1pSYlfjFVNqD9X8G3K14YLEz1Av3_jpg.rf.wVpJqdBuSYlOs5BfgnkF.jpg,8,129,458,123,454,12,8,96,0.4599,0.41,0.4926,0.7083,0.023,0.1417,23.05
240_F_427857474_BChX1pSYlfjFVNqD9X8G3K14YLEz1Av3_jpg.rf.wVpJqdBuSYlOs5BfgnkF.jpg,9,65,481,37,451,57,61,3477,0.5237,0.42,0.4957,1.0,0.0318,0.597,31.83
240_F_427857474_BChX1pSYlfjFVNqD9X8G3K14YLEz1Av3_jpg.rf.wVpJqdBuSYlOs5BfgnkF.jpg,10,91,437,82,429,19,16,304,0.5201,0.41,0.4985,1.0,0.0212,0.3491,21.22
240_F_427857474_BChX1pSYlfjFVNqD9X8G3K14YLEz1Av3_jpg.rf.wVpJqdBuSYlOs5BfgnkF.jpg,11,319,445,297,427,45,37,1665,0.5338,0.5,0.5089,0.8861,0.0342,0.1772,34.21
240_F_427857474_BChX1pSYlfjFVNqD9X8G3K14YLEz1Av3_jpg.rf.wVpJqdBuSYlOs5BfgnkF.jpg,12,150,440,137,427,27,26,702,0.5166,0.4,0.5021,1.0,0.0082,0.3252,8.17
240_F_427857474_BChX1pSYlfjFVNqD9X8G3K14YLEz1Av3_jpg.rf.wVpJqdBuSYlOs5BfgnkF.jpg,13,7,428,0,423,15,11,165,0.514,0.4,0.4913,1.0,0.0202,0.2298,20.22
240_F_427857474_BChX1pSYlfjFVNqD9X8G3K14YLEz1Av3_jpg.rf.wVpJqdBuSYlOs5BfgnkF.jpg,14,455,428,442,422,26,12,312,0.6018,0.59,0.519,1.0,0.1364,0.3739,136.42
240_F_427857474_BChX1pSYlfjFVNqD9X8G3K14YLEz1Av3_jpg.rf.wVpJqdBuSYlOs5BfgnkF.jpg,15,53,426,46,420,15,13,195,0.5188,0.41,0.4983,1.0,0.0095,0.5333,9.48
240_F_427857474_BChX1pSYlfjFVNqD9X8G3K14YLEz1Av3_jpg.rf.wVpJqdBuSYlOs5BfgnkF.jpg,16,285,416,276,407,19,19,361,0.5417,0.46,0.5079,1.0,0.0297,0.3424,29.71
240_F_427857474_BChX1pSYlfjFVNqD9X8G3K14YLEz1Av3_jpg.rf.wVpJqdBuSYlOs5BfgnkF.jpg,17,481,411,469,404,24,15,360,0.558,0.5,0.5099,1.0,0.045,0.3879,45.01
240_F_427857474_BChX1pSYlfjFVNqD9X8G3K14YLEz1Av3_jpg.rf.wVpJqdBuSYlOs5BfgnkF.jpg,18,218,406,199,396,39,20,780,0.5194,0.4,0.5093,1.0,0.0117,0.6415,11.69
240_F_427857474_BChX1pSYlfjFVNqD9X8G3K14YLEz1Av3_jpg.rf.wVpJqdBuSYlOs5BfgnkF.jpg,19,166,401,136,381,60,40,2400,0.5221,0.38,0.5281,1.0,0.0429,0.606,42.94
240_F_427857474_BChX1pSYlfjFVNqD9X8G3K14YLEz1Av3_jpg.rf.wVpJqdBuSYlOs5BfgnkF.jpg,20,26,372,0,348,53,49,2597,0.5332,0.42,0.5276,1.0,0.0154,0.2929,15.42
240_F_427857474_BChX1pSYlfjFVNqD9X8G3K14YLEz1Av3_jpg.rf.wVpJqdBuSYlOs5BfgnkF.jpg,21,500,356,489,345,23,22,506,0.5742,0.54,0.5103,1.0,0.066,0.3073,66.0
240_F_427857474_BChX1pSYlfjFVNqD9X8G3K14YLEz1Av3_jpg.rf.wVpJqdBuSYlOs5BfgnkF.jpg,22,446,346,435,337,22,19,418,0.5974,0.59,0.5123,1.0,0.1156,0.2467,115.61
240_F_427857474_BChX1pSYlfjFVNqD9X8G3K14YLEz1Av3_jpg.rf.wVpJqdBuSYlOs5BfgnkF.jpg,23,68,301,62,298,13,7,91,0.5422,0.38,0.5342,1.0,0.2221,0.4442,222.12
240_F_427857474_BChX1pSYlfjFVNqD9X8G3K14YLEz1Av3_jpg.rf.wVpJqdBuSYlOs5BfgnkF.jpg,24,19,322,0,295,38,55,2090,0.497,0.33,0.512,1.0,0.0232,0.6085,23.18
240_F_427857474_BChX1pSYlfjFVNqD9X8G3K14YLEz1Av3_jpg.rf.wVpJqdBuSYlOs5BfgnkF.jpg,25,485,314,458,293,54,42,2268,0.5738,0.54,0.5094,1.0,0.0654,0.3593,65.41
240_F_427857474_BChX1pSYlfjFVNqD9X8G3K14YLEz1Av3_jpg.rf.wVpJqdBuSYlOs5BfgnkF.jpg,26,406,292,399,289,15,6,90,0.4503,0.21,0.4964,1.0,0.0307,0.2016,30.71
240_F_427857474_BChX1pSYlfjFVNqD9X8G3K14YLEz1Av3_jpg.rf.wVpJqdBuSYlOs5BfgnkF.jpg,27,33,283,25,279,17,9,153,0.4911,0.31,0.5021,1.0,0.0682,0.514,68.25
240_F_427857474_BChX1pSYlfjFVNqD9X8G3K14YLEz1Av3_jpg.rf.wVpJqdBuSYlOs5BfgnkF.jpg,28,378,258,364,250,29,16,464,0.5469,0.47,0.4996,1.0,0.0756,0.3162,75.64
240_F_427857474_BChX1pSYlfjFVNqD9X8G3K14YLEz1Av3_jpg.rf.wVpJqdBuSYlOs5BfgnkF.jpg,29,487,246,463,218,49,56,2744,0.5168,0.45,0.489,0.9078,0.0665,0.1816,66.45
240_F_427857474_BChX1pSYlfjFVNqD9X8G3K14YLEz1Av3_jpg.rf.wVpJqdBuSYlOs5BfgnkF.jpg,30,48,221,40,215,16,12,192,0.5385,0.46,0.4917,1.0,0.0547,0.4494,54.68
240_F_427857474_BChX1pSYlfjFVNqD9X8G3K14YLEz1Av3_jpg.rf.wVpJqdBuSYlOs5BfgnkF.jpg,31,109,235,90,211,38,49,1862,0.4576,0.26,0.4614,1.0,0.0511,0.4039,51.13
240_F_427857474_BChX1pSYlfjFVNqD9X8G3K14YLEz1Av3_jpg.rf.wVpJqdBuSYlOs5BfgnkF.jpg,32,200,213,195,207,10,12,120,0.5045,0.36,0.5044,1.0,0.0199,0.5076,19.88
240_F_427857474_BChX1pSYlfjFVNqD9X8G3K14YLEz1Av3_jpg.rf.wVpJqdBuSYlOs5BfgnkF.jpg,33,403,201,397,196,12,11,132,0.5179,0.41,0.4825,1.0,0.0549,0.2699,54.89
240_F_427857474_BChX1pSYlfjFVNqD9X8G3K14YLEz1Av3_jpg.rf.wVpJqdBuSYlOs5BfgnkF.jpg,34,459,199,424,185,71,28,1988,0.5272,0.42,0.5061,1.0,0.0304,0.2886,30.41
240_F_427857474_BChX1pSYlfjFVNqD9X8G3K14YLEz1Av3_jpg.rf.wVpJqdBuSYlOs5BfgnkF.jpg,35,88,191,74,183,29,17,493,0.5407,0.44,0.5144,1.0,0.0671,0.3633,67.07
240_F_427857474_BChX1pSYlfjFVNqD9X8G3K14YLEz1Av3_jpg.rf.wVpJqdBuSYlOs5BfgnkF.jpg,36,91,143,82,136,18,15,270,0.5261,0.43,0.4958,1.0,0.0211,0.2605,21.15
240_F_427857474_BChX1pSYlfjFVNqD9X8G3K14YLEz1Av3_jpg.rf.wVpJqdBuSYlOs5BfgnkF.jpg,37,416,127,402,120,28,15,420,0.4537,0.22,0.5011,1.0,0.0128,0.2657,12.83
240_F_427857474_BChX1pSYlfjFVNqD9X8G3K14YLEz1Av3_jpg.rf.wVpJqdBuSYlOs5BfgnkF.jpg,38,431,106,416,99,31,15,465,0.4963,0.35,0.4952,1.0,0.0045,0.5685,4.49
240_F_427857474_BChX1pSYlfjFVNqD9X8G3K14YLEz1Av3_jpg.rf.wVpJqdBuSYlOs5BfgnkF.jpg,39,51,96,36,82,30,28,840,0.4626,0.26,0.4849,1.0,0.0186,0.469,18.62
240_F_427857474_BChX1pSYlfjFVNqD9X8G3K14YLEz1Av3_jpg.rf.wVpJqdBuSYlOs5BfgnkF.jpg,40,470,76,428,54,84,45,3780,0.4546,0.22,0.5032,1.0,0.0149,0.4058,14.9
240_F_427857474_BChX1pSYlfjFVNqD9X8G3K14YLEz1Av3_jpg.rf.wVpJqdBuSYlOs5BfgnkF.jpg,41,493,22,475,0,36,45,1620,0.4954,0.35,0.4892,1.0,0.0173,0.5203,17.25
240_F_427857474_BChX1pSYlfjFVNqD9X8G3K14YLEz1Av3_jpg.rf.wVpJqdBuSYlOs5BfgnkF.jpg,42,249,27,219,0,61,54,3294,0.5326,0.43,0.5162,1.0,0.0145,0.2096,14.48
240_F_427857506_Lg15gXNdQM0iXNpgv5QB3cBqsqGbyOk9_jpg.rf.k34aBMSgGDRuTLVeQCDd.jpg,1,262,495,248,479,29,33,957,0.5602,0.49,0.5064,1.0,0.1146,0.2564,114.62
240_F_427857506_Lg15gXNdQM0iXNpgv5QB3cBqsqGbyOk9_jpg.rf.k34aBMSgGDRuTLVeQCDd.jpg,2,411,450,405,441,12,19,228,0.5458,0.47,0.4982,1.0,0.0693,0.2218,69.28
240_F_427857506_Lg15gXNdQM0iXNpgv5QB3cBqsqGbyOk9_jpg.rf.k34aBMSgGDRuTLVeQCDd.jpg,3,494,416,485,411,18,10,180,0.5154,0.4,0.4972,1.0,0.0142,0.2455,14.18
240_F_427857506_Lg15gXNdQM0iXNpgv5QB3cBqsqGbyOk9_jpg.rf.k34aBMSgGDRuTLVeQCDd.jpg,4,384,362,376,358,17,9,153,0.4585,0.4,0.5026,0.7061,0.0138,0.1412,13.82
240_F_427857506_Lg15gXNdQM0iXNpgv5QB3cBqsqGbyOk9_jpg.rf.k34aBMSgGDRuTLVeQCDd.jpg,5,479,328,475,323,9,11,99,0.519,0.41,0.4955,1.0,0.0211,0.294,21.09
240_F_427857506_Lg15gXNdQM0iXNpgv5QB3cBqsqGbyOk9_jpg.rf.k34aBMSgGDRuTLVeQCDd.jpg,6,494,165,488,156,13,18,234,0.5056,0.37,0.5006,1.0,0.0083,0.4947,8.34
240_F_427857506_Lg15gXNdQM0iXNpgv5QB3cBqsqGbyOk9_jpg.rf.k34aBMSgGDRuTLVeQCDd.jpg,7,366,90,358,84,17,12,204,0.4956,0.41,0.4913,0.898,0.0052,0.1796,5.19
240_F_427857506_Lg15gXNdQM0iXNpgv5QB3cBqsqGbyOk9_jpg.rf.k34aBMSgGDRuTLVeQCDd.jpg,8,342,59,327,27,31,65,2015,0.4831,0.27,0.5336,1.0,0.0179,0.4289,17.89
240_F_427857506_Lg15gXNdQM0iXNpgv5QB3cBqsqGbyOk9_jpg.rf.k34aBMSgGDRuTLVeQCDd.jpg,9,366,12,359,3,15,19,285,0.4736,0.28,0.4948,1.0,0.0241,0.3545,24.13
240_F_427857506_Lg15gXNdQM0iXNpgv5QB3cBqsqGbyOk9_jpg.rf.pobXLBqVgbGRZRzsPz8r.jpg,1,262,495,248,479,29,33,957,0.5602,0.49,0.5064,1.0,0.1146,0.2564,114.62
240_F_427857506_Lg15gXNdQM0iXNpgv5QB3cBqsqGbyOk9_jpg.rf.pobXLBqVgbGRZRzsPz8r.jpg,2,411,450,405,441,12,19,228,0.5458,0.47,0.4982,1.0,0.0693,0.2218,69.28
240_F_427857506_Lg15gXNdQM0iXNpgv5QB3cBqsqGbyOk9_jpg.rf.pobXLBqVgbGRZRzsPz8r.jpg,3,494,416,485,411,18,10,180,0.5154,0.4,0.4972,1.0,0.0142,0.2455,14.18
240_F_427857506_Lg15gXNdQM0iXNpgv5QB3cBqsqGbyOk9_jpg.rf.pobXLBqVgbGRZRzsPz8r.jpg,4,384,362,376,358,17,9,153,0.4585,0.4,0.5026,0.7061,0.0138,0.1412,13.82
240_F_427857506_Lg15gXNdQM0iXNpgv5QB3cBqsqGbyOk9_jpg.rf.pobXLBqVgbGRZRzsPz8r.jpg,5,479,328,475,323,9,11,99,0.519,0.41,0.4955,1.0,0.0211,0.294,21.09
240_F_427857506_Lg15gXNdQM0iXNpgv5QB3cBqsqGbyOk9_jpg.rf.pobXLBqVgbGRZRzsPz8r.jpg,6,494,165,488,156,13,18,234,0.5056,0.37,0.5006,1.0,0.0083,0.4947,8.34
240_F_427857506_Lg15gXNdQM0iXNpgv5QB3cBqsqGbyOk9_jpg.rf.pobXLBqVgbGRZRzsPz8r.jpg,7,366,90,358,84,17,12,204,0.4956,0.41,0.4913,0.898,0.0052,0.1796,5.19
240_F_427857506_Lg15gXNdQM0iXNpgv5QB3cBqsqGbyOk9_jpg.rf.pobXLBqVgbGRZRzsPz8r.jpg,8,342,59,327,27,31,65,2015,0.4831,0.27,0.5336,1.0,0.0179,0.4289,17.89
240_F_427857506_Lg15gXNdQM0iXNpgv5QB3cBqsqGbyOk9_jpg.rf.pobXLBqVgbGRZRzsPz8r.jpg,9,366,12,359,3,15,19,285,0.4736,0.28,0.4948,1.0,0.0241,0.3545,24.13
240_F_467509272_bAIsmTDHgerv0vs1iqANG9I9RAHIOIHI_jpg.rf.6klj1wdR4RJkclbFCc0M.jpg,1,206,478,181,445,50,67,3350,0.4874,0.28,0.5208,1.0,0.0713,0.4907,71.32
240_F_467509272_bAIsmTDHgerv0vs1iqANG9I9RAHIOIHI_jpg.rf.6klj1wdR4RJkclbFCc0M.jpg,2,28,368,23,359,10,18,180,0.5715,0.37,0.4948,1.0,0.6882,0.2045,688.19
240_F_467509272_bAIsmTDHgerv0vs1iqANG9I9RAHIOIHI_jpg.rf.6klj1wdR4RJkclbFCc0M.jpg,3,31,340,24,332,15,16,240,0.4526,0.35,0.5536,0.5423,0.279,0.1085,279.04
240_F_467509272_bAIsmTDHgerv0vs1iqANG9I9RAHIOIHI_jpg.rf.6klj1wdR4RJkclbFCc0M.jpg,4,488,296,483,289,10,15,150,0.5018,0.33,0.4944,0.7828,0.567,0.1566,566.99
240_F_467509272_bAIsmTDHgerv0vs1iqANG9I9RAHIOIHI_jpg.rf.6klj1wdR4RJkclbFCc0M.jpg,5,274,319,245,282,58,75,4350,0.4929,0.25,0.4292,1.0,0.5522,0.3931,552.19
240_F_467509272_bAIsmTDHgerv0vs1iqANG9I9RAHIOIHI_jpg.rf.6klj1wdR4RJkclbFCc0M.jpg,6,211,213,197,174,28,78,2184,0.5618,0.27,0.5381,1.0,0.7899,0.3197,789.93
240_F_467509272_bAIsmTDHgerv0vs1iqANG9I9RAHIOIHI_jpg.rf.6klj1wdR4RJkclbFCc0M.jpg,7,282,217,255,169,55,97,5335,0.5003,0.32,0.4281,1.0,0.3846,0.3579,384.57
240_F_467509272_bAIsmTDHgerv0vs1iqANG9I9RAHIOIHI_jpg.rf.6klj1wdR4RJkclbFCc0M.jpg,8,25,203,6,158,39,90,3510,0.4765,0.25,0.4914,1.0,0.17,0.3964,170.0
240_F_467509272_bAIsmTDHgerv0vs1iqANG9I9RAHIOIHI_jpg.rf.ZqruADPkmt6wPBEkgiHY.jpg,1,206,478,181,445,50,67,3350,0.4874,0.28,0.5208,1.0,0.0713,0.4907,71.32
240_F_467509272_bAIsmTDHgerv0vs1iqANG9I9RAHIOIHI_jpg.rf.ZqruADPkmt6wPBEkgiHY.jpg,2,29,368,26,362,7,13,91,0.5784,0.36,0.497,1.0,0.7841,0.2337,784.15
240_F_467509272_bAIsmTDHgerv0vs1iqANG9I9RAHIOIHI_jpg.rf.ZqruADPkmt6wPBEkgiHY.jpg,3,31,340,24,332,15,16,240,0.4527,0.35,0.5539,0.5423,0.279,0.1085,279.04
240_F_467509272_bAIsmTDHgerv0vs1iqANG9I9RAHIOIHI_jpg.rf.ZqruADPkmt6wPBEkgiHY.jpg,4,482,297,472,289,21,16,336,0.5186,0.35,0.4719,0.6548,1.0,0.131,1003.5
240_F_467509272_bAIsmTDHgerv0vs1iqANG9I9RAHIOIHI_jpg.rf.ZqruADPkmt6wPBEkgiHY.jpg,5,274,319,245,282,58,75,4350,0.4925,0.25,0.4283,1.0,0.5511,0.3931,551.06
240_F_467509272_bAIsmTDHgerv0vs1iqANG9I9RAHIOIHI_jpg.rf.ZqruADPkmt6wPBEkgiHY.jpg,6,211,213,197,174,28,78,2184,0.561,0.27,0.5368,1.0,0.7865,0.3208,786.48
240_F_467509272_bAIsmTDHgerv0vs1iqANG9I9RAHIOIHI_jpg.rf.ZqruADPkmt6wPBEkgiHY.jpg,7,280,217,251,169,58,96,5568,0.4958,0.32,0.4204,1.0,0.3671,0.3442,367.14
240_F_467509272_bAIsmTDHgerv0vs1iqANG9I9RAHIOIHI_jpg.rf.ZqruADPkmt6wPBEkgiHY.jpg,8,25,203,6,158,39,90,3510,0.4756,0.25,0.489,1.0,0.1697,0.3968,169.72
240_F_72644822_xw8H0BORb5C4rrh33CcnTWYHjqx8VtAI_jpg.rf.9zU1EphIHEdGCvdUmAD2.jpg,1,311,72,304,68,14,8,112,0.4956,0.26,0.5351,1.0,0.1738,0.2385,173.77
240_F_72644822_xw8H0BORb5C4rrh33CcnTWYHjqx8VtAI_jpg.rf.cLzqEygoYOO6rHvlVTBF.jpg,1,311,72,304,68,14,8,112,0.4956,0.26,0.5351,1.0,0.1738,0.2385,173.77
240_F_72684199_go7Y3a1x3zMZIu3TP9imsMhhoH3CrzWO_jpg.rf.ryaeDoPxZs3YB6GCKmNB.jpg,1,146,503,135,495,22,17,374,0.4978,0.39,0.5177,0.7801,0.2407,0.156,240.75
240_F_72684199_go7Y3a1x3zMZIu3TP9imsMhhoH3CrzWO_jpg.rf.ryaeDoPxZs3YB6GCKmNB.jpg,2,108,502,97,493,22,19,418,0.4905,0.39,0.5388,0.7,0.2537,0.14,253.68
240_F_72684199_go7Y3a1x3zMZIu3TP9imsMhhoH3CrzWO_jpg.rf.ryaeDoPxZs3YB6GCKmNB.jpg,3,24,496,17,491,15,11,165,0.6436,0.62,0.4953,1.0,0.5325,0.4525,532.49
240_F_72684199_go7Y3a1x3zMZIu3TP9imsMhhoH3CrzWO_jpg.rf.ryaeDoPxZs3YB6GCKmNB.jpg,4,71,499,64,486,15,26,390,0.5494,0.38,0.516,1.0,0.3578,0.2917,357.76
240_F_72684199_go7Y3a1x3zMZIu3TP9imsMhhoH3CrzWO_jpg.rf.ryaeDoPxZs3YB6GCKmNB.jpg,5,31,471,26,466,11,10,110,0.561,0.4,0.5167,1.0,0.4011,0.2925,401.06
240_F_72684199_go7Y3a1x3zMZIu3TP9imsMhhoH3CrzWO_jpg.rf.ryaeDoPxZs3YB6GCKmNB.jpg,6,504,462,497,456,15,13,195,0.5473,0.4,0.5442,1.0,0.1689,0.3733,168.85
240_F_72684199_go7Y3a1x3zMZIu3TP9imsMhhoH3CrzWO_jpg.rf.ryaeDoPxZs3YB6GCKmNB.jpg,7,382,454,368,431,29,46,1334,0.5487,0.39,0.4764,1.0,0.4548,0.3011,454.84
240_F_72684199_go7Y3a1x3zMZIu3TP9imsMhhoH3CrzWO_jpg.rf.ryaeDoPxZs3YB6GCKmNB.jpg,8,249,443,242,431,15,24,360,0.4883,0.38,0.5252,0.8025,0.1094,0.1605,109.39
240_F_72684199_go7Y3a1x3zMZIu3TP9imsMhhoH3CrzWO_jpg.rf.ryaeDoPxZs3YB6GCKmNB.jpg,9,274,431,269,424,11,15,165,0.5108,0.35,0.511,1.0,0.0946,0.3124,94.58
240_F_72684199_go7Y3a1x3zMZIu3TP9imsMhhoH3CrzWO_jpg.rf.ryaeDoPxZs3YB6GCKmNB.jpg,10,5,435,0,421,10,28,280,0.5283,0.37,0.5165,1.0,0.1801,0.5016,180.08
240_F_72684199_go7Y3a1x3zMZIu3TP9imsMhhoH3CrzWO_jpg.rf.ryaeDoPxZs3YB6GCKmNB.jpg,11,158,429,154,419,8,21,168,0.5261,0.37,0.5295,0.9848,0.1434,0.197,143.42
240_F_72684199_go7Y3a1x3zMZIu3TP9imsMhhoH3CrzWO_jpg.rf.ryaeDoPxZs3YB6GCKmNB.jpg,12,358,422,350,418,16,9,144,0.5558,0.38,0.5073,0.9524,0.5478,0.1905,547.84
240_F_72684199_go7Y3a1x3zMZIu3TP9imsMhhoH3CrzWO_jpg.rf.ryaeDoPxZs3YB6GCKmNB.jpg,13,18,411,0,398,36,27,972,0.5389,0.38,0.5502,1.0,0.1337,0.3822,133.74
240_F_72684199_go7Y3a1x3zMZIu3TP9imsMhhoH3CrzWO_jpg.rf.ryaeDoPxZs3YB6GCKmNB.jpg,14,266,394,260,378,13,32,416,0.5417,0.38,0.5511,1.0,0.1579,0.4518,157.93
240_F_72684199_go7Y3a1x3zMZIu3TP9imsMhhoH3CrzWO_jpg.rf.ryaeDoPxZs3YB6GCKmNB.jpg,15,489,402,466,375,46,54,2484,0.5942,0.52,0.5684,1.0,0.1322,0.3383,132.23
240_F_72684199_go7Y3a1x3zMZIu3TP9imsMhhoH3CrzWO_jpg.rf.ryaeDoPxZs3YB6GCKmNB.jpg,16,91,370,87,364,9,12,108,0.4527,0.37,0.4801,0.744,0.0641,0.1488,64.09
240_F_72684199_go7Y3a1x3zMZIu3TP9imsMhhoH3CrzWO_jpg.rf.ryaeDoPxZs3YB6GCKmNB.jpg,17,13,305,8,299,11,13,143,0.5244,0.36,0.5428,1.0,0.0845,0.2052,84.48
240_F_72684199_go7Y3a1x3zMZIu3TP9imsMhhoH3CrzWO_jpg.rf.ryaeDoPxZs3YB6GCKmNB.jpg,18,43,339,0,297,87,84,7308,0.5136,0.36,0.5196,1.0,0.0575,0.2825,57.52
240_F_72684199_go7Y3a1x3zMZIu3TP9imsMhhoH3CrzWO_jpg.rf.ryaeDoPxZs3YB6GCKmNB.jpg,19,169,300,163,293,12,14,168,0.4917,0.31,0.5021,1.0,0.0742,0.2644,74.22
240_F_72684199_go7Y3a1x3zMZIu3TP9imsMhhoH3CrzWO_jpg.rf.ryaeDoPxZs3YB6GCKmNB.jpg,20,36,252,29,246,14,12,168,0.5777,0.56,0.511,0.9696,0.0891,0.1939,89.06
240_F_72684199_go7Y3a1x3zMZIu3TP9imsMhhoH3CrzWO_jpg.rf.ryaeDoPxZs3YB6GCKmNB.jpg,21,454,160,450,148,9,24,216,0.485,0.28,0.5143,1.0,0.0701,0.3095,70.05
240_F_72684199_go7Y3a1x3zMZIu3TP9imsMhhoH3CrzWO_jpg.rf.ryaeDoPxZs3YB6GCKmNB.jpg,22,374,148,369,143,11,10,110,0.5338,0.35,0.5423,0.9585,0.2985,0.1917,298.51
240_F_72684199_go7Y3a1x3zMZIu3TP9imsMhhoH3CrzWO_jpg.rf.ryaeDoPxZs3YB6GCKmNB.jpg,23,8,152,0,140,16,24,384,0.5475,0.46,0.5443,0.9596,0.0412,0.1919,41.22
240_F_72684199_go7Y3a1x3zMZIu3TP9imsMhhoH3CrzWO_jpg.rf.ryaeDoPxZs3YB6GCKmNB.jpg,24,476,119,469,111,14,17,238,0.4757,0.27,0.5094,1.0,0.0289,0.4204,28.85
240_F_72684199_go7Y3a1x3zMZIu3TP9imsMhhoH3CrzWO_jpg.rf.ryaeDoPxZs3YB6GCKmNB.jpg,25,472,85,465,81,15,9,135,0.5626,0.52,0.4985,1.0,0.061,0.3616,61.05
240_F_72684199_go7Y3a1x3zMZIu3TP9imsMhhoH3CrzWO_jpg.rf.ryaeDoPxZs3YB6GCKmNB.jpg,26,44,96,31,76,26,41,1066,0.5618,0.52,0.4982,1.0,0.0545,0.4091,54.51
240_F_72684199_go7Y3a1x3zMZIu3TP9imsMhhoH3CrzWO_jpg.rf.ryaeDoPxZs3YB6GCKmNB.jpg,27,79,75,74,65,10,20,200,0.4812,0.29,0.5006,1.0,0.0445,0.2557,44.5
240_F_72684199_go7Y3a1x3zMZIu3TP9imsMhhoH3CrzWO_jpg.rf.ryaeDoPxZs3YB6GCKmNB.jpg,28,158,69,153,58,11,22,242,0.5442,0.45,0.5261,1.0,0.0261,0.3171,26.08
240_F_72684199_go7Y3a1x3zMZIu3TP9imsMhhoH3CrzWO_jpg.rf.ryaeDoPxZs3YB6GCKmNB.jpg,29,278,60,269,50,18,21,378,0.4948,0.3,0.5311,1.0,0.0395,0.2313,39.47
240_F_72684199_go7Y3a1x3zMZIu3TP9imsMhhoH3CrzWO_jpg.rf.ryaeDoPxZs3YB6GCKmNB.jpg,30,123,61,112,48,22,26,572,0.4807,0.27,0.5169,1.0,0.0526,0.2957,52.64
240_F_72684199_go7Y3a1x3zMZIu3TP9imsMhhoH3CrzWO_jpg.rf.ryaeDoPxZs3YB6GCKmNB.jpg,31,478,39,472,33,12,13,156,0.5329,0.49,0.5247,0.875,0.0272,0.175,27.21
240_F_72684199_go7Y3a1x3zMZIu3TP9imsMhhoH3CrzWO_jpg.rf.ryaeDoPxZs3YB6GCKmNB.jpg,32,67,18,54,0,27,37,999,0.5672,0.5,0.5369,1.0,0.0425,0.4341,42.55
240_F_72684199_go7Y3a1x3zMZIu3TP9imsMhhoH3CrzWO_jpg.rf.tIvo71DXlljhHMakxBbm.jpg,1,146,503,135,495,22,17,374,0.4978,0.39,0.5177,0.7801,0.2407,0.156,240.75
240_F_72684199_go7Y3a1x3zMZIu3TP9imsMhhoH3CrzWO_jpg.rf.tIvo71DXlljhHMakxBbm.jpg,2,108,502,97,493,22,19,418,0.4905,0.39,0.5388,0.7,0.2537,0.14,253.68
240_F_72684199_go7Y3a1x3zMZIu3TP9imsMhhoH3CrzWO_jpg.rf.tIvo71DXlljhHMakxBbm.jpg,3,24,496,17,491,15,11,165,0.6436,0.62,0.4953,1.0,0.5325,0.4525,532.49
240_F_72684199_go7Y3a1x3zMZIu3TP9imsMhhoH3CrzWO_jpg.rf.tIvo71DXlljhHMakxBbm.jpg,4,71,499,64,486,15,26,390,0.5494,0.38,0.516,1.0,0.3578,0.2917,357.76
240_F_72684199_go7Y3a1x3zMZIu3TP9imsMhhoH3CrzWO_jpg.rf.tIvo71DXlljhHMakxBbm.jpg,5,31,471,26,466,11,10,110,0.561,0.4,0.5167,1.0,0.4011,0.2925,401.06
240_F_72684199_go7Y3a1x3zMZIu3TP9imsMhhoH3CrzWO_jpg.rf.tIvo71DXlljhHMakxBbm.jpg,6,504,462,497,456,15,13,195,0.5476,0.4,0.545,1.0,0.1688,0.3733,168.81
240_F_72684199_go7Y3a1x3zMZIu3TP9imsMhhoH3CrzWO_jpg.rf.tIvo71DXlljhHMakxBbm.jpg,7,249,443,242,431,15,24,360,0.4883,0.38,0.5254,0.8025,0.1095,0.1605,109.45
240_F_72684199_go7Y3a1x3zMZIu3TP9imsMhhoH3CrzWO_jpg.rf.tIvo71DXlljhHMakxBbm.jpg,8,382,453,368,430,29,47,1363,0.5511,0.39,0.4839,1.0,0.4528,0.2919,452.77
240_F_72684199_go7Y3a1x3zMZIu3TP9imsMhhoH3CrzWO_jpg.rf.tIvo71DXlljhHMakxBbm.jpg,9,274,431,269,424,11,15,165,0.5108,0.35,0.511,1.0,0.0946,0.3124,94.58
240_F_72684199_go7Y3a1x3zMZIu3TP9imsMhhoH3CrzWO_jpg.rf.tIvo71DXlljhHMakxBbm.jpg,10,5,435,0,421,10,28,280,0.5283,0.37,0.5165,1.0,0.1801,0.5016,180.08
240_F_72684199_go7Y3a1x3zMZIu3TP9imsMhhoH3CrzWO_jpg.rf.tIvo71DXlljhHMakxBbm.jpg,11,158,429,154,419,8,21,168,0.5261,0.37,0.5295,0.9848,0.1434,0.197,143.42
240_F_72684199_go7Y3a1x3zMZIu3TP9imsMhhoH3CrzWO_jpg.rf.tIvo71DXlljhHMakxBbm.jpg,12,358,422,350,418,16,9,144,0.5558,0.38,0.5073,0.9524,0.5478,0.1905,547.84
240_F_72684199_go7Y3a1x3zMZIu3TP9imsMhhoH3CrzWO_jpg.rf.tIvo71DXlljhHMakxBbm.jpg,13,18,411,0,398,36,27,972,0.5389,0.38,0.5502,1.0,0.1337,0.3822,133.74
240_F_72684199_go7Y3a1x3zMZIu3TP9imsMhhoH3CrzWO_jpg.rf.tIvo71DXlljhHMakxBbm.jpg,14,266,394,260,378,13,32,416,0.5421,0.38,0.5522,1.0,0.158,0.4518,157.99
240_F_72684199_go7Y3a1x3zMZIu3TP9imsMhhoH3CrzWO_jpg.rf.tIvo71DXlljhHMakxBbm.jpg,15,489,402,466,375,46,54,2484,0.5942,0.52,0.5684,1.0,0.1322,0.3383,132.23
240_F_72684199_go7Y3a1x3zMZIu3TP9imsMhhoH3CrzWO_jpg.rf.tIvo71DXlljhHMakxBbm.jpg,16,91,370,87,364,9,12,108,0.4527,0.37,0.4801,0.744,0.0641,0.1488,64.09
240_F_72684199_go7Y3a1x3zMZIu3TP9imsMhhoH3CrzWO_jpg.rf.tIvo71DXlljhHMakxBbm.jpg,17,13,305,8,299,11,13,143,0.5244,0.36,0.5428,1.0,0.0845,0.2052,84.48
240_F_72684199_go7Y3a1x3zMZIu3TP9imsMhhoH3CrzWO_jpg.rf.tIvo71DXlljhHMakxBbm.jpg,18,43,339,0,297,87,84,7308,0.5136,0.36,0.5196,1.0,0.0575,0.2825,57.52
240_F_72684199_go7Y3a1x3zMZIu3TP9imsMhhoH3CrzWO_jpg.rf.tIvo71DXlljhHMakxBbm.jpg,19,169,300,163,293,12,14,168,0.4909,0.31,0.4999,1.0,0.0743,0.2724,74.26
240_F_72684199_go7Y3a1x3zMZIu3TP9imsMhhoH3CrzWO_jpg.rf.tIvo71DXlljhHMakxBbm.jpg,20,36,252,29,246,14,12,168,0.5777,0.56,0.511,0.9696,0.0891,0.1939,89.06
240_F_72684199_go7Y3a1x3zMZIu3TP9imsMhhoH3CrzWO_jpg.rf.tIvo71DXlljhHMakxBbm.jpg,21,454,160,450,148,9,24,216,0.485,0.28,0.5143,1.0,0.0701,0.3095,70.05
240_F_72684199_go7Y3a1x3zMZIu3TP9imsMhhoH3CrzWO_jpg.rf.tIvo71DXlljhHMakxBbm.jpg,22,374,148,369,143,11,10,110,0.5338,0.35,0.5423,0.9585,0.2985,0.1917,298.51
240_F_72684199_go7Y3a1x3zMZIu3TP9imsMhhoH3CrzWO_jpg.rf.tIvo71DXlljhHMakxBbm.jpg,23,8,152,0,140,16,24,384,0.5475,0.46,0.5443,0.9596,0.0412,0.1919,41.22
240_F_72684199_go7Y3a1x3zMZIu3TP9imsMhhoH3CrzWO_jpg.rf.tIvo71DXlljhHMakxBbm.jpg,24,476,119,469,111,14,17,238,0.4757,0.27,0.5094,1.0,0.0289,0.4204,28.85
240_F_72684199_go7Y3a1x3zMZIu3TP9imsMhhoH3CrzWO_jpg.rf.tIvo71DXlljhHMakxBbm.jpg,25,472,85,465,81,15,9,135,0.5626,0.52,0.4985,1.0,0.061,0.3616,61.05
240_F_72684199_go7Y3a1x3zMZIu3TP9imsMhhoH3CrzWO_jpg.rf.tIvo71DXlljhHMakxBbm.jpg,26,44,96,31,76,26,41,1066,0.5622,0.52,0.4993,1.0,0.0545,0.4086,54.55
240_F_72684199_go7Y3a1x3zMZIu3TP9imsMhhoH3CrzWO_jpg.rf.tIvo71DXlljhHMakxBbm.jpg,27,78,75,74,65,9,20,180,0.4853,0.3,0.5021,1.0,0.0454,0.2679,45.37
240_F_72684199_go7Y3a1x3zMZIu3TP9imsMhhoH3CrzWO_jpg.rf.tIvo71DXlljhHMakxBbm.jpg,28,158,69,153,58,11,22,242,0.5442,0.45,0.5261,1.0,0.0261,0.3171,26.08
240_F_72684199_go7Y3a1x3zMZIu3TP9imsMhhoH3CrzWO_jpg.rf.tIvo71DXlljhHMakxBbm.jpg,29,278,60,269,50,18,21,378,0.4948,0.3,0.5311,1.0,0.0395,0.2313,39.47
240_F_72684199_go7Y3a1x3zMZIu3TP9imsMhhoH3CrzWO_jpg.rf.tIvo71DXlljhHMakxBbm.jpg,30,123,61,112,48,22,26,572,0.4807,0.27,0.5169,1.0,0.0526,0.2957,52.64
240_F_72684199_go7Y3a1x3zMZIu3TP9imsMhhoH3CrzWO_jpg.rf.tIvo71DXlljhHMakxBbm.jpg,31,478,39,472,33,12,13,156,0.5329,0.49,0.5247,0.875,0.0272,0.175,27.21
240_F_72684199_go7Y3a1x3zMZIu3TP9imsMhhoH3CrzWO_jpg.rf.tIvo71DXlljhHMakxBbm.jpg,32,67,18,54,0,27,37,999,0.5672,0.5,0.5369,1.0,0.0425,0.4341,42.55
240_F_94529112_BCEF0hlHJLIE5P2IGBx4AhQLwmHAXPFZ_jpg.rf.eFX1SXwsUjnvt7insfYa.jpg,1,21,455,0,399,43,113,4859,0.4551,0.23,0.4982,1.0,0.0023,0.9853,2.26
240_F_94529112_BCEF0hlHJLIE5P2IGBx4AhQLwmHAXPFZ_jpg.rf.eFX1SXwsUjnvt7insfYa.jpg,2,504,337,496,332,16,11,176,0.5037,0.42,0.4991,0.8893,0.0419,0.1779,41.94
240_F_94529112_BCEF0hlHJLIE5P2IGBx4AhQLwmHAXPFZ_jpg.rf.eFX1SXwsUjnvt7insfYa.jpg,3,7,225,0,205,14,40,560,0.4889,0.33,0.4946,1.0,0.0027,0.6,2.68
240_F_94529112_BCEF0hlHJLIE5P2IGBx4AhQLwmHAXPFZ_jpg.rf.phkv8DwB9Yi3bt4E62BW.jpg,1,21,455,0,399,43,113,4859,0.4551,0.23,0.4982,1.0,0.0023,0.9853,2.26
240_F_94529112_BCEF0hlHJLIE5P2IGBx4AhQLwmHAXPFZ_jpg.rf.phkv8DwB9Yi3bt4E62BW.jpg,2,504,337,496,332,16,11,176,0.5037,0.42,0.4991,0.8893,0.0419,0.1779,41.94
240_F_94529112_BCEF0hlHJLIE5P2IGBx4AhQLwmHAXPFZ_jpg.rf.phkv8DwB9Yi3bt4E62BW.jpg,3,7,225,0,205,14,40,560,0.4889,0.33,0.4946,1.0,0.0027,0.6,2.68
254965218_1553247338388982_7569630998062588060_n_jpg.rf.lj7N9rgu89URjmso8ScR.jpg,1,23,497,12,487,22,20,440,0.4507,0.21,0.492,1.0,0.0504,0.5854,50.45
254965218_1553247338388982_7569630998062588060_n_jpg.rf.lj7N9rgu89URjmso8ScR.jpg,2,55,454,52,445,7,18,126,0.5036,0.37,0.4951,1.0,0.0081,0.3509,8.09
254965218_1553247338388982_7569630998062588060_n_jpg.rf.lj7N9rgu89URjmso8ScR.jpg,3,98,405,66,388,64,34,2176,0.4683,0.21,0.5467,1.0,0.0345,0.532,34.51
254965218_1553247338388982_7569630998062588060_n_jpg.rf.lj7N9rgu89URjmso8ScR.jpg,4,304,395,284,377,41,37,1517,0.497,0.28,0.5532,1.0,0.0544,0.4028,54.36
254965218_1553247338388982_7569630998062588060_n_jpg.rf.lj7N9rgu89URjmso8ScR.jpg,5,504,317,496,311,16,12,192,0.4732,0.28,0.4971,1.0,0.0119,0.2008,11.87
254faf33baab437aa42c2b6154a470c8_jpg.rf.K8SGvJiCZBJjgHVvzF5t.jpg,1,305,466,298,454,14,24,336,0.5557,0.47,0.5351,1.0,0.0393,0.2714,39.27
25_jpg.rf.PJCW5bprbOhWwyOaTUQA.jpg,1,380,274,342,265,77,18,1386,0.5736,0.29,0.4918,1.0,1.0,0.3951,6642.94
25_jpg.rf.PJCW5bprbOhWwyOaTUQA.jpg,2,471,255,462,251,19,9,171,0.5007,0.27,0.3965,0.8372,1.0,0.1674,4314.22
25_jpg.rf.PJCW5bprbOhWwyOaTUQA.jpg,3,281,189,241,162,81,54,4374,0.593,0.28,0.5571,1.0,1.0,0.2289,3561.79
25_jpg.rf.PJCW5bprbOhWwyOaTUQA.jpg,4,430,167,390,154,80,26,2080,0.6379,0.38,0.5853,1.0,1.0,0.4133,2526.86
25_jpg.rf.PJCW5bprbOhWwyOaTUQA.jpg,5,148,134,115,94,67,80,5360,0.5859,0.28,0.5367,1.0,1.0,0.245,4141.41
25_jpg.rf.aDlPCJkiV3tFymMzXom4.jpg,1,255,417,249,409,12,17,204,0.5526,0.27,0.4977,0.9195,1.0,0.1839,3116.41
25_jpg.rf.aDlPCJkiV3tFymMzXom4.jpg,2,134,403,115,355,38,97,3686,0.6747,0.39,0.6805,1.0,1.0,0.3242,3171.86
25_jpg.rf.aDlPCJkiV3tFymMzXom4.jpg,3,279,351,267,320,24,62,1488,0.5918,0.3,0.5336,1.0,1.0,0.4317,4474.18
25_jpg.rf.aDlPCJkiV3tFymMzXom4.jpg,4,166,277,132,246,68,62,4216,0.6563,0.55,0.468,1.0,1.0,0.2514,2244.25
25_jpg.rf.aDlPCJkiV3tFymMzXom4.jpg,5,67,182,40,162,55,41,2255,0.6202,0.32,0.5948,1.0,1.0,0.2411,3853.88
25_jpg.rf.rmzcFzli4M2R5QwUqaV1.jpg,1,420,337,368,311,104,52,5408,0.5942,0.31,0.5305,1.0,1.0,0.2456,2887.49
25_jpg.rf.rmzcFzli4M2R5QwUqaV1.jpg,2,346,237,310,206,72,62,4464,0.6103,0.37,0.5167,1.0,1.0,0.2477,1658.68
25_jpg.rf.rmzcFzli4M2R5QwUqaV1.jpg,3,243,140,223,88,41,105,4305,0.5467,0.28,0.4247,1.0,1.0,0.2485,1761.7
25_jpg.rf.rmzcFzli4M2R5QwUqaV1.jpg,4,378,111,359,62,39,99,3861,0.5823,0.29,0.5165,1.0,1.0,0.3166,1295.04
26_jpg.rf.RyVoSXRT7aYWBdgxIcGh.jpg,1,257,398,244,393,27,11,297,0.6798,0.53,0.555,1.0,1.0,0.2219,2666.79
26_jpg.rf.RyVoSXRT7aYWBdgxIcGh.jpg,2,212,362,188,347,48,30,1440,0.6114,0.34,0.5498,1.0,1.0,0.3024,3116.02
26_jpg.rf.RyVoSXRT7aYWBdgxIcGh.jpg,3,436,27,424,14,24,26,624,0.6811,0.57,0.5187,1.0,1.0,0.2156,8794.89
26_jpg.rf.yELG4VOLmix2Bstfs1aH.jpg,1,85,496,75,480,20,32,640,0.6328,0.43,0.5207,1.0,1.0,0.236,10882.28
26_jpg.rf.yELG4VOLmix2Bstfs1aH.jpg,2,344,236,321,166,46,140,6440,0.5611,0.31,0.4361,1.0,1.0,0.3627,2052.4
275px-Crocus_sativus1_jpg.rf.YIxh8pTIGi5suM2lg54W.jpg,1,338,260,329,251,19,18,342,0.5931,0.59,0.4954,1.0,0.1319,0.2075,131.91
275px-Crocus_sativus1_jpg.rf.YIxh8pTIGi5suM2lg54W.jpg,2,455,256,447,248,17,16,272,0.5934,0.55,0.5348,1.0,0.1374,0.3387,137.38
27_jpg.rf.9i7tRLlccM2fxGWud3GM.jpg,1,62,383,34,371,56,25,1400,0.5417,0.4,0.495,0.9777,0.3291,0.1955,329.12
27_jpg.rf.9i7tRLlccM2fxGWud3GM.jpg,2,42,269,31,260,23,18,414,0.6256,0.41,0.5388,1.0,0.935,0.2467,934.96
27_jpg.rf.9i7tRLlccM2fxGWud3GM.jpg,3,246,98,239,90,14,16,224,0.6245,0.47,0.5458,0.8448,1.0,0.169,5882.53
27_jpg.rf.U1pox64unr8pP4yyvubw.jpg,1,245,414,238,406,15,16,240,0.5696,0.47,0.4296,0.7738,1.0,0.1548,5583.18
27_jpg.rf.U1pox64unr8pP4yyvubw.jpg,2,42,243,31,234,23,18,414,0.6052,0.41,0.4736,1.0,0.9595,0.2476,959.46
27_jpg.rf.U1pox64unr8pP4yyvubw.jpg,3,194,212,130,196,129,32,4128,0.6258,0.35,0.5807,1.0,1.0,0.2808,2000.95
27_jpg.rf.U1pox64unr8pP4yyvubw.jpg,4,91,189,74,183,35,12,420,0.6071,0.31,0.5984,1.0,0.8915,0.289,891.48
27_jpg.rf.U1pox64unr8pP4yyvubw.jpg,5,60,127,34,115,52,25,1300,0.5398,0.39,0.4894,1.0,0.3198,0.2128,319.81
28_jpg.rf.1tCy0Bzvy2JJRESN2hwL.jpg,1,267,200,204,119,127,163,20701,0.497,0.29,0.4256,1.0,0.4659,0.2804,465.86
28_jpg.rf.Ef29lRND6YmpQKVyZcQ3.jpg,1,228,276,171,246,114,61,6954,0.6715,0.46,0.6015,1.0,1.0,0.3705,1614.78
28_jpg.rf.Ef29lRND6YmpQKVyZcQ3.jpg,2,92,245,53,222,79,47,3713,0.5412,0.28,0.4091,1.0,1.0,0.2522,1582.69
28_jpg.rf.Y2w5Y74Aw0EfEBYqnODH.jpg,1,244,201,181,119,127,164,20828,0.5997,0.26,0.5964,1.0,1.0,0.268,2548.36
2911550427_e00c9ce0bd_c_jpg.rf.3QDGEEwqgwQQq4hINRAl.jpg,1,66,480,56,455,20,51,1020,0.4995,0.34,0.5137,1.0,0.007,0.3626,6.95
2911550427_e00c9ce0bd_c_jpg.rf.3QDGEEwqgwQQq4hINRAl.jpg,2,21,456,0,432,42,49,2058,0.5282,0.43,0.5052,1.0,0.0091,0.2787,9.14
2911550427_e00c9ce0bd_c_jpg.rf.3QDGEEwqgwQQq4hINRAl.jpg,3,271,360,262,355,18,10,180,0.4686,0.27,0.485,1.0,0.044,0.3667,44.0
2911550427_e00c9ce0bd_c_jpg.rf.3QDGEEwqgwQQq4hINRAl.jpg,4,226,353,212,343,29,21,609,0.4994,0.26,0.5953,0.9276,0.1457,0.1855,145.65
29_jpg.rf.3tOunvgDkvGtIBqhxgdN.jpg,1,266,277,229,203,75,149,11175,0.4793,0.3,0.4653,1.0,0.1141,0.5337,114.09
2_jpg.rf.IyuvSc5Cv0RPFNIQO8Qu.jpg,1,9,148,0,138,19,21,399,0.569,0.28,0.6669,1.0,0.3758,0.3782,375.83
2d11bdac2bca6266ed62e4c39bc69b72_jpg.rf.YQO1I0SXMjiyq3uv1oNI.jpg,1,438,167,416,162,45,11,495,0.5357,0.34,0.5122,1.0,0.3747,0.2426,374.67
30_jpg.rf.PZXhjC9xjWuscZn1TfgD.jpg,1,272,506,266,501,13,11,143,0.7002,0.59,0.5533,1.0,1.0,0.3176,2464.16
30_jpg.rf.PZXhjC9xjWuscZn1TfgD.jpg,2,324,506,312,500,24,12,288,0.6276,0.39,0.546,1.0,1.0,0.7238,3688.05
30_jpg.rf.PZXhjC9xjWuscZn1TfgD.jpg,3,10,466,0,460,21,12,252,0.7127,0.59,0.5891,1.0,1.0,0.284,4047.02
30_jpg.rf.PZXhjC9xjWuscZn1TfgD.jpg,4,412,476,396,441,33,71,2343,0.652,0.58,0.4257,1.0,1.0,0.5717,1304.82
30_jpg.rf.PZXhjC9xjWuscZn1TfgD.jpg,5,293,442,268,412,51,61,3111,0.7006,0.58,0.5645,1.0,1.0,0.3188,1409.39
30_jpg.rf.PZXhjC9xjWuscZn1TfgD.jpg,6,478,387,444,361,68,53,3604,0.6817,0.58,0.5106,1.0,1.0,0.3958,2492.75
30_jpg.rf.PZXhjC9xjWuscZn1TfgD.jpg,7,324,399,306,360,37,79,2923,0.663,0.58,0.4571,1.0,1.0,0.3739,1556.62
30_jpg.rf.PZXhjC9xjWuscZn1TfgD.jpg,8,379,361,372,357,15,8,120,0.6861,0.55,0.553,1.0,1.0,0.3037,1936.93
30_jpg.rf.PZXhjC9xjWuscZn1TfgD.jpg,9,339,345,314,327,50,36,1800,0.6683,0.55,0.5024,1.0,1.0,0.253,1534.48
30_jpg.rf.PZXhjC9xjWuscZn1TfgD.jpg,10,27,244,11,234,32,21,672,0.6538,0.4,0.6109,1.0,1.0,0.3774,2338.8
30_jpg.rf.PZXhjC9xjWuscZn1TfgD.jpg,11,348,260,328,230,41,61,2501,0.6809,0.58,0.5084,1.0,1.0,0.3086,1586.54
30_jpg.rf.PZXhjC9xjWuscZn1TfgD.jpg,12,366,180,356,169,21,22,462,0.6989,0.59,0.5497,1.0,1.0,0.3004,1023.09
30_jpg.rf.PZXhjC9xjWuscZn1TfgD.jpg,13,29,175,22,168,15,15,225,0.6471,0.44,0.5516,1.0,1.0,0.4911,1314.31
30_jpg.rf.PZXhjC9xjWuscZn1TfgD.jpg,14,132,174,120,165,24,19,456,0.7167,0.61,0.5806,1.0,1.0,0.4373,1274.85
30_jpg.rf.PZXhjC9xjWuscZn1TfgD.jpg,15,256,185,228,164,56,42,2352,0.697,0.59,0.5443,1.0,1.0,0.2911,1675.92
30_jpg.rf.PZXhjC9xjWuscZn1TfgD.jpg,16,315,170,311,163,8,14,112,0.7057,0.59,0.5692,1.0,1.0,0.2308,1213.2
30_jpg.rf.PZXhjC9xjWuscZn1TfgD.jpg,17,455,172,431,160,49,24,1176,0.6394,0.41,0.5597,1.0,1.0,0.2327,2338.21
30_jpg.rf.PZXhjC9xjWuscZn1TfgD.jpg,18,410,119,404,113,13,13,169,0.5627,0.35,0.4857,1.0,0.702,0.2048,702.02
30_jpg.rf.PZXhjC9xjWuscZn1TfgD.jpg,19,475,109,438,81,74,57,4218,0.6631,0.58,0.526,1.0,0.7597,0.3841,759.75
30_jpg.rf.PZXhjC9xjWuscZn1TfgD.jpg,20,201,73,186,64,30,19,570,0.6602,0.58,0.5034,1.0,0.8099,0.2857,809.87
30_jpg.rf.PZXhjC9xjWuscZn1TfgD.jpg,21,298,107,212,63,172,89,15308,0.6275,0.58,0.461,1.0,0.6319,0.306,631.85
30_jpg.rf.PZXhjC9xjWuscZn1TfgD.jpg,22,236,46,212,36,48,20,960,0.6415,0.58,0.5326,1.0,0.5205,0.4573,520.49
30_jpg.rf.PZXhjC9xjWuscZn1TfgD.jpg,23,4,31,0,18,8,27,216,0.6752,0.54,0.5321,1.0,1.0,0.2125,1166.87
30_jpg.rf.PZXhjC9xjWuscZn1TfgD.jpg,24,495,29,479,0,33,59,1947,0.6452,0.45,0.5363,1.0,1.0,0.4087,2217.05
30_jpg.rf.PZXhjC9xjWuscZn1TfgD.jpg,25,454,6,439,0,31,13,403,0.6196,0.55,0.5008,1.0,0.518,0.3219,517.97
30_jpg.rf.PZXhjC9xjWuscZn1TfgD.jpg,26,98,9,81,0,34,18,612,0.5879,0.4,0.4917,1.0,0.7578,0.433,757.81
317089179-198122522698619-4416305415943417402-n-1669569001Un8gk_jpg.rf.Jn1yuX66IR9uyyc7FJh8.jpg,1,497,296,482,270,30,52,1560,0.6417,0.53,0.5335,1.0,0.695,0.2387,695.0
317089179-198122522698619-4416305415943417402-n-1669569001Un8gk_jpg.rf.Jn1yuX66IR9uyyc7FJh8.jpg,2,200,266,147,222,107,89,9523,0.564,0.37,0.489,1.0,0.6334,0.4528,633.37
317089179-198122522698619-4416305415943417402-n-1669569001Un8gk_jpg.rf.Jn1yuX66IR9uyyc7FJh8.jpg,3,59,257,6,213,106,89,9434,0.5644,0.37,0.5063,1.0,0.577,0.5362,577.0
317089179-198122522698619-4416305415943417402-n-1669569001Un8gk_jpg.rf.Jn1yuX66IR9uyyc7FJh8.jpg,4,190,160,179,138,22,44,968,0.5311,0.35,0.5228,1.0,0.2563,0.4102,256.3
317089179-198122522698619-4416305415943417402-n-1669569001Un8gk_jpg.rf.Jn1yuX66IR9uyyc7FJh8.jpg,5,461,97,418,58,86,78,6708,0.4906,0.27,0.5329,1.0,0.0958,0.3149,95.79
317089179-198122522698619-4416305415943417402-n-1669569001Un8gk_jpg.rf.Jn1yuX66IR9uyyc7FJh8.jpg,6,372,67,351,54,43,27,1161,0.4526,0.21,0.4976,1.0,0.0499,0.3636,49.9
317089179-198122522698619-4416305415943417402-n-1669569001Un8gk_jpg.rf.Jn1yuX66IR9uyyc7FJh8.jpg,7,87,55,79,50,16,10,160,0.475,0.26,0.4989,1.0,0.0935,0.2029,93.53
317322362-198122616031943-4477607175784957479-n-1669569002oIt2G_jpg.rf.4JWadvslC8uOkXOrvEop.jpg,1,148,97,142,90,12,15,180,0.5856,0.27,0.6788,1.0,0.5353,0.3009,535.31
317322772-198122806031924-8983095277359425382-n-16695690021TWAO_jpg.rf.CZ4oPEOemPNGkmM0z6Un.jpg,1,490,167,468,148,44,39,1716,0.6036,0.31,0.5574,1.0,1.0,0.3769,2600.14
317322772-198122806031924-8983095277359425382-n-16695690021TWAO_jpg.rf.CZ4oPEOemPNGkmM0z6Un.jpg,2,506,121,500,117,12,9,108,0.5758,0.26,0.528,1.0,1.0,0.2434,1892.8
317322772-198122806031924-8983095277359425382-n-16695690021TWAO_jpg.rf.CZ4oPEOemPNGkmM0z6Un.jpg,3,251,117,243,112,17,10,170,0.5286,0.26,0.5314,1.0,0.516,0.2006,516.01
317322772-198122806031924-8983095277359425382-n-16695690021TWAO_jpg.rf.CZ4oPEOemPNGkmM0z6Un.jpg,4,353,106,348,101,11,11,121,0.4826,0.26,0.5142,0.794,0.5288,0.1588,528.79
31_jpg.rf.LXELzKtcgI0hQsfzVawa.jpg,1,390,378,360,289,61,179,10919,0.6097,0.28,0.6049,1.0,1.0,0.4189,2356.51
31_jpg.rf.b79sh48ffImZWOKb6rHB.jpg,1,130,251,118,219,25,64,1600,0.5815,0.25,0.5543,1.0,1.0,0.3108,3391.83
31_jpg.rf.b79sh48ffImZWOKb6rHB.jpg,2,150,152,145,137,11,31,341,0.5982,0.29,0.5621,1.0,1.0,0.2568,3142.61
31_jpg.rf.b79sh48ffImZWOKb6rHB.jpg,3,145,115,141,103,9,24,216,0.5775,0.28,0.5127,1.0,1.0,0.3254,4726.31
31_jpg.rf.b79sh48ffImZWOKb6rHB.jpg,4,126,81,121,68,10,27,270,0.5727,0.29,0.4891,1.0,1.0,0.4744,4828.6
31_jpg.rf.b79sh48ffImZWOKb6rHB.jpg,5,390,129,360,43,61,173,10553,0.6309,0.28,0.6655,1.0,1.0,0.482,2445.34
31_jpg.rf.bDP2Z9cVHwjdV0648R9C.jpg,1,134,94,117,58,34,72,2448,0.5979,0.28,0.5712,1.0,1.0,0.4865,4268.11
31_jpg.rf.bDP2Z9cVHwjdV0648R9C.jpg,2,391,126,360,42,62,169,10478,0.6029,0.29,0.5755,1.0,1.0,0.4946,1872.82
32_jpg.rf.zZ3XGDoLiTUCZa8niKIX.jpg,1,397,213,389,204,16,19,304,0.6072,0.26,0.6176,1.0,1.0,0.2546,2091.83
32_jpg.rf.zZ3XGDoLiTUCZa8niKIX.jpg,2,352,229,341,163,23,133,3059,0.6203,0.37,0.5452,1.0,1.0,0.3237,2020.9
32_jpg.rf.zZ3XGDoLiTUCZa8niKIX.jpg,3,310,140,303,128,14,24,336,0.5484,0.29,0.4198,1.0,1.0,0.25,2780.24
32_jpg.rf.zZ3XGDoLiTUCZa8niKIX.jpg,4,276,123,268,111,17,24,408,0.6062,0.32,0.5548,1.0,1.0,0.2318,3615.78
32_jpg.rf.zZ3XGDoLiTUCZa8niKIX.jpg,5,436,108,432,98,9,21,189,0.5487,0.25,0.4606,1.0,1.0,0.2626,1732.57
32_jpg.rf.zZ3XGDoLiTUCZa8niKIX.jpg,6,323,105,316,95,15,20,300,0.564,0.26,0.4942,1.0,1.0,0.2049,1155.95
332364_jpg.rf.zSwuHwpYQKHSsijHolTF.jpg,1,378,302,371,298,14,9,126,0.6579,0.62,0.5159,0.989,0.6258,0.1978,625.8
332364_jpg.rf.zSwuHwpYQKHSsijHolTF.jpg,2,93,305,82,298,23,14,322,0.6255,0.41,0.5199,1.0,1.0,0.4209,1815.02
332364_jpg.rf.zSwuHwpYQKHSsijHolTF.jpg,3,479,73,465,60,29,27,783,0.5561,0.35,0.5511,1.0,0.4074,0.2151,407.41
334_jpg.rf.zcqR5bopnmYH9dfHQRPS.jpg,1,35,448,22,435,27,26,702,0.5049,0.49,0.5389,0.7018,0.0446,0.1404,44.62
334_jpg.rf.zcqR5bopnmYH9dfHQRPS.jpg,2,52,411,37,404,31,15,465,0.5035,0.34,0.512,1.0,0.0529,0.2007,52.95
334_jpg.rf.zcqR5bopnmYH9dfHQRPS.jpg,3,312,394,305,381,14,27,378,0.6055,0.38,0.5221,1.0,0.8979,0.2899,897.86
33_jpg.rf.YsGF6QygJEizQdIkagnE.jpg,1,383,462,375,456,17,12,204,0.5458,0.39,0.504,1.0,0.329,0.2989,328.97
33_jpg.rf.YsGF6QygJEizQdIkagnE.jpg,2,463,467,450,448,26,39,1014,0.6837,0.6,0.5382,1.0,0.8531,0.3158,853.06
33_jpg.rf.YsGF6QygJEizQdIkagnE.jpg,3,459,436,451,431,16,10,160,0.529,0.38,0.511,1.0,0.1712,0.3588,171.23
33_jpg.rf.YsGF6QygJEizQdIkagnE.jpg,4,132,394,124,389,16,11,176,0.5386,0.4,0.5082,0.7919,0.6235,0.1584,623.47
33_jpg.rf.YsGF6QygJEizQdIkagnE.jpg,5,454,393,439,376,30,34,1020,0.6105,0.57,0.5633,0.9679,0.2028,0.1936,202.76
33_jpg.rf.YsGF6QygJEizQdIkagnE.jpg,6,271,353,264,350,14,7,98,0.5466,0.49,0.4902,0.9818,0.0721,0.1964,72.09
33_jpg.rf.YsGF6QygJEizQdIkagnE.jpg,7,208,344,193,328,30,33,990,0.5684,0.52,0.5086,1.0,0.0842,0.2032,84.17
33_jpg.rf.YsGF6QygJEizQdIkagnE.jpg,8,104,308,99,302,10,12,120,0.4932,0.31,0.5082,1.0,0.068,0.2481,67.97
33_jpg.rf.YsGF6QygJEizQdIkagnE.jpg,9,209,298,203,291,13,14,182,0.5818,0.58,0.488,1.0,0.0796,0.2123,79.59
33_jpg.rf.YsGF6QygJEizQdIkagnE.jpg,10,57,292,49,285,17,15,255,0.4722,0.3,0.4682,1.0,0.0339,0.4598,33.93
33_jpg.rf.YsGF6QygJEizQdIkagnE.jpg,11,171,276,164,271,15,11,165,0.5015,0.37,0.459,1.0,0.113,0.2319,113.01
33_jpg.rf.YsGF6QygJEizQdIkagnE.jpg,12,396,236,390,224,12,24,288,0.4844,0.28,0.5162,1.0,0.0569,0.3021,56.93
33_jpg.rf.YsGF6QygJEizQdIkagnE.jpg,13,330,276,295,185,70,182,12740,0.605,0.37,0.5013,1.0,1.0,0.3413,1162.07
33_jpg.rf.YsGF6QygJEizQdIkagnE.jpg,14,114,176,94,165,40,23,920,0.5089,0.51,0.4883,0.7665,0.0615,0.1533,61.55
33_jpg.rf.YsGF6QygJEizQdIkagnE.jpg,15,97,79,47,53,101,53,5353,0.5251,0.35,0.5534,1.0,0.0888,0.237,88.77
33_jpg.rf.YsGF6QygJEizQdIkagnE.jpg,16,308,44,298,31,21,26,546,0.4813,0.3,0.4959,1.0,0.0272,0.2791,27.25
33_jpg.rf.v4z8oEi5zim3X38NPa9J.jpg,1,368,503,360,495,16,17,272,0.5714,0.55,0.4973,1.0,0.048,0.3059,48.0
33_jpg.rf.v4z8oEi5zim3X38NPa9J.jpg,2,243,467,234,458,18,18,324,0.5173,0.31,0.5794,1.0,0.0599,0.2867,59.86
33_jpg.rf.v4z8oEi5zim3X38NPa9J.jpg,3,392,450,388,441,9,19,171,0.5965,0.41,0.4935,1.0,0.8032,0.2965,803.2
33_jpg.rf.v4z8oEi5zim3X38NPa9J.jpg,4,238,399,233,393,11,12,132,0.6166,0.59,0.5205,1.0,0.2795,0.2246,279.48
33_jpg.rf.v4z8oEi5zim3X38NPa9J.jpg,5,125,351,116,344,18,15,270,0.494,0.3,0.5012,0.5679,1.0,0.1136,1231.84
33_jpg.rf.v4z8oEi5zim3X38NPa9J.jpg,6,357,329,349,324,16,11,176,0.5461,0.36,0.4666,0.7842,1.0,0.1568,3614.19
33_jpg.rf.v4z8oEi5zim3X38NPa9J.jpg,7,272,348,207,314,130,69,8970,0.6403,0.37,0.6024,1.0,1.0,0.4553,2861.36
33_jpg.rf.v4z8oEi5zim3X38NPa9J.jpg,8,308,192,303,187,10,11,110,0.6301,0.57,0.506,0.8399,0.8555,0.168,855.54
33_jpg.rf.v4z8oEi5zim3X38NPa9J.jpg,9,284,189,278,180,12,18,216,0.5725,0.54,0.5063,0.9931,0.0765,0.1986,76.49
33_jpg.rf.v4z8oEi5zim3X38NPa9J.jpg,10,320,126,316,120,8,12,96,0.5246,0.4,0.5066,1.0,0.0731,0.2875,73.06
33_jpg.rf.v4z8oEi5zim3X38NPa9J.jpg,11,205,32,197,22,16,20,320,0.5305,0.49,0.4801,0.8538,0.2019,0.1708,201.95
33_jpg.rf.v4z8oEi5zim3X38NPa9J.jpg,12,290,25,286,20,9,11,99,0.488,0.35,0.4559,1.0,0.0598,0.2526,59.81
33_jpg.rf.v4z8oEi5zim3X38NPa9J.jpg,13,244,39,214,0,61,79,4819,0.5605,0.5,0.5177,1.0,0.0434,0.3554,43.36
33_jpg.rf.v4z8oEi5zim3X38NPa9J.jpg,14,134,45,117,0,35,90,3150,0.5216,0.35,0.5406,1.0,0.0993,0.2602,99.28
33_jpg.rf.xcUbwigKFlyO3fMO6pbU.jpg,1,227,480,196,449,62,63,3906,0.6422,0.51,0.4678,1.0,1.0,0.3772,1066.18
33_jpg.rf.xcUbwigKFlyO3fMO6pbU.jpg,2,135,468,119,424,33,88,2904,0.5232,0.37,0.525,1.0,0.0997,0.2745,99.66
33_jpg.rf.xcUbwigKFlyO3fMO6pbU.jpg,3,221,425,212,411,18,28,504,0.6356,0.53,0.5316,1.0,0.6402,0.2458,640.23
33_jpg.rf.xcUbwigKFlyO3fMO6pbU.jpg,4,97,387,94,380,7,14,98,0.4606,0.31,0.4901,0.8806,0.044,0.1761,44.05
33_jpg.rf.xcUbwigKFlyO3fMO6pbU.jpg,5,271,383,266,375,10,16,160,0.5071,0.37,0.4821,1.0,0.0889,0.2808,88.95
33_jpg.rf.xcUbwigKFlyO3fMO6pbU.jpg,6,285,324,279,316,12,17,204,0.549,0.56,0.472,0.9052,0.0681,0.181,68.15
33_jpg.rf.xcUbwigKFlyO3fMO6pbU.jpg,7,316,332,303,313,26,38,988,0.4939,0.36,0.5059,0.9184,0.0711,0.1837,71.15
33_jpg.rf.xcUbwigKFlyO3fMO6pbU.jpg,8,120,173,105,155,30,37,1110,0.4711,0.3,0.4929,0.9548,0.0266,0.191,26.62
33_jpg.rf.xcUbwigKFlyO3fMO6pbU.jpg,9,273,164,208,130,131,69,9039,0.6223,0.37,0.5508,1.0,1.0,0.4516,3045.61
33_jpg.rf.xcUbwigKFlyO3fMO6pbU.jpg,10,239,113,234,107,11,12,132,0.5899,0.59,0.49,1.0,0.1192,0.2391,119.21
33_jpg.rf.xcUbwigKFlyO3fMO6pbU.jpg,11,243,46,234,37,19,18,342,0.5159,0.29,0.5931,1.0,0.0678,0.2892,67.79
33_jpg.rf.xcUbwigKFlyO3fMO6pbU.jpg,12,369,9,361,0,16,19,304,0.5814,0.59,0.4843,1.0,0.0542,0.2914,54.22
34_jpg.rf.8THughgyjkUl05OnRM7l.jpg,1,58,389,47,379,22,20,440,0.5812,0.37,0.5054,1.0,0.7482,0.2096,748.15
34_jpg.rf.8THughgyjkUl05OnRM7l.jpg,2,403,166,399,160,8,13,104,0.515,0.26,0.5199,0.71,1.0,0.142,2034.93
34_jpg.rf.8THughgyjkUl05OnRM7l.jpg,3,494,91,476,79,36,24,864,0.5494,0.31,0.4511,1.0,0.8302,0.207,830.17
34_jpg.rf.8THughgyjkUl05OnRM7l.jpg,4,51,77,42,73,19,9,171,0.463,0.36,0.4971,0.3149,1.0,0.063,1020.39
34_jpg.rf.KTSlS68MH0yOdp1IMcbW.jpg,1,106,499,101,493,10,13,130,0.5335,0.58,0.5137,0.5364,0.4342,0.1073,434.18
34_jpg.rf.KTSlS68MH0yOdp1IMcbW.jpg,2,161,493,157,485,9,17,153,0.5391,0.33,0.5819,1.0,0.1993,0.2003,199.34
34_jpg.rf.KTSlS68MH0yOdp1IMcbW.jpg,3,358,496,335,481,47,31,1457,0.5936,0.52,0.5787,1.0,0.0904,0.3436,90.4
34_jpg.rf.KTSlS68MH0yOdp1IMcbW.jpg,4,483,486,454,461,58,51,2958,0.6083,0.54,0.5791,1.0,0.1661,0.2563,166.08
34_jpg.rf.KTSlS68MH0yOdp1IMcbW.jpg,5,443,449,426,433,35,32,1120,0.5103,0.37,0.4859,1.0,0.107,0.3104,106.97
34_jpg.rf.KTSlS68MH0yOdp1IMcbW.jpg,6,58,443,44,429,28,28,784,0.6316,0.59,0.5827,0.8781,0.4559,0.1756,455.88
34_jpg.rf.KTSlS68MH0yOdp1IMcbW.jpg,7,481,433,470,426,23,14,322,0.5291,0.38,0.5088,1.0,0.1803,0.2495,180.28
34_jpg.rf.KTSlS68MH0yOdp1IMcbW.jpg,8,503,406,494,400,18,13,234,0.6154,0.61,0.5013,1.0,0.2641,0.3633,264.1
34_jpg.rf.KTSlS68MH0yOdp1IMcbW.jpg,9,226,385,219,381,14,8,112,0.4953,0.22,0.5159,1.0,0.3773,0.2096,377.28
34_jpg.rf.KTSlS68MH0yOdp1IMcbW.jpg,10,474,155,465,151,18,8,144,0.5612,0.27,0.558,1.0,0.7143,0.23,714.27
34_jpg.rf.KTSlS68MH0yOdp1IMcbW.jpg,11,461,113,447,108,28,10,280,0.5541,0.49,0.4835,1.0,0.1342,0.3898,134.15
34_jpg.rf.KTSlS68MH0yOdp1IMcbW.jpg,12,427,103,422,96,11,14,154,0.573,0.56,0.464,1.0,0.1462,0.2642,146.22
34_jpg.rf.KTSlS68MH0yOdp1IMcbW.jpg,13,305,108,283,96,45,24,1080,0.4554,0.26,0.5298,0.614,0.5618,0.1228,561.82
34_jpg.rf.KTSlS68MH0yOdp1IMcbW.jpg,14,263,102,253,96,20,12,240,0.5373,0.28,0.513,1.0,0.5974,0.2305,597.37
34_jpg.rf.KTSlS68MH0yOdp1IMcbW.jpg,15,376,94,363,86,27,16,432,0.6045,0.54,0.537,1.0,0.2752,0.2537,275.23
34_jpg.rf.KTSlS68MH0yOdp1IMcbW.jpg,16,147,75,131,71,32,9,288,0.6031,0.32,0.546,1.0,1.0,0.237,1427.83
34_jpg.rf.KTSlS68MH0yOdp1IMcbW.jpg,17,93,93,65,70,56,46,2576,0.5591,0.32,0.5061,1.0,0.6997,0.2617,699.73
34_jpg.rf.KTSlS68MH0yOdp1IMcbW.jpg,18,486,70,460,48,52,45,2340,0.6129,0.51,0.6202,1.0,0.1738,0.206,173.85
34_jpg.rf.KTSlS68MH0yOdp1IMcbW.jpg,19,287,54,260,35,55,39,2145,0.5856,0.55,0.51,1.0,0.1464,0.2125,146.38
34_jpg.rf.KTSlS68MH0yOdp1IMcbW.jpg,20,24,57,0,19,48,77,3696,0.6102,0.55,0.5751,1.0,0.1642,0.309,164.22
34_jpg.rf.KTSlS68MH0yOdp1IMcbW.jpg,21,319,25,300,14,39,23,897,0.5551,0.41,0.5462,1.0,0.2041,0.2779,204.08
34_jpg.rf.KTSlS68MH0yOdp1IMcbW.jpg,22,420,14,415,3,10,22,220,0.5038,0.52,0.5502,0.5425,0.2067,0.1085,206.71
34_jpg.rf.wVAWUqGMlUgumKgCSzyV.jpg,1,61,441,52,434,19,14,266,0.5878,0.44,0.5096,1.0,0.5543,0.2221,554.25
34_jpg.rf.wVAWUqGMlUgumKgCSzyV.jpg,2,394,430,384,412,21,36,756,0.6203,0.51,0.5599,1.0,0.4583,0.2203,458.27
34_jpg.rf.wVAWUqGMlUgumKgCSzyV.jpg,3,444,415,431,394,27,43,1161,0.5585,0.51,0.4836,1.0,0.1074,0.2872,107.42
34_jpg.rf.wVAWUqGMlUgumKgCSzyV.jpg,4,462,389,455,386,14,7,98,0.5874,0.56,0.494,1.0,0.1847,0.3178,184.73
34_jpg.rf.wVAWUqGMlUgumKgCSzyV.jpg,5,8,392,0,380,17,25,425,0.5731,0.54,0.505,1.0,0.0738,0.3702,73.84
34_jpg.rf.wVAWUqGMlUgumKgCSzyV.jpg,6,480,361,462,335,37,53,1961,0.4981,0.46,0.5121,0.73,0.1187,0.146,118.72
34_jpg.rf.wVAWUqGMlUgumKgCSzyV.jpg,7,423,353,412,335,23,37,851,0.568,0.51,0.5189,1.0,0.0792,0.3399,79.2
34_jpg.rf.wVAWUqGMlUgumKgCSzyV.jpg,8,504,298,497,293,15,10,150,0.5687,0.52,0.5184,0.9632,0.1266,0.1926,126.61
34_jpg.rf.wVAWUqGMlUgumKgCSzyV.jpg,9,450,299,436,286,29,26,754,0.4945,0.3,0.6264,0.6258,0.4515,0.1252,451.48
34_jpg.rf.wVAWUqGMlUgumKgCSzyV.jpg,10,459,259,452,251,14,17,238,0.5127,0.29,0.5438,0.8289,0.551,0.1658,551.02
34_jpg.rf.wVAWUqGMlUgumKgCSzyV.jpg,11,110,175,102,165,17,21,357,0.5426,0.38,0.5735,0.93,0.2291,0.186,229.11
34_jpg.rf.wVAWUqGMlUgumKgCSzyV.jpg,12,13,111,0,99,27,25,675,0.4775,0.52,0.5212,0.4382,0.2542,0.0876,254.18
34_jpg.rf.wVAWUqGMlUgumKgCSzyV.jpg,13,443,86,427,70,33,32,1056,0.6959,0.56,0.5713,1.0,1.0,0.2237,1076.77
35_jpg.rf.q3VwLt0wFjItX8cXGF50.jpg,1,115,507,110,503,10,9,90,0.5662,0.47,0.5174,1.0,0.206,0.2455,206.0
35_jpg.rf.q3VwLt0wFjItX8cXGF50.jpg,2,67,496,61,489,12,14,168,0.6142,0.51,0.5466,0.9295,0.5848,0.1859,584.78
35_jpg.rf.q3VwLt0wFjItX8cXGF50.jpg,3,345,484,330,469,31,30,930,0.503,0.28,0.4724,1.0,0.3968,0.2951,396.81
35_jpg.rf.q3VwLt0wFjItX8cXGF50.jpg,4,462,459,457,453,10,13,130,0.5767,0.33,0.506,1.0,0.8406,0.2909,840.56
35_jpg.rf.q3VwLt0wFjItX8cXGF50.jpg,5,86,446,75,440,22,13,286,0.5923,0.5,0.4823,1.0,0.4849,0.2129,484.89
35_jpg.rf.q3VwLt0wFjItX8cXGF50.jpg,6,189,437,157,415,65,45,2925,0.5362,0.37,0.3806,1.0,0.7343,0.2235,734.34
35_jpg.rf.q3VwLt0wFjItX8cXGF50.jpg,7,444,409,433,382,23,55,1265,0.5609,0.46,0.5148,1.0,0.1977,0.3804,197.68
35_jpg.rf.q3VwLt0wFjItX8cXGF50.jpg,8,101,371,87,364,28,15,420,0.5328,0.34,0.5143,1.0,0.3381,0.2148,338.1
35_jpg.rf.q3VwLt0wFjItX8cXGF50.jpg,9,487,403,463,360,49,86,4214,0.5877,0.46,0.5088,1.0,0.4867,0.3393,486.72
35_jpg.rf.q3VwLt0wFjItX8cXGF50.jpg,10,480,350,475,344,11,13,143,0.5662,0.45,0.5166,1.0,0.2788,0.3252,278.84
35_jpg.rf.q3VwLt0wFjItX8cXGF50.jpg,11,71,352,52,327,38,51,1938,0.555,0.37,0.5519,1.0,0.323,0.2629,323.03
35_jpg.rf.q3VwLt0wFjItX8cXGF50.jpg,12,84,280,65,259,38,42,1596,0.5467,0.41,0.53,1.0,0.1775,0.2552,177.54
35_jpg.rf.q3VwLt0wFjItX8cXGF50.jpg,13,56,261,49,243,14,37,518,0.5337,0.43,0.6011,0.8163,0.0951,0.1633,95.09
35_jpg.rf.q3VwLt0wFjItX8cXGF50.jpg,14,485,234,459,220,53,28,1484,0.5478,0.51,0.5351,0.8347,0.1506,0.1669,150.61
35_jpg.rf.q3VwLt0wFjItX8cXGF50.jpg,15,82,227,70,216,24,23,552,0.5454,0.44,0.5273,1.0,0.0678,0.2151,67.85
35_jpg.rf.q3VwLt0wFjItX8cXGF50.jpg,16,159,192,156,183,7,19,133,0.5148,0.2,0.5847,1.0,0.4011,0.2683,401.12
35_jpg.rf.q3VwLt0wFjItX8cXGF50.jpg,17,496,179,480,150,32,59,1888,0.5465,0.4,0.5183,1.0,0.2508,0.2984,250.85
35_jpg.rf.q3VwLt0wFjItX8cXGF50.jpg,18,170,159,161,145,18,29,522,0.507,0.27,0.5699,0.8862,0.3584,0.1772,358.4
35_jpg.rf.q3VwLt0wFjItX8cXGF50.jpg,19,72,123,62,109,20,28,560,0.5518,0.34,0.5515,1.0,0.3973,0.2141,397.26
35_jpg.rf.q3VwLt0wFjItX8cXGF50.jpg,20,316,46,307,41,19,10,190,0.5014,0.37,0.5239,0.9018,0.0818,0.1804,81.8
35_jpg.rf.q3VwLt0wFjItX8cXGF50.jpg,21,259,16,253,10,12,12,144,0.5662,0.5,0.5213,1.0,0.0872,0.2222,87.23
35_jpg.rf.q3VwLt0wFjItX8cXGF50.jpg,22,457,66,402,8,110,117,12870,0.5578,0.52,0.4356,1.0,0.2335,0.3003,233.49
35_jpg.rf.q3VwLt0wFjItX8cXGF50.jpg,23,301,18,285,4,33,29,957,0.5687,0.49,0.5282,1.0,0.1233,0.2296,123.32
360_F_540830240_0R478fmmvGBGBopTGqgEB4Qja17j93R2_jpg.rf.kWaZ6SCQU9DE9U30WFOw.jpg,1,78,416,16,378,125,76,9500,0.5006,0.25,0.4537,1.0,0.5433,0.3008,543.27
360_F_599296170_bGcuUTM11GIjLrfm7YnFeyhDpFj5YBRb_jpg.rf.Ssl3BD8HRzg8YG7Xyljv.jpg,1,347,456,342,452,11,9,99,0.5406,0.45,0.4999,1.0,0.0813,0.2319,81.34
360_F_599296170_bGcuUTM11GIjLrfm7YnFeyhDpFj5YBRb_jpg.rf.Ssl3BD8HRzg8YG7Xyljv.jpg,2,444,374,435,371,18,6,108,0.4817,0.34,0.4981,0.8796,0.1246,0.1759,124.61
360_F_599296170_bGcuUTM11GIjLrfm7YnFeyhDpFj5YBRb_jpg.rf.Ssl3BD8HRzg8YG7Xyljv.jpg,3,468,278,461,273,15,10,150,0.552,0.48,0.4913,1.0,0.1205,0.2828,120.47
360_F_599296170_bGcuUTM11GIjLrfm7YnFeyhDpFj5YBRb_jpg.rf.Ssl3BD8HRzg8YG7Xyljv.jpg,4,161,9,151,6,20,7,140,0.4755,0.29,0.4961,1.0,0.004,0.2862,3.98
360_F_599296170_bGcuUTM11GIjLrfm7YnFeyhDpFj5YBRb_jpg.rf.Ssl3BD8HRzg8YG7Xyljv.jpg,5,131,6,113,0,37,13,481,0.4751,0.29,0.495,1.0,0.0033,0.4586,3.29
36100-36100-image-36100-saffron-crocus_1_jpg.rf.CFVd5YBHJ5yKHA2wqbkr.jpg,1,247,508,241,504,12,8,96,0.5072,0.58,0.499,0.6101,0.0749,0.122,74.93
36100-36100-image-36100-saffron-crocus_1_jpg.rf.CFVd5YBHJ5yKHA2wqbkr.jpg,2,85,507,76,503,18,9,162,0.5207,0.41,0.4813,1.0,0.0871,0.5667,87.06
36100-36100-image-36100-saffron-crocus_1_jpg.rf.CFVd5YBHJ5yKHA2wqbkr.jpg,3,181,499,174,487,14,25,350,0.5639,0.6,0.4759,0.8933,0.0868,0.1787,86.83
36100-36100-image-36100-saffron-crocus_1_jpg.rf.CFVd5YBHJ5yKHA2wqbkr.jpg,4,121,498,112,484,19,28,532,0.5768,0.54,0.5179,1.0,0.0656,0.2429,65.63
36100-36100-image-36100-saffron-crocus_1_jpg.rf.CFVd5YBHJ5yKHA2wqbkr.jpg,5,487,495,463,479,49,33,1617,0.5826,0.53,0.5481,1.0,0.0521,0.5459,52.14
36100-36100-image-36100-saffron-crocus_1_jpg.rf.CFVd5YBHJ5yKHA2wqbkr.jpg,6,63,484,50,469,27,31,837,0.5358,0.42,0.5166,1.0,0.0801,0.4657,80.07
36100-36100-image-36100-saffron-crocus_1_jpg.rf.CFVd5YBHJ5yKHA2wqbkr.jpg,7,192,475,180,459,25,32,800,0.5652,0.54,0.4916,1.0,0.0416,0.2795,41.61
36100-36100-image-36100-saffron-crocus_1_jpg.rf.CFVd5YBHJ5yKHA2wqbkr.jpg,8,479,465,469,457,20,17,340,0.5543,0.49,0.4958,1.0,0.0928,0.4817,92.75
36100-36100-image-36100-saffron-crocus_1_jpg.rf.CFVd5YBHJ5yKHA2wqbkr.jpg,9,506,461,500,454,12,15,180,0.5395,0.47,0.4843,1.0,0.0546,0.6235,54.61
36100-36100-image-36100-saffron-crocus_1_jpg.rf.CFVd5YBHJ5yKHA2wqbkr.jpg,10,88,463,65,449,47,29,1363,0.5555,0.53,0.4646,1.0,0.0739,0.463,73.87
36100-36100-image-36100-saffron-crocus_1_jpg.rf.CFVd5YBHJ5yKHA2wqbkr.jpg,11,129,448,117,440,25,16,400,0.5152,0.35,0.5264,1.0,0.0848,0.417,84.78
36100-36100-image-36100-saffron-crocus_1_jpg.rf.CFVd5YBHJ5yKHA2wqbkr.jpg,12,157,448,144,437,27,22,594,0.5649,0.54,0.4885,1.0,0.0494,0.3725,49.39
36100-36100-image-36100-saffron-crocus_1_jpg.rf.CFVd5YBHJ5yKHA2wqbkr.jpg,13,8,422,0,416,17,12,204,0.5034,0.35,0.4952,1.0,0.0753,0.3188,75.33
36100-36100-image-36100-saffron-crocus_1_jpg.rf.CFVd5YBHJ5yKHA2wqbkr.jpg,14,76,413,66,405,20,16,320,0.5293,0.33,0.5802,1.0,0.1073,0.3449,107.27
36100-36100-image-36100-saffron-crocus_1_jpg.rf.CFVd5YBHJ5yKHA2wqbkr.jpg,15,33,410,18,394,31,32,992,0.5278,0.36,0.5578,1.0,0.0662,0.3747,66.18
36100-36100-image-36100-saffron-crocus_1_jpg.rf.CFVd5YBHJ5yKHA2wqbkr.jpg,16,153,395,146,389,15,12,180,0.6131,0.59,0.5088,1.0,0.2857,0.3148,285.73
36100-36100-image-36100-saffron-crocus_1_jpg.rf.CFVd5YBHJ5yKHA2wqbkr.jpg,17,131,390,121,382,21,16,336,0.6122,0.58,0.5446,1.0,0.1857,0.2597,185.73
36100-36100-image-36100-saffron-crocus_1_jpg.rf.CFVd5YBHJ5yKHA2wqbkr.jpg,18,53,371,44,367,19,9,171,0.5137,0.37,0.5551,0.8833,0.1322,0.1767,132.19
36100-36100-image-36100-saffron-crocus_1_jpg.rf.CFVd5YBHJ5yKHA2wqbkr.jpg,19,74,368,66,362,16,12,192,0.5226,0.36,0.525,1.0,0.1288,0.2068,128.78
36100-36100-image-36100-saffron-crocus_1_jpg.rf.CFVd5YBHJ5yKHA2wqbkr.jpg,20,9,111,0,94,18,34,612,0.5555,0.53,0.4606,1.0,0.0883,0.6051,88.33
36100-36100-image-36100-saffron-crocus_1_jpg.rf.CFVd5YBHJ5yKHA2wqbkr.jpg,21,80,92,75,86,11,12,132,0.5724,0.57,0.4811,1.0,0.0454,0.4529,45.39
36100-36100-image-36100-saffron-crocus_1_jpg.rf.CFVd5YBHJ5yKHA2wqbkr.jpg,22,28,76,19,70,19,13,247,0.5612,0.53,0.4706,1.0,0.11,0.3329,110.0
36100-36100-image-36100-saffron-crocus_1_jpg.rf.CFVd5YBHJ5yKHA2wqbkr.jpg,23,118,69,105,58,26,22,572,0.6123,0.51,0.6431,1.0,0.087,0.3189,86.96
36100-36100-image-36100-saffron-crocus_1_jpg.rf.CFVd5YBHJ5yKHA2wqbkr.jpg,24,254,51,213,29,82,44,3608,0.5791,0.49,0.5868,1.0,0.0227,0.329,22.66
36100-36100-image-36100-saffron-crocus_1_jpg.rf.CFVd5YBHJ5yKHA2wqbkr.jpg,25,12,31,0,25,24,13,312,0.5134,0.38,0.5068,1.0,0.0305,0.6213,30.51
36100-36100-image-36100-saffron-crocus_1_jpg.rf.CFVd5YBHJ5yKHA2wqbkr.jpg,26,438,7,433,0,11,15,165,0.4979,0.37,0.4707,1.0,0.0367,0.2919,36.73
36100-36100-image-36100-saffron-crocus_1_jpg.rf.CFVd5YBHJ5yKHA2wqbkr.jpg,27,192,5,173,0,39,11,429,0.4587,0.22,0.5101,1.0,0.0314,0.3403,31.37
36100-36100-image-36100-saffron-crocus_1_jpg.rf.CFVd5YBHJ5yKHA2wqbkr.jpg,28,79,8,68,0,22,17,374,0.4994,0.32,0.5166,1.0,0.0657,0.3606,65.65
36100-36100-image-36100-saffron-crocus_1_jpg.rf.CFVd5YBHJ5yKHA2wqbkr.jpg,29,31,10,0,0,62,21,1302,0.4785,0.28,0.5084,1.0,0.0258,0.543,25.78
36_jpg.rf.AcEiNZoE3hgSrxpHUASe.jpg,1,342,173,318,140,49,67,3283,0.6306,0.32,0.6247,1.0,1.0,0.4601,3938.73
36_jpg.rf.AcEiNZoE3hgSrxpHUASe.jpg,2,243,163,181,92,124,143,17732,0.5697,0.34,0.4306,1.0,1.0,0.3481,3212.15
36_jpg.rf.AcEiNZoE3hgSrxpHUASe.jpg,3,225,53,220,19,11,69,759,0.5949,0.37,0.4724,1.0,1.0,0.2625,3336.8
370255243_jpg.rf.QRQQvzXgHMz1uzQ90RXV.jpg,1,358,26,349,14,19,25,475,0.5035,0.32,0.4947,1.0,0.1836,0.252,183.62
370255243_jpg.rf.QRQQvzXgHMz1uzQ90RXV.jpg,2,74,37,59,7,30,61,1830,0.4918,0.31,0.4374,1.0,0.302,0.2769,302.02
38_jpg.rf.2SWpUVbDmiKHHpAwIboV.jpg,1,177,437,164,428,26,18,468,0.6181,0.28,0.6563,0.9518,1.0,0.1904,2489.86
38_jpg.rf.2SWpUVbDmiKHHpAwIboV.jpg,2,236,411,201,367,71,88,6248,0.5841,0.27,0.5418,1.0,1.0,0.329,1831.18
38_jpg.rf.2SWpUVbDmiKHHpAwIboV.jpg,3,358,303,339,267,38,73,2774,0.6476,0.52,0.4951,1.0,0.9226,0.248,922.62
38_jpg.rf.2SWpUVbDmiKHHpAwIboV.jpg,4,330,243,315,226,30,35,1050,0.6607,0.6,0.4537,1.0,0.919,0.2102,918.99
38_jpg.rf.2SWpUVbDmiKHHpAwIboV.jpg,5,331,199,317,192,28,15,420,0.5907,0.34,0.5012,0.9815,1.0,0.1963,1511.19
38_jpg.rf.2SWpUVbDmiKHHpAwIboV.jpg,6,401,115,396,110,10,11,110,0.6896,0.61,0.5834,0.8597,1.0,0.1719,2261.72
38_jpg.rf.2SWpUVbDmiKHHpAwIboV.jpg,7,309,149,243,110,133,78,10374,0.6389,0.34,0.6282,1.0,1.0,0.3188,1377.43
38_jpg.rf.2SWpUVbDmiKHHpAwIboV.jpg,8,491,57,488,51,6,12,72,0.6137,0.58,0.5506,0.8565,0.4672,0.1713,467.23
38_jpg.rf.2SWpUVbDmiKHHpAwIboV.jpg,9,507,30,502,19,10,22,220,0.6051,0.37,0.5524,1.0,0.823,0.3971,823.0
38_jpg.rf.8hfqM9qHmV8NXhrZKVfq.jpg,1,483,506,476,501,15,11,165,0.6318,0.38,0.5679,1.0,1.0,0.4118,2109.15
38_jpg.rf.8hfqM9qHmV8NXhrZKVfq.jpg,2,393,399,384,394,18,11,198,0.594,0.38,0.5138,0.9058,1.0,0.1812,1602.75
38_jpg.rf.8hfqM9qHmV8NXhrZKVfq.jpg,3,395,360,386,355,19,10,190,0.5527,0.58,0.5206,0.3372,1.0,0.0674,1136.32
38_jpg.rf.8hfqM9qHmV8NXhrZKVfq.jpg,4,208,356,171,338,74,37,2738,0.6449,0.41,0.5754,1.0,1.0,0.2549,1192.82
38_jpg.rf.8hfqM9qHmV8NXhrZKVfq.jpg,5,272,318,256,305,32,26,832,0.6639,0.59,0.4718,1.0,0.9226,0.2661,922.65
38_jpg.rf.8hfqM9qHmV8NXhrZKVfq.jpg,6,465,276,418,256,94,40,3760,0.5742,0.46,0.5729,1.0,0.1272,0.214,127.16
38_jpg.rf.8hfqM9qHmV8NXhrZKVfq.jpg,7,354,320,305,239,99,162,16038,0.6144,0.35,0.6848,1.0,0.5224,0.3111,522.4
38_jpg.rf.8hfqM9qHmV8NXhrZKVfq.jpg,8,95,217,46,163,98,108,10584,0.621,0.37,0.5471,1.0,1.0,0.4448,1963.5
38_jpg.rf.u6oXIemO8nA66hUUdYCe.jpg,1,295,412,240,368,110,89,9790,0.6177,0.37,0.5377,1.0,1.0,0.4747,1613.0
38_jpg.rf.u6oXIemO8nA66hUUdYCe.jpg,2,154,304,136,267,37,74,2738,0.6449,0.48,0.5138,1.0,0.9704,0.2496,970.4
38_jpg.rf.u6oXIemO8nA66hUUdYCe.jpg,3,193,239,179,222,29,35,1015,0.6598,0.58,0.4931,1.0,0.8423,0.2418,842.29
38_jpg.rf.u6oXIemO8nA66hUUdYCe.jpg,4,35,250,0,219,71,63,4473,0.5236,0.37,0.4977,0.8052,0.5885,0.161,588.48
38_jpg.rf.u6oXIemO8nA66hUUdYCe.jpg,5,111,119,106,111,11,16,176,0.6148,0.39,0.6018,0.8385,1.0,0.1677,1936.63
38_jpg.rf.u6oXIemO8nA66hUUdYCe.jpg,6,194,158,111,110,166,97,16102,0.6304,0.35,0.6,1.0,0.9787,0.2987,978.66
38_jpg.rf.u6oXIemO8nA66hUUdYCe.jpg,7,5,20,0,0,11,40,440,0.6348,0.41,0.5465,1.0,1.0,0.3772,1359.6
3_jpg.rf.ehTmU6xm4tuMY9HA46PF.jpg,1,320,479,314,472,13,14,182,0.5055,0.53,0.5277,0.5077,0.3377,0.1015,337.69
3_jpg.rf.ehTmU6xm4tuMY9HA46PF.jpg,2,383,491,340,471,87,41,3567,0.6149,0.53,0.5369,0.98,0.4545,0.196,454.53
3_jpg.rf.ehTmU6xm4tuMY9HA46PF.jpg,3,419,469,410,457,18,25,450,0.5378,0.48,0.53,0.6351,0.5732,0.127,573.24
3_jpg.rf.ehTmU6xm4tuMY9HA46PF.jpg,4,379,382,372,378,15,9,135,0.4824,0.51,0.4779,0.5732,0.2203,0.1146,220.34
3_jpg.rf.ehTmU6xm4tuMY9HA46PF.jpg,5,344,344,321,323,46,42,1932,0.5095,0.52,0.5104,0.6146,0.2591,0.1229,259.1
3_jpg.rf.ehTmU6xm4tuMY9HA46PF.jpg,6,502,301,493,287,18,28,504,0.5786,0.51,0.5414,0.96,0.1859,0.192,185.85
3_jpg.rf.ehTmU6xm4tuMY9HA46PF.jpg,7,52,289,42,279,20,20,400,0.5296,0.52,0.5007,0.7666,0.1906,0.1533,190.61
3_jpg.rf.ehTmU6xm4tuMY9HA46PF.jpg,8,12,276,0,268,24,16,384,0.48,0.35,0.4986,0.8452,0.1397,0.169,139.71
3_jpg.rf.ehTmU6xm4tuMY9HA46PF.jpg,9,135,150,125,135,20,30,600,0.5607,0.49,0.4917,1.0,0.1715,0.2299,171.54
3_jpg.rf.ehTmU6xm4tuMY9HA46PF.jpg,10,301,118,294,110,15,17,255,0.536,0.51,0.5043,0.7088,0.3928,0.1418,392.82
3_jpg.rf.ehTmU6xm4tuMY9HA46PF.jpg,11,327,59,315,49,24,20,480,0.5636,0.52,0.4553,0.9505,0.3216,0.1901,321.63
3_jpg.rf.ehTmU6xm4tuMY9HA46PF.jpg,12,459,6,454,0,11,12,132,0.4513,0.41,0.5365,0.5072,0.186,0.1014,185.95
3d9042ea7dff353d5e121827290a5776_jpg.rf.PgsYH8bQO7wqyJthxfEU.jpg,1,474,239,471,232,7,15,105,0.5016,0.36,0.493,1.0,0.0298,0.2339,29.84
40_jpg.rf.M0bWR0Hoz1Uzo2hEhi0w.jpg,1,390,390,382,382,16,17,272,0.6184,0.37,0.5397,1.0,1.0,0.3916,3972.82
40_jpg.rf.M0bWR0Hoz1Uzo2hEhi0w.jpg,2,336,139,330,118,13,42,546,0.4977,0.2,0.493,1.0,0.5515,0.2452,551.53
41_jpg.rf.fTcsz8LIfk0oxVpyhppH.jpg,1,318,393,302,351,32,85,2720,0.6374,0.56,0.4039,1.0,1.0,0.3266,7627.6
41_jpg.rf.fTcsz8LIfk0oxVpyhppH.jpg,2,206,307,103,265,207,85,17595,0.5685,0.37,0.3971,1.0,1.0,0.4821,3630.31
41_jpg.rf.fTcsz8LIfk0oxVpyhppH.jpg,3,376,262,366,257,21,10,210,0.5753,0.26,0.5265,1.0,1.0,0.3994,1051.53
41_jpg.rf.wRXIhSgB7UhyHmVRMIup.jpg,1,336,448,321,425,30,46,1380,0.5315,0.28,0.574,0.663,1.0,0.1326,4547.49
41_jpg.rf.wRXIhSgB7UhyHmVRMIup.jpg,2,378,250,371,246,14,9,126,0.5555,0.26,0.4699,1.0,1.0,0.3388,5215.32
41_jpg.rf.wRXIhSgB7UhyHmVRMIup.jpg,3,374,283,279,228,190,111,21090,0.6216,0.3,0.6189,1.0,1.0,0.366,5996.16
41_jpg.rf.wRXIhSgB7UhyHmVRMIup.jpg,4,318,119,302,77,32,84,2688,0.6413,0.56,0.4151,1.0,1.0,0.3151,10382.28
42_jpg.rf.IkUmsFH963W9dZYK0iMX.jpg,1,286,455,257,430,59,51,3009,0.6179,0.4,0.5084,1.0,1.0,0.4156,1987.96
42_jpg.rf.IkUmsFH963W9dZYK0iMX.jpg,2,483,208,470,200,26,16,416,0.6618,0.52,0.5137,1.0,1.0,0.3468,1830.9
42_jpg.rf.cG3r0oJz7iGcVyQmcnaF.jpg,1,227,454,199,429,56,51,2856,0.5973,0.4,0.4493,1.0,1.0,0.4335,1124.91
42_jpg.rf.cG3r0oJz7iGcVyQmcnaF.jpg,2,147,375,137,362,20,27,540,0.5226,0.51,0.4585,0.7532,0.3293,0.1506,329.34
42_jpg.rf.cG3r0oJz7iGcVyQmcnaF.jpg,3,217,356,203,329,28,54,1512,0.5184,0.4,0.4348,0.8617,0.5386,0.1723,538.59
42_jpg.rf.cG3r0oJz7iGcVyQmcnaF.jpg,4,28,209,15,201,27,16,432,0.5407,0.33,0.5083,1.0,0.4728,0.3828,472.78
42_jpg.rf.iqI6IU2r4s22vz0YcXnY.jpg,1,226,454,197,428,59,53,3127,0.6149,0.4,0.4996,1.0,1.0,0.4048,1714.82
42_jpg.rf.iqI6IU2r4s22vz0YcXnY.jpg,2,280,368,274,360,12,17,204,0.5778,0.26,0.5338,1.0,1.0,0.398,1700.21
42_jpg.rf.iqI6IU2r4s22vz0YcXnY.jpg,3,211,346,201,324,21,45,945,0.5566,0.31,0.4447,0.9623,1.0,0.1925,1199.28
42_jpg.rf.iqI6IU2r4s22vz0YcXnY.jpg,4,6,310,0,305,12,11,132,0.5739,0.26,0.5226,1.0,1.0,0.2101,1151.92
43_jpg.rf.NB13A2rWzvG7Vm1bLFDN.jpg,1,285,295,278,282,15,26,390,0.5684,0.35,0.4842,0.8821,1.0,0.1764,6610.67
43_jpg.rf.PYsolYl0KVPGKLKFL2Yv.jpg,1,308,279,292,273,32,12,384,0.5166,0.29,0.3808,0.9091,1.0,0.1818,6517.35
43_jpg.rf.PYsolYl0KVPGKLKFL2Yv.jpg,2,96,227,61,206,71,43,3053,0.5917,0.28,0.5533,1.0,1.0,0.331,2274.75
44_jpg.rf.Be3xg4sGQJNR9KSikMcp.jpg,1,81,506,64,500,34,12,408,0.6915,0.56,0.5585,1.0,1.0,0.2041,1146.3
44_jpg.rf.Be3xg4sGQJNR9KSikMcp.jpg,2,124,497,113,493,22,9,198,0.5398,0.54,0.575,0.4482,0.5991,0.0896,599.08
44_jpg.rf.Be3xg4sGQJNR9KSikMcp.jpg,3,311,479,306,475,10,9,90,0.6288,0.6,0.5346,1.0,0.3173,0.316,317.27
44_jpg.rf.Be3xg4sGQJNR9KSikMcp.jpg,4,237,483,230,474,15,19,285,0.5989,0.55,0.5478,1.0,0.1471,0.3429,147.1
44_jpg.rf.Be3xg4sGQJNR9KSikMcp.jpg,5,177,490,160,468,35,44,1540,0.5762,0.43,0.5416,1.0,0.3615,0.4123,361.49
44_jpg.rf.Be3xg4sGQJNR9KSikMcp.jpg,6,434,469,420,438,28,63,1764,0.6678,0.59,0.5073,1.0,0.8376,0.2663,837.56
44_jpg.rf.Be3xg4sGQJNR9KSikMcp.jpg,7,140,443,120,435,41,17,697,0.6274,0.41,0.5809,1.0,0.8055,0.2934,805.5
44_jpg.rf.Be3xg4sGQJNR9KSikMcp.jpg,8,179,431,172,426,14,11,154,0.6713,0.55,0.5316,1.0,0.9271,0.2207,927.11
44_jpg.rf.Be3xg4sGQJNR9KSikMcp.jpg,9,433,422,428,414,11,16,176,0.5857,0.61,0.5115,0.8696,0.1931,0.1739,193.09
44_jpg.rf.Be3xg4sGQJNR9KSikMcp.jpg,10,90,419,84,409,13,21,273,0.6296,0.43,0.5585,1.0,0.8359,0.2279,835.94
44_jpg.rf.Be3xg4sGQJNR9KSikMcp.jpg,11,174,401,164,392,21,19,399,0.6944,0.6,0.5333,1.0,0.9773,0.2874,977.31
44_jpg.rf.Be3xg4sGQJNR9KSikMcp.jpg,12,108,309,102,297,13,24,312,0.5994,0.58,0.5092,1.0,0.1819,0.2156,181.89
44_jpg.rf.Be3xg4sGQJNR9KSikMcp.jpg,13,81,294,64,263,35,63,2205,0.6394,0.55,0.5826,0.9957,0.4384,0.1991,438.38
44_jpg.rf.Be3xg4sGQJNR9KSikMcp.jpg,14,434,265,420,242,28,46,1288,0.6177,0.57,0.4971,1.0,0.4421,0.4772,442.09
44_jpg.rf.Be3xg4sGQJNR9KSikMcp.jpg,15,80,230,64,213,32,34,1088,0.7055,0.58,0.5786,1.0,1.0,0.374,2115.81
44_jpg.rf.Be3xg4sGQJNR9KSikMcp.jpg,16,140,207,134,201,13,13,169,0.5882,0.57,0.5035,1.0,0.1251,0.2768,125.09
44_jpg.rf.Be3xg4sGQJNR9KSikMcp.jpg,17,427,217,407,197,41,40,1640,0.6031,0.52,0.5074,1.0,0.4352,0.4369,435.24
44_jpg.rf.Be3xg4sGQJNR9KSikMcp.jpg,18,442,191,436,181,12,20,240,0.6643,0.57,0.5402,0.8789,1.0,0.1758,1027.08
44_jpg.rf.Be3xg4sGQJNR9KSikMcp.jpg,19,86,198,64,181,44,35,1540,0.6835,0.57,0.5258,1.0,1.0,0.2834,1144.98
44_jpg.rf.Be3xg4sGQJNR9KSikMcp.jpg,20,248,48,214,21,68,55,3740,0.5915,0.54,0.5385,1.0,0.1405,0.5177,140.46
44_jpg.rf.Be3xg4sGQJNR9KSikMcp.jpg,21,185,29,171,15,28,29,812,0.6177,0.59,0.5783,1.0,0.0882,0.2951,88.21
44_jpg.rf.Be3xg4sGQJNR9KSikMcp.jpg,22,146,13,142,7,9,12,108,0.6063,0.58,0.535,1.0,0.1607,0.3155,160.73
44_jpg.rf.Be3xg4sGQJNR9KSikMcp.jpg,23,410,2,400,0,21,5,105,0.6104,0.57,0.5105,1.0,0.322,0.2231,321.97
44_jpg.rf.hl0H7aT6NBwUXIIYWlAm.jpg,1,305,504,295,496,20,16,320,0.5696,0.57,0.4701,1.0,0.056,0.2088,55.97
44_jpg.rf.hl0H7aT6NBwUXIIYWlAm.jpg,2,132,492,126,485,13,14,182,0.5869,0.61,0.4713,0.9615,0.1613,0.1923,161.35
44_jpg.rf.hl0H7aT6NBwUXIIYWlAm.jpg,3,257,494,233,476,49,36,1764,0.5678,0.56,0.4614,1.0,0.1032,0.6335,103.23
44_jpg.rf.hl0H7aT6NBwUXIIYWlAm.jpg,4,96,493,72,474,48,38,1824,0.6231,0.61,0.5313,1.0,0.2361,0.3049,236.06
44_jpg.rf.hl0H7aT6NBwUXIIYWlAm.jpg,5,31,492,0,473,63,39,2457,0.6216,0.61,0.5466,1.0,0.1675,0.4377,167.47
44_jpg.rf.hl0H7aT6NBwUXIIYWlAm.jpg,6,348,488,326,464,45,48,2160,0.6043,0.59,0.5245,1.0,0.1418,0.6157,141.79
44_jpg.rf.hl0H7aT6NBwUXIIYWlAm.jpg,7,283,463,269,456,29,14,406,0.5694,0.52,0.5158,1.0,0.069,0.4128,68.96
44_jpg.rf.hl0H7aT6NBwUXIIYWlAm.jpg,8,5,454,0,446,10,16,160,0.617,0.6,0.5076,1.0,0.2932,0.2165,293.19
44_jpg.rf.hl0H7aT6NBwUXIIYWlAm.jpg,9,327,448,322,440,11,17,187,0.563,0.5,0.5028,1.0,0.1203,0.2804,120.26
44_jpg.rf.hl0H7aT6NBwUXIIYWlAm.jpg,10,18,406,5,393,27,26,702,0.6058,0.59,0.5075,1.0,0.2168,0.2576,216.85
44_jpg.rf.hl0H7aT6NBwUXIIYWlAm.jpg,11,504,397,497,387,15,20,300,0.4789,0.58,0.5157,0.439,0.0764,0.0878,76.43
44_jpg.rf.hl0H7aT6NBwUXIIYWlAm.jpg,12,28,294,19,271,18,47,846,0.5975,0.59,0.5098,0.8983,0.329,0.1797,329.05
44_jpg.rf.hl0H7aT6NBwUXIIYWlAm.jpg,13,86,231,79,219,15,24,360,0.6015,0.57,0.5121,1.0,0.2279,0.2953,227.86
44_jpg.rf.hl0H7aT6NBwUXIIYWlAm.jpg,14,43,208,39,200,9,17,153,0.7052,0.6,0.5578,1.0,1.0,0.2036,1372.25
44_jpg.rf.hl0H7aT6NBwUXIIYWlAm.jpg,15,124,154,120,146,9,16,144,0.6442,0.49,0.5028,1.0,0.9669,0.2109,966.87
44_jpg.rf.hl0H7aT6NBwUXIIYWlAm.jpg,16,147,149,140,137,14,24,336,0.6752,0.58,0.4951,1.0,0.9888,0.3013,988.83
44_jpg.rf.hl0H7aT6NBwUXIIYWlAm.jpg,17,85,152,67,129,36,46,1656,0.6386,0.57,0.4954,1.0,0.6573,0.3552,657.34
44_jpg.rf.hl0H7aT6NBwUXIIYWlAm.jpg,18,292,102,286,94,12,17,204,0.6162,0.58,0.5556,1.0,0.1876,0.2557,187.62
44_jpg.rf.hl0H7aT6NBwUXIIYWlAm.jpg,19,155,101,148,91,14,20,280,0.6945,0.6,0.5273,1.0,1.0,0.2404,1566.86
44_jpg.rf.hl0H7aT6NBwUXIIYWlAm.jpg,20,116,101,110,77,12,49,588,0.6339,0.39,0.5639,1.0,0.9999,0.3012,999.91
44_jpg.rf.hl0H7aT6NBwUXIIYWlAm.jpg,21,216,59,208,52,17,15,255,0.5724,0.54,0.4774,1.0,0.163,0.2452,163.04
44_jpg.rf.hl0H7aT6NBwUXIIYWlAm.jpg,22,132,34,123,24,19,20,380,0.641,0.42,0.5757,0.9627,1.0,0.1925,1735.19
44_jpg.rf.hl0H7aT6NBwUXIIYWlAm.jpg,23,240,34,229,23,22,22,484,0.6532,0.59,0.5117,1.0,0.6763,0.2716,676.31
44_jpg.rf.hl0H7aT6NBwUXIIYWlAm.jpg,24,216,12,204,0,25,24,600,0.6058,0.53,0.5427,1.0,0.3035,0.373,303.48
44_jpg.rf.kax17a852IdlS03AYCmo.jpg,1,81,506,64,500,34,12,408,0.6915,0.56,0.5585,1.0,1.0,0.2041,1146.3
44_jpg.rf.kax17a852IdlS03AYCmo.jpg,2,124,497,113,493,22,9,198,0.5398,0.54,0.575,0.4482,0.5991,0.0896,599.08
44_jpg.rf.kax17a852IdlS03AYCmo.jpg,3,311,476,306,468,11,16,176,0.6532,0.59,0.5285,1.0,0.6178,0.2547,617.83
44_jpg.rf.kax17a852IdlS03AYCmo.jpg,4,178,488,160,465,37,47,1739,0.5732,0.43,0.5271,1.0,0.3817,0.3866,381.74
44_jpg.rf.kax17a852IdlS03AYCmo.jpg,5,434,469,420,438,28,63,1764,0.6678,0.59,0.5073,1.0,0.8376,0.2663,837.56
44_jpg.rf.kax17a852IdlS03AYCmo.jpg,6,140,443,120,435,41,17,697,0.6274,0.41,0.5809,1.0,0.8055,0.2934,805.5
44_jpg.rf.kax17a852IdlS03AYCmo.jpg,7,179,431,172,426,14,11,154,0.6713,0.55,0.5316,1.0,0.9271,0.2207,927.11
44_jpg.rf.kax17a852IdlS03AYCmo.jpg,8,433,422,428,415,11,15,165,0.5901,0.61,0.5147,0.8857,0.1931,0.1771,193.05
44_jpg.rf.kax17a852IdlS03AYCmo.jpg,9,90,419,84,409,13,21,273,0.6296,0.43,0.5585,1.0,0.8359,0.2279,835.94
44_jpg.rf.kax17a852IdlS03AYCmo.jpg,10,174,401,164,392,21,19,399,0.6842,0.58,0.5177,1.0,1.0,0.2962,1314.38
44_jpg.rf.kax17a852IdlS03AYCmo.jpg,11,108,309,102,297,13,24,312,0.5994,0.58,0.5092,1.0,0.1819,0.2156,181.89
44_jpg.rf.kax17a852IdlS03AYCmo.jpg,12,81,294,64,263,35,63,2205,0.6394,0.55,0.5826,0.9957,0.4384,0.1991,438.38
44_jpg.rf.kax17a852IdlS03AYCmo.jpg,13,434,264,420,241,28,47,1316,0.6207,0.57,0.5041,1.0,0.4482,0.4835,448.15
44_jpg.rf.kax17a852IdlS03AYCmo.jpg,14,109,244,104,239,11,11,121,0.6632,0.59,0.5462,1.0,0.6551,0.2136,655.08
44_jpg.rf.kax17a852IdlS03AYCmo.jpg,15,80,230,64,213,32,34,1088,0.7055,0.58,0.5786,1.0,1.0,0.374,2115.81
44_jpg.rf.kax17a852IdlS03AYCmo.jpg,16,142,207,135,201,15,12,180,0.5907,0.57,0.5018,1.0,0.1552,0.2978,155.2
44_jpg.rf.kax17a852IdlS03AYCmo.jpg,17,428,217,408,197,40,40,1600,0.603,0.52,0.5069,1.0,0.4354,0.4453,435.38
44_jpg.rf.kax17a852IdlS03AYCmo.jpg,18,442,191,436,182,12,19,228,0.6706,0.57,0.542,0.9073,1.0,0.1815,1045.22
44_jpg.rf.kax17a852IdlS03AYCmo.jpg,19,86,187,64,158,44,58,2552,0.7013,0.57,0.5765,1.0,1.0,0.2638,1397.58
44_jpg.rf.kax17a852IdlS03AYCmo.jpg,20,67,145,64,138,7,14,98,0.6544,0.55,0.5425,0.8603,1.0,0.1721,2869.74
44_jpg.rf.kax17a852IdlS03AYCmo.jpg,21,345,105,338,98,14,15,210,0.6595,0.61,0.5103,1.0,0.6737,0.3219,673.69
44_jpg.rf.kax17a852IdlS03AYCmo.jpg,22,246,47,214,17,64,60,3840,0.5882,0.56,0.5315,1.0,0.0622,0.5539,62.16
44_jpg.rf.kax17a852IdlS03AYCmo.jpg,23,415,8,400,0,30,17,510,0.6022,0.6,0.5037,1.0,0.1592,0.235,159.18
44_jpg.rf.kax17a852IdlS03AYCmo.jpg,24,231,4,222,0,19,8,152,0.5793,0.56,0.5035,1.0,0.0713,0.2465,71.27
45_jpg.rf.bondT3QKDPG4MjhMCFWs.jpg,1,28,506,24,500,9,12,108,0.5665,0.35,0.5136,0.8995,0.8438,0.1799,843.79
45_jpg.rf.bondT3QKDPG4MjhMCFWs.jpg,2,128,503,114,495,29,17,493,0.5539,0.48,0.4884,1.0,0.1498,0.5016,149.8
45_jpg.rf.bondT3QKDPG4MjhMCFWs.jpg,3,315,493,296,474,38,38,1444,0.5809,0.53,0.5479,1.0,0.0365,0.4336,36.51
45_jpg.rf.bondT3QKDPG4MjhMCFWs.jpg,4,398,466,361,439,74,54,3996,0.5075,0.35,0.517,1.0,0.0403,0.3381,40.25
45_jpg.rf.bondT3QKDPG4MjhMCFWs.jpg,5,329,451,321,435,17,32,544,0.5276,0.33,0.4989,1.0,0.3752,0.4765,375.19
45_jpg.rf.bondT3QKDPG4MjhMCFWs.jpg,6,500,237,495,230,10,15,150,0.6266,0.49,0.4757,0.9428,1.0,0.1886,1219.07
45_jpg.rf.bondT3QKDPG4MjhMCFWs.jpg,7,225,85,206,67,39,37,1443,0.6121,0.49,0.5037,1.0,0.6428,0.2533,642.81
45_jpg.rf.bondT3QKDPG4MjhMCFWs.jpg,8,149,13,145,5,9,17,153,0.666,0.57,0.5515,0.8673,1.0,0.1735,1546.02
45_jpg.rf.chShuw5NnAq1IgqqdF0Y.jpg,1,116,454,98,413,37,83,3071,0.5596,0.53,0.488,1.0,0.0327,0.3731,32.71
45_jpg.rf.chShuw5NnAq1IgqqdF0Y.jpg,2,126,384,106,355,40,58,2320,0.5139,0.32,0.5223,1.0,0.1913,0.4299,191.3
45_jpg.rf.chShuw5NnAq1IgqqdF0Y.jpg,3,99,349,85,319,28,61,1708,0.5748,0.51,0.5034,1.0,0.2006,0.3613,200.6
45_jpg.rf.chShuw5NnAq1IgqqdF0Y.jpg,4,111,211,98,197,26,28,728,0.5579,0.45,0.5104,1.0,0.2176,0.25,217.57
45_jpg.rf.chShuw5NnAq1IgqqdF0Y.jpg,5,372,215,358,182,28,66,1848,0.5973,0.53,0.5174,1.0,0.3066,0.3721,306.63
45_jpg.rf.chShuw5NnAq1IgqqdF0Y.jpg,6,418,96,411,89,14,14,196,0.6285,0.57,0.5133,0.747,1.0,0.1494,1465.33
45_jpg.rf.chShuw5NnAq1IgqqdF0Y.jpg,7,91,83,85,78,12,11,132,0.6319,0.5,0.5226,0.9964,0.7475,0.1993,747.48
45_jpg.rf.gAo3nTOZ7TrelmYnVM0L.jpg,1,171,509,159,506,25,6,150,0.5589,0.56,0.4513,1.0,0.0496,0.2365,49.56
45_jpg.rf.gAo3nTOZ7TrelmYnVM0L.jpg,2,131,503,114,494,35,18,630,0.5497,0.49,0.4984,1.0,0.0371,0.4264,37.11
45_jpg.rf.gAo3nTOZ7TrelmYnVM0L.jpg,3,31,496,27,487,8,18,144,0.6495,0.58,0.5225,0.925,0.786,0.185,786.05
45_jpg.rf.gAo3nTOZ7TrelmYnVM0L.jpg,4,315,492,297,472,36,40,1440,0.5731,0.5,0.5555,1.0,0.0369,0.437,36.86
45_jpg.rf.gAo3nTOZ7TrelmYnVM0L.jpg,5,224,474,215,455,19,39,741,0.5594,0.5,0.5177,1.0,0.0317,0.2644,31.74
45_jpg.rf.gAo3nTOZ7TrelmYnVM0L.jpg,6,397,466,361,440,73,52,3796,0.5029,0.35,0.5038,1.0,0.041,0.3542,41.02
45_jpg.rf.gAo3nTOZ7TrelmYnVM0L.jpg,7,499,235,494,229,10,13,130,0.5728,0.42,0.4999,1.0,0.5085,0.3073,508.46
45_jpg.rf.gAo3nTOZ7TrelmYnVM0L.jpg,8,229,82,207,62,44,41,1804,0.5801,0.52,0.5007,1.0,0.2284,0.3888,228.36
45_jpg.rf.gAo3nTOZ7TrelmYnVM0L.jpg,9,149,13,144,5,10,17,170,0.641,0.57,0.5165,0.8036,1.0,0.1607,1097.46
469841c152a954c2de48b7f699f676c0_jpg.rf.Qd6NOicfuKZ3x3f3Opka.jpg,1,461,42,411,0,101,84,8484,0.4552,0.25,0.4766,1.0,0.0089,0.6413,8.92
46_jpg.rf.QycRNA6lfWzdSuufyGnv.jpg,1,339,507,333,503,12,9,108,0.5597,0.6,0.5021,0.75,0.2403,0.15,240.27
46_jpg.rf.QycRNA6lfWzdSuufyGnv.jpg,2,290,491,272,478,37,27,999,0.534,0.35,0.5789,1.0,0.0883,0.2983,88.28
46_jpg.rf.QycRNA6lfWzdSuufyGnv.jpg,3,384,481,359,451,51,61,3111,0.6023,0.56,0.5414,1.0,0.1682,0.3042,168.24
46_jpg.rf.QycRNA6lfWzdSuufyGnv.jpg,4,347,453,335,447,25,12,300,0.5187,0.37,0.5109,1.0,0.1035,0.2827,103.53
46_jpg.rf.QycRNA6lfWzdSuufyGnv.jpg,5,81,402,73,396,17,13,221,0.6032,0.58,0.5288,1.0,0.1516,0.2552,151.58
46_jpg.rf.QycRNA6lfWzdSuufyGnv.jpg,6,500,178,492,174,17,9,153,0.5066,0.33,0.515,1.0,0.1089,0.3242,108.88
46_jpg.rf.QycRNA6lfWzdSuufyGnv.jpg,7,48,84,42,77,13,15,195,0.5943,0.59,0.5033,1.0,0.1169,0.2726,116.94
46_jpg.rf.QycRNA6lfWzdSuufyGnv.jpg,8,231,48,220,39,23,19,437,0.5921,0.57,0.5144,1.0,0.126,0.2129,125.99
46_jpg.rf.QycRNA6lfWzdSuufyGnv.jpg,9,198,25,188,16,21,19,399,0.5142,0.41,0.4558,1.0,0.1121,0.2962,112.09
46_jpg.rf.QycRNA6lfWzdSuufyGnv.jpg,10,12,28,0,16,25,24,600,0.5498,0.52,0.5486,0.8423,0.0732,0.1685,73.18
46_jpg.rf.QycRNA6lfWzdSuufyGnv.jpg,11,164,11,159,5,10,12,120,0.5571,0.41,0.5285,1.0,0.2866,0.2174,286.57
46_jpg.rf.QycRNA6lfWzdSuufyGnv.jpg,12,465,15,451,0,28,30,840,0.5707,0.54,0.4987,1.0,0.0718,0.2458,71.77
46_jpg.rf.hKaBjRd8uxWh7LzAUuSp.jpg,1,485,499,475,487,21,25,525,0.5663,0.55,0.5023,0.9091,0.1614,0.1818,161.37
46_jpg.rf.hKaBjRd8uxWh7LzAUuSp.jpg,2,113,437,108,432,11,10,110,0.5979,0.55,0.539,0.5929,0.9821,0.1186,982.14
46_jpg.rf.hKaBjRd8uxWh7LzAUuSp.jpg,3,428,396,410,363,36,67,2412,0.6049,0.34,0.5311,1.0,1.0,0.351,2392.64
46_jpg.rf.hKaBjRd8uxWh7LzAUuSp.jpg,4,501,348,493,344,16,9,144,0.5382,0.41,0.4842,0.9905,0.2715,0.1981,271.47
46_jpg.rf.hKaBjRd8uxWh7LzAUuSp.jpg,5,487,311,480,303,14,17,238,0.6591,0.53,0.5479,1.0,0.8182,0.313,818.17
46_jpg.rf.hKaBjRd8uxWh7LzAUuSp.jpg,6,400,256,389,244,23,25,575,0.6074,0.38,0.6109,0.8031,1.0,0.1606,1724.56
46_jpg.rf.hKaBjRd8uxWh7LzAUuSp.jpg,7,16,222,1,204,31,36,1116,0.5725,0.41,0.5431,1.0,0.3887,0.312,388.66
46_jpg.rf.hKaBjRd8uxWh7LzAUuSp.jpg,8,458,201,452,192,13,18,234,0.6295,0.56,0.5375,0.7267,1.0,0.1453,1695.98
46_jpg.rf.hKaBjRd8uxWh7LzAUuSp.jpg,9,67,163,60,155,14,16,224,0.7071,0.6,0.5631,1.0,1.0,0.2637,1514.04
46_jpg.rf.hKaBjRd8uxWh7LzAUuSp.jpg,10,356,138,352,130,9,17,153,0.6473,0.35,0.6422,1.0,1.0,0.3941,1365.99
46_jpg.rf.hKaBjRd8uxWh7LzAUuSp.jpg,11,110,117,105,111,11,12,132,0.6674,0.56,0.4898,1.0,1.0,0.2609,1612.18
46_jpg.rf.hKaBjRd8uxWh7LzAUuSp.jpg,12,472,94,455,76,35,36,1260,0.6763,0.57,0.566,0.8932,1.0,0.1786,1247.75
46_jpg.rf.hKaBjRd8uxWh7LzAUuSp.jpg,13,247,69,240,58,14,23,322,0.6944,0.58,0.5469,1.0,1.0,0.2088,1167.8
46_jpg.rf.hKaBjRd8uxWh7LzAUuSp.jpg,14,440,43,435,38,10,11,110,0.6052,0.53,0.5238,0.6818,1.0,0.1364,1876.3
46_jpg.rf.hKaBjRd8uxWh7LzAUuSp.jpg,15,499,48,487,35,25,27,675,0.5919,0.55,0.4859,1.0,0.2935,0.2605,293.5
46_jpg.rf.hKaBjRd8uxWh7LzAUuSp.jpg,16,150,89,113,32,74,115,8510,0.6173,0.53,0.4506,0.8703,1.0,0.1741,1513.11
46_jpg.rf.hKaBjRd8uxWh7LzAUuSp.jpg,17,340,28,326,16,28,25,700,0.6693,0.6,0.4553,1.0,1.0,0.2696,1097.16
46_jpg.rf.hKaBjRd8uxWh7LzAUuSp.jpg,18,33,5,28,0,10,10,100,0.665,0.6,0.5293,1.0,0.6976,0.2812,697.65
46_jpg.rf.xBogKQZhQGCRyXztFDXo.jpg,1,35,508,29,504,12,8,96,0.6248,0.59,0.5384,1.0,0.2982,0.3244,298.16
46_jpg.rf.xBogKQZhQGCRyXztFDXo.jpg,2,337,479,329,472,16,15,240,0.682,0.59,0.5014,1.0,1.0,0.3598,3395.81
46_jpg.rf.xBogKQZhQGCRyXztFDXo.jpg,3,440,469,435,464,10,11,110,0.6052,0.54,0.5647,0.5929,1.0,0.1186,3436.11
46_jpg.rf.xBogKQZhQGCRyXztFDXo.jpg,4,499,464,486,450,26,29,754,0.6598,0.58,0.4563,1.0,0.9711,0.2477,971.12
46_jpg.rf.xBogKQZhQGCRyXztFDXo.jpg,5,249,449,244,435,10,29,290,0.6902,0.62,0.4949,1.0,1.0,0.2118,3130.57
46_jpg.rf.xBogKQZhQGCRyXztFDXo.jpg,6,471,416,454,402,35,29,1015,0.6707,0.57,0.4892,1.0,1.0,0.2076,2818.13
46_jpg.rf.xBogKQZhQGCRyXztFDXo.jpg,7,109,395,104,390,11,10,110,0.6801,0.56,0.5259,1.0,1.0,0.2451,4266.89
46_jpg.rf.xBogKQZhQGCRyXztFDXo.jpg,8,29,398,0,380,59,36,2124,0.6932,0.58,0.5436,1.0,1.0,0.2962,1685.4
46_jpg.rf.xBogKQZhQGCRyXztFDXo.jpg,9,67,348,61,342,13,13,169,0.7068,0.61,0.5522,1.0,1.0,0.28,3884.65
46_jpg.rf.xBogKQZhQGCRyXztFDXo.jpg,10,20,299,13,291,15,16,240,0.5747,0.33,0.5584,1.0,0.6377,0.2183,637.67
46_jpg.rf.xBogKQZhQGCRyXztFDXo.jpg,11,401,255,391,244,21,23,483,0.5256,0.34,0.4703,0.71,1.0,0.142,3520.09
46_jpg.rf.xBogKQZhQGCRyXztFDXo.jpg,12,467,229,456,214,22,30,660,0.6854,0.58,0.5823,0.8929,1.0,0.1786,4434.39
46_jpg.rf.xBogKQZhQGCRyXztFDXo.jpg,13,485,201,480,194,11,14,154,0.6902,0.58,0.5347,1.0,1.0,0.3278,3410.57
46_jpg.rf.xBogKQZhQGCRyXztFDXo.jpg,14,86,148,70,139,33,19,627,0.5834,0.27,0.5396,1.0,1.0,0.2036,3594.14
46_jpg.rf.xBogKQZhQGCRyXztFDXo.jpg,15,477,45,468,41,19,9,171,0.5012,0.57,0.5281,0.0845,1.0,0.0169,2930.62
46_jpg.rf.xBogKQZhQGCRyXztFDXo.jpg,16,486,13,477,0,19,26,494,0.6764,0.59,0.5159,0.9526,0.9877,0.1905,987.75
47_jpg.rf.KRsbLG0Ac9p7fNAWkUzI.jpg,1,440,508,433,504,14,8,112,0.6043,0.38,0.4945,1.0,0.9817,0.2253,981.71
47_jpg.rf.KRsbLG0Ac9p7fNAWkUzI.jpg,2,169,508,160,504,19,8,152,0.6159,0.38,0.5226,1.0,1.0,0.3226,1046.64
47_jpg.rf.KRsbLG0Ac9p7fNAWkUzI.jpg,3,197,498,192,492,11,12,132,0.6174,0.4,0.507,1.0,1.0,0.3333,1056.13
47_jpg.rf.KRsbLG0Ac9p7fNAWkUzI.jpg,4,487,488,481,485,13,7,91,0.5738,0.33,0.5845,0.7684,1.0,0.1537,1584.71
47_jpg.rf.KRsbLG0Ac9p7fNAWkUzI.jpg,5,446,442,442,431,9,22,198,0.6354,0.44,0.5184,1.0,1.0,0.2255,1944.06
47_jpg.rf.KRsbLG0Ac9p7fNAWkUzI.jpg,6,333,420,325,411,16,19,304,0.5899,0.4,0.5783,0.7373,1.0,0.1475,2566.23
47_jpg.rf.KRsbLG0Ac9p7fNAWkUzI.jpg,7,244,408,237,403,15,10,150,0.5877,0.36,0.4619,1.0,1.0,0.2306,2669.47
47_jpg.rf.KRsbLG0Ac9p7fNAWkUzI.jpg,8,30,407,22,402,17,10,170,0.6539,0.37,0.641,1.0,1.0,0.2492,2073.84
47_jpg.rf.KRsbLG0Ac9p7fNAWkUzI.jpg,9,418,403,404,389,29,29,841,0.638,0.4,0.5657,1.0,1.0,0.2635,1283.07
47_jpg.rf.KRsbLG0Ac9p7fNAWkUzI.jpg,10,9,392,0,386,18,13,234,0.6159,0.38,0.5227,1.0,1.0,0.3217,1822.6
47_jpg.rf.KRsbLG0Ac9p7fNAWkUzI.jpg,11,284,369,276,364,17,10,170,0.6098,0.39,0.4951,1.0,1.0,0.2367,1991.98
47_jpg.rf.KRsbLG0Ac9p7fNAWkUzI.jpg,12,59,368,50,361,18,15,270,0.6285,0.55,0.5402,0.7346,1.0,0.1469,1707.35
47_jpg.rf.KRsbLG0Ac9p7fNAWkUzI.jpg,13,387,385,369,360,36,51,1836,0.6243,0.45,0.4765,1.0,1.0,0.2917,1986.51
47_jpg.rf.KRsbLG0Ac9p7fNAWkUzI.jpg,14,462,368,453,357,18,22,396,0.6139,0.44,0.457,1.0,1.0,0.3696,3661.89
47_jpg.rf.KRsbLG0Ac9p7fNAWkUzI.jpg,15,417,317,407,305,21,25,525,0.6214,0.41,0.5082,1.0,1.0,0.2523,2557.1
47_jpg.rf.KRsbLG0Ac9p7fNAWkUzI.jpg,16,326,327,304,302,45,50,2250,0.6854,0.61,0.491,1.0,1.0,0.2705,2817.96
47_jpg.rf.KRsbLG0Ac9p7fNAWkUzI.jpg,17,330,294,323,288,14,13,182,0.6206,0.4,0.5161,1.0,1.0,0.3692,3184.34
47_jpg.rf.KRsbLG0Ac9p7fNAWkUzI.jpg,18,505,278,499,269,13,18,234,0.6223,0.4,0.5209,1.0,1.0,0.3561,3366.95
47_jpg.rf.KRsbLG0Ac9p7fNAWkUzI.jpg,19,94,258,82,247,24,22,528,0.5252,0.29,0.4882,0.7639,1.0,0.1528,3727.96
47_jpg.rf.KRsbLG0Ac9p7fNAWkUzI.jpg,20,237,244,213,221,48,47,2256,0.5873,0.35,0.4708,1.0,1.0,0.2746,2595.41
47_jpg.rf.KRsbLG0Ac9p7fNAWkUzI.jpg,21,319,224,312,219,14,11,154,0.6287,0.42,0.519,1.0,1.0,0.291,2585.61
47_jpg.rf.KRsbLG0Ac9p7fNAWkUzI.jpg,22,391,221,383,209,16,24,384,0.6518,0.41,0.6025,0.9871,1.0,0.1974,2733.85
47_jpg.rf.KRsbLG0Ac9p7fNAWkUzI.jpg,23,363,213,359,207,9,12,108,0.5949,0.38,0.501,0.9325,1.0,0.1865,2549.63
47_jpg.rf.KRsbLG0Ac9p7fNAWkUzI.jpg,24,246,176,234,167,25,19,475,0.6322,0.3,0.6492,1.0,1.0,0.2895,2041.07
47_jpg.rf.KRsbLG0Ac9p7fNAWkUzI.jpg,25,243,107,238,98,11,19,209,0.562,0.3,0.5911,0.7504,1.0,0.1501,3158.07
48_jpg.rf.KVIGYhpEU2T9Az7uRwgX.jpg,1,470,263,461,256,18,14,252,0.6153,0.34,0.6413,1.0,0.718,0.6167,717.98
48_jpg.rf.qAgF701W2QRwE57XtAsH.jpg,1,247,36,230,16,35,41,1435,0.6507,0.37,0.632,1.0,1.0,0.3737,1045.8
4_jpg.rf.HikkwFOSQ7Ap1kHVEpVk.jpg,1,393,497,385,491,17,13,221,0.6176,0.39,0.5174,1.0,1.0,0.3614,3331.88
4_jpg.rf.HikkwFOSQ7Ap1kHVEpVk.jpg,2,504,452,498,448,13,9,117,0.6065,0.41,0.4657,1.0,1.0,0.3524,4005.31
4_jpg.rf.HikkwFOSQ7Ap1kHVEpVk.jpg,3,367,461,344,448,46,26,1196,0.6289,0.39,0.5497,1.0,1.0,0.3639,2417.61
4_jpg.rf.HikkwFOSQ7Ap1kHVEpVk.jpg,4,230,459,223,442,14,34,476,0.6929,0.6,0.5225,1.0,1.0,0.2533,1151.08
4_jpg.rf.HikkwFOSQ7Ap1kHVEpVk.jpg,5,263,355,257,348,13,14,182,0.6203,0.38,0.5351,1.0,1.0,0.2231,1250.4
4_jpg.rf.HikkwFOSQ7Ap1kHVEpVk.jpg,6,273,295,269,287,8,16,128,0.6541,0.38,0.6316,1.0,1.0,0.2018,3674.66
4_jpg.rf.HikkwFOSQ7Ap1kHVEpVk.jpg,7,79,130,68,126,22,8,176,0.6685,0.62,0.5126,0.8603,1.0,0.1721,1557.29
4_jpg.rf.HikkwFOSQ7Ap1kHVEpVk.jpg,8,208,118,202,114,12,8,96,0.6044,0.6,0.4947,0.8646,0.4833,0.1729,483.3
4_jpg.rf.HikkwFOSQ7Ap1kHVEpVk.jpg,9,277,185,247,112,60,147,8820,0.6264,0.36,0.5726,1.0,1.0,0.398,2335.12
4_jpg.rf.HikkwFOSQ7Ap1kHVEpVk.jpg,10,486,99,478,91,16,17,272,0.6165,0.38,0.5244,1.0,1.0,0.282,1044.79
4_jpg.rf.HikkwFOSQ7Ap1kHVEpVk.jpg,11,449,93,441,84,17,18,306,0.6574,0.59,0.5358,1.0,0.6336,0.2678,633.63
4_jpg.rf.HikkwFOSQ7Ap1kHVEpVk.jpg,12,44,110,0,77,89,67,5963,0.6375,0.61,0.5087,1.0,0.4592,0.3503,459.21
4_jpg.rf.HikkwFOSQ7Ap1kHVEpVk.jpg,13,244,91,223,67,42,48,2016,0.6432,0.37,0.6105,1.0,1.0,0.2972,1538.55
4_jpg.rf.HikkwFOSQ7Ap1kHVEpVk.jpg,14,124,71,116,66,16,11,176,0.5571,0.5,0.4907,1.0,0.1033,0.25,103.32
4_jpg.rf.HikkwFOSQ7Ap1kHVEpVk.jpg,15,508,71,504,65,8,12,96,0.6065,0.37,0.5056,1.0,1.0,0.3452,2234.49
4_jpg.rf.HikkwFOSQ7Ap1kHVEpVk.jpg,16,186,67,165,55,42,25,1050,0.5184,0.35,0.5138,1.0,0.1604,0.5355,160.4
4_jpg.rf.HikkwFOSQ7Ap1kHVEpVk.jpg,17,490,53,479,43,22,21,462,0.6138,0.39,0.5067,1.0,1.0,0.262,1335.36
4_jpg.rf.HikkwFOSQ7Ap1kHVEpVk.jpg,18,383,28,377,23,13,11,143,0.5949,0.37,0.4872,1.0,0.9489,0.3461,948.92
4_jpg.rf.HikkwFOSQ7Ap1kHVEpVk.jpg,19,483,27,477,22,12,10,120,0.5918,0.52,0.5098,0.9186,0.4763,0.1837,476.26
4_jpg.rf.HikkwFOSQ7Ap1kHVEpVk.jpg,20,358,9,351,0,15,19,285,0.5371,0.41,0.5106,1.0,0.1492,0.2444,149.22
4_jpg.rf.HikkwFOSQ7Ap1kHVEpVk.jpg,21,17,12,0,0,35,25,875,0.5381,0.4,0.4797,1.0,0.3017,0.5382,301.7
5011b234c3f9b17fc42c0657f0a0dbb8_jpg.rf.pvrSFjdp12xOYTObQXQD.jpg,1,171,474,164,464,15,20,300,0.5444,0.34,0.5291,1.0,0.4016,0.2627,401.62
50_jpg.rf.h2L3SzeetyzhgisQduDJ.jpg,1,63,473,31,455,65,36,2340,0.6177,0.37,0.5377,1.0,1.0,0.3358,1380.13
50_jpg.rf.h2L3SzeetyzhgisQduDJ.jpg,2,497,447,482,438,30,18,540,0.6439,0.57,0.476,1.0,0.7776,0.2528,777.58
50_jpg.rf.h2L3SzeetyzhgisQduDJ.jpg,3,316,432,295,416,42,33,1386,0.5841,0.33,0.518,0.9362,1.0,0.1872,2292.33
50_jpg.rf.h2L3SzeetyzhgisQduDJ.jpg,4,485,406,479,400,12,12,144,0.6095,0.37,0.5301,0.9722,1.0,0.1944,2115.0
50_jpg.rf.h2L3SzeetyzhgisQduDJ.jpg,5,506,411,500,398,12,26,312,0.6224,0.39,0.5313,1.0,1.0,0.2588,1913.89
50_jpg.rf.h2L3SzeetyzhgisQduDJ.jpg,6,462,368,452,357,20,22,440,0.6438,0.53,0.4524,1.0,1.0,0.2895,2423.17
50_jpg.rf.h2L3SzeetyzhgisQduDJ.jpg,7,112,347,103,338,19,19,361,0.6336,0.4,0.553,1.0,1.0,0.359,1790.88
50_jpg.rf.h2L3SzeetyzhgisQduDJ.jpg,8,439,237,433,231,13,13,169,0.6067,0.39,0.4862,1.0,1.0,0.2016,3293.65
50_jpg.rf.h2L3SzeetyzhgisQduDJ.jpg,9,126,229,115,217,22,25,550,0.5759,0.35,0.4384,1.0,1.0,0.2019,5007.47
50_jpg.rf.h2L3SzeetyzhgisQduDJ.jpg,10,243,232,224,211,39,43,1677,0.6125,0.29,0.6028,1.0,1.0,0.3109,2520.79
50_jpg.rf.h2L3SzeetyzhgisQduDJ.jpg,11,171,203,166,185,11,37,407,0.6162,0.4,0.5033,1.0,1.0,0.3496,3382.95
50_jpg.rf.h2L3SzeetyzhgisQduDJ.jpg,12,446,189,441,184,10,11,110,0.5643,0.3,0.5128,0.8992,1.0,0.1798,3919.31
50_jpg.rf.h2L3SzeetyzhgisQduDJ.jpg,13,336,178,331,170,10,16,160,0.5999,0.33,0.6251,0.8279,1.0,0.1656,1655.75
50_jpg.rf.h2L3SzeetyzhgisQduDJ.jpg,14,441,159,434,149,15,20,300,0.6764,0.59,0.4855,1.0,1.0,0.2419,4814.33
50_jpg.rf.h2L3SzeetyzhgisQduDJ.jpg,15,177,151,172,142,11,19,209,0.5735,0.31,0.5299,0.8976,1.0,0.1795,4659.07
50_jpg.rf.h2L3SzeetyzhgisQduDJ.jpg,16,265,134,262,128,7,13,91,0.6389,0.37,0.5983,1.0,1.0,0.2295,2904.71
50_jpg.rf.h2L3SzeetyzhgisQduDJ.jpg,17,89,107,85,96,9,23,207,0.5953,0.39,0.5119,0.898,1.0,0.1796,5496.88
56d560539102c4b95a396951cf9bff73_jpg.rf.7R9geG8LEbAshsFlpquW.jpg,1,172,504,167,497,11,15,165,0.5543,0.37,0.5324,1.0,0.3848,0.352,384.82
56d560539102c4b95a396951cf9bff73_jpg.rf.7R9geG8LEbAshsFlpquW.jpg,2,170,471,155,465,30,13,390,0.5523,0.4,0.4437,1.0,0.5704,0.2905,570.36
56d560539102c4b95a396951cf9bff73_jpg.rf.7R9geG8LEbAshsFlpquW.jpg,3,134,461,129,456,10,10,100,0.5487,0.41,0.531,1.0,0.1932,0.4008,193.16
56d560539102c4b95a396951cf9bff73_jpg.rf.7R9geG8LEbAshsFlpquW.jpg,4,281,404,274,398,14,13,182,0.5816,0.39,0.4228,1.0,0.9711,0.2538,971.11
56d560539102c4b95a396951cf9bff73_jpg.rf.7R9geG8LEbAshsFlpquW.jpg,5,19,288,15,280,8,17,136,0.5705,0.37,0.5548,0.8448,0.7783,0.169,778.35
56d560539102c4b95a396951cf9bff73_jpg.rf.7R9geG8LEbAshsFlpquW.jpg,6,461,286,452,275,19,22,418,0.5815,0.4,0.5017,1.0,0.6593,0.2078,659.26
56d560539102c4b95a396951cf9bff73_jpg.rf.7R9geG8LEbAshsFlpquW.jpg,7,499,203,487,192,25,22,550,0.5617,0.4,0.4798,1.0,0.538,0.2666,538.05
56d560539102c4b95a396951cf9bff73_jpg.rf.7R9geG8LEbAshsFlpquW.jpg,8,379,62,374,54,11,16,176,0.5838,0.38,0.5187,1.0,0.6921,0.2453,692.1
5_jpg.rf.OtL9krcUdtHjIbT5EpGj.jpg,1,131,461,125,456,12,10,120,0.5022,0.34,0.5032,1.0,0.071,0.3295,71.02
5_jpg.rf.OtL9krcUdtHjIbT5EpGj.jpg,2,432,474,407,455,50,38,1900,0.4982,0.34,0.4988,1.0,0.0456,0.3626,45.63
5_jpg.rf.OtL9krcUdtHjIbT5EpGj.jpg,3,433,436,424,426,19,20,380,0.4851,0.32,0.4859,1.0,0.0304,0.6734,30.38
5_jpg.rf.OtL9krcUdtHjIbT5EpGj.jpg,4,97,372,90,365,15,15,225,0.4928,0.33,0.495,1.0,0.0405,0.6173,40.51
5_jpg.rf.OtL9krcUdtHjIbT5EpGj.jpg,5,43,159,35,147,17,25,425,0.493,0.33,0.4993,1.0,0.028,0.9767,28.01
5_jpg.rf.OtL9krcUdtHjIbT5EpGj.jpg,6,12,163,0,124,25,78,1950,0.4932,0.33,0.4964,1.0,0.0401,0.7573,40.08
61JDmhv9dVL-_AC_UF894-1000_QL80_DpWeblab__jpg.rf.Vmfw40ZlnZBjkffxOyp1.jpg,1,491,503,471,495,41,17,697,0.458,0.64,0.4814,0.3191,0.017,0.0638,16.98
61JDmhv9dVL-_AC_UF894-1000_QL80_DpWeblab__jpg.rf.Vmfw40ZlnZBjkffxOyp1.jpg,2,416,342,412,334,8,16,128,0.5845,0.34,0.534,0.8929,1.0,0.1786,1218.41
61JDmhv9dVL-_AC_UF894-1000_QL80_DpWeblab__jpg.rf.Vmfw40ZlnZBjkffxOyp1.jpg,3,358,248,348,240,21,17,357,0.5391,0.25,0.5149,1.0,0.7141,0.2017,714.13
61JDmhv9dVL-_AC_UF894-1000_QL80_DpWeblab__jpg.rf.Vmfw40ZlnZBjkffxOyp1.jpg,4,338,232,330,225,17,15,255,0.4705,0.27,0.5197,0.7024,0.5362,0.1405,536.24
61JDmhv9dVL-_AC_UF894-1000_QL80_DpWeblab__jpg.rf.Vmfw40ZlnZBjkffxOyp1.jpg,5,454,205,449,178,10,55,550,0.5304,0.45,0.4708,1.0,0.0807,0.2883,80.66
61JDmhv9dVL-_AC_UF894-1000_QL80_DpWeblab__jpg.rf.Vmfw40ZlnZBjkffxOyp1.jpg,6,406,183,388,165,37,36,1332,0.49,0.3,0.4886,1.0,0.1397,0.3665,139.75
61JDmhv9dVL-_AC_UF894-1000_QL80_DpWeblab__jpg.rf.Vmfw40ZlnZBjkffxOyp1.jpg,7,434,170,430,162,9,17,153,0.4694,0.27,0.4927,1.0,0.0243,0.8309,24.26
61JDmhv9dVL-_AC_UF894-1000_QL80_DpWeblab__jpg.rf.Vmfw40ZlnZBjkffxOyp1.jpg,8,222,126,218,120,9,12,108,0.5851,0.27,0.5447,1.0,1.0,0.2302,1103.31
61JDmhv9dVL-_AC_UF894-1000_QL80_DpWeblab__jpg.rf.Vmfw40ZlnZBjkffxOyp1.jpg,9,395,111,374,106,43,11,473,0.6013,0.35,0.5108,1.0,1.0,0.2925,1235.95
61JDmhv9dVL-_AC_UF894-1000_QL80_DpWeblab__jpg.rf.Vmfw40ZlnZBjkffxOyp1.jpg,10,353,106,346,99,14,15,210,0.5182,0.25,0.5322,1.0,0.4442,0.2037,444.25
61JDmhv9dVL-_AC_UF894-1000_QL80_DpWeblab__jpg.rf.Vmfw40ZlnZBjkffxOyp1.jpg,11,17,21,0,0,34,42,1428,0.4887,0.27,0.5378,1.0,0.0602,0.2542,60.2
62cbab8defabcfeac0a581887cedf5e8_jpg.rf.Fm6WaJJgruzdKKtQDWy1.jpg,1,508,505,504,499,8,13,104,0.5357,0.46,0.4943,1.0,0.0173,0.2669,17.29
62cbab8defabcfeac0a581887cedf5e8_jpg.rf.Fm6WaJJgruzdKKtQDWy1.jpg,2,208,479,156,447,105,65,6825,0.5332,0.45,0.5001,1.0,0.0065,0.2948,6.48
62cbab8defabcfeac0a581887cedf5e8_jpg.rf.Fm6WaJJgruzdKKtQDWy1.jpg,3,343,444,334,428,18,33,594,0.5462,0.48,0.5043,1.0,0.0169,0.2844,16.85
62cbab8defabcfeac0a581887cedf5e8_jpg.rf.Fm6WaJJgruzdKKtQDWy1.jpg,4,509,351,506,338,6,26,156,0.5354,0.46,0.4943,1.0,0.0143,0.5702,14.26
62cbab8defabcfeac0a581887cedf5e8_jpg.rf.Fm6WaJJgruzdKKtQDWy1.jpg,5,11,142,0,132,23,21,483,0.4903,0.34,0.4877,1.0,0.0064,0.4148,6.38
62cbab8defabcfeac0a581887cedf5e8_jpg.rf.Fm6WaJJgruzdKKtQDWy1.jpg,6,27,105,0,77,55,57,3135,0.5216,0.41,0.5027,1.0,0.0215,0.6037,21.46
62cbab8defabcfeac0a581887cedf5e8_jpg.rf.Fm6WaJJgruzdKKtQDWy1.jpg,7,166,33,162,24,9,18,162,0.5206,0.43,0.4883,0.9365,0.1193,0.1873,119.35
62cbab8defabcfeac0a581887cedf5e8_jpg.rf.Fm6WaJJgruzdKKtQDWy1.jpg,8,327,25,311,9,32,33,1056,0.5279,0.4,0.5019,1.0,0.1226,0.3485,122.59
62cbab8defabcfeac0a581887cedf5e8_jpg.rf.Fm6WaJJgruzdKKtQDWy1.jpg,9,4,15,0,0,8,31,248,0.4776,0.51,0.5084,0.5502,0.1108,0.11,110.83
644609bf49f0c8cf2fecb5012462b73a_jpg.rf.GOyD6trzt8pqGFf2T3Vd.jpg,1,429,249,372,216,115,66,7590,0.4911,0.6,0.5428,0.3876,0.136,0.0775,136.01
650_jpg.rf.bDMyzlg2Ewn4ya2Hqpub.jpg,1,261,426,256,418,10,17,170,0.6092,0.54,0.5748,1.0,0.1901,0.21,190.11
6f2a35007f17092c77a8731517a3ff28_jpg.rf.WiFkKUD5zwrONazrRvz9.jpg,1,442,126,425,118,35,16,560,0.5198,0.43,0.474,1.0,0.0343,0.2226,34.33
6f2a35007f17092c77a8731517a3ff28_jpg.rf.WiFkKUD5zwrONazrRvz9.jpg,2,63,95,44,84,39,23,897,0.5038,0.5,0.5563,0.6162,0.1081,0.1232,108.05
6f2a35007f17092c77a8731517a3ff28_jpg.rf.WiFkKUD5zwrONazrRvz9.jpg,3,215,78,205,68,21,21,441,0.5721,0.52,0.509,1.0,0.1195,0.2461,119.52
6f2a35007f17092c77a8731517a3ff28_jpg.rf.WiFkKUD5zwrONazrRvz9.jpg,4,123,72,118,59,10,26,260,0.5203,0.5,0.5027,0.7416,0.2109,0.1483,210.85
6f2a35007f17092c77a8731517a3ff28_jpg.rf.WiFkKUD5zwrONazrRvz9.jpg,5,78,24,72,19,13,11,143,0.5533,0.5,0.499,1.0,0.0369,0.5148,36.91
6f2a35007f17092c77a8731517a3ff28_jpg.rf.WiFkKUD5zwrONazrRvz9.jpg,6,474,10,469,5,11,10,110,0.5361,0.54,0.4845,0.8282,0.1188,0.1656,118.84
7499156_orig_jpg.rf.kRpFruUgFmYW5QxDGRlf.jpg,1,442,503,436,494,13,18,234,0.5776,0.41,0.5669,0.925,0.5071,0.185,507.11
7499156_orig_jpg.rf.kRpFruUgFmYW5QxDGRlf.jpg,2,138,470,119,460,39,21,819,0.5923,0.57,0.5103,1.0,0.1424,0.3969,142.4
7499156_orig_jpg.rf.kRpFruUgFmYW5QxDGRlf.jpg,3,425,385,416,378,18,14,252,0.5822,0.39,0.5901,1.0,0.3918,0.309,391.82
7499156_orig_jpg.rf.kRpFruUgFmYW5QxDGRlf.jpg,4,11,331,3,322,17,19,323,0.5784,0.56,0.4581,1.0,0.2208,0.4777,220.77
75e79bea8412e2f02c83ebdb1e02a0de_jpg.rf.GmXg2WqAjs1Eq2QUQzfn.jpg,1,137,63,102,0,71,127,9017,0.4626,0.21,0.539,1.0,0.0047,0.5246,4.67
7_jpg.rf.Ng2ruWBGR4nkrwnhyBTl.jpg,1,509,488,506,482,6,13,78,0.6541,0.59,0.4854,0.95,0.8774,0.19,877.4
7ec3adeebee0118e522fddc5aad34dba_jpg.rf.xg4ZFFt88r8bjhV6NFow.jpg,1,16,462,0,412,32,100,3200,0.4543,0.23,0.4958,1.0,0.0025,0.9861,2.54
7ec3adeebee0118e522fddc5aad34dba_jpg.rf.xg4ZFFt88r8bjhV6NFow.jpg,2,467,348,451,341,32,14,448,0.4718,0.35,0.5061,0.8479,0.0261,0.1696,26.05
7ec3adeebee0118e522fddc5aad34dba_jpg.rf.xg4ZFFt88r8bjhV6NFow.jpg,3,48,390,13,329,70,122,8540,0.4573,0.22,0.5144,1.0,0.0023,0.5715,2.28
7ec3adeebee0118e522fddc5aad34dba_jpg.rf.xg4ZFFt88r8bjhV6NFow.jpg,4,8,227,0,207,17,40,680,0.4746,0.29,0.4938,1.0,0.0025,0.5184,2.54
84ca5523ae2d3ec1c4bb359c0f81ec41_jpg.rf.hbsOvYY44GpnQBkpJ1vI.jpg,1,508,475,505,459,7,32,224,0.6152,0.53,0.5109,1.0,0.5088,0.271,508.76
84ca5523ae2d3ec1c4bb359c0f81ec41_jpg.rf.hbsOvYY44GpnQBkpJ1vI.jpg,2,372,432,353,419,39,27,1053,0.4578,0.42,0.5071,0.631,0.0709,0.1262,70.92
84ca5523ae2d3ec1c4bb359c0f81ec41_jpg.rf.hbsOvYY44GpnQBkpJ1vI.jpg,3,509,327,507,309,5,37,185,0.6219,0.53,0.4958,1.0,0.629,0.2597,629.03
84ca5523ae2d3ec1c4bb359c0f81ec41_jpg.rf.hbsOvYY44GpnQBkpJ1vI.jpg,4,507,176,502,171,10,11,110,0.5915,0.51,0.4937,1.0,0.4016,0.2255,401.58
84ca5523ae2d3ec1c4bb359c0f81ec41_jpg.rf.hbsOvYY44GpnQBkpJ1vI.jpg,5,8,183,0,167,16,32,512,0.4924,0.38,0.463,0.8368,0.2996,0.1674,299.55
84ca5523ae2d3ec1c4bb359c0f81ec41_jpg.rf.hbsOvYY44GpnQBkpJ1vI.jpg,6,394,158,379,143,30,31,930,0.4842,0.47,0.5208,0.6229,0.1284,0.1246,128.37
84ca5523ae2d3ec1c4bb359c0f81ec41_jpg.rf.hbsOvYY44GpnQBkpJ1vI.jpg,7,56,122,46,108,20,29,580,0.502,0.48,0.4894,0.7012,0.225,0.1402,225.04
84ca5523ae2d3ec1c4bb359c0f81ec41_jpg.rf.hbsOvYY44GpnQBkpJ1vI.jpg,8,509,101,506,94,6,14,84,0.6154,0.53,0.4935,1.0,0.5719,0.2564,571.92
85c55e84e87dac5ab72886668690f7ff_jpg.rf.vjdPI3gYE8l5SYWKVAmq.jpg,1,489,153,481,148,16,10,160,0.4862,0.41,0.5189,0.5763,0.458,0.1153,458.01
898c43ab1cf438f8de6323f867dcdc23_jpg.rf.rLZrFeYqCqQH8BvUd6Dl.jpg,1,458,449,444,437,29,25,725,0.5132,0.38,0.5036,1.0,0.0397,0.207,39.69
8af2e63024a763d6cc9e4517f5e24093_jpg.rf.QZSc2VWoKQDBxP6OwLf3.jpg,1,4,481,0,474,8,15,120,0.5239,0.53,0.5018,0.6349,0.3579,0.127,357.86
8af2e63024a763d6cc9e4517f5e24093_jpg.rf.QZSc2VWoKQDBxP6OwLf3.jpg,2,239,430,230,418,19,25,475,0.5885,0.52,0.4867,1.0,0.3613,0.3357,361.29
8af2e63024a763d6cc9e4517f5e24093_jpg.rf.QZSc2VWoKQDBxP6OwLf3.jpg,3,472,386,462,376,20,21,420,0.6295,0.33,0.6308,0.9659,1.0,0.1932,1581.09
8ecc2d1182fabead2fe3c88b9939567f_jpg.rf.DX3S9nLZpYX9i5EicTyN.jpg,1,313,509,306,506,15,6,90,0.5022,0.34,0.5036,1.0,0.0697,0.2562,69.71
8ecc2d1182fabead2fe3c88b9939567f_jpg.rf.DX3S9nLZpYX9i5EicTyN.jpg,2,144,507,136,502,16,10,160,0.5287,0.42,0.5085,1.0,0.0372,0.375,37.19
8ecc2d1182fabead2fe3c88b9939567f_jpg.rf.DX3S9nLZpYX9i5EicTyN.jpg,3,241,505,234,499,15,13,195,0.4808,0.28,0.514,1.0,0.0287,0.425,28.65
8ecc2d1182fabead2fe3c88b9939567f_jpg.rf.DX3S9nLZpYX9i5EicTyN.jpg,4,196,505,180,498,32,14,448,0.5256,0.4,0.5237,1.0,0.0228,0.3955,22.84
8ecc2d1182fabead2fe3c88b9939567f_jpg.rf.DX3S9nLZpYX9i5EicTyN.jpg,5,487,504,473,497,29,15,435,0.4677,0.25,0.5062,1.0,0.0304,0.2381,30.37
8ecc2d1182fabead2fe3c88b9939567f_jpg.rf.DX3S9nLZpYX9i5EicTyN.jpg,6,265,495,258,488,14,14,196,0.5146,0.37,0.5157,1.0,0.0458,0.3018,45.81
8ecc2d1182fabead2fe3c88b9939567f_jpg.rf.DX3S9nLZpYX9i5EicTyN.jpg,7,167,475,156,470,22,10,220,0.5211,0.4,0.5105,1.0,0.0238,0.2406,23.83
8ecc2d1182fabead2fe3c88b9939567f_jpg.rf.DX3S9nLZpYX9i5EicTyN.jpg,8,190,418,180,411,21,15,315,0.4813,0.22,0.5284,1.0,0.1936,0.5522,193.65
8ecc2d1182fabead2fe3c88b9939567f_jpg.rf.DX3S9nLZpYX9i5EicTyN.jpg,9,508,380,505,371,7,19,133,0.4744,0.28,0.4947,1.0,0.0326,0.5633,32.63
8ecc2d1182fabead2fe3c88b9939567f_jpg.rf.DX3S9nLZpYX9i5EicTyN.jpg,10,479,384,464,368,31,33,1023,0.4893,0.31,0.5067,1.0,0.0349,0.3917,34.86
8ecc2d1182fabead2fe3c88b9939567f_jpg.rf.DX3S9nLZpYX9i5EicTyN.jpg,11,5,304,0,298,11,12,132,0.502,0.36,0.489,1.0,0.0486,0.5368,48.57
8ecc2d1182fabead2fe3c88b9939567f_jpg.rf.DX3S9nLZpYX9i5EicTyN.jpg,12,438,301,431,296,14,11,154,0.4805,0.29,0.4982,1.0,0.0464,0.2341,46.42
8ecc2d1182fabead2fe3c88b9939567f_jpg.rf.DX3S9nLZpYX9i5EicTyN.jpg,13,495,313,484,295,23,36,828,0.4786,0.3,0.5216,0.9436,0.0229,0.1887,22.89
8ecc2d1182fabead2fe3c88b9939567f_jpg.rf.DX3S9nLZpYX9i5EicTyN.jpg,14,7,272,0,267,15,10,150,0.4739,0.28,0.4921,1.0,0.037,0.2554,37.0
8ecc2d1182fabead2fe3c88b9939567f_jpg.rf.DX3S9nLZpYX9i5EicTyN.jpg,15,450,252,442,246,17,12,204,0.487,0.3,0.5096,1.0,0.0364,0.2069,36.37
8ecc2d1182fabead2fe3c88b9939567f_jpg.rf.DX3S9nLZpYX9i5EicTyN.jpg,16,87,233,82,225,11,17,187,0.4794,0.27,0.5207,1.0,0.0262,0.3073,26.23
8ecc2d1182fabead2fe3c88b9939567f_jpg.rf.DX3S9nLZpYX9i5EicTyN.jpg,17,200,148,171,138,59,21,1239,0.4988,0.31,0.5327,1.0,0.038,0.3641,37.97
9140459188b640ccc7db07578ef49953_jpg.rf.gh8ayYFQP0HnhWutudFz.jpg,1,55,508,45,505,20,7,140,0.5439,0.61,0.4866,0.3005,1.0,0.0601,1411.91
9140459188b640ccc7db07578ef49953_jpg.rf.gh8ayYFQP0HnhWutudFz.jpg,2,352,505,341,498,22,14,308,0.4598,0.62,0.4887,0.0221,0.6734,0.0044,673.42
9140459188b640ccc7db07578ef49953_jpg.rf.gh8ayYFQP0HnhWutudFz.jpg,3,73,486,62,473,23,27,621,0.5517,0.59,0.5871,0.2418,0.9142,0.0484,914.18
9140459188b640ccc7db07578ef49953_jpg.rf.gh8ayYFQP0HnhWutudFz.jpg,4,413,475,401,458,24,34,816,0.4552,0.6,0.5388,0.1479,0.27,0.0296,270.02
9140459188b640ccc7db07578ef49953_jpg.rf.gh8ayYFQP0HnhWutudFz.jpg,5,342,461,335,454,15,15,225,0.4657,0.56,0.5194,0.2812,0.317,0.0562,317.04
9140459188b640ccc7db07578ef49953_jpg.rf.gh8ayYFQP0HnhWutudFz.jpg,6,29,475,6,439,46,73,3358,0.5286,0.6,0.503,0.3601,0.7052,0.072,705.2
9140459188b640ccc7db07578ef49953_jpg.rf.gh8ayYFQP0HnhWutudFz.jpg,7,92,464,79,437,27,55,1485,0.5788,0.59,0.5017,0.6831,0.6013,0.1366,601.31
9140459188b640ccc7db07578ef49953_jpg.rf.gh8ayYFQP0HnhWutudFz.jpg,8,247,455,227,420,41,70,2870,0.6078,0.58,0.5838,0.8353,0.3343,0.1671,334.3
9140459188b640ccc7db07578ef49953_jpg.rf.gh8ayYFQP0HnhWutudFz.jpg,9,390,412,379,407,22,11,242,0.4747,0.55,0.499,0.3261,0.4235,0.0652,423.52
9140459188b640ccc7db07578ef49953_jpg.rf.gh8ayYFQP0HnhWutudFz.jpg,10,101,400,95,378,12,45,540,0.6003,0.62,0.4908,0.826,0.4631,0.1652,463.11
9140459188b640ccc7db07578ef49953_jpg.rf.gh8ayYFQP0HnhWutudFz.jpg,11,391,371,383,361,17,20,340,0.5133,0.59,0.533,0.1724,0.8579,0.0345,857.89
9140459188b640ccc7db07578ef49953_jpg.rf.gh8ayYFQP0HnhWutudFz.jpg,12,310,381,277,359,66,44,2904,0.4645,0.6,0.5461,0.1877,0.2577,0.0375,257.73
9140459188b640ccc7db07578ef49953_jpg.rf.gh8ayYFQP0HnhWutudFz.jpg,13,474,347,465,344,18,7,126,0.5238,0.59,0.4964,0.6228,0.19,0.1246,190.04
9140459188b640ccc7db07578ef49953_jpg.rf.gh8ayYFQP0HnhWutudFz.jpg,14,24,343,19,337,10,12,120,0.472,0.58,0.5215,0.142,0.5808,0.0284,580.76
9140459188b640ccc7db07578ef49953_jpg.rf.gh8ayYFQP0HnhWutudFz.jpg,15,71,319,42,273,59,93,5487,0.5521,0.57,0.4996,0.6707,0.4363,0.1341,436.34
9140459188b640ccc7db07578ef49953_jpg.rf.gh8ayYFQP0HnhWutudFz.jpg,16,92,254,88,248,9,12,108,0.5576,0.56,0.532,0.377,1.0,0.0754,1200.13
9140459188b640ccc7db07578ef49953_jpg.rf.gh8ayYFQP0HnhWutudFz.jpg,17,51,210,48,203,6,15,90,0.4841,0.59,0.4848,0.4424,0.1944,0.0885,194.45
9140459188b640ccc7db07578ef49953_jpg.rf.gh8ayYFQP0HnhWutudFz.jpg,18,44,164,39,158,10,13,130,0.5242,0.61,0.5265,0.4727,0.319,0.0945,318.95
9140459188b640ccc7db07578ef49953_jpg.rf.gh8ayYFQP0HnhWutudFz.jpg,19,55,121,45,109,20,24,480,0.4867,0.58,0.4874,0.3299,0.4711,0.066,471.12
9140459188b640ccc7db07578ef49953_jpg.rf.gh8ayYFQP0HnhWutudFz.jpg,20,440,97,425,79,30,36,1080,0.6255,0.6,0.5373,0.6374,1.0,0.1275,1000.79
9140459188b640ccc7db07578ef49953_jpg.rf.gh8ayYFQP0HnhWutudFz.jpg,21,75,48,67,43,17,10,170,0.5353,0.59,0.5339,0.6348,0.15,0.127,150.03
9140459188b640ccc7db07578ef49953_jpg.rf.gh8ayYFQP0HnhWutudFz.jpg,22,460,51,440,23,40,57,2280,0.6274,0.6,0.4944,1.0,0.4431,0.2444,443.09
9140459188b640ccc7db07578ef49953_jpg.rf.gh8ayYFQP0HnhWutudFz.jpg,23,481,4,470,0,22,8,176,0.5799,0.56,0.4971,1.0,0.0991,0.4916,99.08
9140459188b640ccc7db07578ef49953_jpg.rf.gh8ayYFQP0HnhWutudFz.jpg,24,396,6,383,0,26,13,338,0.5844,0.58,0.4833,1.0,0.1224,0.2881,122.39
9346e31df5e19b1255055d3abc3e7911_jpg.rf.PMLydGTiQD8qRcx0uQLv.jpg,1,15,496,0,481,31,31,961,0.5272,0.41,0.5084,1.0,0.0576,0.317,57.64
9346e31df5e19b1255055d3abc3e7911_jpg.rf.PMLydGTiQD8qRcx0uQLv.jpg,2,55,470,45,462,20,16,320,0.491,0.32,0.5028,1.0,0.0297,0.2824,29.74
9346e31df5e19b1255055d3abc3e7911_jpg.rf.PMLydGTiQD8qRcx0uQLv.jpg,3,474,439,465,427,19,24,456,0.5885,0.53,0.5454,1.0,0.1212,0.2518,121.23
9346e31df5e19b1255055d3abc3e7911_jpg.rf.PMLydGTiQD8qRcx0uQLv.jpg,4,24,412,10,397,29,31,899,0.4793,0.28,0.5053,1.0,0.0442,0.308,44.25
9346e31df5e19b1255055d3abc3e7911_jpg.rf.PMLydGTiQD8qRcx0uQLv.jpg,5,28,322,20,315,17,15,255,0.4771,0.33,0.5023,0.9195,0.0192,0.1839,19.17
9346e31df5e19b1255055d3abc3e7911_jpg.rf.PMLydGTiQD8qRcx0uQLv.jpg,6,15,273,0,258,31,31,961,0.4964,0.31,0.5294,1.0,0.0259,0.3287,25.95
9346e31df5e19b1255055d3abc3e7911_jpg.rf.PMLydGTiQD8qRcx0uQLv.jpg,7,117,26,103,12,28,28,784,0.4636,0.21,0.5282,1.0,0.0526,0.2281,52.6
93e59a5d26672c7f03882ca9119fe5ae_jpg.rf.QFbjY2CbLbkxz4bT4Jid.jpg,1,140,414,130,400,20,29,580,0.459,0.51,0.5242,0.4611,0.0478,0.0922,47.76
95c9011c2944732cd171540beee22454_jpg.rf.6emklsbDkuJfH1DPLCAx.jpg,1,429,274,425,265,8,18,144,0.5492,0.74,0.5381,0.3833,0.2522,0.0767,252.23
991f2cdc45dc8130ca139a5b15f10cb5-1-_jpg.rf.r51ke2o4kzsmGpz0LK0y.jpg,1,15,497,0,482,31,30,930,0.5183,0.4,0.4945,1.0,0.0519,0.298,51.88
991f2cdc45dc8130ca139a5b15f10cb5-1-_jpg.rf.r51ke2o4kzsmGpz0LK0y.jpg,2,57,471,52,464,11,15,165,0.4911,0.32,0.5046,1.0,0.0247,0.3559,24.7
991f2cdc45dc8130ca139a5b15f10cb5-1-_jpg.rf.r51ke2o4kzsmGpz0LK0y.jpg,3,474,438,465,426,19,24,456,0.5926,0.54,0.5541,1.0,0.0966,0.2258,96.6
991f2cdc45dc8130ca139a5b15f10cb5-1-_jpg.rf.r51ke2o4kzsmGpz0LK0y.jpg,4,25,413,12,398,26,30,780,0.4958,0.31,0.5212,1.0,0.0493,0.3183,49.31
991f2cdc45dc8130ca139a5b15f10cb5-1-_jpg.rf.r51ke2o4kzsmGpz0LK0y.jpg,5,25,324,18,317,15,14,210,0.4889,0.32,0.5002,1.0,0.0179,0.2308,17.89
991f2cdc45dc8130ca139a5b15f10cb5-1-_jpg.rf.r51ke2o4kzsmGpz0LK0y.jpg,6,71,285,64,279,14,12,168,0.4844,0.29,0.4907,1.0,0.1117,0.2179,111.74
991f2cdc45dc8130ca139a5b15f10cb5-1-_jpg.rf.r51ke2o4kzsmGpz0LK0y.jpg,7,15,273,0,258,31,31,961,0.4991,0.31,0.5374,1.0,0.0246,0.3218,24.61
991f2cdc45dc8130ca139a5b15f10cb5-1-_jpg.rf.r51ke2o4kzsmGpz0LK0y.jpg,8,119,26,104,13,30,27,810,0.4613,0.21,0.5241,1.0,0.0435,0.2125,43.5
9_jpg.rf.39EuMSW0MtY8SyhUSeqy.jpg,1,368,106,362,102,12,8,96,0.4604,0.2,0.5192,1.0,0.0866,0.2708,86.64
9_jpg.rf.39EuMSW0MtY8SyhUSeqy.jpg,2,246,99,227,50,39,99,3861,0.5872,0.55,0.5049,1.0,0.1797,0.2127,179.74
9_jpg.rf.ViHcmimrEMZxx4hY0RYO.jpg,1,245,411,225,362,41,99,4059,0.5647,0.48,0.5055,1.0,0.1979,0.2507,197.9
9c073256657fe96e801420e077db1ad4_jpg.rf.4rWYq7Q7SioLvkyabrn4.jpg,1,421,476,406,440,30,72,2160,0.5722,0.44,0.5311,1.0,0.3227,0.3196,322.66
9c073256657fe96e801420e077db1ad4_jpg.rf.4rWYq7Q7SioLvkyabrn4.jpg,2,272,365,225,262,95,207,19665,0.5284,0.37,0.4304,1.0,0.4827,0.3709,482.75
9c073256657fe96e801420e077db1ad4_jpg.rf.4rWYq7Q7SioLvkyabrn4.jpg,3,160,149,151,137,18,24,432,0.5404,0.4,0.4761,1.0,0.3374,0.2843,337.36
9c073256657fe96e801420e077db1ad4_jpg.rf.4rWYq7Q7SioLvkyabrn4.jpg,4,119,7,115,0,8,15,120,0.5797,0.4,0.5889,1.0,0.3353,0.2548,335.29
9ddb6b2e8f36f9b46f1a113dd5ea4a68_jpg.rf.EuThtof8yzpUFI7CRghP.jpg,1,14,474,0,453,28,42,1176,0.5354,0.37,0.5501,1.0,0.134,0.4014,134.04
9ddb6b2e8f36f9b46f1a113dd5ea4a68_jpg.rf.EuThtof8yzpUFI7CRghP.jpg,2,463,178,453,170,20,16,320,0.5545,0.4,0.5607,1.0,0.1821,0.3013,182.1
Crocus-Safron_webp.rf.oAxLOHeJTJMqBXghmJDi.jpg,1,240,490,211,468,58,44,2552,0.5311,0.29,0.6005,1.0,0.1948,0.364,194.84
Crocus-Safron_webp.rf.oAxLOHeJTJMqBXghmJDi.jpg,2,55,123,50,115,11,17,187,0.5458,0.47,0.5051,1.0,0.045,0.2999,44.96
Crocus-Safron_webp.rf.oAxLOHeJTJMqBXghmJDi.jpg,3,321,35,317,27,9,16,144,0.5122,0.42,0.5082,0.9099,0.0534,0.182,53.37
Crocus-sativus_jpg.rf.v55UpY1KwYI4Jx8kbcPi.jpg,1,297,435,288,414,18,43,774,0.5992,0.39,0.4649,1.0,1.0,0.2618,1138.18
Crocus-sativus_jpg.rf.v55UpY1KwYI4Jx8kbcPi.jpg,2,494,359,476,329,36,61,2196,0.6172,0.44,0.4663,1.0,1.0,0.3206,1881.78
Crocus-sativus_jpg.rf.v55UpY1KwYI4Jx8kbcPi.jpg,3,484,222,476,209,16,26,416,0.6272,0.4,0.5348,1.0,1.0,0.2754,1429.16
Crocus-sativus_jpg.rf.v55UpY1KwYI4Jx8kbcPi.jpg,4,463,181,456,171,15,20,300,0.6896,0.57,0.5432,1.0,1.0,0.4329,1375.44
Crocus-sativus_jpg.rf.v55UpY1KwYI4Jx8kbcPi.jpg,5,428,169,412,159,33,20,660,0.6978,0.6,0.5718,1.0,0.8763,0.3542,876.26
Crocus-sativus_jpg.rf.v55UpY1KwYI4Jx8kbcPi.jpg,6,502,169,493,158,18,23,414,0.6289,0.39,0.5497,1.0,1.0,0.3726,2312.58
Crocus-sativus_jpg.rf.v55UpY1KwYI4Jx8kbcPi.jpg,7,456,159,449,154,14,10,140,0.6289,0.38,0.5597,1.0,1.0,0.3654,1333.8
Crocus-sativus_jpg.rf.v55UpY1KwYI4Jx8kbcPi.jpg,8,501,139,490,131,22,17,374,0.6661,0.41,0.6361,1.0,1.0,0.4347,2656.12
Crocus-sativus_jpg.rf.v55UpY1KwYI4Jx8kbcPi.jpg,9,418,134,410,126,16,17,272,0.6073,0.38,0.4979,1.0,1.0,0.3744,1055.43
Crocus-sativus_jpg.rf.v55UpY1KwYI4Jx8kbcPi.jpg,10,192,125,182,119,20,12,240,0.5907,0.37,0.5252,1.0,0.7741,0.293,774.05
Crocus-sativus_jpg.rf.v55UpY1KwYI4Jx8kbcPi.jpg,11,465,65,445,53,41,24,984,0.6138,0.4,0.4967,1.0,1.0,0.3297,1554.56
Crocus-sativus_jpg.rf.v55UpY1KwYI4Jx8kbcPi.jpg,12,293,15,282,0,22,30,660,0.5782,0.39,0.4329,1.0,0.9017,0.4069,901.75
Crocus_Sativus_517649629-SHUT_jpg.rf.RPysqEdsXJVrKv57iOyi.jpg,1,147,498,119,484,56,28,1568,0.5714,0.52,0.4949,1.0,0.1623,0.4286,162.28
Crocus_Sativus_517649629-SHUT_jpg.rf.RPysqEdsXJVrKv57iOyi.jpg,2,86,490,77,484,18,12,216,0.5005,0.48,0.497,0.7361,0.1138,0.1472,113.78
Crocus_Sativus_517649629-SHUT_jpg.rf.RPysqEdsXJVrKv57iOyi.jpg,3,343,466,331,457,24,18,432,0.5407,0.4,0.5385,1.0,0.1226,0.3583,122.56
Crocus_Sativus_517649629-SHUT_jpg.rf.RPysqEdsXJVrKv57iOyi.jpg,4,396,453,375,429,42,49,2058,0.5271,0.4,0.5224,1.0,0.0427,0.3127,42.71
Crocus_Sativus_517649629-SHUT_jpg.rf.RPysqEdsXJVrKv57iOyi.jpg,5,23,434,18,429,11,11,121,0.5039,0.39,0.4663,1.0,0.0421,0.31,42.09
Crocus_Sativus_517649629-SHUT_jpg.rf.RPysqEdsXJVrKv57iOyi.jpg,6,464,421,448,402,33,38,1254,0.5232,0.42,0.4985,1.0,0.0177,0.3929,17.71
Crocus_Sativus_517649629-SHUT_jpg.rf.RPysqEdsXJVrKv57iOyi.jpg,7,74,361,64,351,20,20,400,0.533,0.4,0.5437,1.0,0.0274,0.292,27.43
Crocus_Sativus_517649629-SHUT_jpg.rf.RPysqEdsXJVrKv57iOyi.jpg,8,490,343,476,331,28,24,672,0.5184,0.4,0.5023,1.0,0.0255,0.7292,25.55
Crocus_Sativus_517649629-SHUT_jpg.rf.RPysqEdsXJVrKv57iOyi.jpg,9,500,310,489,302,23,17,391,0.4878,0.32,0.4973,1.0,0.0171,0.2497,17.09
Crocus_Sativus_517649629-SHUT_jpg.rf.RPysqEdsXJVrKv57iOyi.jpg,10,60,116,52,110,16,12,192,0.5178,0.41,0.4948,1.0,0.0113,0.2679,11.29
Crocus_Sativus_517649629-SHUT_jpg.rf.RPysqEdsXJVrKv57iOyi.jpg,11,193,55,189,50,9,11,99,0.5073,0.36,0.5117,1.0,0.0218,0.2029,21.78
Crocus_Sativus_517649629-SHUT_jpg.rf.RPysqEdsXJVrKv57iOyi.jpg,12,69,55,64,47,11,16,176,0.5103,0.4,0.5147,0.9394,0.0227,0.1879,22.73
Crocus_Sativus_517649629-SHUT_jpg.rf.RPysqEdsXJVrKv57iOyi.jpg,13,143,43,133,23,21,40,840,0.528,0.43,0.5014,1.0,0.0196,0.2244,19.63
Crocus_sativus1_jpg.rf.jr4UtB29g8kyUqJnCrcL.jpg,1,235,447,229,441,13,12,156,0.6458,0.59,0.5394,1.0,0.5048,0.2083,504.83
Crocus_sativus1_jpg.rf.jr4UtB29g8kyUqJnCrcL.jpg,2,381,270,370,261,22,19,418,0.4756,0.55,0.5056,0.4886,0.0841,0.0977,84.11
Crocus_sativus1_jpg.rf.jr4UtB29g8kyUqJnCrcL.jpg,3,340,260,330,250,20,21,420,0.5648,0.54,0.4859,1.0,0.0578,0.2263,57.81
Crocus_sativus1_jpg.rf.jr4UtB29g8kyUqJnCrcL.jpg,4,455,254,446,243,19,22,418,0.5323,0.41,0.517,1.0,0.0785,0.333,78.45
Growing-Saffron-Saffron-Flower_jpg.rf.zlwcN1KgnvRuGZq69mEE.jpg,1,255,384,243,373,25,22,550,0.458,0.18,0.5448,1.0,0.0431,0.5262,43.07
IMG_0233xgn_jpg.rf.pYxXxtqKYgAJOuvKoCbP.jpg,1,395,505,385,499,20,13,260,0.5099,0.39,0.4941,1.0,0.0045,0.3865,4.47
IMG_0233xgn_jpg.rf.pYxXxtqKYgAJOuvKoCbP.jpg,2,314,499,283,487,62,25,1550,0.5223,0.39,0.5273,1.0,0.0122,0.4185,12.23
IMG_0233xgn_jpg.rf.pYxXxtqKYgAJOuvKoCbP.jpg,3,191,467,186,462,11,11,121,0.4585,0.39,0.5044,0.7183,0.0183,0.1437,18.33
IMG_0233xgn_jpg.rf.pYxXxtqKYgAJOuvKoCbP.jpg,4,299,374,282,362,34,24,816,0.5214,0.39,0.52,1.0,0.029,0.3128,28.99
IMG_0233xgn_jpg.rf.pYxXxtqKYgAJOuvKoCbP.jpg,5,98,364,89,360,19,9,171,0.5972,0.53,0.5411,1.0,0.2232,0.2596,223.22
IMG_0233xgn_jpg.rf.pYxXxtqKYgAJOuvKoCbP.jpg,6,215,357,209,344,12,26,312,0.4989,0.4,0.5207,0.8553,0.0566,0.1711,56.58
Image_101_jpg.rf.EchgP3GAN4P3qC0kE5rB.jpg,1,309,411,305,402,9,18,162,0.687,0.55,0.5762,1.0,0.9287,0.3508,928.66
Image_102_jpg.rf.SXoPazkK0WX67rfF39zv.jpg,1,492,35,473,0,39,70,2730,0.4512,0.21,0.5017,1.0,0.0209,0.3076,20.93
Image_105_jpg.rf.OBupXQwrvlPxwZcDlLKl.jpg,1,256,358,249,352,15,13,195,0.5395,0.27,0.5117,0.8296,1.0,0.1659,1128.06
Image_105_jpg.rf.OBupXQwrvlPxwZcDlLKl.jpg,2,319,348,305,345,28,7,196,0.4669,0.24,0.5075,0.5263,1.0,0.1053,1407.21
Image_105_jpg.rf.OBupXQwrvlPxwZcDlLKl.jpg,3,169,325,144,309,50,32,1600,0.4996,0.24,0.5551,0.6067,1.0,0.1213,1419.69
Image_105_jpg.rf.OBupXQwrvlPxwZcDlLKl.jpg,4,347,287,340,281,14,13,182,0.4659,0.28,0.5061,0.4538,1.0,0.0908,1459.2
Image_105_jpg.rf.OBupXQwrvlPxwZcDlLKl.jpg,5,403,226,393,222,20,8,160,0.5465,0.3,0.6008,0.6562,1.0,0.1313,1402.69
Image_105_jpg.rf.OBupXQwrvlPxwZcDlLKl.jpg,6,112,236,98,222,28,29,812,0.5042,0.28,0.4549,0.7348,1.0,0.147,1437.05
Image_105_jpg.rf.OBupXQwrvlPxwZcDlLKl.jpg,7,213,233,209,219,8,29,232,0.5111,0.27,0.5421,0.6341,1.0,0.1268,1398.47
Image_105_jpg.rf.OBupXQwrvlPxwZcDlLKl.jpg,8,303,223,292,199,23,49,1127,0.4527,0.22,0.508,0.4895,1.0,0.0979,1141.82
Image_105_jpg.rf.OBupXQwrvlPxwZcDlLKl.jpg,9,216,193,210,174,13,39,507,0.4734,0.26,0.4796,0.5725,1.0,0.1145,1203.64
Image_105_jpg.rf.OBupXQwrvlPxwZcDlLKl.jpg,10,344,181,334,164,20,34,680,0.5335,0.28,0.5297,0.7507,1.0,0.1501,1413.34
Image_106_jpg.rf.41N2Bhlesqk5yKBMFzqe.jpg,1,498,206,488,199,21,15,315,0.5672,0.36,0.5107,1.0,0.6248,0.2136,624.79
Image_106_jpg.rf.41N2Bhlesqk5yKBMFzqe.jpg,2,445,146,438,138,14,16,224,0.5354,0.27,0.4665,1.0,0.7764,0.2514,776.36
Image_106_jpg.rf.41N2Bhlesqk5yKBMFzqe.jpg,3,413,82,404,68,18,28,504,0.5927,0.37,0.4663,1.0,1.0,0.2892,1152.02
Image_108_jpg.rf.ZKLKin09TToJe8AahDbf.jpg,1,194,474,186,466,16,17,272,0.5006,0.27,0.5179,1.0,0.2481,0.2599,248.15
Image_108_jpg.rf.ZKLKin09TToJe8AahDbf.jpg,2,480,446,469,431,23,31,713,0.5292,0.28,0.5489,1.0,0.3907,0.3349,390.74
Image_108_jpg.rf.ZKLKin09TToJe8AahDbf.jpg,3,364,410,318,375,93,70,6510,0.5762,0.32,0.5243,1.0,0.807,0.284,807.02
Image_108_jpg.rf.ZKLKin09TToJe8AahDbf.jpg,4,505,365,498,350,14,31,434,0.5393,0.31,0.4285,1.0,0.8079,0.443,807.88
Image_108_jpg.rf.ZKLKin09TToJe8AahDbf.jpg,5,415,363,385,337,61,53,3233,0.6463,0.5,0.4893,1.0,1.0,0.2969,1390.59
Image_108_jpg.rf.ZKLKin09TToJe8AahDbf.jpg,6,311,308,298,292,27,33,891,0.5885,0.28,0.5442,1.0,1.0,0.2621,2271.54
Image_108_jpg.rf.ZKLKin09TToJe8AahDbf.jpg,7,463,292,448,272,31,40,1240,0.5916,0.28,0.5533,1.0,1.0,0.3166,1791.28
Image_108_jpg.rf.ZKLKin09TToJe8AahDbf.jpg,8,136,287,121,268,30,39,1170,0.5897,0.32,0.5077,1.0,1.0,0.324,2010.49
Image_108_jpg.rf.ZKLKin09TToJe8AahDbf.jpg,9,224,263,210,252,28,22,616,0.5904,0.29,0.5398,1.0,1.0,0.3279,2046.33
Image_108_jpg.rf.ZKLKin09TToJe8AahDbf.jpg,10,166,247,157,237,19,20,380,0.5973,0.28,0.5695,1.0,1.0,0.2782,1580.72
Image_108_jpg.rf.ZKLKin09TToJe8AahDbf.jpg,11,388,246,372,223,32,47,1504,0.5902,0.28,0.5492,1.0,1.0,0.2608,1965.41
Image_108_jpg.rf.ZKLKin09TToJe8AahDbf.jpg,12,194,232,182,222,25,21,525,0.6097,0.28,0.6049,1.0,1.0,0.2621,1310.15
Image_108_jpg.rf.ZKLKin09TToJe8AahDbf.jpg,13,72,267,45,211,54,113,6102,0.6151,0.57,0.4445,1.0,0.6004,0.3773,600.45
Image_108_jpg.rf.ZKLKin09TToJe8AahDbf.jpg,14,11,226,0,209,22,34,748,0.5571,0.28,0.5314,0.8657,1.0,0.1731,2231.69
Image_108_jpg.rf.ZKLKin09TToJe8AahDbf.jpg,15,463,183,444,171,38,25,950,0.575,0.29,0.5302,1.0,0.8797,0.293,879.67
Image_108_jpg.rf.ZKLKin09TToJe8AahDbf.jpg,16,118,211,83,161,70,100,7000,0.6447,0.55,0.4498,1.0,0.9475,0.3036,947.49
Image_108_jpg.rf.ZKLKin09TToJe8AahDbf.jpg,17,207,158,196,149,23,18,414,0.5668,0.28,0.5364,1.0,0.811,0.2514,810.99
Image_108_jpg.rf.ZKLKin09TToJe8AahDbf.jpg,18,347,156,329,140,36,33,1188,0.5386,0.28,0.5132,1.0,0.6098,0.2935,609.81
Image_108_jpg.rf.ZKLKin09TToJe8AahDbf.jpg,19,65,148,57,140,16,16,256,0.5475,0.44,0.4667,0.6505,1.0,0.1301,5243.2
Image_108_jpg.rf.ZKLKin09TToJe8AahDbf.jpg,20,450,99,438,85,24,28,672,0.5107,0.28,0.519,1.0,0.3104,0.3729,310.44
Image_108_jpg.rf.ZKLKin09TToJe8AahDbf.jpg,21,380,86,374,79,13,15,195,0.5033,0.26,0.5201,1.0,0.3032,0.2978,303.21
Image_108_jpg.rf.ZKLKin09TToJe8AahDbf.jpg,22,42,81,37,73,10,16,160,0.574,0.26,0.5227,1.0,1.0,0.4123,5720.11
Image_108_jpg.rf.ZKLKin09TToJe8AahDbf.jpg,23,187,73,183,67,9,13,117,0.4982,0.26,0.5367,1.0,0.1941,0.2343,194.09
Image_108_jpg.rf.ZKLKin09TToJe8AahDbf.jpg,24,379,67,372,60,14,15,210,0.5088,0.27,0.5318,1.0,0.2811,0.3689,281.14
Image_108_jpg.rf.ZKLKin09TToJe8AahDbf.jpg,25,161,68,155,58,12,20,240,0.4922,0.26,0.5107,1.0,0.2248,0.2552,224.81
Image_108_jpg.rf.ZKLKin09TToJe8AahDbf.jpg,26,291,46,282,38,19,17,323,0.5046,0.28,0.5324,1.0,0.2031,0.3092,203.08
Image_108_jpg.rf.ZKLKin09TToJe8AahDbf.jpg,27,421,44,402,26,39,37,1443,0.4863,0.33,0.4596,1.0,0.0997,0.3065,99.72
Image_108_jpg.rf.ZKLKin09TToJe8AahDbf.jpg,28,34,31,18,3,33,56,1848,0.6873,0.51,0.5965,1.0,1.0,0.2797,1690.94
Image_108_jpg.rf.ZKLKin09TToJe8AahDbf.jpg,29,317,13,306,0,22,27,594,0.4716,0.28,0.4524,1.0,0.1529,0.3957,152.9
Image_108_jpg.rf.ZKLKin09TToJe8AahDbf.jpg,30,227,12,186,0,82,24,1968,0.4884,0.34,0.4544,1.0,0.1036,0.406,103.61
Image_109_jpg.rf.5mj4A0H9tb9le9badfvY.jpg,1,294,503,273,494,43,18,774,0.6375,0.61,0.4237,0.8788,1.0,0.1758,3420.65
Image_109_jpg.rf.5mj4A0H9tb9le9badfvY.jpg,2,461,491,442,470,38,42,1596,0.6518,0.55,0.4551,1.0,1.0,0.3896,2892.6
Image_109_jpg.rf.5mj4A0H9tb9le9badfvY.jpg,3,307,463,302,458,11,11,121,0.6478,0.6,0.5222,0.775,1.0,0.155,2869.59
Image_109_jpg.rf.5mj4A0H9tb9le9badfvY.jpg,4,38,445,0,379,76,133,10108,0.6846,0.59,0.5088,1.0,1.0,0.4103,1908.07
Image_109_jpg.rf.5mj4A0H9tb9le9badfvY.jpg,5,324,413,297,367,54,92,4968,0.6675,0.57,0.48,1.0,1.0,0.3198,1540.21
Image_109_jpg.rf.5mj4A0H9tb9le9badfvY.jpg,6,31,361,20,347,22,28,616,0.6872,0.59,0.5164,1.0,1.0,0.2441,2107.42
Image_109_jpg.rf.5mj4A0H9tb9le9badfvY.jpg,7,465,338,460,332,10,12,120,0.6351,0.35,0.6075,1.0,1.0,0.233,3846.09
Image_109_jpg.rf.5mj4A0H9tb9le9badfvY.jpg,8,237,258,229,250,17,16,272,0.6004,0.37,0.4882,1.0,1.0,0.4458,4740.68
Image_109_jpg.rf.5mj4A0H9tb9le9badfvY.jpg,9,196,228,191,223,11,11,121,0.5769,0.35,0.441,1.0,1.0,0.2836,3384.14
Image_109_jpg.rf.5mj4A0H9tb9le9badfvY.jpg,10,114,181,106,173,16,16,256,0.6064,0.37,0.5054,1.0,1.0,0.3023,2909.38
Image_109_jpg.rf.5mj4A0H9tb9le9badfvY.jpg,11,132,199,101,157,62,85,5270,0.6226,0.37,0.5516,1.0,1.0,0.3541,3667.17
Image_109_jpg.rf.5mj4A0H9tb9le9badfvY.jpg,12,185,138,170,128,30,20,600,0.6231,0.34,0.5832,1.0,1.0,0.2894,2714.17
Image_10_jpg.rf.wl3DcpPvK0FipKV2yx03.jpg,1,158,415,151,410,15,11,165,0.6543,0.52,0.5414,1.0,0.8283,0.4396,828.31
Image_110_jpg.rf.KNWHzGugMu7wtbXcuab5.jpg,1,76,393,42,347,68,92,6256,0.6259,0.54,0.5698,1.0,0.3753,0.4224,375.27
Image_110_jpg.rf.KNWHzGugMu7wtbXcuab5.jpg,2,160,375,121,272,79,206,16274,0.6456,0.38,0.6076,1.0,1.0,0.4193,1465.21
Image_110_jpg.rf.KNWHzGugMu7wtbXcuab5.jpg,3,44,273,39,268,10,11,110,0.5341,0.53,0.4625,0.5336,0.7995,0.1067,799.48
Image_110_jpg.rf.KNWHzGugMu7wtbXcuab5.jpg,4,21,198,0,174,43,49,2107,0.6072,0.38,0.4978,1.0,1.0,0.2914,1823.63
Image_110_jpg.rf.KNWHzGugMu7wtbXcuab5.jpg,5,130,178,117,157,27,43,1161,0.6348,0.4,0.5566,1.0,1.0,0.3436,2251.96
Image_110_jpg.rf.KNWHzGugMu7wtbXcuab5.jpg,6,335,208,301,153,68,110,7480,0.6143,0.41,0.4879,1.0,1.0,0.3267,2583.43
Image_110_jpg.rf.KNWHzGugMu7wtbXcuab5.jpg,7,435,182,382,132,107,100,10700,0.6182,0.41,0.4992,1.0,1.0,0.311,2967.68
Image_110_jpg.rf.KNWHzGugMu7wtbXcuab5.jpg,8,305,140,292,121,26,39,1014,0.6195,0.38,0.5328,1.0,1.0,0.3596,3763.84
Image_110_jpg.rf.KNWHzGugMu7wtbXcuab5.jpg,9,475,128,464,120,22,17,374,0.6234,0.38,0.5439,1.0,1.0,0.3012,3356.83
Image_110_jpg.rf.KNWHzGugMu7wtbXcuab5.jpg,10,46,121,12,89,69,64,4416,0.6759,0.55,0.5241,1.0,1.0,0.2625,1601.17
Image_111_jpg.rf.J00nwHc5tNHzjgLdx9lH.jpg,1,6,457,0,443,13,29,377,0.5433,0.49,0.4866,1.0,0.015,0.6598,14.95
Image_111_jpg.rf.J00nwHc5tNHzjgLdx9lH.jpg,2,28,423,0,351,57,144,8208,0.4794,0.27,0.5247,1.0,0.0126,0.4979,12.62
Image_111_jpg.rf.J00nwHc5tNHzjgLdx9lH.jpg,3,7,174,0,143,14,62,868,0.5358,0.47,0.4747,1.0,0.0513,0.2,51.29
Image_111_jpg.rf.J00nwHc5tNHzjgLdx9lH.jpg,4,454,29,397,0,115,58,6670,0.5404,0.44,0.5246,1.0,0.0282,0.2377,28.23
Image_112_jpg.rf.p9K7nhdx6eSHiLR5kcpe.jpg,1,465,483,458,472,15,22,330,0.5298,0.38,0.5319,1.0,0.1069,0.2603,106.88
Image_112_jpg.rf.p9K7nhdx6eSHiLR5kcpe.jpg,2,37,480,31,466,13,29,377,0.5801,0.38,0.5658,1.0,0.4909,0.3229,490.93
Image_112_jpg.rf.p9K7nhdx6eSHiLR5kcpe.jpg,3,267,461,260,456,14,11,154,0.5116,0.38,0.4757,1.0,0.1208,0.7391,120.84
Image_112_jpg.rf.p9K7nhdx6eSHiLR5kcpe.jpg,4,5,469,0,455,10,29,290,0.5482,0.37,0.5143,1.0,0.3867,0.3415,386.69
Image_112_jpg.rf.p9K7nhdx6eSHiLR5kcpe.jpg,5,466,416,445,391,43,51,2193,0.5616,0.51,0.5021,1.0,0.0734,0.2514,73.42
Image_112_jpg.rf.p9K7nhdx6eSHiLR5kcpe.jpg,6,18,413,0,362,37,102,3774,0.5675,0.39,0.5764,1.0,0.2922,0.4551,292.18
Image_112_jpg.rf.p9K7nhdx6eSHiLR5kcpe.jpg,7,297,363,288,355,18,16,288,0.5774,0.55,0.5202,1.0,0.028,0.2655,28.04
Image_112_jpg.rf.p9K7nhdx6eSHiLR5kcpe.jpg,8,270,352,264,341,13,23,299,0.5748,0.51,0.536,1.0,0.0866,0.272,86.57
Image_112_jpg.rf.p9K7nhdx6eSHiLR5kcpe.jpg,9,456,343,452,336,8,14,112,0.5786,0.58,0.5101,0.9327,0.105,0.1865,105.01
Image_112_jpg.rf.p9K7nhdx6eSHiLR5kcpe.jpg,10,462,307,457,295,10,25,250,0.59,0.56,0.5349,1.0,0.0682,0.2789,68.21
Image_112_jpg.rf.p9K7nhdx6eSHiLR5kcpe.jpg,11,47,60,0,0,95,121,11495,0.4924,0.31,0.5194,1.0,0.0212,0.6683,21.2
Image_113_jpg.rf.pNd4QSkyqK5kjaNOIvtX.jpg,1,270,464,264,460,13,8,104,0.6887,0.61,0.5007,1.0,1.0,0.412,5539.73
Image_113_jpg.rf.pNd4QSkyqK5kjaNOIvtX.jpg,2,336,462,332,456,9,13,117,0.6375,0.38,0.5844,1.0,1.0,0.28,5042.49
Image_113_jpg.rf.pNd4QSkyqK5kjaNOIvtX.jpg,3,143,470,120,454,47,32,1504,0.6237,0.41,0.5482,0.9418,1.0,0.1884,4670.75
Image_113_jpg.rf.pNd4QSkyqK5kjaNOIvtX.jpg,4,317,448,310,440,14,16,224,0.6261,0.4,0.5316,1.0,1.0,0.2321,4132.35
Image_113_jpg.rf.pNd4QSkyqK5kjaNOIvtX.jpg,5,488,448,476,435,24,27,648,0.5556,0.45,0.47,0.7692,0.7973,0.1538,797.27
Image_113_jpg.rf.pNd4QSkyqK5kjaNOIvtX.jpg,6,297,429,290,424,14,10,140,0.7017,0.63,0.5178,1.0,1.0,0.3147,4059.05
Image_113_jpg.rf.pNd4QSkyqK5kjaNOIvtX.jpg,7,435,405,425,398,20,15,300,0.6131,0.4,0.4945,1.0,1.0,0.2882,1236.6
Image_113_jpg.rf.pNd4QSkyqK5kjaNOIvtX.jpg,8,391,353,382,348,19,11,209,0.5827,0.4,0.4788,1.0,0.7515,0.2819,751.51
Image_113_jpg.rf.pNd4QSkyqK5kjaNOIvtX.jpg,9,19,294,9,288,20,13,260,0.5635,0.41,0.5183,1.0,0.386,0.2838,386.02
Image_113_jpg.rf.pNd4QSkyqK5kjaNOIvtX.jpg,10,327,283,322,274,11,18,198,0.5759,0.38,0.5045,1.0,0.6633,0.2275,663.33
Image_113_jpg.rf.pNd4QSkyqK5kjaNOIvtX.jpg,11,54,270,48,266,12,9,108,0.5371,0.43,0.4946,1.0,0.1353,0.3075,135.27
Image_113_jpg.rf.pNd4QSkyqK5kjaNOIvtX.jpg,12,311,269,307,262,9,14,126,0.567,0.37,0.5427,1.0,0.4756,0.2381,475.6
Image_113_jpg.rf.pNd4QSkyqK5kjaNOIvtX.jpg,13,298,172,287,162,22,20,440,0.5389,0.39,0.5145,1.0,0.2232,0.3759,223.19
Image_113_jpg.rf.pNd4QSkyqK5kjaNOIvtX.jpg,14,177,149,167,140,21,19,399,0.5125,0.36,0.5136,1.0,0.0675,0.3656,67.53
Image_113_jpg.rf.pNd4QSkyqK5kjaNOIvtX.jpg,15,242,121,219,83,46,76,3496,0.5053,0.35,0.4893,1.0,0.1161,0.2729,116.07
Image_113_jpg.rf.pNd4QSkyqK5kjaNOIvtX.jpg,16,297,79,291,71,12,17,204,0.4868,0.28,0.5269,1.0,0.044,0.2529,44.02
Image_113_jpg.rf.pNd4QSkyqK5kjaNOIvtX.jpg,17,4,65,0,52,8,27,216,0.471,0.27,0.4858,1.0,0.0641,0.3168,64.14
Image_113_jpg.rf.pNd4QSkyqK5kjaNOIvtX.jpg,18,408,42,382,11,53,63,3339,0.4563,0.27,0.4525,1.0,0.0343,0.3456,34.29
Image_114_jpg.rf.66ZVsRxqDKP3QuHoyXfy.jpg,1,490,495,476,482,29,27,783,0.5911,0.44,0.616,1.0,0.2155,0.2724,215.49
Image_114_jpg.rf.66ZVsRxqDKP3QuHoyXfy.jpg,2,445,491,426,470,39,42,1638,0.5824,0.54,0.4739,1.0,0.2751,0.2933,275.07
Image_114_jpg.rf.66ZVsRxqDKP3QuHoyXfy.jpg,3,184,490,168,469,32,43,1376,0.5575,0.33,0.5852,1.0,0.3719,0.4504,371.87
Image_114_jpg.rf.66ZVsRxqDKP3QuHoyXfy.jpg,4,95,490,85,468,20,44,880,0.5204,0.3,0.5463,1.0,0.2423,0.3769,242.29
Image_114_jpg.rf.66ZVsRxqDKP3QuHoyXfy.jpg,5,127,479,121,451,13,57,741,0.5209,0.27,0.5395,1.0,0.3755,0.2818,375.47
Image_114_jpg.rf.66ZVsRxqDKP3QuHoyXfy.jpg,6,245,459,236,436,19,47,893,0.5942,0.31,0.6058,1.0,0.7368,0.3991,736.84
Image_114_jpg.rf.66ZVsRxqDKP3QuHoyXfy.jpg,7,348,453,338,427,20,52,1040,0.6103,0.54,0.5293,1.0,0.36,0.3691,359.97
Image_114_jpg.rf.66ZVsRxqDKP3QuHoyXfy.jpg,8,467,440,455,418,25,44,1100,0.4997,0.31,0.4895,1.0,0.199,0.3306,198.97
Image_114_jpg.rf.66ZVsRxqDKP3QuHoyXfy.jpg,9,61,444,38,408,47,72,3384,0.4843,0.27,0.4518,1.0,0.3171,0.2964,317.08
Image_114_jpg.rf.66ZVsRxqDKP3QuHoyXfy.jpg,10,273,428,263,406,21,45,945,0.6371,0.55,0.5069,1.0,0.6717,0.345,671.7
Image_114_jpg.rf.66ZVsRxqDKP3QuHoyXfy.jpg,11,2,406,0,395,5,23,115,0.4903,0.26,0.5285,1.0,0.1432,0.2727,143.17
Image_114_jpg.rf.66ZVsRxqDKP3QuHoyXfy.jpg,12,152,418,137,388,31,60,1860,0.5455,0.29,0.5333,1.0,0.5737,0.4005,573.68
Image_114_jpg.rf.66ZVsRxqDKP3QuHoyXfy.jpg,13,347,400,340,381,14,38,532,0.5242,0.29,0.5337,1.0,0.359,0.3054,358.96
Image_114_jpg.rf.66ZVsRxqDKP3QuHoyXfy.jpg,14,308,411,296,376,24,71,1704,0.5906,0.53,0.5138,1.0,0.2527,0.3233,252.72
Image_114_jpg.rf.66ZVsRxqDKP3QuHoyXfy.jpg,15,133,362,121,351,24,23,552,0.6919,0.53,0.6178,1.0,0.9012,0.2643,901.24
Image_114_jpg.rf.66ZVsRxqDKP3QuHoyXfy.jpg,16,209,381,191,350,36,62,2232,0.5963,0.52,0.5292,1.0,0.2912,0.2095,291.17
Image_114_jpg.rf.66ZVsRxqDKP3QuHoyXfy.jpg,17,22,365,0,345,45,41,1845,0.5084,0.3,0.5172,1.0,0.2233,0.4103,223.31
Image_114_jpg.rf.66ZVsRxqDKP3QuHoyXfy.jpg,18,256,372,236,331,41,83,3403,0.5769,0.39,0.5331,1.0,0.5382,0.3009,538.24
Image_114_jpg.rf.66ZVsRxqDKP3QuHoyXfy.jpg,19,63,337,57,330,13,14,182,0.4942,0.26,0.5308,1.0,0.1737,0.2892,173.69
Image_114_jpg.rf.66ZVsRxqDKP3QuHoyXfy.jpg,20,89,345,82,329,15,33,495,0.5321,0.32,0.536,1.0,0.3248,0.3136,324.77
Image_114_jpg.rf.66ZVsRxqDKP3QuHoyXfy.jpg,21,172,330,167,319,10,23,230,0.5657,0.52,0.4803,1.0,0.1559,0.2156,155.88
Image_114_jpg.rf.66ZVsRxqDKP3QuHoyXfy.jpg,22,104,313,101,303,7,20,140,0.5555,0.52,0.5089,0.8553,0.2437,0.1711,243.74
Image_114_jpg.rf.66ZVsRxqDKP3QuHoyXfy.jpg,23,20,309,16,301,9,17,153,0.5081,0.26,0.5536,1.0,0.2334,0.2939,233.37
Image_114_jpg.rf.66ZVsRxqDKP3QuHoyXfy.jpg,24,486,270,482,262,9,17,153,0.5255,0.26,0.6181,0.936,0.31,0.1872,310.0
Image_114_jpg.rf.66ZVsRxqDKP3QuHoyXfy.jpg,25,417,253,409,242,16,23,368,0.5148,0.27,0.5434,1.0,0.3008,0.3214,300.78
Image_114_jpg.rf.66ZVsRxqDKP3QuHoyXfy.jpg,26,481,241,477,231,8,20,160,0.4983,0.26,0.5186,1.0,0.2581,0.2281,258.15
Image_114_jpg.rf.66ZVsRxqDKP3QuHoyXfy.jpg,27,284,233,280,225,9,17,153,0.525,0.26,0.5566,0.8703,0.6512,0.1741,651.23
Image_114_jpg.rf.66ZVsRxqDKP3QuHoyXfy.jpg,28,457,228,451,216,13,24,312,0.4947,0.26,0.5249,1.0,0.2004,0.2967,200.36
Image_114_jpg.rf.66ZVsRxqDKP3QuHoyXfy.jpg,29,288,202,276,192,25,20,500,0.517,0.27,0.565,0.9671,0.3129,0.1934,312.93
Image_114_jpg.rf.66ZVsRxqDKP3QuHoyXfy.jpg,30,438,195,429,184,19,23,437,0.502,0.26,0.5307,1.0,0.252,0.2544,252.05
Image_114_jpg.rf.66ZVsRxqDKP3QuHoyXfy.jpg,31,352,189,348,183,8,12,96,0.4876,0.25,0.5033,1.0,0.2394,0.2292,239.42
Image_114_jpg.rf.66ZVsRxqDKP3QuHoyXfy.jpg,32,180,190,175,181,11,19,209,0.4833,0.26,0.4827,1.0,0.2339,0.2118,233.92
Image_114_jpg.rf.66ZVsRxqDKP3QuHoyXfy.jpg,33,395,206,378,179,35,55,1925,0.5007,0.27,0.5182,1.0,0.2477,0.249,247.71
Image_114_jpg.rf.66ZVsRxqDKP3QuHoyXfy.jpg,34,81,171,76,164,10,15,150,0.4943,0.26,0.5518,0.9343,0.2332,0.1869,233.17
Image_114_jpg.rf.66ZVsRxqDKP3QuHoyXfy.jpg,35,74,143,57,131,35,25,875,0.5108,0.27,0.5623,1.0,0.1952,0.2657,195.24
Image_117_jpg.rf.RhR9DwrzSaBpAHsds33q.jpg,1,26,502,20,493,12,19,228,0.4852,0.28,0.4999,1.0,0.1227,0.2967,122.71
Image_117_jpg.rf.RhR9DwrzSaBpAHsds33q.jpg,2,8,468,0,458,16,20,320,0.5185,0.31,0.5625,1.0,0.1315,0.4077,131.49
Image_118_jpg.rf.IA5KUjhBRPNcyBeEEmbc.jpg,1,16,498,0,484,32,28,896,0.5706,0.4,0.4735,1.0,0.6491,0.4543,649.13
Image_118_jpg.rf.IA5KUjhBRPNcyBeEEmbc.jpg,2,5,447,0,439,11,16,176,0.6207,0.61,0.5028,1.0,0.3124,0.3151,312.38
Image_118_jpg.rf.IA5KUjhBRPNcyBeEEmbc.jpg,3,73,101,64,96,18,10,180,0.5044,0.34,0.4835,1.0,0.1613,0.6167,161.34
Image_118_jpg.rf.IA5KUjhBRPNcyBeEEmbc.jpg,4,48,61,28,50,41,23,943,0.5211,0.44,0.4724,1.0,0.018,0.5326,17.96
Image_118_jpg.rf.IA5KUjhBRPNcyBeEEmbc.jpg,5,9,52,0,46,19,13,247,0.5509,0.5,0.4959,1.0,0.0233,0.2944,23.29
Image_118_jpg.rf.IA5KUjhBRPNcyBeEEmbc.jpg,6,104,46,94,30,20,32,640,0.5496,0.5,0.4951,1.0,0.0135,0.4119,13.5
Image_118_jpg.rf.IA5KUjhBRPNcyBeEEmbc.jpg,7,30,27,17,21,27,12,324,0.5114,0.41,0.4708,1.0,0.0312,0.2083,31.18
Image_118_jpg.rf.IA5KUjhBRPNcyBeEEmbc.jpg,8,85,15,79,9,13,13,169,0.4972,0.43,0.4911,0.864,0.0196,0.1728,19.63
Image_119_jpg.rf.wEfyYnxUkbsIxz2zlWr2.jpg,1,28,476,0,441,56,71,3976,0.5193,0.38,0.5301,1.0,0.0072,0.3571,7.22
Image_119_jpg.rf.wEfyYnxUkbsIxz2zlWr2.jpg,2,43,119,0,51,87,136,11832,0.5294,0.37,0.5678,1.0,0.0123,0.2769,12.25
Image_119_jpg.rf.wEfyYnxUkbsIxz2zlWr2.jpg,3,94,37,75,20,38,35,1330,0.5262,0.36,0.5564,1.0,0.0548,0.4043,54.8
Image_119_jpg.rf.wEfyYnxUkbsIxz2zlWr2.jpg,4,148,8,136,0,25,17,425,0.5543,0.52,0.4911,1.0,0.0043,0.2362,4.33
Image_11_jpg.rf.ugZaSCbtIAgOGoBDjebp.jpg,1,124,218,119,205,11,26,286,0.535,0.26,0.4598,0.9153,1.0,0.1831,4063.58
Image_11_jpg.rf.ugZaSCbtIAgOGoBDjebp.jpg,2,193,246,174,192,38,109,4142,0.5541,0.26,0.4659,1.0,1.0,0.3874,5020.72
Image_11_jpg.rf.ugZaSCbtIAgOGoBDjebp.jpg,3,402,178,361,111,83,135,11205,0.6006,0.26,0.5988,1.0,1.0,0.4135,5378.9
Image_120_jpg.rf.GnBVqnJanbW98IVF7LZl.jpg,1,388,175,383,159,11,33,363,0.6262,0.72,0.5477,0.8696,0.0857,0.1739,85.74
Image_120_jpg.rf.GnBVqnJanbW98IVF7LZl.jpg,2,109,94,97,88,25,13,325,0.5025,0.31,0.5067,1.0,0.1664,0.2443,166.42
Image_120_jpg.rf.GnBVqnJanbW98IVF7LZl.jpg,3,44,105,7,88,74,35,2590,0.4929,0.32,0.4845,1.0,0.1131,0.2672,113.09
Image_120_jpg.rf.GnBVqnJanbW98IVF7LZl.jpg,4,487,95,481,82,13,26,338,0.4819,0.28,0.4975,1.0,0.0975,0.2821,97.51
Image_120_jpg.rf.GnBVqnJanbW98IVF7LZl.jpg,5,153,85,138,71,30,28,840,0.5028,0.34,0.4896,1.0,0.1242,0.2363,124.17
Image_120_jpg.rf.GnBVqnJanbW98IVF7LZl.jpg,6,488,63,477,55,22,17,374,0.4879,0.28,0.5197,1.0,0.0802,0.3945,80.16
Image_120_jpg.rf.GnBVqnJanbW98IVF7LZl.jpg,7,191,32,182,17,18,30,540,0.568,0.43,0.467,1.0,0.5407,0.4698,540.68
Image_121_jpg.rf.AVyccaWUJujAnCUpxrgk.jpg,1,457,449,442,436,31,26,806,0.5121,0.38,0.5052,0.9884,0.046,0.1977,46.03
Image_122_jpg.rf.vRqtUBYxubQ0SoLBhjHE.jpg,1,70,468,58,449,24,39,936,0.5387,0.37,0.5786,1.0,0.0664,0.3072,66.44
Image_122_jpg.rf.vRqtUBYxubQ0SoLBhjHE.jpg,2,4,411,0,402,9,19,171,0.5411,0.46,0.5046,1.0,0.0346,0.4086,34.58
Image_122_jpg.rf.vRqtUBYxubQ0SoLBhjHE.jpg,3,504,400,496,387,16,27,432,0.4922,0.39,0.5348,0.7867,0.1122,0.1573,112.21
Image_122_jpg.rf.vRqtUBYxubQ0SoLBhjHE.jpg,4,7,357,0,337,14,40,560,0.4795,0.29,0.5014,1.0,0.0251,0.4625,25.05
Image_122_jpg.rf.vRqtUBYxubQ0SoLBhjHE.jpg,5,9,298,0,288,18,20,360,0.5039,0.33,0.5215,1.0,0.0584,0.2878,58.41
Image_124_jpg.rf.rdbCk2owkYPm1khrMruc.jpg,1,400,506,392,501,16,11,176,0.5715,0.52,0.5589,0.8929,0.1527,0.1786,152.74
Image_124_jpg.rf.rdbCk2owkYPm1khrMruc.jpg,2,507,487,502,482,10,11,110,0.5959,0.54,0.481,1.0,0.3852,0.2364,385.24
Image_124_jpg.rf.rdbCk2owkYPm1khrMruc.jpg,3,441,489,423,481,36,17,612,0.6169,0.57,0.563,1.0,0.2038,0.2421,203.83
Image_124_jpg.rf.rdbCk2owkYPm1khrMruc.jpg,4,489,435,467,418,45,35,1575,0.5646,0.6,0.467,0.8469,0.2181,0.1694,218.1
Image_124_jpg.rf.rdbCk2owkYPm1khrMruc.jpg,5,433,424,408,407,51,34,1734,0.5746,0.54,0.5066,0.9196,0.2435,0.1839,243.45
Image_124_jpg.rf.rdbCk2owkYPm1khrMruc.jpg,6,319,370,305,357,28,26,728,0.6622,0.59,0.5981,1.0,0.4639,0.3763,463.94
Image_124_jpg.rf.rdbCk2owkYPm1khrMruc.jpg,7,347,355,338,351,19,8,152,0.6194,0.6,0.5039,1.0,0.3299,0.2742,329.88
Image_124_jpg.rf.rdbCk2owkYPm1khrMruc.jpg,8,67,254,53,244,29,20,580,0.5606,0.57,0.511,0.6784,0.4659,0.1357,465.92
Image_124_jpg.rf.rdbCk2owkYPm1khrMruc.jpg,9,355,240,350,232,11,16,176,0.6514,0.55,0.4541,1.0,1.0,0.2158,1106.73
Image_124_jpg.rf.rdbCk2owkYPm1khrMruc.jpg,10,13,267,0,212,26,110,2860,0.6292,0.6,0.488,1.0,0.4844,0.2131,484.4
Image_124_jpg.rf.rdbCk2owkYPm1khrMruc.jpg,11,366,139,360,129,12,21,252,0.556,0.53,0.5063,0.8838,0.1655,0.1768,165.48
Image_124_jpg.rf.rdbCk2owkYPm1khrMruc.jpg,12,170,130,152,120,37,21,777,0.5648,0.58,0.4602,0.8782,0.2505,0.1756,250.49
Image_124_jpg.rf.rdbCk2owkYPm1khrMruc.jpg,13,448,93,430,72,36,42,1512,0.5187,0.54,0.5014,0.6134,0.3148,0.1227,314.84
Image_124_jpg.rf.rdbCk2owkYPm1khrMruc.jpg,14,358,57,350,48,16,18,288,0.5659,0.56,0.4885,0.8988,0.1915,0.1798,191.52
Image_124_jpg.rf.rdbCk2owkYPm1khrMruc.jpg,15,453,17,432,4,42,27,1134,0.47,0.52,0.4846,0.533,0.1175,0.1066,117.48
Image_126_jpg.rf.CTZ8d3VNoDXxTGJMzPqI.jpg,1,143,397,127,386,33,22,726,0.6259,0.54,0.5526,1.0,0.435,0.2869,435.02
Image_126_jpg.rf.CTZ8d3VNoDXxTGJMzPqI.jpg,2,309,374,299,362,20,24,480,0.5003,0.61,0.552,0.217,0.5023,0.0434,502.32
Image_126_jpg.rf.CTZ8d3VNoDXxTGJMzPqI.jpg,3,262,302,258,291,8,23,184,0.6259,0.37,0.6487,1.0,0.6932,0.2557,693.23
Image_126_jpg.rf.CTZ8d3VNoDXxTGJMzPqI.jpg,4,271,233,227,195,89,77,6853,0.5839,0.37,0.4578,1.0,0.942,0.3211,941.95
Image_127_jpg.rf.LccIpdsTctDT5vBHRDqW.jpg,1,233,497,210,482,47,30,1410,0.5131,0.39,0.5032,1.0,0.0045,0.653,4.5
Image_127_jpg.rf.LccIpdsTctDT5vBHRDqW.jpg,2,376,486,364,479,24,14,336,0.5102,0.39,0.4945,1.0,0.0064,0.3462,6.42
Image_127_jpg.rf.LccIpdsTctDT5vBHRDqW.jpg,3,240,470,233,466,14,9,126,0.5102,0.39,0.4943,1.0,0.0073,0.4377,7.34
Image_127_jpg.rf.LccIpdsTctDT5vBHRDqW.jpg,4,364,451,354,444,21,15,315,0.5117,0.39,0.4985,1.0,0.007,0.3244,7.0
Image_127_jpg.rf.LccIpdsTctDT5vBHRDqW.jpg,5,120,434,112,425,16,19,304,0.5055,0.38,0.4911,1.0,0.0064,0.3018,6.38
Image_127_jpg.rf.LccIpdsTctDT5vBHRDqW.jpg,6,198,391,193,387,11,9,99,0.4824,0.26,0.5064,1.0,0.141,0.4928,141.04
Image_128_jpg.rf.A288RXnbdwelSf6Nt8x4.jpg,1,259,445,253,436,12,18,216,0.6225,0.53,0.5791,0.9722,0.3992,0.1944,399.19
Image_128_jpg.rf.A288RXnbdwelSf6Nt8x4.jpg,2,145,409,132,401,26,16,416,0.5856,0.61,0.5355,0.7566,0.3333,0.1513,333.26
Image_128_jpg.rf.A288RXnbdwelSf6Nt8x4.jpg,3,188,389,179,371,18,36,648,0.6335,0.54,0.5529,1.0,0.5095,0.2153,509.55
Image_128_jpg.rf.A288RXnbdwelSf6Nt8x4.jpg,4,98,377,91,364,15,27,405,0.5979,0.59,0.498,1.0,0.1714,0.2232,171.42
Image_128_jpg.rf.A288RXnbdwelSf6Nt8x4.jpg,5,143,368,121,356,45,24,1080,0.5992,0.57,0.526,1.0,0.1559,0.3421,155.92
Image_12_jpg.rf.iamGRq8ZstEdQUe0LEBq.jpg,1,447,281,405,193,85,177,15045,0.4962,0.21,0.4439,1.0,0.6737,0.4576,673.71
Image_133_jpg.rf.ArnBqVdUXmHwYlaOmH9T.jpg,1,255,179,248,149,15,60,900,0.4533,0.2,0.4812,1.0,0.1484,0.2335,148.41
Image_134_jpg.rf.mjcK32ElmCkzsjTNjwdP.jpg,1,342,506,332,501,21,11,231,0.5176,0.4,0.5012,1.0,0.0214,0.3904,21.39
Image_134_jpg.rf.mjcK32ElmCkzsjTNjwdP.jpg,2,190,460,184,455,12,11,132,0.4891,0.26,0.5244,1.0,0.1458,0.2246,145.84
Image_134_jpg.rf.mjcK32ElmCkzsjTNjwdP.jpg,3,430,456,423,449,15,14,210,0.5418,0.44,0.5193,1.0,0.0601,0.2564,60.11
Image_134_jpg.rf.mjcK32ElmCkzsjTNjwdP.jpg,4,44,405,37,399,14,13,182,0.4945,0.39,0.5195,0.8538,0.054,0.1708,54.04
Image_134_jpg.rf.mjcK32ElmCkzsjTNjwdP.jpg,5,34,353,23,342,22,22,484,0.5223,0.39,0.5281,1.0,0.0095,0.3512,9.54
Image_134_jpg.rf.mjcK32ElmCkzsjTNjwdP.jpg,6,44,235,38,230,13,10,130,0.4824,0.29,0.5101,1.0,0.0234,0.26,23.44
Image_134_jpg.rf.mjcK32ElmCkzsjTNjwdP.jpg,7,39,32,32,24,14,17,238,0.4785,0.29,0.4994,1.0,0.0221,0.4629,22.13
Image_134_jpg.rf.mjcK32ElmCkzsjTNjwdP.jpg,8,46,4,41,0,10,9,90,0.4534,0.21,0.5023,1.0,0.0406,0.9455,40.64
Image_134_jpg.rf.mjcK32ElmCkzsjTNjwdP.jpg,9,18,11,6,0,24,22,528,0.4809,0.29,0.5032,1.0,0.0331,0.3879,33.11
Image_136_jpg.rf.2Tq3TUz3G3HxEk4ZJAZt.jpg,1,161,69,157,58,9,22,198,0.5793,0.34,0.5389,1.0,0.717,0.2227,717.04
Image_136_jpg.rf.2Tq3TUz3G3HxEk4ZJAZt.jpg,2,132,6,119,0,26,12,312,0.4771,0.17,0.5299,1.0,0.3214,0.2471,321.42
Image_138_jpeg.rf.c7CXoYotoKBlXRO5vx0r.jpg,1,500,433,488,414,24,39,936,0.5296,0.36,0.5588,1.0,0.0796,0.349,79.57
Image_138_jpeg.rf.c7CXoYotoKBlXRO5vx0r.jpg,2,135,416,123,401,24,30,720,0.503,0.34,0.5074,1.0,0.0644,0.3485,64.35
Image_138_jpeg.rf.c7CXoYotoKBlXRO5vx0r.jpg,3,44,421,27,397,34,48,1632,0.4844,0.5,0.4866,0.683,0.0252,0.1366,25.23
Image_138_jpeg.rf.c7CXoYotoKBlXRO5vx0r.jpg,4,460,406,453,392,15,28,420,0.5354,0.48,0.4745,1.0,0.0137,0.3269,13.67
Image_138_jpeg.rf.c7CXoYotoKBlXRO5vx0r.jpg,5,77,396,68,381,18,30,540,0.5406,0.48,0.4898,1.0,0.0112,0.3278,11.24
Image_138_jpeg.rf.c7CXoYotoKBlXRO5vx0r.jpg,6,272,396,265,376,14,40,560,0.4616,0.39,0.5054,0.7359,0.0103,0.1472,10.28
Image_138_jpeg.rf.c7CXoYotoKBlXRO5vx0r.jpg,7,120,383,114,372,13,22,286,0.5435,0.47,0.4935,1.0,0.0625,0.5941,62.47
Image_138_jpeg.rf.c7CXoYotoKBlXRO5vx0r.jpg,8,122,333,111,323,23,21,483,0.4576,0.24,0.4926,1.0,0.0115,0.7758,11.51
Image_139_jpg.rf.GlOqjsA2OPzwGS1CydFl.jpg,1,243,460,238,454,11,13,143,0.4523,0.37,0.4863,0.6174,0.2914,0.1235,291.37
Image_139_jpg.rf.GlOqjsA2OPzwGS1CydFl.jpg,2,471,456,462,440,18,32,576,0.5138,0.34,0.5003,1.0,0.1974,0.225,197.42
Image_139_jpg.rf.GlOqjsA2OPzwGS1CydFl.jpg,3,166,381,160,340,13,83,1079,0.4892,0.3,0.5084,1.0,0.0623,0.2935,62.27
Image_141_jpg.rf.ni5cZFE4NmWcgkkTJyu0.jpg,1,229,432,225,426,9,12,108,0.5877,0.35,0.4781,1.0,0.9784,0.2877,978.41
Image_141_jpg.rf.ni5cZFE4NmWcgkkTJyu0.jpg,2,267,443,244,418,47,50,2350,0.6261,0.49,0.5474,1.0,0.6298,0.2305,629.8
Image_141_jpg.rf.ni5cZFE4NmWcgkkTJyu0.jpg,3,222,381,213,373,18,16,288,0.5966,0.6,0.5498,0.6369,0.668,0.1274,668.02
Image_141_jpg.rf.ni5cZFE4NmWcgkkTJyu0.jpg,4,427,280,420,266,14,28,392,0.6516,0.61,0.5362,1.0,0.5042,0.3327,504.16
Image_141_jpg.rf.ni5cZFE4NmWcgkkTJyu0.jpg,5,300,69,287,59,26,20,520,0.7302,0.62,0.6091,1.0,1.0,0.3446,2932.62
Image_141_jpg.rf.ni5cZFE4NmWcgkkTJyu0.jpg,6,271,60,261,50,20,20,400,0.632,0.41,0.5386,1.0,1.0,0.3408,3430.61
Image_141_jpg.rf.ni5cZFE4NmWcgkkTJyu0.jpg,7,325,48,319,43,12,11,132,0.6883,0.42,0.6895,1.0,1.0,0.3732,3251.22
Image_141_jpg.rf.ni5cZFE4NmWcgkkTJyu0.jpg,8,245,33,219,11,53,45,2385,0.6089,0.37,0.5127,1.0,1.0,0.3789,1263.05
Image_141_jpg.rf.ni5cZFE4NmWcgkkTJyu0.jpg,9,291,23,276,9,31,28,868,0.7466,0.6,0.6759,1.0,1.0,0.4494,1099.54
Image_142_jpg.rf.y4CHTtI6ZZwpOb0pXD4Y.jpg,1,293,192,207,130,173,124,21452,0.458,0.37,0.4243,0.7578,0.284,0.1516,283.95
Image_143_jpg.rf.kTlQ1Ng0OYiVRp65J944.jpg,1,234,489,203,466,63,46,2898,0.4851,0.29,0.4806,1.0,0.1541,0.4195,154.08
Image_145_jpg.rf.Bkrti4cBNdjrLgui4m8j.jpg,1,51,353,29,323,45,61,2745,0.5051,0.26,0.565,0.5816,1.0,0.1163,1490.33
Image_146_jpg.rf.SFDE7joghmlzovAHZyal.jpg,1,100,238,95,231,11,14,154,0.5731,0.26,0.5386,1.0,0.9359,0.2324,935.9
Image_146_jpg.rf.SFDE7joghmlzovAHZyal.jpg,2,235,78,192,47,86,62,5332,0.5485,0.37,0.4827,1.0,0.5004,0.3406,500.39
Image_147_jpg.rf.0ObOLmbo8kCVbiuendEU.jpg,1,480,289,474,285,13,8,104,0.6055,0.56,0.4637,0.8,0.872,0.16,872.03
Image_147_jpg.rf.0ObOLmbo8kCVbiuendEU.jpg,2,9,183,0,170,19,27,513,0.57,0.37,0.5071,1.0,0.6303,0.3949,630.29
Image_148_jpg.rf.MtqxdZ5CMCsfOSMcZVNG.jpg,1,355,508,347,505,16,7,112,0.5213,0.36,0.5148,1.0,0.1507,0.3077,150.73
Image_148_jpg.rf.MtqxdZ5CMCsfOSMcZVNG.jpg,2,388,486,381,480,14,13,182,0.5293,0.37,0.5152,1.0,0.1946,0.2677,194.61
Image_148_jpg.rf.MtqxdZ5CMCsfOSMcZVNG.jpg,3,90,474,73,468,35,13,455,0.4721,0.24,0.5298,1.0,0.0266,0.2885,26.59
Image_148_jpg.rf.MtqxdZ5CMCsfOSMcZVNG.jpg,4,442,454,435,443,15,22,330,0.5236,0.38,0.5265,1.0,0.063,0.4074,63.0
Image_148_jpg.rf.MtqxdZ5CMCsfOSMcZVNG.jpg,5,431,304,420,299,22,10,220,0.4596,0.24,0.49,1.0,0.0404,0.2259,40.44
Image_148_jpg.rf.MtqxdZ5CMCsfOSMcZVNG.jpg,6,88,296,81,290,15,12,180,0.4988,0.32,0.5257,1.0,0.028,0.2361,28.02
Image_148_jpg.rf.MtqxdZ5CMCsfOSMcZVNG.jpg,7,412,189,394,178,36,23,828,0.5352,0.32,0.5848,1.0,0.1848,0.2208,184.82
Image_149_jpg.rf.ZdJSVGJdqhCI7OlouS5z.jpg,1,423,304,395,265,57,78,4446,0.5072,0.24,0.5992,1.0,0.1348,0.2103,134.77
Image_150_jpg.rf.M97gRHcPskNODuDozd4k.jpg,1,409,508,402,505,14,7,98,0.6023,0.6,0.4731,1.0,0.2677,0.3994,267.69
Image_150_jpg.rf.M97gRHcPskNODuDozd4k.jpg,2,142,506,135,500,14,12,168,0.6526,0.6,0.5434,1.0,0.5245,0.3846,524.48
Image_150_jpg.rf.M97gRHcPskNODuDozd4k.jpg,3,94,366,88,361,12,10,120,0.5882,0.55,0.5263,1.0,0.1153,0.3826,115.31
Image_150_jpg.rf.M97gRHcPskNODuDozd4k.jpg,4,427,360,420,351,14,18,252,0.5949,0.58,0.5218,1.0,0.0931,0.2385,93.09
Image_150_jpg.rf.M97gRHcPskNODuDozd4k.jpg,5,405,343,398,336,15,14,210,0.5973,0.58,0.5245,1.0,0.107,0.2094,106.97
Image_150_jpg.rf.M97gRHcPskNODuDozd4k.jpg,6,82,266,77,257,11,18,198,0.5289,0.39,0.491,1.0,0.2057,0.2754,205.65
Image_150_jpg.rf.M97gRHcPskNODuDozd4k.jpg,7,131,264,97,236,69,57,3933,0.5418,0.4,0.5349,1.0,0.1461,0.3568,146.06
Image_150_jpg.rf.M97gRHcPskNODuDozd4k.jpg,8,305,228,299,224,13,9,117,0.5334,0.33,0.5475,1.0,0.2623,0.3829,262.34
Image_150_jpg.rf.M97gRHcPskNODuDozd4k.jpg,9,121,220,110,210,22,21,462,0.5505,0.48,0.5149,1.0,0.0225,0.5232,22.45
Image_150_jpg.rf.M97gRHcPskNODuDozd4k.jpg,10,12,107,6,101,12,12,144,0.5165,0.41,0.4921,1.0,0.0083,0.2118,8.28
Image_150_jpg.rf.M97gRHcPskNODuDozd4k.jpg,11,5,83,0,71,10,24,240,0.5347,0.46,0.4935,1.0,0.0101,0.3698,10.14
Image_150_jpg.rf.M97gRHcPskNODuDozd4k.jpg,12,172,16,165,0,14,33,462,0.4879,0.46,0.495,0.7643,0.0082,0.1529,8.17
Image_150_jpg.rf.M97gRHcPskNODuDozd4k.jpg,13,84,22,58,0,52,45,2340,0.5734,0.47,0.542,1.0,0.1922,0.242,192.22
Image_151_jpg.rf.spV9r9WrtXpibKOiJoFo.jpg,1,254,475,233,463,43,25,1075,0.5657,0.28,0.4791,1.0,1.0,0.3597,1915.2
Image_151_jpg.rf.spV9r9WrtXpibKOiJoFo.jpg,2,146,479,116,458,61,42,2562,0.5675,0.29,0.4743,1.0,1.0,0.3917,1455.64
Image_151_jpg.rf.spV9r9WrtXpibKOiJoFo.jpg,3,349,456,331,448,37,16,592,0.5784,0.29,0.5053,1.0,1.0,0.5,1493.64
Image_151_jpg.rf.spV9r9WrtXpibKOiJoFo.jpg,4,436,457,415,446,42,23,966,0.584,0.28,0.5314,1.0,1.0,0.3921,1954.48
Image_151_jpg.rf.spV9r9WrtXpibKOiJoFo.jpg,5,50,446,44,442,12,8,96,0.5599,0.27,0.4726,1.0,1.0,0.4292,1340.15
Image_151_jpg.rf.spV9r9WrtXpibKOiJoFo.jpg,6,487,415,472,406,30,18,540,0.569,0.28,0.4886,1.0,1.0,0.3524,1545.58
Image_151_jpg.rf.spV9r9WrtXpibKOiJoFo.jpg,7,341,416,328,404,27,24,648,0.5733,0.28,0.5008,1.0,1.0,0.3333,1790.56
Image_151_jpg.rf.spV9r9WrtXpibKOiJoFo.jpg,8,480,375,473,368,15,15,225,0.5678,0.28,0.4852,1.0,1.0,0.3128,1259.55
Image_151_jpg.rf.spV9r9WrtXpibKOiJoFo.jpg,9,417,375,411,366,13,18,234,0.5655,0.28,0.4787,1.0,1.0,0.2573,1871.81
Image_151_jpg.rf.spV9r9WrtXpibKOiJoFo.jpg,10,382,370,376,366,13,9,117,0.5746,0.26,0.5246,1.0,1.0,0.3581,1517.89
Image_151_jpg.rf.spV9r9WrtXpibKOiJoFo.jpg,11,76,372,70,364,12,16,192,0.5757,0.27,0.5178,1.0,1.0,0.3423,1607.85
Image_151_jpg.rf.spV9r9WrtXpibKOiJoFo.jpg,12,357,363,352,356,11,15,165,0.5543,0.27,0.4566,1.0,1.0,0.256,2072.1
Image_151_jpg.rf.spV9r9WrtXpibKOiJoFo.jpg,13,196,361,191,356,11,11,121,0.56,0.26,0.4828,1.0,1.0,0.2306,2589.14
Image_151_jpg.rf.spV9r9WrtXpibKOiJoFo.jpg,14,176,377,155,352,42,50,2100,0.5542,0.28,0.4463,1.0,1.0,0.3145,1994.39
Image_151_jpg.rf.spV9r9WrtXpibKOiJoFo.jpg,15,18,351,12,346,12,10,120,0.6111,0.26,0.6289,1.0,1.0,0.2311,2717.16
Image_151_jpg.rf.spV9r9WrtXpibKOiJoFo.jpg,16,379,330,372,322,15,16,240,0.5664,0.28,0.4811,1.0,1.0,0.2579,2833.5
Image_151_jpg.rf.spV9r9WrtXpibKOiJoFo.jpg,17,262,311,258,305,9,12,108,0.5449,0.26,0.4954,0.9028,1.0,0.1806,2239.63
Image_151_jpg.rf.spV9r9WrtXpibKOiJoFo.jpg,18,68,278,58,272,21,12,252,0.5759,0.28,0.5083,1.0,1.0,0.3775,2108.2
Image_151_jpg.rf.spV9r9WrtXpibKOiJoFo.jpg,19,413,274,408,264,10,20,200,0.5859,0.27,0.547,1.0,1.0,0.2472,2153.92
Image_151_jpg.rf.spV9r9WrtXpibKOiJoFo.jpg,20,36,263,29,259,15,9,135,0.5555,0.27,0.46,1.0,1.0,0.4039,2327.0
Image_151_jpg.rf.spV9r9WrtXpibKOiJoFo.jpg,21,88,260,78,253,20,15,300,0.5456,0.28,0.4218,1.0,1.0,0.3796,2194.35
Image_151_jpg.rf.spV9r9WrtXpibKOiJoFo.jpg,22,476,271,459,251,34,41,1394,0.5549,0.28,0.4484,1.0,1.0,0.297,2177.87
Image_151_jpg.rf.spV9r9WrtXpibKOiJoFo.jpg,23,259,258,250,248,19,21,399,0.5572,0.28,0.4548,1.0,1.0,0.2405,2004.52
Image_151_jpg.rf.spV9r9WrtXpibKOiJoFo.jpg,24,215,251,208,246,15,11,165,0.5864,0.27,0.5491,0.9984,1.0,0.1997,2729.49
Image_151_jpg.rf.spV9r9WrtXpibKOiJoFo.jpg,25,476,211,470,205,12,12,144,0.559,0.26,0.4801,1.0,1.0,0.217,1749.82
Image_151_jpg.rf.spV9r9WrtXpibKOiJoFo.jpg,26,167,208,153,191,28,35,980,0.5487,0.28,0.4307,1.0,1.0,0.3239,2096.15
Image_151_jpg.rf.spV9r9WrtXpibKOiJoFo.jpg,27,503,204,495,190,17,29,493,0.531,0.28,0.3799,1.0,1.0,0.2598,1854.36
Image_151_jpg.rf.spV9r9WrtXpibKOiJoFo.jpg,28,272,190,266,185,12,11,132,0.5513,0.26,0.4579,1.0,1.0,0.2101,1901.97
Image_151_jpg.rf.spV9r9WrtXpibKOiJoFo.jpg,29,442,198,430,183,24,31,744,0.5635,0.28,0.4729,1.0,1.0,0.25,2010.66
Image_151_jpg.rf.spV9r9WrtXpibKOiJoFo.jpg,30,415,199,404,183,23,32,736,0.5749,0.28,0.5055,1.0,1.0,0.2169,2147.96
Image_151_jpg.rf.spV9r9WrtXpibKOiJoFo.jpg,31,101,185,96,179,11,12,132,0.5718,0.26,0.5167,1.0,1.0,0.2409,2582.67
Image_151_jpg.rf.spV9r9WrtXpibKOiJoFo.jpg,32,360,180,353,174,14,12,168,0.5554,0.27,0.4597,1.0,1.0,0.2821,1933.54
Image_151_jpg.rf.spV9r9WrtXpibKOiJoFo.jpg,33,329,185,321,173,16,24,384,0.5681,0.28,0.486,1.0,1.0,0.2411,2535.23
Image_151_jpg.rf.spV9r9WrtXpibKOiJoFo.jpg,34,63,175,59,168,9,15,135,0.5675,0.26,0.5044,1.0,1.0,0.2945,2373.58
Image_151_jpg.rf.spV9r9WrtXpibKOiJoFo.jpg,35,487,163,474,151,27,24,648,0.5766,0.28,0.5102,1.0,1.0,0.2835,2085.32
Image_151_jpg.rf.spV9r9WrtXpibKOiJoFo.jpg,36,269,157,262,151,15,12,180,0.5559,0.27,0.4612,1.0,1.0,0.2778,2044.89
Image_151_jpg.rf.spV9r9WrtXpibKOiJoFo.jpg,37,102,137,85,118,34,38,1292,0.5649,0.28,0.477,1.0,1.0,0.2622,2012.35
Image_151_jpg.rf.spV9r9WrtXpibKOiJoFo.jpg,38,14,128,0,113,28,31,868,0.5763,0.28,0.5095,1.0,1.0,0.3577,1849.07
Image_151_jpg.rf.spV9r9WrtXpibKOiJoFo.jpg,39,303,123,292,108,22,31,682,0.5376,0.28,0.4837,0.8516,1.0,0.1703,1874.06
Image_151_jpg.rf.spV9r9WrtXpibKOiJoFo.jpg,40,459,109,436,99,47,20,940,0.5726,0.28,0.4989,1.0,1.0,0.2707,1773.06
Image_151_jpg.rf.spV9r9WrtXpibKOiJoFo.jpg,41,146,101,141,93,11,16,176,0.567,0.27,0.4929,1.0,1.0,0.2562,1823.29
Image_151_jpg.rf.spV9r9WrtXpibKOiJoFo.jpg,42,484,88,472,81,25,15,375,0.5746,0.28,0.5045,1.0,1.0,0.2753,1575.07
Image_151_jpg.rf.spV9r9WrtXpibKOiJoFo.jpg,43,134,84,127,76,14,16,224,0.5736,0.27,0.5117,1.0,1.0,0.2143,1593.74
Image_151_jpg.rf.spV9r9WrtXpibKOiJoFo.jpg,44,258,67,253,60,10,14,140,0.5462,0.26,0.5054,0.8916,1.0,0.1783,1245.92
Image_151_jpg.rf.spV9r9WrtXpibKOiJoFo.jpg,45,126,41,119,35,14,12,168,0.578,0.27,0.5244,1.0,1.0,0.2692,1578.14
Image_151_jpg.rf.spV9r9WrtXpibKOiJoFo.jpg,46,419,45,397,27,44,36,1584,0.5705,0.27,0.5029,1.0,1.0,0.2243,1197.66
Image_151_jpg.rf.spV9r9WrtXpibKOiJoFo.jpg,47,313,11,306,6,15,10,150,0.5087,0.26,0.4747,0.7576,1.0,0.1515,1143.09
Image_152_jpg.rf.DW6uvb1xgq0CDk5G9fci.jpg,1,463,26,458,21,10,10,100,0.5569,0.38,0.5313,0.8471,0.6849,0.1694,684.86
Image_153_jpg.rf.BAALrGntehKZQvc3AUry.jpg,1,186,447,177,443,18,8,144,0.6833,0.55,0.545,1.0,1.0,0.6983,1981.68
Image_153_jpg.rf.BAALrGntehKZQvc3AUry.jpg,2,248,456,206,430,84,52,4368,0.7042,0.6,0.5549,1.0,1.0,0.3634,1285.38
Image_153_jpg.rf.BAALrGntehKZQvc3AUry.jpg,3,270,394,262,390,16,9,144,0.5494,0.6,0.521,0.4592,0.6523,0.0918,652.29
Image_153_jpg.rf.BAALrGntehKZQvc3AUry.jpg,4,253,378,244,368,18,20,360,0.6507,0.62,0.6408,0.5469,1.0,0.1094,1707.84
Image_153_jpg.rf.BAALrGntehKZQvc3AUry.jpg,5,253,343,243,336,21,14,294,0.6856,0.61,0.5569,0.8858,1.0,0.1772,1566.83
Image_153_jpg.rf.BAALrGntehKZQvc3AUry.jpg,6,6,334,0,327,12,15,180,0.6895,0.61,0.503,1.0,1.0,0.3251,2568.91
Image_153_jpg.rf.BAALrGntehKZQvc3AUry.jpg,7,188,323,178,309,21,29,609,0.6242,0.61,0.5731,0.5506,1.0,0.1101,2593.21
Image_153_jpg.rf.BAALrGntehKZQvc3AUry.jpg,8,50,314,42,305,16,19,304,0.6969,0.62,0.514,1.0,1.0,0.5253,2827.95
Image_153_jpg.rf.BAALrGntehKZQvc3AUry.jpg,9,333,318,318,298,30,40,1200,0.7109,0.61,0.564,1.0,1.0,0.2102,4384.16
Image_153_jpg.rf.BAALrGntehKZQvc3AUry.jpg,10,273,307,244,285,58,44,2552,0.6203,0.37,0.5459,0.9987,1.0,0.1997,1318.91
Image_153_jpg.rf.BAALrGntehKZQvc3AUry.jpg,11,15,301,0,283,31,36,1116,0.6961,0.62,0.5118,1.0,1.0,0.3694,1450.28
Image_153_jpg.rf.BAALrGntehKZQvc3AUry.jpg,12,501,221,490,213,22,17,374,0.6953,0.62,0.5094,1.0,1.0,0.282,1579.72
Image_153_jpg.rf.BAALrGntehKZQvc3AUry.jpg,13,152,154,146,143,13,23,299,0.6286,0.37,0.5688,1.0,1.0,0.2606,1675.11
Image_153_jpg.rf.BAALrGntehKZQvc3AUry.jpg,14,200,139,186,128,29,23,667,0.6023,0.37,0.4938,1.0,1.0,0.2934,2202.3
Image_153_jpg.rf.BAALrGntehKZQvc3AUry.jpg,15,411,115,390,97,43,36,1548,0.6916,0.62,0.4989,1.0,1.0,0.3754,1614.18
Image_153_jpg.rf.BAALrGntehKZQvc3AUry.jpg,16,450,92,438,85,24,15,360,0.7042,0.62,0.5349,1.0,1.0,0.4568,1699.95
Image_153_jpg.rf.BAALrGntehKZQvc3AUry.jpg,17,251,88,238,81,27,14,378,0.6939,0.62,0.5055,1.0,1.0,0.4112,1922.7
Image_153_jpg.rf.BAALrGntehKZQvc3AUry.jpg,18,484,36,478,33,13,7,91,0.7151,0.62,0.5659,1.0,1.0,0.2589,2743.11
Image_153_jpg.rf.BAALrGntehKZQvc3AUry.jpg,19,419,7,408,0,22,15,330,0.7102,0.62,0.552,1.0,1.0,0.3137,2407.41
Image_153_jpg.rf.BAALrGntehKZQvc3AUry.jpg,20,350,10,338,0,25,20,500,0.6939,0.62,0.5055,1.0,1.0,0.4033,1870.89
Image_155_jpg.rf.ST5Tqojx883FfdkYzpwA.jpg,1,9,239,0,213,19,53,1007,0.5515,0.36,0.5117,1.0,0.4637,0.2689,463.7
Image_155_jpg.rf.ST5Tqojx883FfdkYzpwA.jpg,2,391,187,371,161,41,53,2173,0.5699,0.37,0.4526,1.0,0.8199,0.4798,819.89
Image_157_jpg.rf.1Cq4R4UGIHv1lBcS2Qs5.jpg,1,485,413,479,406,13,14,182,0.5778,0.28,0.5708,0.9,1.0,0.18,2022.53
Image_157_jpg.rf.1Cq4R4UGIHv1lBcS2Qs5.jpg,2,470,82,463,77,14,11,154,0.4792,0.27,0.5028,0.5435,1.0,0.1087,3092.68
Image_157_jpg.rf.1Cq4R4UGIHv1lBcS2Qs5.jpg,3,84,14,57,0,54,28,1512,0.5626,0.28,0.5811,1.0,0.6119,0.2968,611.9
Image_158_jpg.rf.ecWDu0q9rGtihR3KJ2Jc.jpg,1,388,339,381,328,15,23,345,0.5918,0.6,0.5008,0.9841,0.0968,0.1968,96.75
Image_159_jpg.rf.wSbDGELQOQ7eMx9Yzn3X.jpg,1,49,500,36,488,26,24,624,0.4704,0.26,0.4959,1.0,0.0587,0.2053,58.73
Image_159_jpg.rf.wSbDGELQOQ7eMx9Yzn3X.jpg,2,159,350,145,323,29,55,1595,0.6335,0.55,0.4028,1.0,1.0,0.241,1141.61
Image_15_jpg.rf.OvOxW6zz53Qp5HDPjvWP.jpg,1,89,471,83,462,13,18,234,0.5812,0.3,0.6328,0.7733,1.0,0.1547,2598.02
Image_15_jpg.rf.OvOxW6zz53Qp5HDPjvWP.jpg,2,109,309,98,291,23,37,851,0.612,0.37,0.5214,1.0,1.0,0.2746,1374.58
Image_15_jpg.rf.OvOxW6zz53Qp5HDPjvWP.jpg,3,366,201,284,174,165,54,8910,0.5778,0.23,0.5853,1.0,0.9246,0.3865,924.64
Image_15_jpg.rf.OvOxW6zz53Qp5HDPjvWP.jpg,4,350,99,331,95,38,8,304,0.5794,0.27,0.5283,1.0,1.0,0.222,2045.2
Image_167_jpg.rf.MyMNMHommcCNz8JYR5HE.jpg,1,34,492,27,488,14,8,112,0.5736,0.49,0.5108,0.8173,0.599,0.1635,598.98
Image_167_jpg.rf.MyMNMHommcCNz8JYR5HE.jpg,2,173,492,160,487,26,10,260,0.5689,0.49,0.5479,0.7416,0.5737,0.1483,573.72
Image_167_jpg.rf.MyMNMHommcCNz8JYR5HE.jpg,3,59,493,42,487,35,12,420,0.5522,0.48,0.4995,0.7668,0.5606,0.1534,560.57
Image_168_jpg.rf.uLPwoI2B0kkzDqGTiim4.jpg,1,9,439,0,434,19,10,190,0.5105,0.39,0.496,1.0,0.0037,0.4618,3.74
Image_168_jpg.rf.uLPwoI2B0kkzDqGTiim4.jpg,2,380,445,363,422,35,46,1610,0.541,0.46,0.5061,1.0,0.0285,0.4164,28.49
Image_168_jpg.rf.uLPwoI2B0kkzDqGTiim4.jpg,3,428,406,401,394,54,24,1296,0.5124,0.4,0.4881,1.0,0.0161,0.3796,16.08
Image_168_jpg.rf.uLPwoI2B0kkzDqGTiim4.jpg,4,373,409,356,392,34,34,1156,0.5038,0.45,0.5114,0.8199,0.0337,0.164,33.66
Image_168_jpg.rf.uLPwoI2B0kkzDqGTiim4.jpg,5,90,364,77,350,27,29,783,0.5364,0.43,0.5055,1.0,0.0894,0.2133,89.41
Image_168_jpg.rf.uLPwoI2B0kkzDqGTiim4.jpg,6,464,344,458,338,12,13,156,0.5297,0.45,0.4877,1.0,0.0153,0.3517,15.29
Image_168_jpg.rf.uLPwoI2B0kkzDqGTiim4.jpg,7,347,344,340,335,14,18,252,0.5258,0.42,0.5066,1.0,0.0146,0.3,14.58
Image_168_jpg.rf.uLPwoI2B0kkzDqGTiim4.jpg,8,409,351,389,327,40,48,1920,0.5443,0.4,0.5806,1.0,0.0103,0.6897,10.34
Image_168_jpg.rf.uLPwoI2B0kkzDqGTiim4.jpg,9,243,300,237,292,13,16,208,0.5054,0.37,0.5,1.0,0.0089,0.4014,8.9
Image_168_jpg.rf.uLPwoI2B0kkzDqGTiim4.jpg,10,431,283,417,268,28,31,868,0.5235,0.42,0.5024,1.0,0.0065,0.5459,6.46
Image_168_jpg.rf.uLPwoI2B0kkzDqGTiim4.jpg,11,466,171,460,159,13,24,312,0.507,0.38,0.4956,1.0,0.0053,0.5022,5.31
Image_168_jpg.rf.uLPwoI2B0kkzDqGTiim4.jpg,12,394,157,364,135,60,45,2700,0.5741,0.5,0.5388,1.0,0.1049,0.3942,104.85
Image_168_jpg.rf.uLPwoI2B0kkzDqGTiim4.jpg,13,506,119,501,111,11,16,176,0.5091,0.39,0.4917,1.0,0.0046,0.2941,4.57
Image_168_jpg.rf.uLPwoI2B0kkzDqGTiim4.jpg,14,211,36,200,19,22,35,770,0.5076,0.33,0.5124,1.0,0.1276,0.6289,127.58
Image_168_jpg.rf.uLPwoI2B0kkzDqGTiim4.jpg,15,200,12,195,6,11,13,143,0.5532,0.41,0.5244,1.0,0.2611,0.5409,261.07
Image_168_jpg.rf.uLPwoI2B0kkzDqGTiim4.jpg,16,481,26,468,0,26,53,1378,0.4673,0.27,0.4913,1.0,0.0087,0.4643,8.69
Image_168_jpg.rf.uLPwoI2B0kkzDqGTiim4.jpg,17,406,20,391,0,31,41,1271,0.517,0.39,0.5139,1.0,0.006,0.6685,6.01
Image_176_jpg.rf.xesUBjlDMMKmU4dTquQL.jpg,1,108,499,102,487,12,25,300,0.6112,0.66,0.5068,1.0,0.0282,0.2903,28.19
Image_179_jpg.rf.wxygTRdYO038vJT8J2z2.jpg,1,376,451,370,446,12,11,132,0.612,0.39,0.5014,1.0,1.0,0.2047,2457.39
Image_179_jpg.rf.wxygTRdYO038vJT8J2z2.jpg,2,269,451,261,446,17,10,170,0.625,0.39,0.5387,1.0,1.0,0.3386,6338.81
Image_179_jpg.rf.wxygTRdYO038vJT8J2z2.jpg,3,167,442,159,438,16,9,144,0.5098,0.37,0.5258,0.6037,0.755,0.1207,754.99
Image_179_jpg.rf.wxygTRdYO038vJT8J2z2.jpg,4,369,397,364,388,10,19,190,0.5991,0.3,0.5546,1.0,1.0,0.2903,1449.59
Image_179_jpg.rf.wxygTRdYO038vJT8J2z2.jpg,5,500,384,488,373,24,23,552,0.5069,0.3,0.4898,1.0,0.3042,0.3495,304.24
Image_179_jpg.rf.wxygTRdYO038vJT8J2z2.jpg,6,51,409,0,357,103,104,10712,0.5721,0.35,0.5268,1.0,0.6523,0.6148,652.32
Image_179_jpg.rf.wxygTRdYO038vJT8J2z2.jpg,7,9,350,0,335,18,31,558,0.5187,0.31,0.5221,1.0,0.2745,0.3023,274.46
Image_179_jpg.rf.wxygTRdYO038vJT8J2z2.jpg,8,478,341,470,334,17,14,238,0.5394,0.39,0.4964,1.0,0.2919,0.2029,291.88
Image_179_jpg.rf.wxygTRdYO038vJT8J2z2.jpg,9,507,315,503,303,9,25,225,0.5904,0.38,0.5339,1.0,0.7049,0.3063,704.88
Image_179_jpg.rf.wxygTRdYO038vJT8J2z2.jpg,10,436,307,405,282,62,51,3162,0.5189,0.36,0.4581,1.0,0.3261,0.4453,326.05
Image_183_jpg.rf.3HO1hQ0SyOTgtogJsFKe.jpg,1,372,506,365,501,14,11,154,0.5441,0.45,0.5187,1.0,0.0501,0.4208,50.13
Image_183_jpg.rf.3HO1hQ0SyOTgtogJsFKe.jpg,2,287,505,275,498,25,14,350,0.5033,0.34,0.516,1.0,0.0372,0.7257,37.24
Image_183_jpg.rf.3HO1hQ0SyOTgtogJsFKe.jpg,3,309,492,304,484,10,16,160,0.5079,0.33,0.5377,1.0,0.0419,0.3506,41.95
Image_183_jpg.rf.3HO1hQ0SyOTgtogJsFKe.jpg,4,370,481,360,475,20,13,260,0.5256,0.4,0.5125,1.0,0.0626,0.2712,62.58
Image_183_jpg.rf.3HO1hQ0SyOTgtogJsFKe.jpg,5,16,475,8,468,17,14,238,0.4616,0.25,0.4863,1.0,0.0387,0.3607,38.72
Image_183_jpg.rf.3HO1hQ0SyOTgtogJsFKe.jpg,6,170,447,162,443,16,9,144,0.5041,0.34,0.4961,1.0,0.1145,0.2976,114.48
Image_183_jpg.rf.3HO1hQ0SyOTgtogJsFKe.jpg,7,435,445,427,436,17,19,323,0.5852,0.56,0.521,1.0,0.0682,0.317,68.22
Image_183_jpg.rf.3HO1hQ0SyOTgtogJsFKe.jpg,8,334,429,324,422,21,14,294,0.4955,0.34,0.4814,1.0,0.08,0.3951,80.01
Image_183_jpg.rf.3HO1hQ0SyOTgtogJsFKe.jpg,9,438,356,423,344,31,25,775,0.5661,0.49,0.4477,1.0,0.3788,0.4305,378.77
Image_183_jpg.rf.3HO1hQ0SyOTgtogJsFKe.jpg,10,471,353,457,341,29,24,696,0.5562,0.4,0.4848,1.0,0.4647,0.4627,464.7
Image_183_jpg.rf.3HO1hQ0SyOTgtogJsFKe.jpg,11,473,313,450,291,46,44,2024,0.6253,0.37,0.5594,1.0,1.0,0.4295,1167.61
Image_183_jpg.rf.3HO1hQ0SyOTgtogJsFKe.jpg,12,319,268,307,261,25,15,375,0.625,0.37,0.5585,1.0,1.0,0.4174,2726.03
Image_183_jpg.rf.3HO1hQ0SyOTgtogJsFKe.jpg,13,342,265,335,258,15,15,225,0.6116,0.37,0.5201,1.0,1.0,0.4883,2779.18
Image_183_jpg.rf.3HO1hQ0SyOTgtogJsFKe.jpg,14,151,231,143,226,16,11,176,0.5858,0.37,0.4466,1.0,1.0,0.3463,3760.44
Image_183_jpg.rf.3HO1hQ0SyOTgtogJsFKe.jpg,15,320,227,311,222,19,10,190,0.5881,0.34,0.4832,1.0,1.0,0.305,3541.03
Image_183_jpg.rf.3HO1hQ0SyOTgtogJsFKe.jpg,16,89,228,67,217,45,22,990,0.6016,0.41,0.4517,1.0,1.0,0.3194,2298.79
Image_183_jpg.rf.3HO1hQ0SyOTgtogJsFKe.jpg,17,9,193,0,188,19,11,209,0.5985,0.33,0.5228,1.0,1.0,0.4313,1138.07
Image_183_jpg.rf.3HO1hQ0SyOTgtogJsFKe.jpg,18,170,186,157,174,27,25,675,0.6741,0.4,0.669,1.0,1.0,0.3569,3848.99
Image_183_jpg.rf.3HO1hQ0SyOTgtogJsFKe.jpg,19,91,131,25,52,132,159,20988,0.642,0.54,0.4835,1.0,0.8379,0.3635,837.93
Image_183_jpg.rf.3HO1hQ0SyOTgtogJsFKe.jpg,20,243,28,239,21,9,14,126,0.528,0.45,0.5239,0.9066,0.0587,0.1813,58.67
Image_184_jpg.rf.vjfq6s8WXdbDwVjonORS.jpg,1,506,456,501,449,11,15,165,0.5373,0.41,0.5146,1.0,0.1365,0.2244,136.48
Image_184_jpg.rf.vjfq6s8WXdbDwVjonORS.jpg,2,201,424,196,418,10,13,130,0.5075,0.28,0.5434,1.0,0.1931,0.38,193.06
Image_184_jpg.rf.vjfq6s8WXdbDwVjonORS.jpg,3,15,272,10,265,10,15,150,0.5632,0.53,0.5,1.0,0.027,0.3485,26.97
Image_184_jpg.rf.vjfq6s8WXdbDwVjonORS.jpg,4,159,71,148,46,23,50,1150,0.4825,0.29,0.4808,1.0,0.1267,0.2645,126.66
Image_184_jpg.rf.vjfq6s8WXdbDwVjonORS.jpg,5,339,32,329,21,20,23,460,0.4589,0.4,0.481,0.7143,0.0774,0.1429,77.35
Image_185_jpeg.rf.dwxAVnlq8bH07QsYp62P.jpg,1,247,408,241,395,13,26,338,0.7052,0.56,0.5977,1.0,1.0,0.2095,1808.4
Image_185_jpeg.rf.dwxAVnlq8bH07QsYp62P.jpg,2,352,399,347,393,11,12,132,0.5862,0.61,0.5355,0.6341,0.5852,0.1268,585.21
Image_185_jpeg.rf.dwxAVnlq8bH07QsYp62P.jpg,3,118,366,113,354,11,24,264,0.7097,0.56,0.6107,1.0,1.0,0.2391,4011.88
Image_185_jpeg.rf.dwxAVnlq8bH07QsYp62P.jpg,4,20,387,0,337,40,101,4040,0.6065,0.37,0.5056,1.0,1.0,0.57,2460.07
Image_186_jpeg.rf.ZSxGWOwOuQdfs3zfnmAZ.jpg,1,255,342,226,269,59,147,8673,0.7636,0.82,0.5046,1.0,1.0,0.4255,1297.96
Image_187_jpeg.rf.TiyNJ4LfaLueImI4P6hE.jpg,1,508,452,504,444,8,17,136,0.5454,0.48,0.4985,1.0,0.0292,0.6946,29.17
Image_187_jpeg.rf.TiyNJ4LfaLueImI4P6hE.jpg,2,483,421,455,350,57,142,8094,0.4874,0.27,0.5467,1.0,0.0157,0.4935,15.68
Image_187_jpeg.rf.TiyNJ4LfaLueImI4P6hE.jpg,3,505,173,498,142,14,62,868,0.5383,0.52,0.5197,0.848,0.0478,0.1696,47.83
Image_187_jpeg.rf.TiyNJ4LfaLueImI4P6hE.jpg,4,55,28,0,0,110,56,6160,0.5402,0.44,0.5259,1.0,0.0212,0.2353,21.18
Image_190_jpg.rf.n365YMJxvzHf5jAsWOWZ.jpg,1,503,345,494,312,18,67,1206,0.5005,0.29,0.5235,1.0,0.1573,0.5301,157.34
Image_190_jpg.rf.n365YMJxvzHf5jAsWOWZ.jpg,2,8,180,0,172,17,17,289,0.5339,0.34,0.5426,1.0,0.2494,0.4063,249.43
Image_192_jpg.rf.NSNrUGsot62ukoAq37Zr.jpg,1,502,506,492,500,20,12,240,0.5404,0.38,0.5222,1.0,0.2461,0.5128,246.1
Image_192_jpg.rf.NSNrUGsot62ukoAq37Zr.jpg,2,230,490,210,469,41,43,1763,0.536,0.42,0.5329,1.0,0.0243,0.3762,24.29
Image_192_jpg.rf.NSNrUGsot62ukoAq37Zr.jpg,3,461,138,451,133,21,10,210,0.5075,0.38,0.5268,0.8747,0.1523,0.1749,152.25
Image_192_jpg.rf.NSNrUGsot62ukoAq37Zr.jpg,4,490,48,485,42,11,12,132,0.5426,0.37,0.4974,1.0,0.3906,0.2446,390.56
Image_19_jpg.rf.t7JDYRW2yrkBluHGVc5N.jpg,1,200,355,193,350,15,11,165,0.4948,0.26,0.4769,0.6844,1.0,0.1369,1474.03
Image_1_jpg.rf.gD9dzMKnzFQzr8CndSjM.jpg,1,487,153,481,148,13,10,130,0.4535,0.41,0.5301,0.3636,0.5176,0.0727,517.58
Image_21_jpg.rf.o2ayPYpM69tymOHX7EnR.jpg,1,118,432,103,427,31,10,310,0.5262,0.21,0.457,1.0,0.9274,0.2315,927.37
Image_21_jpg.rf.o2ayPYpM69tymOHX7EnR.jpg,2,69,426,61,419,17,14,238,0.4832,0.2,0.4516,0.7759,1.0,0.1552,1270.89
Image_21_jpg.rf.o2ayPYpM69tymOHX7EnR.jpg,3,126,414,116,409,21,11,231,0.5672,0.24,0.5234,1.0,1.0,0.2029,1431.09
Image_21_jpg.rf.o2ayPYpM69tymOHX7EnR.jpg,4,188,418,170,397,37,43,1591,0.5035,0.2,0.4513,0.8776,1.0,0.1755,1013.7
Image_21_jpg.rf.o2ayPYpM69tymOHX7EnR.jpg,5,261,163,237,138,49,50,2450,0.4713,0.21,0.4899,1.0,0.2632,0.2668,263.21
Image_27_jpg.rf.r0JOO5SzaEdOW0bAcxfb.jpg,1,346,383,297,322,98,122,11956,0.5581,0.21,0.6119,1.0,0.7038,0.3205,703.79
Image_27_jpg.rf.r0JOO5SzaEdOW0bAcxfb.jpg,2,400,278,338,228,124,100,12400,0.5168,0.23,0.4988,1.0,0.6175,0.2917,617.48
Image_27_jpg.rf.r0JOO5SzaEdOW0bAcxfb.jpg,3,379,95,373,89,12,12,144,0.5164,0.26,0.4465,0.9375,0.8168,0.1875,816.76
Image_28_jpg.rf.8gHCiQGJUD5UUbT9AB5n.jpg,1,267,432,263,424,9,16,144,0.6113,0.37,0.5193,1.0,1.0,0.2024,2473.82
Image_28_jpg.rf.8gHCiQGJUD5UUbT9AB5n.jpg,2,280,339,271,317,18,44,792,0.5742,0.39,0.4922,0.8274,1.0,0.1655,3411.37
Image_28_jpg.rf.8gHCiQGJUD5UUbT9AB5n.jpg,3,222,250,218,239,8,22,176,0.5414,0.3,0.5033,0.8015,1.0,0.1603,5146.97
Image_28_jpg.rf.8gHCiQGJUD5UUbT9AB5n.jpg,4,337,210,326,203,22,15,330,0.5836,0.41,0.4003,1.0,1.0,0.3148,1946.66
Image_2_jpg.rf.toh0DLHBhMdjKyXIlTOS.jpg,1,318,481,314,473,9,17,153,0.5182,0.48,0.4995,0.8703,0.0136,0.1741,13.6
Image_2_jpg.rf.toh0DLHBhMdjKyXIlTOS.jpg,2,208,480,156,448,105,64,6720,0.5304,0.45,0.492,1.0,0.0066,0.3085,6.57
Image_2_jpg.rf.toh0DLHBhMdjKyXIlTOS.jpg,3,505,436,498,429,14,14,196,0.5226,0.42,0.4979,1.0,0.0135,0.8846,13.47
Image_2_jpg.rf.toh0DLHBhMdjKyXIlTOS.jpg,4,341,442,334,428,15,29,435,0.5408,0.47,0.4982,1.0,0.0191,0.2538,19.09
Image_2_jpg.rf.toh0DLHBhMdjKyXIlTOS.jpg,5,509,353,506,338,6,30,180,0.5349,0.46,0.4925,1.0,0.0148,0.5198,14.77
Image_2_jpg.rf.toh0DLHBhMdjKyXIlTOS.jpg,6,11,146,0,139,22,14,308,0.5063,0.38,0.4935,1.0,0.006,0.3475,6.02
Image_2_jpg.rf.toh0DLHBhMdjKyXIlTOS.jpg,7,30,106,0,77,60,58,3480,0.5212,0.4,0.5116,1.0,0.0212,0.5552,21.24
Image_2_jpg.rf.toh0DLHBhMdjKyXIlTOS.jpg,8,167,31,162,22,10,18,180,0.5323,0.43,0.4833,1.0,0.1262,0.2242,126.17
Image_2_jpg.rf.toh0DLHBhMdjKyXIlTOS.jpg,9,327,28,312,14,31,28,868,0.5446,0.41,0.5094,1.0,0.2283,0.3988,228.33
Image_2_jpg.rf.toh0DLHBhMdjKyXIlTOS.jpg,10,4,15,0,0,8,31,248,0.4535,0.42,0.5076,0.5695,0.1498,0.1139,149.84
Image_30_jpg.rf.yrLsPn66Erh6j7JLTl12.jpg,1,335,429,327,422,16,14,224,0.5654,0.26,0.4982,1.0,1.0,0.2582,3813.45
Image_30_jpg.rf.yrLsPn66Erh6j7JLTl12.jpg,2,255,428,248,419,15,18,270,0.5412,0.24,0.5021,0.9074,1.0,0.1815,2532.71
Image_30_jpg.rf.yrLsPn66Erh6j7JLTl12.jpg,3,222,428,208,419,28,18,504,0.5657,0.26,0.4991,1.0,1.0,0.2108,3649.14
Image_30_jpg.rf.yrLsPn66Erh6j7JLTl12.jpg,4,169,158,160,153,18,10,180,0.6504,0.56,0.4411,1.0,1.0,0.3212,5381.97
Image_31_jpg.rf.1vLr8eSZ2pxID4Ioze9D.jpg,1,259,250,234,236,50,28,1400,0.5973,0.28,0.5694,1.0,1.0,0.2806,1386.71
Image_31_jpg.rf.1vLr8eSZ2pxID4Ioze9D.jpg,2,358,285,315,223,87,124,10788,0.6457,0.53,0.588,1.0,0.5436,0.256,543.57
Image_31_jpg.rf.1vLr8eSZ2pxID4Ioze9D.jpg,3,267,172,261,166,12,12,144,0.5122,0.23,0.4758,1.0,0.6512,0.2344,651.17
Image_31_jpg.rf.1vLr8eSZ2pxID4Ioze9D.jpg,4,202,169,193,165,18,9,162,0.5142,0.26,0.5379,0.6746,1.0,0.1349,1021.35
Image_32_jpg.rf.RZSkQGVkk8WexGM6YjZy.jpg,1,17,483,0,454,35,58,2030,0.5629,0.47,0.5529,1.0,0.0487,0.4539,48.66
Image_32_jpg.rf.RZSkQGVkk8WexGM6YjZy.jpg,2,24,377,15,338,19,78,1482,0.4569,0.29,0.434,1.0,0.0356,0.4763,35.61
Image_32_jpg.rf.RZSkQGVkk8WexGM6YjZy.jpg,3,135,305,107,285,56,41,2296,0.6875,0.57,0.5372,1.0,1.0,0.434,5798.88
Image_32_jpg.rf.RZSkQGVkk8WexGM6YjZy.jpg,4,62,301,45,284,34,35,1190,0.6417,0.58,0.3962,1.0,1.0,0.3649,3512.3
Image_32_jpg.rf.RZSkQGVkk8WexGM6YjZy.jpg,5,202,287,194,283,16,9,144,0.7113,0.58,0.5951,1.0,1.0,0.3707,5480.97
Image_33_jpg.rf.241sTsfBOrQKmxwhQU9F.jpg,1,17,459,13,453,9,12,108,0.4609,0.55,0.5345,0.3671,0.0787,0.0734,78.74
Image_33_jpg.rf.241sTsfBOrQKmxwhQU9F.jpg,2,71,454,59,435,25,38,950,0.5127,0.4,0.4875,1.0,0.0208,0.2335,20.85
Image_33_jpg.rf.241sTsfBOrQKmxwhQU9F.jpg,3,29,359,21,354,16,11,176,0.5601,0.57,0.5257,0.7919,0.1825,0.1584,182.54
Image_33_jpg.rf.241sTsfBOrQKmxwhQU9F.jpg,4,13,325,7,318,13,14,182,0.5185,0.27,0.526,1.0,0.3992,0.4154,399.15
Image_33_jpg.rf.241sTsfBOrQKmxwhQU9F.jpg,5,9,214,0,204,19,20,380,0.5595,0.37,0.528,1.0,0.4524,0.2325,452.37
Image_33_jpg.rf.241sTsfBOrQKmxwhQU9F.jpg,6,413,130,401,108,24,45,1080,0.5627,0.37,0.5631,1.0,0.3615,0.4474,361.51
Image_33_jpg.rf.241sTsfBOrQKmxwhQU9F.jpg,7,15,111,7,107,16,8,128,0.5265,0.34,0.4863,1.0,0.3726,0.2607,372.58
Image_33_jpg.rf.241sTsfBOrQKmxwhQU9F.jpg,8,38,44,12,10,52,68,3536,0.4703,0.46,0.4914,0.585,0.2036,0.117,203.59
Image_36_jpg.rf.fnSHzQWmbZWSVVTwtyiQ.jpg,1,350,505,339,499,22,13,286,0.6878,0.58,0.5281,1.0,1.0,0.5511,1610.74
Image_36_jpg.rf.fnSHzQWmbZWSVVTwtyiQ.jpg,2,499,482,493,475,13,15,195,0.6694,0.6,0.5274,0.8741,1.0,0.1748,1310.22
Image_36_jpg.rf.fnSHzQWmbZWSVVTwtyiQ.jpg,3,275,473,269,464,12,19,228,0.5879,0.41,0.5293,1.0,0.5909,0.2352,590.93
Image_36_jpg.rf.fnSHzQWmbZWSVVTwtyiQ.jpg,4,18,472,0,450,36,44,1584,0.6607,0.54,0.4906,1.0,1.0,0.2011,1582.82
Image_36_jpg.rf.fnSHzQWmbZWSVVTwtyiQ.jpg,5,420,479,364,447,112,65,7280,0.6607,0.55,0.4805,1.0,1.0,0.3756,1946.05
Image_36_jpg.rf.fnSHzQWmbZWSVVTwtyiQ.jpg,6,261,452,255,447,12,11,132,0.6043,0.38,0.4894,1.0,1.0,0.4692,1530.48
Image_36_jpg.rf.fnSHzQWmbZWSVVTwtyiQ.jpg,7,236,436,229,429,14,14,196,0.5802,0.36,0.4406,1.0,1.0,0.4186,2109.66
Image_36_jpg.rf.fnSHzQWmbZWSVVTwtyiQ.jpg,8,315,435,308,427,14,16,224,0.6691,0.54,0.5147,1.0,1.0,0.4272,1955.58
Image_36_jpg.rf.fnSHzQWmbZWSVVTwtyiQ.jpg,9,452,434,442,424,21,20,420,0.6671,0.55,0.4988,1.0,1.0,0.4299,2564.99
Image_36_jpg.rf.fnSHzQWmbZWSVVTwtyiQ.jpg,10,252,416,247,412,10,9,90,0.6267,0.52,0.4134,1.0,1.0,0.4069,1914.81
Image_36_jpg.rf.fnSHzQWmbZWSVVTwtyiQ.jpg,11,208,423,193,412,31,23,713,0.6765,0.55,0.5256,1.0,1.0,0.295,1974.79
Image_36_jpg.rf.fnSHzQWmbZWSVVTwtyiQ.jpg,12,287,414,282,405,10,18,180,0.4989,0.4,0.5002,0.9015,0.0353,0.1803,35.33
Image_36_jpg.rf.fnSHzQWmbZWSVVTwtyiQ.jpg,13,73,401,66,397,14,8,112,0.6482,0.55,0.4448,1.0,1.0,0.2577,3055.94
Image_36_jpg.rf.fnSHzQWmbZWSVVTwtyiQ.jpg,14,29,387,0,360,58,55,3190,0.6484,0.55,0.4453,1.0,1.0,0.2486,2059.35
Image_36_jpg.rf.fnSHzQWmbZWSVVTwtyiQ.jpg,15,488,387,464,357,48,61,2928,0.6587,0.53,0.4949,1.0,1.0,0.4313,1776.98
Image_36_jpg.rf.fnSHzQWmbZWSVVTwtyiQ.jpg,16,72,366,47,347,51,38,1938,0.6546,0.55,0.4631,1.0,1.0,0.314,1988.91
Image_36_jpg.rf.fnSHzQWmbZWSVVTwtyiQ.jpg,17,502,273,492,267,20,13,260,0.662,0.57,0.504,1.0,0.8611,0.3338,861.15
Image_36_jpg.rf.fnSHzQWmbZWSVVTwtyiQ.jpg,18,483,220,477,210,12,21,252,0.6238,0.54,0.4995,1.0,0.6,0.3005,599.98
Image_36_jpg.rf.fnSHzQWmbZWSVVTwtyiQ.jpg,19,30,206,18,193,25,26,650,0.5982,0.54,0.5055,0.6615,1.0,0.1323,1002.25
Image_36_jpg.rf.fnSHzQWmbZWSVVTwtyiQ.jpg,20,64,187,58,182,12,10,120,0.6648,0.55,0.4923,1.0,1.0,0.2367,1180.41
Image_36_jpg.rf.fnSHzQWmbZWSVVTwtyiQ.jpg,21,139,182,124,173,31,18,558,0.6211,0.54,0.4871,1.0,0.6162,0.3178,616.2
Image_36_jpg.rf.fnSHzQWmbZWSVVTwtyiQ.jpg,22,102,177,97,172,11,11,121,0.5608,0.53,0.4965,0.6805,0.6539,0.1361,653.9
Image_36_jpg.rf.fnSHzQWmbZWSVVTwtyiQ.jpg,23,130,160,122,156,17,9,153,0.619,0.54,0.4755,1.0,0.6357,0.2972,635.73
Image_36_jpg.rf.fnSHzQWmbZWSVVTwtyiQ.jpg,24,12,92,6,88,13,9,117,0.5883,0.53,0.4517,1.0,0.4469,0.3733,446.91
Image_36_jpg.rf.fnSHzQWmbZWSVVTwtyiQ.jpg,25,489,35,483,30,13,10,130,0.4512,0.26,0.435,1.0,0.08,0.3927,79.96
Image_36_jpg.rf.fnSHzQWmbZWSVVTwtyiQ.jpg,26,303,36,285,26,36,21,756,0.5414,0.46,0.481,1.0,0.1204,0.2039,120.35
Image_37_jpg.rf.2doXht8HnoftjHB1uroL.jpg,1,377,387,369,383,17,9,153,0.5516,0.3,0.4971,0.9442,0.8381,0.1888,838.13
Image_37_jpg.rf.2doXht8HnoftjHB1uroL.jpg,2,322,369,300,358,44,22,968,0.5057,0.31,0.5488,1.0,0.051,0.2027,51.05
Image_37_jpg.rf.2doXht8HnoftjHB1uroL.jpg,3,377,340,367,335,21,10,210,0.5396,0.35,0.5592,0.9022,0.4097,0.1804,409.69
Image_37_jpg.rf.2doXht8HnoftjHB1uroL.jpg,4,8,325,0,315,17,20,340,0.5112,0.39,0.4965,1.0,0.0094,0.8247,9.37
Image_37_jpg.rf.2doXht8HnoftjHB1uroL.jpg,5,274,292,265,288,18,8,144,0.543,0.38,0.5519,1.0,0.1687,0.305,168.73
Image_37_jpg.rf.2doXht8HnoftjHB1uroL.jpg,6,162,277,149,240,27,75,2025,0.5092,0.32,0.4761,1.0,0.3061,0.3484,306.07
Image_37_jpg.rf.2doXht8HnoftjHB1uroL.jpg,7,333,243,328,234,11,19,209,0.5458,0.37,0.4767,1.0,0.4945,0.2104,494.48
Image_37_jpg.rf.2doXht8HnoftjHB1uroL.jpg,8,171,193,147,173,48,41,1968,0.4741,0.37,0.4574,0.8145,0.2158,0.1629,215.78
Image_39_jpg.rf.w902xaqiEQdZmSksrSHw.jpg,1,34,152,0,118,68,69,4692,0.5209,0.36,0.4836,1.0,0.2564,0.4493,256.4
Image_44_jpg.rf.1pRepM76cR1qVX50ogwx.jpg,1,336,235,304,219,65,33,2145,0.5528,0.26,0.4706,0.9856,1.0,0.1971,4071.9
Image_44_jpg.rf.1pRepM76cR1qVX50ogwx.jpg,2,151,217,144,209,15,17,255,0.5518,0.25,0.5154,0.9195,1.0,0.1839,3308.35
Image_49_jpg.rf.1rJoDLWhawyS7vAmYTAd.jpg,1,192,494,157,476,71,36,2556,0.4507,0.21,0.5002,1.0,0.0213,0.2149,21.3
Image_49_jpg.rf.1rJoDLWhawyS7vAmYTAd.jpg,2,302,485,275,458,55,54,2970,0.4533,0.21,0.5077,1.0,0.0208,0.2953,20.76
Image_4_jpg.rf.XfEqsH3GY7y7H8Bdv98k.jpg,1,502,213,493,204,19,18,342,0.4535,0.24,0.4946,0.9733,0.0177,0.1947,17.72
Image_50_jpg.rf.pI0uvxZBQTeUaIuztJd3.jpg,1,374,227,363,223,23,8,184,0.5581,0.24,0.4974,1.0,1.0,0.2071,1276.81
Image_50_jpg.rf.pI0uvxZBQTeUaIuztJd3.jpg,2,139,226,128,223,23,7,161,0.5525,0.22,0.5014,1.0,1.0,0.218,1386.85
Image_52_jpg.rf.uv5p088SqorbI1IRTPiS.jpg,1,271,272,262,259,18,27,486,0.6286,0.42,0.5188,1.0,1.0,0.5496,1780.59
Image_52_jpg.rf.uv5p088SqorbI1IRTPiS.jpg,2,227,158,218,150,18,17,306,0.7215,0.64,0.5643,1.0,1.0,0.254,3830.3
Image_52_jpg.rf.uv5p088SqorbI1IRTPiS.jpg,3,372,102,366,94,13,17,221,0.5473,0.47,0.5075,1.0,0.0513,0.3407,51.28
Image_53_jpg.rf.LFoiY7c7h3MQaaujVtGe.jpg,1,483,503,474,495,18,17,306,0.5787,0.27,0.5263,1.0,1.0,0.2188,3455.39
Image_53_jpg.rf.LFoiY7c7h3MQaaujVtGe.jpg,2,154,254,141,240,26,29,754,0.5871,0.35,0.576,1.0,0.6304,0.2978,630.38
Image_53_jpg.rf.LFoiY7c7h3MQaaujVtGe.jpg,3,107,219,101,210,12,18,216,0.5284,0.3,0.4779,1.0,0.5613,0.2208,561.27
Image_53_jpg.rf.LFoiY7c7h3MQaaujVtGe.jpg,4,220,208,210,195,20,26,520,0.6064,0.4,0.4754,1.0,1.0,0.2706,2317.23
Image_53_jpg.rf.LFoiY7c7h3MQaaujVtGe.jpg,5,289,164,283,151,12,27,324,0.578,0.33,0.5322,0.8814,1.0,0.1763,1193.07
Image_53_jpg.rf.LFoiY7c7h3MQaaujVtGe.jpg,6,238,67,217,41,42,52,2184,0.5618,0.36,0.4523,1.0,0.7754,0.2998,775.36
Image_54_jpg.rf.dhcvambmtkLa2KNcRW3j.jpg,1,276,352,265,337,22,30,660,0.6029,0.63,0.5088,0.5217,1.0,0.1043,1823.28
Image_54_jpg.rf.dhcvambmtkLa2KNcRW3j.jpg,2,308,341,304,335,9,13,117,0.7138,0.6,0.5823,1.0,1.0,0.379,3006.78
Image_54_jpg.rf.dhcvambmtkLa2KNcRW3j.jpg,3,211,316,192,306,38,21,798,0.6386,0.57,0.4286,0.9455,1.0,0.1891,2161.09
Image_54_jpg.rf.dhcvambmtkLa2KNcRW3j.jpg,4,280,304,268,294,24,21,504,0.6218,0.63,0.5339,0.5724,1.0,0.1145,1844.69
Image_54_jpg.rf.dhcvambmtkLa2KNcRW3j.jpg,5,130,293,122,283,16,20,320,0.6739,0.54,0.5282,1.0,1.0,0.2522,1144.63
Image_54_jpg.rf.dhcvambmtkLa2KNcRW3j.jpg,6,198,280,185,263,27,34,918,0.6598,0.58,0.4481,1.0,1.0,0.2926,3293.52
Image_54_jpg.rf.dhcvambmtkLa2KNcRW3j.jpg,7,266,251,257,240,18,22,396,0.7265,0.6,0.6185,1.0,1.0,0.2118,2414.59
Image_54_jpg.rf.dhcvambmtkLa2KNcRW3j.jpg,8,422,255,404,235,37,40,1480,0.6539,0.5,0.5112,1.0,1.0,0.4117,3373.55
Image_54_jpg.rf.dhcvambmtkLa2KNcRW3j.jpg,9,134,240,126,231,16,18,288,0.69,0.83,0.4327,0.9881,0.5042,0.1976,504.15
Image_54_jpg.rf.dhcvambmtkLa2KNcRW3j.jpg,10,172,221,165,215,15,13,195,0.59,0.38,0.474,0.9556,1.0,0.1911,3523.11
Image_54_jpg.rf.dhcvambmtkLa2KNcRW3j.jpg,11,470,196,465,192,10,9,90,0.6319,0.52,0.4284,1.0,1.0,0.342,3148.42
Image_54_jpg.rf.dhcvambmtkLa2KNcRW3j.jpg,12,237,211,221,189,32,44,1408,0.6333,0.61,0.5797,0.5844,1.0,0.1169,1775.81
Image_54_jpg.rf.dhcvambmtkLa2KNcRW3j.jpg,13,397,176,390,161,14,31,434,0.6047,0.37,0.5006,1.0,1.0,0.2728,1910.17
Image_54_jpg.rf.dhcvambmtkLa2KNcRW3j.jpg,14,219,163,208,156,22,15,330,0.6079,0.62,0.5105,0.561,1.0,0.1122,1206.47
Image_54_jpg.rf.dhcvambmtkLa2KNcRW3j.jpg,15,446,124,438,121,16,7,112,0.5741,0.32,0.4631,1.0,1.0,0.203,1508.43
Image_54_jpg.rf.dhcvambmtkLa2KNcRW3j.jpg,16,396,121,385,118,22,7,154,0.547,0.34,0.5392,0.6966,1.0,0.1393,2711.73
Image_54_jpg.rf.dhcvambmtkLa2KNcRW3j.jpg,17,300,124,297,111,7,26,182,0.6455,0.4,0.5871,1.0,1.0,0.2493,2696.72
Image_54_jpg.rf.dhcvambmtkLa2KNcRW3j.jpg,18,506,37,501,31,11,13,143,0.458,0.25,0.5107,0.4588,1.0,0.0918,3034.14
Image_54_jpg.rf.dhcvambmtkLa2KNcRW3j.jpg,19,446,45,431,24,31,42,1302,0.5437,0.27,0.5388,0.8032,1.0,0.1606,4638.02
Image_55_jpg.rf.nwKrZV8MbMamH90KHGdi.jpg,1,94,323,86,316,16,14,224,0.6122,0.58,0.5622,0.7898,0.5448,0.158,544.8
Image_55_jpg.rf.nwKrZV8MbMamH90KHGdi.jpg,2,220,87,213,82,15,11,165,0.4779,0.56,0.4946,0.4831,0.1215,0.0966,121.47
Image_55_jpg.rf.nwKrZV8MbMamH90KHGdi.jpg,3,245,57,239,53,12,9,108,0.4602,0.55,0.5331,0.2877,0.2358,0.0575,235.84
Image_56_jpg.rf.uqCS51CN4wqjNkUYjVKS.jpg,1,317,507,312,502,10,10,100,0.5364,0.27,0.5341,1.0,0.5493,0.267,549.31
Image_56_jpg.rf.uqCS51CN4wqjNkUYjVKS.jpg,2,453,473,443,464,21,19,399,0.5758,0.52,0.5063,1.0,0.1655,0.2014,165.51
Image_56_jpg.rf.uqCS51CN4wqjNkUYjVKS.jpg,3,23,461,17,454,13,14,182,0.5422,0.27,0.422,1.0,1.0,0.2354,1228.5
Image_56_jpg.rf.uqCS51CN4wqjNkUYjVKS.jpg,4,420,445,412,441,17,9,153,0.5252,0.37,0.5229,1.0,0.1271,0.2184,127.06
Image_56_jpg.rf.uqCS51CN4wqjNkUYjVKS.jpg,5,32,390,19,369,27,42,1134,0.5943,0.28,0.5608,1.0,1.0,0.2621,1012.85
Image_56_jpg.rf.uqCS51CN4wqjNkUYjVKS.jpg,6,403,375,399,368,8,14,112,0.5829,0.28,0.5721,0.9231,1.0,0.1846,1239.88
Image_56_jpg.rf.uqCS51CN4wqjNkUYjVKS.jpg,7,494,336,485,331,19,10,190,0.5791,0.27,0.563,0.9677,0.9399,0.1935,939.92
Image_56_jpg.rf.uqCS51CN4wqjNkUYjVKS.jpg,8,15,335,0,320,31,30,930,0.5706,0.36,0.4131,1.0,1.0,0.379,1665.89
Image_56_jpg.rf.uqCS51CN4wqjNkUYjVKS.jpg,9,433,329,425,314,16,31,496,0.5531,0.28,0.443,1.0,1.0,0.2284,1490.25
Image_56_jpg.rf.uqCS51CN4wqjNkUYjVKS.jpg,10,475,269,453,256,45,27,1215,0.558,0.3,0.4371,1.0,1.0,0.3257,1101.32
Image_56_jpg.rf.uqCS51CN4wqjNkUYjVKS.jpg,11,140,257,131,245,19,25,475,0.5808,0.28,0.5224,1.0,1.0,0.2258,1371.39
Image_56_jpg.rf.uqCS51CN4wqjNkUYjVKS.jpg,12,344,233,331,224,27,18,486,0.5538,0.28,0.4453,1.0,1.0,0.3051,1370.63
Image_56_jpg.rf.uqCS51CN4wqjNkUYjVKS.jpg,13,506,235,500,222,12,27,324,0.5589,0.28,0.4597,1.0,1.0,0.2251,1290.21
Image_56_jpg.rf.uqCS51CN4wqjNkUYjVKS.jpg,14,396,239,386,219,21,41,861,0.5312,0.28,0.3806,1.0,1.0,0.2579,1088.46
Image_56_jpg.rf.uqCS51CN4wqjNkUYjVKS.jpg,15,454,230,438,216,32,28,896,0.5628,0.29,0.4609,1.0,1.0,0.2466,1079.86
Image_56_jpg.rf.uqCS51CN4wqjNkUYjVKS.jpg,16,67,260,39,216,57,88,5016,0.5915,0.32,0.5129,1.0,1.0,0.3116,1436.49
Image_56_jpg.rf.uqCS51CN4wqjNkUYjVKS.jpg,17,258,222,251,215,15,15,225,0.5792,0.28,0.5177,1.0,1.0,0.2401,2078.32
Image_56_jpg.rf.uqCS51CN4wqjNkUYjVKS.jpg,18,16,250,0,213,33,75,2475,0.5958,0.37,0.4753,1.0,1.0,0.3716,1436.48
Image_56_jpg.rf.uqCS51CN4wqjNkUYjVKS.jpg,19,118,217,97,198,42,39,1638,0.5865,0.32,0.4986,1.0,1.0,0.3014,1466.34
Image_56_jpg.rf.uqCS51CN4wqjNkUYjVKS.jpg,20,500,203,489,194,23,18,414,0.5695,0.28,0.4899,1.0,1.0,0.3207,1690.77
Image_56_jpg.rf.uqCS51CN4wqjNkUYjVKS.jpg,21,181,206,154,192,55,28,1540,0.5687,0.28,0.4877,1.0,1.0,0.2664,1614.06
Image_56_jpg.rf.uqCS51CN4wqjNkUYjVKS.jpg,22,426,196,413,185,26,22,572,0.5584,0.29,0.4482,1.0,1.0,0.2794,1273.15
Image_56_jpg.rf.uqCS51CN4wqjNkUYjVKS.jpg,23,210,183,202,176,17,14,238,0.5688,0.28,0.4881,1.0,1.0,0.2281,1441.87
Image_56_jpg.rf.uqCS51CN4wqjNkUYjVKS.jpg,24,373,187,365,172,16,30,480,0.5704,0.28,0.4927,1.0,1.0,0.2389,1348.16
Image_56_jpg.rf.uqCS51CN4wqjNkUYjVKS.jpg,25,183,180,176,172,15,16,240,0.5876,0.27,0.5518,1.0,1.0,0.2804,1528.41
Image_56_jpg.rf.uqCS51CN4wqjNkUYjVKS.jpg,26,6,182,0,164,13,36,468,0.5744,0.29,0.4939,1.0,1.0,0.3761,1401.88
Image_56_jpg.rf.uqCS51CN4wqjNkUYjVKS.jpg,27,278,178,268,163,21,30,630,0.5706,0.31,0.4631,1.0,1.0,0.2951,1353.25
Image_56_jpg.rf.uqCS51CN4wqjNkUYjVKS.jpg,28,36,164,19,155,34,19,646,0.5796,0.29,0.5089,1.0,1.0,0.3015,1132.61
Image_56_jpg.rf.uqCS51CN4wqjNkUYjVKS.jpg,29,171,156,153,148,36,17,612,0.5531,0.28,0.4432,1.0,1.0,0.2112,1331.73
Image_56_jpg.rf.uqCS51CN4wqjNkUYjVKS.jpg,30,325,151,316,146,19,10,190,0.569,0.27,0.4987,1.0,1.0,0.283,2245.85
Image_56_jpg.rf.uqCS51CN4wqjNkUYjVKS.jpg,31,99,145,92,137,14,17,238,0.5208,0.27,0.4737,0.8024,1.0,0.1605,1061.95
Image_56_jpg.rf.uqCS51CN4wqjNkUYjVKS.jpg,32,373,143,368,135,10,17,170,0.5805,0.33,0.4716,1.0,1.0,0.2743,1171.84
Image_56_jpg.rf.uqCS51CN4wqjNkUYjVKS.jpg,33,18,142,0,132,36,21,756,0.5746,0.28,0.5045,1.0,1.0,0.3766,1066.04
Image_56_jpg.rf.uqCS51CN4wqjNkUYjVKS.jpg,34,189,130,178,119,23,22,506,0.5769,0.29,0.5011,1.0,1.0,0.2966,1344.26
Image_56_jpg.rf.uqCS51CN4wqjNkUYjVKS.jpg,35,302,132,296,110,13,44,572,0.5778,0.29,0.5036,1.0,1.0,0.3679,1678.79
Image_56_jpg.rf.uqCS51CN4wqjNkUYjVKS.jpg,36,250,110,244,103,13,15,195,0.5624,0.27,0.4798,1.0,1.0,0.2726,1484.34
Image_56_jpg.rf.uqCS51CN4wqjNkUYjVKS.jpg,37,209,96,195,83,29,27,783,0.5716,0.28,0.4959,1.0,1.0,0.3021,1295.24
Image_56_jpg.rf.uqCS51CN4wqjNkUYjVKS.jpg,38,5,90,0,81,11,18,198,0.5134,0.31,0.548,0.8922,0.3472,0.1784,347.17
Image_56_jpg.rf.uqCS51CN4wqjNkUYjVKS.jpg,39,314,86,303,71,23,30,690,0.6562,0.53,0.4878,1.0,1.0,0.4374,1136.88
Image_56_jpg.rf.uqCS51CN4wqjNkUYjVKS.jpg,40,223,78,218,68,11,21,231,0.5749,0.28,0.5055,1.0,1.0,0.3162,1312.09
Image_57_jpg.rf.6FmR5uzRPXWGhMcqKY6d.jpg,1,508,395,505,387,7,17,119,0.5977,0.6,0.5086,1.0,0.097,0.4615,97.01
Image_57_jpg.rf.6FmR5uzRPXWGhMcqKY6d.jpg,2,460,396,447,377,27,39,1053,0.5262,0.42,0.4944,1.0,0.0614,0.6159,61.42
Image_57_jpg.rf.6FmR5uzRPXWGhMcqKY6d.jpg,3,180,356,172,352,16,9,144,0.611,0.6,0.5413,1.0,0.1158,0.4847,115.76
Image_57_jpg.rf.6FmR5uzRPXWGhMcqKY6d.jpg,4,235,326,230,312,11,29,319,0.5346,0.55,0.5239,0.4984,0.5906,0.0997,590.64
Image_57_jpg.rf.6FmR5uzRPXWGhMcqKY6d.jpg,5,84,317,65,301,39,33,1287,0.5862,0.56,0.5303,1.0,0.0461,0.4688,46.07
Image_57_jpg.rf.6FmR5uzRPXWGhMcqKY6d.jpg,6,3,230,0,216,7,29,203,0.4547,0.21,0.5088,1.0,0.0316,0.3696,31.65
Image_57_jpg.rf.6FmR5uzRPXWGhMcqKY6d.jpg,7,91,211,80,200,22,22,484,0.5339,0.47,0.51,0.9472,0.0145,0.1894,14.45
Image_57_jpg.rf.6FmR5uzRPXWGhMcqKY6d.jpg,8,337,205,331,199,13,12,156,0.4855,0.31,0.4958,1.0,0.0348,0.4683,34.79
Image_57_jpg.rf.6FmR5uzRPXWGhMcqKY6d.jpg,9,16,183,10,173,12,20,240,0.5028,0.53,0.5332,0.612,0.0834,0.1224,83.44
Image_57_jpg.rf.6FmR5uzRPXWGhMcqKY6d.jpg,10,225,168,221,161,8,14,112,0.6316,0.35,0.5975,1.0,1.0,0.3846,1187.14
Image_57_jpg.rf.6FmR5uzRPXWGhMcqKY6d.jpg,11,482,131,473,125,18,13,234,0.4602,0.24,0.5013,1.0,0.0073,0.3027,7.26
Image_57_jpg.rf.6FmR5uzRPXWGhMcqKY6d.jpg,12,508,93,505,87,7,12,84,0.4581,0.24,0.4958,1.0,0.0057,0.3814,5.72
Image_57_jpg.rf.6FmR5uzRPXWGhMcqKY6d.jpg,13,202,52,193,44,18,17,306,0.4557,0.23,0.4991,1.0,0.0052,0.4701,5.2
Image_57_jpg.rf.6FmR5uzRPXWGhMcqKY6d.jpg,14,25,43,20,35,10,16,160,0.536,0.46,0.498,1.0,0.0076,0.5698,7.58
Image_58_jpg.rf.FR6Xg5WbuHzy75osHgGB.jpg,1,419,348,414,342,10,12,120,0.569,0.31,0.6079,0.7386,1.0,0.1477,2313.42
Image_58_jpg.rf.FR6Xg5WbuHzy75osHgGB.jpg,2,421,276,408,254,27,45,1215,0.6314,0.4,0.5468,1.0,1.0,0.3153,1955.42
Image_58_jpg.rf.FR6Xg5WbuHzy75osHgGB.jpg,3,429,238,420,229,19,19,361,0.6317,0.4,0.5476,1.0,1.0,0.2997,1831.81
Image_58_jpg.rf.FR6Xg5WbuHzy75osHgGB.jpg,4,429,168,424,154,11,29,319,0.6004,0.37,0.4883,1.0,1.0,0.3224,1619.25
Image_58_jpg.rf.FR6Xg5WbuHzy75osHgGB.jpg,5,435,105,431,99,8,13,104,0.6062,0.36,0.5148,1.0,1.0,0.448,1364.94
Image_58_jpg.rf.FR6Xg5WbuHzy75osHgGB.jpg,6,401,80,394,74,14,12,168,0.5119,0.68,0.4595,0.4728,0.1848,0.0946,184.82
Image_58_jpg.rf.FR6Xg5WbuHzy75osHgGB.jpg,7,434,77,431,65,6,24,144,0.6183,0.39,0.5195,1.0,1.0,0.3549,1245.06
Image_59_jpg.rf.7RYvHldg2nzxasiRBNuS.jpg,1,341,501,338,491,6,21,126,0.5388,0.47,0.4956,1.0,0.0087,0.3827,8.72
Image_59_jpg.rf.7RYvHldg2nzxasiRBNuS.jpg,2,188,501,170,491,37,21,777,0.5101,0.4,0.4843,1.0,0.0062,0.2184,6.21
Image_59_jpg.rf.7RYvHldg2nzxasiRBNuS.jpg,3,346,474,341,466,10,17,170,0.5384,0.46,0.5027,1.0,0.0144,0.2978,14.42
Image_59_jpg.rf.7RYvHldg2nzxasiRBNuS.jpg,4,14,469,0,427,29,85,2465,0.5843,0.48,0.4762,1.0,0.4965,0.6914,496.5
Image_5_jpg.rf.54SzRrjIeThNIl8MGdE9.jpg,1,394,505,384,499,20,13,260,0.5128,0.4,0.4921,1.0,0.0056,0.375,5.65
Image_5_jpg.rf.54SzRrjIeThNIl8MGdE9.jpg,2,313,499,282,486,62,26,1612,0.5151,0.39,0.5085,1.0,0.0063,0.4181,6.32
Image_5_jpg.rf.54SzRrjIeThNIl8MGdE9.jpg,3,299,374,282,362,35,24,840,0.5165,0.39,0.5076,1.0,0.0229,0.3056,22.87
Image_5_jpg.rf.54SzRrjIeThNIl8MGdE9.jpg,4,214,352,209,334,11,36,396,0.4513,0.4,0.5165,0.6341,0.0369,0.1268,36.93
Image_5_jpg.rf.54SzRrjIeThNIl8MGdE9.jpg,5,307,318,279,314,57,9,513,0.4518,0.2,0.5064,1.0,0.0454,0.472,45.36
Image_5_jpg.rf.54SzRrjIeThNIl8MGdE9.jpg,6,469,234,464,228,11,12,132,0.5365,0.32,0.5673,1.0,0.259,0.3822,259.04
Image_60_jpg.rf.u2gPTif2eqE97xmQfZ0k.jpg,1,8,507,0,503,17,9,153,0.6876,0.5,0.6074,1.0,1.0,0.258,1453.02
Image_60_jpg.rf.u2gPTif2eqE97xmQfZ0k.jpg,2,474,93,437,83,75,21,1575,0.6369,0.55,0.5186,1.0,0.6289,0.3206,628.86
Image_60_jpg.rf.u2gPTif2eqE97xmQfZ0k.jpg,3,72,107,0,72,145,70,10150,0.5926,0.38,0.5501,1.0,0.6707,0.3906,670.68
Image_60_jpg.rf.u2gPTif2eqE97xmQfZ0k.jpg,4,269,33,255,24,28,19,532,0.5473,0.36,0.4429,1.0,0.6633,0.2758,663.28
Image_60_jpg.rf.u2gPTif2eqE97xmQfZ0k.jpg,5,18,16,12,7,12,19,228,0.5992,0.56,0.5233,1.0,0.2003,0.3441,200.34
Image_60_jpg.rf.u2gPTif2eqE97xmQfZ0k.jpg,6,135,9,125,0,21,18,378,0.466,0.59,0.5218,0.0568,0.6546,0.0114,654.59
Image_61_jpg.rf.y8Z48ld2GEBTKTHbUf0R.jpg,1,345,353,336,341,18,25,450,0.6273,0.41,0.5251,1.0,1.0,0.2541,5721.62
Image_61_jpg.rf.y8Z48ld2GEBTKTHbUf0R.jpg,2,135,337,130,330,10,14,140,0.6506,0.58,0.5216,1.0,0.6507,0.271,650.67
Image_61_jpg.rf.y8Z48ld2GEBTKTHbUf0R.jpg,3,214,266,207,257,15,19,285,0.6215,0.38,0.5387,1.0,1.0,0.3572,2657.04
Image_61_jpg.rf.y8Z48ld2GEBTKTHbUf0R.jpg,4,248,233,238,225,20,17,340,0.6144,0.41,0.5087,0.9644,1.0,0.1929,3600.59
Image_61_jpg.rf.y8Z48ld2GEBTKTHbUf0R.jpg,5,296,193,268,162,56,63,3528,0.63,0.4,0.5428,1.0,1.0,0.45,2117.18
Image_61_jpg.rf.y8Z48ld2GEBTKTHbUf0R.jpg,6,346,122,340,114,13,17,221,0.5658,0.39,0.3695,1.0,1.0,0.4207,4629.46
Image_61_jpg.rf.y8Z48ld2GEBTKTHbUf0R.jpg,7,108,117,98,109,21,17,357,0.5548,0.39,0.507,1.0,0.4085,0.3615,408.53
Image_61_jpg.rf.y8Z48ld2GEBTKTHbUf0R.jpg,8,397,119,379,105,37,28,1036,0.6067,0.43,0.4464,1.0,1.0,0.275,1765.9
Image_61_jpg.rf.y8Z48ld2GEBTKTHbUf0R.jpg,9,306,124,286,105,40,38,1520,0.7349,0.6,0.6612,1.0,0.9347,0.3004,934.69
Image_62_jpg.rf.IymscFev6WtCQ3rZ7dVb.jpg,1,348,465,345,448,7,35,245,0.4978,0.25,0.4842,1.0,0.408,0.2363,408.02
Image_62_jpg.rf.IymscFev6WtCQ3rZ7dVb.jpg,2,130,237,123,225,15,24,360,0.4848,0.26,0.4956,0.823,0.5569,0.1646,556.95
Image_63_png.rf.tGRzccDEQOLH3wLVRvwE.jpg,1,298,414,270,360,56,109,6104,0.4805,0.21,0.5719,1.0,0.068,0.4518,68.05
Image_63_png.rf.tGRzccDEQOLH3wLVRvwE.jpg,2,193,221,189,207,8,28,224,0.5527,0.25,0.4721,1.0,1.0,0.2313,1562.27
Image_63_png.rf.tGRzccDEQOLH3wLVRvwE.jpg,3,219,217,210,196,18,43,774,0.5545,0.28,0.4471,1.0,1.0,0.2455,1496.82
Image_63_png.rf.tGRzccDEQOLH3wLVRvwE.jpg,4,291,179,283,169,17,20,340,0.5907,0.34,0.4906,1.0,1.0,0.3772,1031.58
Image_63_png.rf.tGRzccDEQOLH3wLVRvwE.jpg,5,294,133,268,100,53,66,3498,0.5307,0.33,0.435,1.0,0.6301,0.427,630.14
Image_63_png.rf.tGRzccDEQOLH3wLVRvwE.jpg,6,260,39,255,27,11,24,264,0.5502,0.25,0.4913,1.0,0.9079,0.2077,907.93
Image_63_png.rf.tGRzccDEQOLH3wLVRvwE.jpg,7,317,34,315,26,5,16,80,0.5604,0.3,0.5143,1.0,0.7538,0.2143,753.78
Image_63_png.rf.tGRzccDEQOLH3wLVRvwE.jpg,8,282,26,279,19,6,15,90,0.5668,0.27,0.4923,1.0,1.0,0.2078,1171.16
Image_65_jpg.rf.53yC1r3n9j6ylgN2R4Il.jpg,1,126,482,122,467,8,31,248,0.6134,0.58,0.5744,1.0,0.0938,0.2698,93.83
Image_65_jpg.rf.53yC1r3n9j6ylgN2R4Il.jpg,2,482,467,452,423,60,89,5340,0.5428,0.46,0.4904,1.0,0.1013,0.5944,101.26
Image_65_jpg.rf.53yC1r3n9j6ylgN2R4Il.jpg,3,63,171,58,165,11,13,143,0.5348,0.45,0.527,0.9391,0.0507,0.1878,50.71
Image_65_jpg.rf.53yC1r3n9j6ylgN2R4Il.jpg,4,172,96,162,88,20,17,340,0.5388,0.4,0.5518,1.0,0.0571,0.3912,57.08
Image_65_jpg.rf.53yC1r3n9j6ylgN2R4Il.jpg,5,230,24,175,0,110,49,5390,0.475,0.2,0.5801,1.0,0.0199,0.3818,19.87
Image_67_jpg.rf.OSPZTDKSbJqv0VECuc0b.jpg,1,294,491,285,470,18,42,756,0.558,0.55,0.4504,1.0,0.0787,0.5382,78.71
Image_68_jpg.rf.l9aBlIA48dLByooBfRIl.jpg,1,279,464,272,457,15,15,225,0.5777,0.33,0.4814,1.0,0.9367,0.2551,936.72
Image_70_jpg.rf.cQn3NhZy1mT5nScKhYve.jpg,1,30,382,0,350,60,64,3840,0.522,0.41,0.5088,1.0,0.0044,0.3533,4.4
Image_72_jpg.rf.M0Vdx6wBGtwbMO9kqu8m.jpg,1,259,499,234,487,51,25,1275,0.5404,0.53,0.5301,0.8269,0.0401,0.1654,40.1
Image_72_jpg.rf.M0Vdx6wBGtwbMO9kqu8m.jpg,2,176,479,170,471,12,17,204,0.5793,0.56,0.5333,0.9411,0.0839,0.1882,83.92
Image_72_jpg.rf.M0Vdx6wBGtwbMO9kqu8m.jpg,3,245,466,238,458,15,17,255,0.5688,0.51,0.5278,1.0,0.0553,0.2746,55.34
Image_72_jpg.rf.M0Vdx6wBGtwbMO9kqu8m.jpg,4,344,463,332,455,25,16,400,0.5842,0.59,0.4839,1.0,0.0836,0.4469,83.57
Image_72_jpg.rf.M0Vdx6wBGtwbMO9kqu8m.jpg,5,437,430,430,425,14,10,140,0.5466,0.47,0.5101,1.0,0.0354,0.2255,35.44
Image_72_jpg.rf.M0Vdx6wBGtwbMO9kqu8m.jpg,6,33,419,15,409,36,20,720,0.5477,0.49,0.4963,1.0,0.0245,0.2064,24.55
Image_72_jpg.rf.M0Vdx6wBGtwbMO9kqu8m.jpg,7,252,411,244,401,17,20,340,0.5211,0.38,0.5119,1.0,0.0891,0.4537,89.08
Image_72_jpg.rf.M0Vdx6wBGtwbMO9kqu8m.jpg,8,330,371,324,361,13,20,260,0.5725,0.53,0.5157,1.0,0.0648,0.3075,64.8
Image_72_jpg.rf.M0Vdx6wBGtwbMO9kqu8m.jpg,9,258,371,242,357,32,28,896,0.5887,0.55,0.5291,1.0,0.1099,0.3665,109.88
Image_72_jpg.rf.M0Vdx6wBGtwbMO9kqu8m.jpg,10,443,346,439,339,9,14,126,0.4826,0.59,0.4937,0.4579,0.1175,0.0916,117.55
Image_72_jpg.rf.M0Vdx6wBGtwbMO9kqu8m.jpg,11,98,333,93,328,10,10,100,0.5873,0.57,0.5193,1.0,0.06,0.4855,59.98
Image_72_jpg.rf.M0Vdx6wBGtwbMO9kqu8m.jpg,12,420,325,411,319,18,13,234,0.5457,0.58,0.5408,0.6667,0.2004,0.1333,200.43
Image_72_jpg.rf.M0Vdx6wBGtwbMO9kqu8m.jpg,13,479,305,469,296,21,19,399,0.534,0.38,0.5585,1.0,0.0555,0.262,55.54
Image_72_jpg.rf.M0Vdx6wBGtwbMO9kqu8m.jpg,14,188,248,179,245,18,7,126,0.4797,0.25,0.5241,1.0,0.0875,0.5351,87.53
Image_72_jpg.rf.M0Vdx6wBGtwbMO9kqu8m.jpg,15,498,245,484,225,28,40,1120,0.5102,0.31,0.5477,1.0,0.1003,0.4321,100.33
Image_72_jpg.rf.M0Vdx6wBGtwbMO9kqu8m.jpg,16,162,188,157,182,11,12,132,0.5569,0.47,0.5341,1.0,0.0544,0.5163,54.42
Image_72_jpg.rf.M0Vdx6wBGtwbMO9kqu8m.jpg,17,315,133,305,123,20,21,420,0.5752,0.55,0.4972,1.0,0.0864,0.3466,86.43
Image_72_jpg.rf.M0Vdx6wBGtwbMO9kqu8m.jpg,18,384,116,376,108,17,16,272,0.4982,0.47,0.5158,0.7574,0.017,0.1515,16.99
Image_72_jpg.rf.M0Vdx6wBGtwbMO9kqu8m.jpg,19,169,100,163,92,13,16,208,0.5198,0.37,0.5351,1.0,0.03,0.2686,29.97
Image_72_jpg.rf.M0Vdx6wBGtwbMO9kqu8m.jpg,20,493,32,475,17,37,31,1147,0.5004,0.37,0.481,1.0,0.0251,0.4413,25.14
Image_72_jpg.rf.M0Vdx6wBGtwbMO9kqu8m.jpg,21,160,23,109,0,103,46,4738,0.547,0.45,0.5172,1.0,0.0842,0.4697,84.18
Image_72_jpg.rf.M0Vdx6wBGtwbMO9kqu8m.jpg,22,79,10,62,0,35,20,700,0.5017,0.34,0.5093,1.0,0.0444,0.3134,44.38
Image_73_jpg.rf.owqHgE3tESo9A9g37aqo.jpg,1,380,430,375,422,10,17,170,0.6391,0.49,0.5158,1.0,0.8705,0.2147,870.48
Image_74_jpg.rf.ow9gicGAwVsneURpuZdQ.jpg,1,483,357,464,347,38,21,798,0.6154,0.38,0.521,1.0,1.0,0.2721,2593.82
Image_74_jpg.rf.ow9gicGAwVsneURpuZdQ.jpg,2,26,330,11,326,30,8,240,0.6125,0.32,0.5728,1.0,1.0,0.231,3221.84
Image_74_jpg.rf.ow9gicGAwVsneURpuZdQ.jpg,3,451,260,446,255,11,11,121,0.5903,0.28,0.5495,1.0,1.0,0.2609,1286.64
Image_75_jpg.rf.lZeDQMmJPOB9ei2lEo5O.jpg,1,381,503,373,494,17,18,306,0.4795,0.39,0.5224,0.783,0.0355,0.1566,35.53
Image_75_jpg.rf.lZeDQMmJPOB9ei2lEo5O.jpg,2,457,383,448,377,19,13,247,0.5478,0.46,0.5174,1.0,0.0565,0.2,56.49
Image_77_jpg.rf.4gnIpBpZ5IUTlsVUg4fM.jpg,1,31,469,25,465,12,9,108,0.5788,0.44,0.5393,1.0,0.3602,0.2262,360.2
Image_77_jpg.rf.4gnIpBpZ5IUTlsVUg4fM.jpg,2,388,461,381,454,14,14,196,0.5337,0.37,0.5314,1.0,0.1821,0.2544,182.05
Image_77_jpg.rf.4gnIpBpZ5IUTlsVUg4fM.jpg,3,87,449,69,444,37,11,407,0.4978,0.28,0.5247,1.0,0.162,0.2795,161.99
Image_77_jpg.rf.4gnIpBpZ5IUTlsVUg4fM.jpg,4,445,426,440,420,11,12,132,0.5462,0.45,0.5172,1.0,0.0769,0.4946,76.85
Image_77_jpg.rf.4gnIpBpZ5IUTlsVUg4fM.jpg,5,88,280,81,275,15,10,150,0.5013,0.33,0.5146,1.0,0.057,0.2306,57.03
Image_77_jpg.rf.4gnIpBpZ5IUTlsVUg4fM.jpg,6,411,179,394,168,35,22,770,0.5261,0.32,0.5578,1.0,0.1884,0.2165,188.44
Image_78_jpg.rf.xjJ0NJhgdkIYLZNMQwrc.jpg,1,375,461,354,450,43,22,946,0.4914,0.29,0.4717,0.9412,0.3658,0.1882,365.83
Image_78_jpg.rf.xjJ0NJhgdkIYLZNMQwrc.jpg,2,89,454,71,437,36,34,1224,0.4617,0.22,0.4852,1.0,0.1487,0.2378,148.68
Image_78_jpg.rf.xjJ0NJhgdkIYLZNMQwrc.jpg,3,436,342,402,283,69,118,8142,0.4922,0.21,0.6135,1.0,0.0396,0.2552,39.6
Image_78_jpg.rf.xjJ0NJhgdkIYLZNMQwrc.jpg,4,36,314,0,250,72,128,9216,0.4636,0.17,0.541,1.0,0.1473,0.3278,147.3
Image_78_jpg.rf.xjJ0NJhgdkIYLZNMQwrc.jpg,5,475,253,438,219,74,69,5106,0.4641,0.2,0.5366,1.0,0.0633,0.4346,63.26
Image_78_jpg.rf.xjJ0NJhgdkIYLZNMQwrc.jpg,6,506,200,501,190,11,21,231,0.4632,0.2,0.5168,1.0,0.1233,0.5223,123.27
Image_78_jpg.rf.xjJ0NJhgdkIYLZNMQwrc.jpg,7,30,194,0,160,61,69,4209,0.4639,0.17,0.5438,1.0,0.1403,0.2266,140.32
Image_78_jpg.rf.xjJ0NJhgdkIYLZNMQwrc.jpg,8,393,86,378,72,30,29,870,0.5222,0.42,0.5187,0.9379,0.061,0.1876,61.04
Image_78_jpg.rf.xjJ0NJhgdkIYLZNMQwrc.jpg,9,313,70,301,57,25,26,650,0.4731,0.27,0.4875,0.9246,0.231,0.1849,230.97
Image_78_jpg.rf.xjJ0NJhgdkIYLZNMQwrc.jpg,10,427,62,419,54,17,17,289,0.4643,0.23,0.5039,1.0,0.0745,0.2723,74.55
Image_78_jpg.rf.xjJ0NJhgdkIYLZNMQwrc.jpg,11,262,68,240,45,44,47,2068,0.4546,0.2,0.5542,0.9095,0.0872,0.1819,87.15
Image_78_jpg.rf.xjJ0NJhgdkIYLZNMQwrc.jpg,12,494,40,489,34,10,12,120,0.648,0.45,0.5442,1.0,1.0,0.3182,1204.49
Image_78_jpg.rf.xjJ0NJhgdkIYLZNMQwrc.jpg,13,448,30,438,21,20,19,380,0.4523,0.19,0.5176,1.0,0.0464,0.3185,46.41
Image_78_jpg.rf.xjJ0NJhgdkIYLZNMQwrc.jpg,14,308,25,292,4,33,42,1386,0.5568,0.4,0.4899,1.0,0.453,0.4547,453.0
Image_78_jpg.rf.xjJ0NJhgdkIYLZNMQwrc.jpg,15,375,21,352,0,46,43,1978,0.4801,0.21,0.5464,1.0,0.153,0.3533,152.98
Image_78_jpg.rf.xjJ0NJhgdkIYLZNMQwrc.jpg,16,137,37,100,0,74,75,5550,0.4709,0.21,0.5078,1.0,0.1971,0.3158,197.06
Image_78_jpg.rf.xjJ0NJhgdkIYLZNMQwrc.jpg,17,58,39,18,0,80,79,6320,0.479,0.2,0.5518,1.0,0.1591,0.2568,159.12
Image_79_jpg.rf.nN4FptNMqyT8ZzUZ4MbH.jpg,1,441,406,433,402,16,9,144,0.4768,0.27,0.5248,0.4932,1.0,0.0986,2018.65
Image_79_jpg.rf.nN4FptNMqyT8ZzUZ4MbH.jpg,2,485,391,479,385,12,13,156,0.6043,0.32,0.5494,1.0,1.0,0.2167,2414.24
Image_79_jpg.rf.nN4FptNMqyT8ZzUZ4MbH.jpg,3,85,13,59,0,52,27,1404,0.5589,0.28,0.5574,1.0,0.6583,0.2836,658.28
Image_7_jpg.rf.VusjWGOBbJQYAzK7L3fy.jpg,1,101,504,86,497,30,15,450,0.5768,0.58,0.5,0.9524,0.0834,0.1905,83.45
Image_7_jpg.rf.VusjWGOBbJQYAzK7L3fy.jpg,2,482,496,476,490,13,12,156,0.6079,0.6,0.5283,1.0,0.1299,0.3483,129.9
Image_7_jpg.rf.VusjWGOBbJQYAzK7L3fy.jpg,3,239,494,226,476,26,36,936,0.5977,0.56,0.5575,1.0,0.0664,0.2838,66.37
Image_7_jpg.rf.VusjWGOBbJQYAzK7L3fy.jpg,4,419,413,413,403,12,21,252,0.5729,0.56,0.4899,1.0,0.0541,0.5846,54.11
Image_7_jpg.rf.VusjWGOBbJQYAzK7L3fy.jpg,5,424,327,415,323,18,9,162,0.4905,0.47,0.5035,0.7302,0.0378,0.146,37.83
Image_7_jpg.rf.VusjWGOBbJQYAzK7L3fy.jpg,6,457,327,443,310,29,35,1015,0.564,0.51,0.5211,1.0,0.0312,0.5272,31.22
Image_7_jpg.rf.VusjWGOBbJQYAzK7L3fy.jpg,7,494,302,477,280,35,45,1575,0.5382,0.47,0.4878,1.0,0.0301,0.4159,30.06
Image_7_jpg.rf.VusjWGOBbJQYAzK7L3fy.jpg,8,505,259,498,250,14,18,252,0.542,0.47,0.5019,1.0,0.018,0.265,18.0
Image_7_jpg.rf.VusjWGOBbJQYAzK7L3fy.jpg,9,380,251,372,241,16,20,320,0.5306,0.43,0.5072,1.0,0.0256,0.8036,25.59
Image_7_jpg.rf.VusjWGOBbJQYAzK7L3fy.jpg,10,506,235,501,228,11,14,154,0.4696,0.46,0.5024,0.6561,0.0156,0.1312,15.64
Image_7_jpg.rf.VusjWGOBbJQYAzK7L3fy.jpg,11,434,241,420,223,28,36,1008,0.5498,0.48,0.5153,1.0,0.0143,0.324,14.3
Image_7_jpg.rf.VusjWGOBbJQYAzK7L3fy.jpg,12,454,209,445,200,18,18,324,0.5481,0.46,0.5299,1.0,0.0163,0.3833,16.32
Image_7_jpg.rf.VusjWGOBbJQYAzK7L3fy.jpg,13,392,216,375,200,34,33,1122,0.5536,0.47,0.5347,1.0,0.0198,0.5092,19.82
Image_7_jpg.rf.VusjWGOBbJQYAzK7L3fy.jpg,14,370,194,363,190,15,8,120,0.5495,0.46,0.5294,1.0,0.0326,0.4241,32.59
Image_7_jpg.rf.VusjWGOBbJQYAzK7L3fy.jpg,15,469,181,464,174,10,15,150,0.4757,0.46,0.5187,0.6481,0.0357,0.1296,35.67
Image_7_jpg.rf.VusjWGOBbJQYAzK7L3fy.jpg,16,427,163,416,145,22,36,792,0.5637,0.49,0.5437,1.0,0.0188,0.3438,18.84
Image_7_jpg.rf.VusjWGOBbJQYAzK7L3fy.jpg,17,146,146,141,136,10,21,210,0.4594,0.58,0.5518,0.2135,0.206,0.0427,205.99
Image_7_jpg.rf.VusjWGOBbJQYAzK7L3fy.jpg,18,388,81,384,74,9,15,135,0.5219,0.42,0.4964,1.0,0.011,0.9735,11.01
Image_7_jpg.rf.VusjWGOBbJQYAzK7L3fy.jpg,19,15,86,0,59,31,55,1705,0.5364,0.48,0.526,0.9056,0.0316,0.1811,31.57
Image_7_jpg.rf.VusjWGOBbJQYAzK7L3fy.jpg,20,389,26,385,19,8,15,120,0.543,0.47,0.5057,1.0,0.0152,0.2889,15.22
Image_7_jpg.rf.VusjWGOBbJQYAzK7L3fy.jpg,21,318,21,312,17,13,8,104,0.4919,0.46,0.503,0.77,0.009,0.154,8.96
Image_7_jpg.rf.VusjWGOBbJQYAzK7L3fy.jpg,22,272,26,264,11,17,30,510,0.6017,0.5,0.5342,1.0,0.3972,0.2061,397.15
Image_7_jpg.rf.VusjWGOBbJQYAzK7L3fy.jpg,23,435,5,430,0,10,10,100,0.5356,0.46,0.4959,1.0,0.0104,0.5227,10.36
Image_7_jpg.rf.VusjWGOBbJQYAzK7L3fy.jpg,24,410,10,399,0,22,21,462,0.5515,0.5,0.5,1.0,0.0154,0.5447,15.37
Image_7_jpg.rf.VusjWGOBbJQYAzK7L3fy.jpg,25,215,11,202,0,27,23,621,0.5505,0.47,0.5007,1.0,0.108,0.2458,108.02
Image_80_jpg.rf.bKWEe5HCRikI4sfipOaZ.jpg,1,493,454,485,449,17,10,170,0.7002,0.61,0.5449,1.0,0.9604,0.3135,960.36
Image_80_jpg.rf.bKWEe5HCRikI4sfipOaZ.jpg,2,462,453,447,443,30,21,630,0.6814,0.58,0.5116,1.0,0.9931,0.3788,993.13
Image_80_jpg.rf.bKWEe5HCRikI4sfipOaZ.jpg,3,501,420,491,414,21,12,252,0.6994,0.61,0.544,1.0,0.9554,0.6188,955.38
Image_80_jpg.rf.bKWEe5HCRikI4sfipOaZ.jpg,4,292,380,285,373,15,14,210,0.6712,0.59,0.4704,1.0,1.0,0.4444,1639.74
Image_80_jpg.rf.bKWEe5HCRikI4sfipOaZ.jpg,5,135,340,121,329,28,22,616,0.6183,0.58,0.5251,1.0,0.3154,0.4838,315.42
Image_80_jpg.rf.bKWEe5HCRikI4sfipOaZ.jpg,6,328,347,306,323,44,48,2112,0.5954,0.57,0.4585,0.8735,0.6074,0.1747,607.36
Image_80_jpg.rf.bKWEe5HCRikI4sfipOaZ.jpg,7,112,308,98,303,29,10,290,0.5915,0.59,0.4893,1.0,0.1378,0.449,137.77
Image_80_jpg.rf.bKWEe5HCRikI4sfipOaZ.jpg,8,348,229,328,215,40,28,1120,0.5924,0.37,0.5558,1.0,0.6837,0.3793,683.68
Image_80_jpg.rf.bKWEe5HCRikI4sfipOaZ.jpg,9,224,229,219,209,11,41,451,0.6221,0.37,0.5503,1.0,1.0,0.2256,1646.04
Image_80_jpg.rf.bKWEe5HCRikI4sfipOaZ.jpg,10,7,201,0,194,14,14,196,0.5608,0.49,0.5088,1.0,0.112,0.5212,111.99
Image_80_jpg.rf.bKWEe5HCRikI4sfipOaZ.jpg,11,188,159,176,154,25,11,275,0.5881,0.48,0.5413,1.0,0.3062,0.611,306.15
Image_80_jpg.rf.bKWEe5HCRikI4sfipOaZ.jpg,12,180,137,169,123,23,28,644,0.5628,0.5,0.4944,1.0,0.1479,0.5,147.92
Image_80_jpg.rf.bKWEe5HCRikI4sfipOaZ.jpg,13,387,131,366,117,43,28,1204,0.5285,0.41,0.5225,1.0,0.0207,0.5809,20.68
Image_80_jpg.rf.bKWEe5HCRikI4sfipOaZ.jpg,14,361,105,348,95,26,20,520,0.5247,0.4,0.5241,1.0,0.0129,0.5781,12.86
Image_80_jpg.rf.bKWEe5HCRikI4sfipOaZ.jpg,15,148,98,141,89,14,19,266,0.5427,0.45,0.5166,1.0,0.0438,0.2506,43.83
Image_80_jpg.rf.bKWEe5HCRikI4sfipOaZ.jpg,16,180,95,170,88,20,15,300,0.5414,0.45,0.5155,1.0,0.0347,0.3125,34.66
Image_80_jpg.rf.bKWEe5HCRikI4sfipOaZ.jpg,17,120,100,109,85,23,31,713,0.5453,0.43,0.5205,1.0,0.1261,0.4944,126.09
Image_80_jpg.rf.bKWEe5HCRikI4sfipOaZ.jpg,18,367,79,358,70,19,18,342,0.5426,0.44,0.5235,1.0,0.0539,0.3247,53.94
Image_80_jpg.rf.bKWEe5HCRikI4sfipOaZ.jpg,19,152,68,145,64,14,8,112,0.5225,0.4,0.5121,1.0,0.0327,0.2923,32.75
Image_80_jpg.rf.bKWEe5HCRikI4sfipOaZ.jpg,20,507,68,502,63,10,11,110,0.4828,0.41,0.4995,0.8152,0.0141,0.163,14.09
Image_80_jpg.rf.bKWEe5HCRikI4sfipOaZ.jpg,21,288,72,267,55,43,34,1462,0.5419,0.43,0.5397,1.0,0.0247,0.515,24.71
Image_80_jpg.rf.bKWEe5HCRikI4sfipOaZ.jpg,22,288,47,282,41,12,13,156,0.5438,0.47,0.5057,1.0,0.023,0.5217,22.98
Image_80_jpg.rf.bKWEe5HCRikI4sfipOaZ.jpg,23,177,39,162,30,30,18,540,0.5428,0.46,0.5133,1.0,0.022,0.4849,21.96
Image_80_jpg.rf.bKWEe5HCRikI4sfipOaZ.jpg,24,236,50,199,27,75,47,3525,0.5372,0.42,0.5363,1.0,0.025,0.7224,24.97
Image_80_jpg.rf.bKWEe5HCRikI4sfipOaZ.jpg,25,322,14,313,8,19,13,247,0.5374,0.45,0.5108,1.0,0.0109,0.4103,10.89
Image_81_jpg.rf.32nwhMNp0Rbt8IxTtWoY.jpg,1,12,42,0,34,25,16,400,0.5454,0.4,0.5383,1.0,0.1697,0.5991,169.67
Image_81_jpg.rf.32nwhMNp0Rbt8IxTtWoY.jpg,2,85,39,80,33,11,13,143,0.4893,0.33,0.4746,1.0,0.0771,0.3235,77.08
Image_81_jpg.rf.32nwhMNp0Rbt8IxTtWoY.jpg,3,54,40,44,32,20,17,340,0.5434,0.36,0.5674,1.0,0.1883,0.3599,188.34
Image_81_jpg.rf.32nwhMNp0Rbt8IxTtWoY.jpg,4,261,18,236,5,51,26,1326,0.5069,0.36,0.4928,1.0,0.0846,0.3003,84.65
Image_81_jpg.rf.32nwhMNp0Rbt8IxTtWoY.jpg,5,57,12,13,0,88,24,2112,0.5086,0.31,0.5403,1.0,0.1099,0.5987,109.89
Image_82_jpg.rf.pVeDURFrd0LslpUptyDO.jpg,1,505,494,499,477,13,35,455,0.4598,0.21,0.5035,1.0,0.1012,0.4082,101.18
Image_83_jpg.rf.HQizh8HfNFSW0OUs3A86.jpg,1,6,248,0,236,13,25,325,0.553,0.25,0.4727,1.0,1.0,0.2148,1428.9
Image_84_jpg.rf.Zi4P8kDunpveFEA9NxrV.jpg,1,280,331,275,285,11,92,1012,0.5104,0.33,0.4978,1.0,0.2064,0.3407,206.43
Image_85_jpg.rf.hUW5PZFveHvErXFyi98E.jpg,1,340,444,332,433,17,22,374,0.4686,0.57,0.5494,0.1623,0.4439,0.0325,443.87
Image_85_jpg.rf.hUW5PZFveHvErXFyi98E.jpg,2,224,435,200,415,49,40,1960,0.4593,0.59,0.5454,0.1103,0.3982,0.0221,398.16
Image_85_jpg.rf.hUW5PZFveHvErXFyi98E.jpg,3,168,420,163,415,11,11,121,0.5115,0.61,0.5486,0.1134,0.8327,0.0227,832.73
Image_85_jpg.rf.hUW5PZFveHvErXFyi98E.jpg,4,74,427,63,413,23,28,644,0.4697,0.6,0.5317,0.1714,0.3935,0.0343,393.46
Image_85_jpg.rf.hUW5PZFveHvErXFyi98E.jpg,5,276,426,263,412,26,29,754,0.4635,0.59,0.5018,0.2182,0.3768,0.0436,376.83
Image_85_jpg.rf.hUW5PZFveHvErXFyi98E.jpg,6,51,414,46,410,10,9,90,0.451,0.62,0.5143,0.0541,0.4313,0.0108,431.33
Image_85_jpg.rf.hUW5PZFveHvErXFyi98E.jpg,7,116,412,97,396,39,33,1287,0.4756,0.61,0.5032,0.1917,0.4761,0.0383,476.08
Image_85_jpg.rf.hUW5PZFveHvErXFyi98E.jpg,8,62,394,57,389,11,11,121,0.4651,0.59,0.5309,0.2079,0.312,0.0416,312.03
Image_86_jpg.rf.ucKcPON2jlBmrrRtZowg.jpg,1,240,270,226,219,28,103,2884,0.5696,0.37,0.4003,1.0,1.0,0.4437,2168.85
Image_86_jpg.rf.ucKcPON2jlBmrrRtZowg.jpg,2,424,6,418,0,13,12,156,0.5704,0.57,0.5107,0.9333,0.0549,0.1867,54.88
Image_87_jpg.rf.PJWIGSFcD5QZZO4xad8J.jpg,1,286,459,278,452,16,15,240,0.6117,0.55,0.5596,1.0,0.2332,0.336,233.18
Image_87_jpg.rf.PJWIGSFcD5QZZO4xad8J.jpg,2,260,431,239,422,43,19,817,0.5341,0.39,0.5507,1.0,0.0489,0.4246,48.87
Image_87_jpg.rf.PJWIGSFcD5QZZO4xad8J.jpg,3,308,416,303,409,11,14,154,0.5113,0.37,0.4938,1.0,0.0899,0.3077,89.92
Image_87_jpg.rf.PJWIGSFcD5QZZO4xad8J.jpg,4,478,392,465,380,27,25,675,0.5603,0.48,0.524,1.0,0.089,0.3902,88.99
Image_87_jpg.rf.PJWIGSFcD5QZZO4xad8J.jpg,5,370,362,366,355,9,14,126,0.5501,0.46,0.5234,1.0,0.0596,0.3974,59.58
Image_87_jpg.rf.PJWIGSFcD5QZZO4xad8J.jpg,6,420,363,400,335,41,56,2296,0.5837,0.54,0.5273,1.0,0.101,0.389,101.02
Image_87_jpg.rf.PJWIGSFcD5QZZO4xad8J.jpg,7,385,297,380,291,11,13,143,0.6183,0.59,0.5326,1.0,0.2545,0.313,254.53
Image_87_jpg.rf.PJWIGSFcD5QZZO4xad8J.jpg,8,504,239,496,234,16,11,176,0.5438,0.38,0.5255,1.0,0.2686,0.251,268.63
Image_87_jpg.rf.PJWIGSFcD5QZZO4xad8J.jpg,9,507,188,503,182,9,12,108,0.5433,0.37,0.5215,0.8611,0.5901,0.1722,590.12
Image_87_jpg.rf.PJWIGSFcD5QZZO4xad8J.jpg,10,370,13,335,0,70,27,1890,0.4718,0.28,0.4869,1.0,0.0339,0.252,33.9
Image_87_jpg.rf.PJWIGSFcD5QZZO4xad8J.jpg,11,126,18,114,0,24,37,888,0.5185,0.33,0.5101,1.0,0.245,0.3547,245.05
Image_8_jpg.rf.I5oi9GdhigCdMU5WZN4r.jpg,1,284,501,279,491,11,21,231,0.5403,0.33,0.5747,1.0,0.2364,0.2641,236.39
Image_8_jpg.rf.I5oi9GdhigCdMU5WZN4r.jpg,2,269,454,262,448,15,12,180,0.6443,0.51,0.6291,1.0,0.4565,0.2222,456.55
Image_8_jpg.rf.I5oi9GdhigCdMU5WZN4r.jpg,3,120,457,110,442,21,30,630,0.5115,0.33,0.5346,1.0,0.0887,0.487,88.71
Image_8_jpg.rf.I5oi9GdhigCdMU5WZN4r.jpg,4,479,402,447,369,65,66,4290,0.6034,0.5,0.623,1.0,0.1031,0.2049,103.1
Image_8_jpg.rf.I5oi9GdhigCdMU5WZN4r.jpg,5,63,327,49,322,29,10,290,0.5275,0.38,0.5222,1.0,0.1175,0.2971,117.54
Image_8_jpg.rf.I5oi9GdhigCdMU5WZN4r.jpg,6,311,326,306,315,10,23,230,0.6596,0.53,0.6293,1.0,0.5387,0.2195,538.71
Image_8_jpg.rf.I5oi9GdhigCdMU5WZN4r.jpg,7,505,294,498,285,14,19,266,0.5261,0.35,0.4541,1.0,0.4472,0.3129,447.2
Image_8_jpg.rf.I5oi9GdhigCdMU5WZN4r.jpg,8,9,260,0,251,18,19,342,0.5214,0.35,0.5576,1.0,0.0375,0.4731,37.53
Image_8_jpg.rf.I5oi9GdhigCdMU5WZN4r.jpg,9,9,233,0,230,18,7,126,0.4934,0.32,0.4909,1.0,0.0956,0.261,95.56
Image_8_jpg.rf.I5oi9GdhigCdMU5WZN4r.jpg,10,140,238,122,223,36,30,1080,0.6731,0.55,0.5159,1.0,1.0,0.2163,1085.45
Image_8_jpg.rf.I5oi9GdhigCdMU5WZN4r.jpg,11,8,201,0,192,17,19,323,0.509,0.34,0.507,1.0,0.1259,0.223,125.9
Image_8_jpg.rf.I5oi9GdhigCdMU5WZN4r.jpg,12,140,199,133,191,15,17,255,0.592,0.37,0.5235,0.9068,0.9789,0.1814,978.93
Image_8_jpg.rf.I5oi9GdhigCdMU5WZN4r.jpg,13,476,211,440,125,72,173,12456,0.5419,0.35,0.5075,1.0,0.4177,0.4509,417.75
Image_8_jpg.rf.I5oi9GdhigCdMU5WZN4r.jpg,14,227,94,192,67,70,54,3780,0.5163,0.22,0.5782,1.0,0.3692,0.3043,369.24
Image_8_jpg.rf.I5oi9GdhigCdMU5WZN4r.jpg,15,296,64,275,46,42,37,1554,0.5864,0.34,0.5895,1.0,0.6109,0.373,610.93
Image_8_jpg.rf.I5oi9GdhigCdMU5WZN4r.jpg,16,325,48,315,44,20,9,180,0.5522,0.33,0.5316,1.0,0.5064,0.4479,506.44
Image_8_jpg.rf.I5oi9GdhigCdMU5WZN4r.jpg,17,234,36,227,33,14,7,98,0.5151,0.36,0.4834,1.0,0.199,0.3826,199.04
Image_8_jpg.rf.I5oi9GdhigCdMU5WZN4r.jpg,18,275,9,263,0,24,18,432,0.4846,0.29,0.5138,1.0,0.0329,0.4479,32.91
Image_91_jpg.rf.F2Nn36Y4fwaTeB5ZqrMu.jpg,1,218,231,206,209,24,44,1056,0.5849,0.29,0.5239,1.0,1.0,0.2168,7661.87
Image_91_jpg.rf.F2Nn36Y4fwaTeB5ZqrMu.jpg,2,229,195,225,189,8,13,104,0.5868,0.26,0.5595,1.0,1.0,0.268,10116.03
Image_91_jpg.rf.F2Nn36Y4fwaTeB5ZqrMu.jpg,3,250,166,239,151,22,31,682,0.5919,0.29,0.5439,1.0,1.0,0.2825,10390.98
Image_91_jpg.rf.F2Nn36Y4fwaTeB5ZqrMu.jpg,4,282,133,267,121,30,25,750,0.5726,0.29,0.4888,1.0,1.0,0.3243,10288.22
Image_92_jpg.rf.Of3lo3RFQLAOFdXCJglU.jpg,1,265,353,221,287,88,133,11704,0.5923,0.37,0.465,1.0,1.0,0.4487,2009.21
Image_92_jpg.rf.Of3lo3RFQLAOFdXCJglU.jpg,2,137,315,94,240,86,151,12986,0.5078,0.23,0.5022,1.0,0.5149,0.4029,514.9
Image_93_jpg.rf.qyUtj8W0BL9BaYlXQnt7.jpg,1,479,490,465,485,29,11,319,0.5768,0.27,0.5209,1.0,1.0,0.3033,4678.47
Image_93_jpg.rf.qyUtj8W0BL9BaYlXQnt7.jpg,2,218,488,212,481,12,14,168,0.5412,0.26,0.5288,0.8253,1.0,0.1651,2769.37
Image_93_jpg.rf.qyUtj8W0BL9BaYlXQnt7.jpg,3,228,460,200,433,56,55,3080,0.5644,0.26,0.5131,0.9691,1.0,0.1938,2655.46
Image_93_jpg.rf.qyUtj8W0BL9BaYlXQnt7.jpg,4,320,441,309,424,22,34,748,0.5235,0.26,0.519,0.7545,1.0,0.1509,3417.51
Image_93_jpg.rf.qyUtj8W0BL9BaYlXQnt7.jpg,5,247,386,209,333,76,106,8056,0.5487,0.26,0.4506,1.0,1.0,0.3035,3551.27
Image_93_jpg.rf.qyUtj8W0BL9BaYlXQnt7.jpg,6,221,336,214,329,15,14,210,0.5799,0.26,0.5496,0.9829,1.0,0.1966,4174.82
Image_93_jpg.rf.qyUtj8W0BL9BaYlXQnt7.jpg,7,432,305,426,300,12,10,120,0.5601,0.26,0.5512,0.8807,1.0,0.1761,3073.09
Image_93_jpg.rf.qyUtj8W0BL9BaYlXQnt7.jpg,8,332,308,323,298,19,20,380,0.4842,0.26,0.4691,0.6452,1.0,0.129,2649.35
Image_93_jpg.rf.qyUtj8W0BL9BaYlXQnt7.jpg,9,448,260,439,247,19,27,513,0.5335,0.26,0.5297,0.7858,1.0,0.1572,1989.73
Image_93_jpg.rf.qyUtj8W0BL9BaYlXQnt7.jpg,10,332,250,324,240,16,20,320,0.5874,0.26,0.6416,0.8594,1.0,0.1719,2715.43
Image_93_jpg.rf.qyUtj8W0BL9BaYlXQnt7.jpg,11,366,211,338,182,57,58,3306,0.5776,0.26,0.5332,1.0,1.0,0.2393,2476.77
Image_93_jpg.rf.qyUtj8W0BL9BaYlXQnt7.jpg,12,291,193,264,173,54,41,2214,0.5756,0.28,0.5073,1.0,1.0,0.2101,3159.9
Image_93_jpg.rf.qyUtj8W0BL9BaYlXQnt7.jpg,13,332,171,314,159,36,25,900,0.5874,0.28,0.58,0.9319,1.0,0.1864,3604.88
Image_93_jpg.rf.qyUtj8W0BL9BaYlXQnt7.jpg,14,182,158,176,152,13,12,156,0.5176,0.26,0.5426,0.6833,1.0,0.1367,4162.62
Image_93_jpg.rf.qyUtj8W0BL9BaYlXQnt7.jpg,15,182,121,163,106,38,31,1178,0.538,0.26,0.5648,0.7465,1.0,0.1493,2537.61
Image_93_jpg.rf.qyUtj8W0BL9BaYlXQnt7.jpg,16,273,86,264,79,18,15,270,0.5556,0.26,0.5092,0.9321,1.0,0.1864,4411.96
Image_93_jpg.rf.qyUtj8W0BL9BaYlXQnt7.jpg,17,468,70,462,65,12,11,132,0.5409,0.26,0.513,0.8514,1.0,0.1703,2375.16
Image_93_jpg.rf.qyUtj8W0BL9BaYlXQnt7.jpg,18,386,59,368,39,37,40,1480,0.5239,0.26,0.5789,0.6515,1.0,0.1303,2374.78
Image_94_jpg.rf.Fy6LPeYvz4CL23NJRZRm.jpg,1,211,314,130,260,163,109,17767,0.5861,0.28,0.5374,1.0,1.0,0.3571,1105.7
Image_94_jpg.rf.Fy6LPeYvz4CL23NJRZRm.jpg,2,417,271,362,212,111,118,13098,0.5137,0.19,0.509,1.0,0.6902,0.3472,690.15
Image_94_jpg.rf.Fy6LPeYvz4CL23NJRZRm.jpg,3,99,231,54,175,90,112,10080,0.5591,0.19,0.5885,1.0,0.8666,0.3313,866.59
Image_94_jpg.rf.Fy6LPeYvz4CL23NJRZRm.jpg,4,265,134,204,87,123,95,11685,0.576,0.21,0.5978,1.0,0.9326,0.3212,932.62
Image_95_jpg.rf.SiKeIrCcvJDwKRVLzNR1.jpg,1,177,337,126,291,102,92,9384,0.583,0.29,0.5186,1.0,1.0,0.4528,2701.08
Image_95_jpg.rf.SiKeIrCcvJDwKRVLzNR1.jpg,2,62,343,32,288,60,110,6600,0.5483,0.28,0.4294,1.0,1.0,0.4325,2355.24
Image_95_jpg.rf.SiKeIrCcvJDwKRVLzNR1.jpg,3,310,354,256,286,108,137,14796,0.5542,0.24,0.4862,1.0,1.0,0.3472,2178.25
Image_95_jpg.rf.SiKeIrCcvJDwKRVLzNR1.jpg,4,443,318,408,257,70,123,8610,0.5695,0.28,0.49,1.0,1.0,0.4127,2368.35
Image_95_jpg.rf.SiKeIrCcvJDwKRVLzNR1.jpg,5,152,109,133,61,38,97,3686,0.6083,0.28,0.601,1.0,1.0,0.4288,2369.77
Image_95_jpg.rf.SiKeIrCcvJDwKRVLzNR1.jpg,6,270,110,227,59,86,102,8772,0.5081,0.25,0.3446,1.0,1.0,0.4141,1875.26
Image_95_jpg.rf.SiKeIrCcvJDwKRVLzNR1.jpg,7,376,116,332,52,88,128,11264,0.5237,0.2,0.439,1.0,1.0,0.3399,1466.31
Image_95_jpg.rf.SiKeIrCcvJDwKRVLzNR1.jpg,8,69,89,54,50,30,79,2370,0.5925,0.29,0.5458,1.0,1.0,0.4202,3169.46
Image_9_jpg.rf.hTPePfzHQZhu58YNeaCm.jpg,1,250,467,233,433,35,68,2380,0.578,0.32,0.4742,1.0,1.0,0.4255,1533.59
Image_9_jpg.rf.hTPePfzHQZhu58YNeaCm.jpg,2,478,339,445,312,67,54,3618,0.5855,0.29,0.5257,1.0,1.0,0.3842,2315.58
Image_9_jpg.rf.hTPePfzHQZhu58YNeaCm.jpg,3,213,335,200,300,26,70,1820,0.5965,0.34,0.5072,1.0,1.0,0.4018,2402.92
Image_9_jpg.rf.hTPePfzHQZhu58YNeaCm.jpg,4,408,312,397,292,22,41,902,0.5926,0.31,0.526,1.0,1.0,0.3302,2385.04
Image_9_jpg.rf.hTPePfzHQZhu58YNeaCm.jpg,5,21,304,0,276,42,56,2352,0.69,0.54,0.5742,1.0,1.0,0.4877,2479.26
Image_9_jpg.rf.hTPePfzHQZhu58YNeaCm.jpg,6,254,284,242,264,24,41,984,0.6086,0.32,0.5616,1.0,1.0,0.3192,2812.25
Image_9_jpg.rf.hTPePfzHQZhu58YNeaCm.jpg,7,381,259,362,238,38,42,1596,0.5734,0.32,0.461,1.0,1.0,0.583,2155.51
Image_9_jpg.rf.hTPePfzHQZhu58YNeaCm.jpg,8,183,244,175,229,17,30,510,0.6636,0.47,0.5688,1.0,1.0,0.2816,3686.29
Image_9_jpg.rf.hTPePfzHQZhu58YNeaCm.jpg,9,68,259,50,228,36,63,2268,0.5966,0.32,0.5275,1.0,1.0,0.3786,3592.27
Image_9_jpg.rf.hTPePfzHQZhu58YNeaCm.jpg,10,209,228,203,216,13,24,312,0.577,0.29,0.5014,1.0,1.0,0.3256,2533.64
Image_9_jpg.rf.hTPePfzHQZhu58YNeaCm.jpg,11,277,193,272,186,10,14,140,0.5552,0.27,0.4591,1.0,1.0,0.4353,3295.33
Image_9_jpg.rf.hTPePfzHQZhu58YNeaCm.jpg,12,220,196,210,185,21,22,462,0.5804,0.29,0.5111,1.0,1.0,0.3119,3305.7
Image_9_jpg.rf.hTPePfzHQZhu58YNeaCm.jpg,13,504,188,497,170,15,37,555,0.5662,0.3,0.4607,1.0,1.0,0.3693,2310.88
Image_9_jpg.rf.hTPePfzHQZhu58YNeaCm.jpg,14,380,170,374,161,12,19,228,0.5827,0.3,0.5077,1.0,1.0,0.4005,4263.43
Image_9_jpg.rf.hTPePfzHQZhu58YNeaCm.jpg,15,249,162,239,146,20,32,640,0.5744,0.29,0.4941,1.0,1.0,0.3004,4332.66
Image_9_jpg.rf.hTPePfzHQZhu58YNeaCm.jpg,16,4,152,0,146,8,12,96,0.6197,0.29,0.6233,1.0,1.0,0.3185,4805.96
Image_9_jpg.rf.hTPePfzHQZhu58YNeaCm.jpg,17,168,150,164,141,8,18,144,0.5844,0.28,0.5325,1.0,1.0,0.3883,3159.94
Image_9_jpg.rf.hTPePfzHQZhu58YNeaCm.jpg,18,376,147,369,139,14,16,224,0.595,0.3,0.5429,1.0,1.0,0.4354,3844.76
Image_9_jpg.rf.hTPePfzHQZhu58YNeaCm.jpg,19,396,114,388,105,16,18,288,0.5509,0.28,0.4369,1.0,1.0,0.3274,3408.81
Image_9_jpg.rf.hTPePfzHQZhu58YNeaCm.jpg,20,304,105,295,96,18,18,324,0.5762,0.28,0.5091,1.0,1.0,0.3178,3195.88
Is_Saffron_More_Expensive_Than_Gold_1_1024x1024_webp.rf.0uuR8FOBkzy8ZXtOZoCH.jpg,1,254,81,248,64,13,34,442,0.4887,0.18,0.4986,0.9652,0.5813,0.193,581.32
Pure_Saffron_webp.rf.UUkUQ7bcyUwxaISoXhuu.jpg,1,423,378,414,360,18,36,648,0.5746,0.36,0.5357,1.0,0.6108,0.3563,610.84
Pure_Saffron_webp.rf.UUkUQ7bcyUwxaISoXhuu.jpg,2,10,111,0,70,21,82,1722,0.5669,0.27,0.5496,1.0,0.8008,0.4929,800.79
Saffron-crocus-bloom-stigmas-flower-saffron-spice_webp.rf.ZflA1BsVYOjiqFJH7CKX.jpg,1,236,480,176,449,120,63,7560,0.5382,0.46,0.5041,1.0,0.0075,0.2869,7.49
Saffron-crocus-bloom-stigmas-flower-saffron-spice_webp.rf.ZflA1BsVYOjiqFJH7CKX.jpg,2,381,452,377,444,8,17,136,0.5388,0.46,0.5011,1.0,0.0237,0.3845,23.74
Saffron-crocus-bloom-stigmas-flower-saffron-spice_webp.rf.ZflA1BsVYOjiqFJH7CKX.jpg,3,389,434,383,428,13,13,169,0.5375,0.46,0.4984,1.0,0.0204,0.3584,20.42
Saffron-crocus-bloom-stigmas-flower-saffron-spice_webp.rf.ZflA1BsVYOjiqFJH7CKX.jpg,4,13,146,0,139,26,14,364,0.5028,0.37,0.4934,1.0,0.0065,0.2909,6.52
Saffron-crocus-bloom-stigmas-flower-saffron-spice_webp.rf.ZflA1BsVYOjiqFJH7CKX.jpg,5,31,106,0,77,62,58,3596,0.4978,0.35,0.4948,1.0,0.021,0.5989,21.04
Saffron-crocus-bloom-stigmas-flower-saffron-spice_webp.rf.ZflA1BsVYOjiqFJH7CKX.jpg,6,369,26,350,10,38,33,1254,0.5323,0.4,0.5208,1.0,0.1002,0.332,100.15
Saffron_Flower_2_pixabay_098ab0a1-83c0-4d5e-bfc2-2df3d41bed56-2x_webp.rf.s2u8pkRtT1uULAyB2r4u.jpg,1,247,486,242,481,10,11,110,0.547,0.49,0.4959,1.0,0.0191,0.2905,19.14
Saffron_Flower_2_pixabay_098ab0a1-83c0-4d5e-bfc2-2df3d41bed56-2x_webp.rf.s2u8pkRtT1uULAyB2r4u.jpg,2,182,482,177,474,11,16,176,0.4756,0.28,0.5031,1.0,0.0152,0.5885,15.18
Saffron_Flower_2_pixabay_098ab0a1-83c0-4d5e-bfc2-2df3d41bed56-2x_webp.rf.s2u8pkRtT1uULAyB2r4u.jpg,3,381,474,375,468,12,12,144,0.477,0.47,0.5111,0.6597,0.0169,0.1319,16.91
Saffron_Flower_2_pixabay_098ab0a1-83c0-4d5e-bfc2-2df3d41bed56-2x_webp.rf.s2u8pkRtT1uULAyB2r4u.jpg,4,213,474,204,465,18,18,324,0.5028,0.32,0.5165,1.0,0.1,0.4556,99.98
Saffron_Flower_2_pixabay_098ab0a1-83c0-4d5e-bfc2-2df3d41bed56-2x_webp.rf.s2u8pkRtT1uULAyB2r4u.jpg,5,256,464,247,453,19,23,437,0.5534,0.5,0.5034,1.0,0.0215,0.3899,21.54
Saffron_Flower_2_pixabay_098ab0a1-83c0-4d5e-bfc2-2df3d41bed56-2x_webp.rf.s2u8pkRtT1uULAyB2r4u.jpg,6,439,459,434,452,10,15,150,0.4913,0.32,0.4992,1.0,0.0461,0.2845,46.09
Saffron_Flower_2_pixabay_098ab0a1-83c0-4d5e-bfc2-2df3d41bed56-2x_webp.rf.s2u8pkRtT1uULAyB2r4u.jpg,7,207,436,196,419,23,34,782,0.5561,0.49,0.5239,1.0,0.0124,0.3814,12.37
Saffron_Flower_2_pixabay_098ab0a1-83c0-4d5e-bfc2-2df3d41bed56-2x_webp.rf.s2u8pkRtT1uULAyB2r4u.jpg,8,178,434,168,418,21,33,693,0.5501,0.49,0.5036,1.0,0.0238,0.303,23.84
Saffron_Flower_2_pixabay_098ab0a1-83c0-4d5e-bfc2-2df3d41bed56-2x_webp.rf.s2u8pkRtT1uULAyB2r4u.jpg,9,481,324,463,313,36,23,828,0.4917,0.31,0.5186,1.0,0.0164,0.2655,16.41
Saffron_Flower_2_pixabay_098ab0a1-83c0-4d5e-bfc2-2df3d41bed56-2x_webp.rf.s2u8pkRtT1uULAyB2r4u.jpg,10,62,151,51,141,23,20,460,0.5142,0.4,0.4954,1.0,0.0086,0.4545,8.63
Saffron_Flower_2_pixabay_098ab0a1-83c0-4d5e-bfc2-2df3d41bed56-2x_webp.rf.s2u8pkRtT1uULAyB2r4u.jpg,11,21,157,0,131,43,52,2236,0.5305,0.41,0.5288,1.0,0.0196,0.3964,19.63
Saffron_Flower_2_pixabay_098ab0a1-83c0-4d5e-bfc2-2df3d41bed56-2x_webp.rf.s2u8pkRtT1uULAyB2r4u.jpg,12,478,143,445,100,67,87,5829,0.4803,0.3,0.4991,1.0,0.0059,0.5986,5.93
Saffron_Flower_2_pixabay_098ab0a1-83c0-4d5e-bfc2-2df3d41bed56-2x_webp.rf.s2u8pkRtT1uULAyB2r4u.jpg,13,142,82,126,75,32,15,480,0.4989,0.35,0.5011,1.0,0.0103,0.3552,10.32
Saffron_Flower_2_pixabay_098ab0a1-83c0-4d5e-bfc2-2df3d41bed56-2x_webp.rf.s2u8pkRtT1uULAyB2r4u.jpg,14,74,83,54,62,41,42,1722,0.4688,0.22,0.5376,1.0,0.0366,0.4277,36.58
Saffron_Flower_2_pixabay_098ab0a1-83c0-4d5e-bfc2-2df3d41bed56-2x_webp.rf.s2u8pkRtT1uULAyB2r4u.jpg,15,5,50,0,45,11,10,110,0.5101,0.39,0.4927,1.0,0.0119,0.4037,11.89
Saffron_Flower_2_pixabay_098ab0a1-83c0-4d5e-bfc2-2df3d41bed56-2x_webp.rf.s2u8pkRtT1uULAyB2r4u.jpg,16,282,38,230,0,104,77,8008,0.4624,0.23,0.5127,1.0,0.0251,0.3854,25.13
Saffron_Plant_saffron_crocus_autumn_crocus_Crocus_sativus_Sow_Exotic_Live_Herb_and_Spice_Plant_2_1800x1800_webp.rf.DRQ9F31aOmxsb9DXZtr5.jpg,1,389,505,381,498,17,14,238,0.5147,0.36,0.4926,1.0,0.1629,0.3052,162.89
Saffron_Plant_saffron_crocus_autumn_crocus_Crocus_sativus_Sow_Exotic_Live_Herb_and_Spice_Plant_2_1800x1800_webp.rf.DRQ9F31aOmxsb9DXZtr5.jpg,2,74,490,61,484,27,13,351,0.5146,0.39,0.5037,1.0,0.0182,0.3662,18.2
Saffron_Plant_saffron_crocus_autumn_crocus_Crocus_sativus_Sow_Exotic_Live_Herb_and_Spice_Plant_2_1800x1800_webp.rf.DRQ9F31aOmxsb9DXZtr5.jpg,3,442,469,434,459,17,21,357,0.4981,0.32,0.5139,1.0,0.0624,0.4535,62.43
Saffron_Plant_saffron_crocus_autumn_crocus_Crocus_sativus_Sow_Exotic_Live_Herb_and_Spice_Plant_2_1800x1800_webp.rf.DRQ9F31aOmxsb9DXZtr5.jpg,4,431,308,419,303,25,10,250,0.4555,0.24,0.4794,1.0,0.0373,0.2138,37.29
Saffron_Plant_saffron_crocus_autumn_crocus_Crocus_sativus_Sow_Exotic_Live_Herb_and_Spice_Plant_2_1800x1800_webp.rf.DRQ9F31aOmxsb9DXZtr5.jpg,5,88,299,81,293,15,12,180,0.4972,0.32,0.5208,1.0,0.0286,0.2361,28.64
Saffron_Plant_saffron_crocus_autumn_crocus_Crocus_sativus_Sow_Exotic_Live_Herb_and_Spice_Plant_2_1800x1800_webp.rf.DRQ9F31aOmxsb9DXZtr5.jpg,6,411,185,393,173,36,24,864,0.5229,0.32,0.5448,1.0,0.2019,0.228,201.91
U0WCfc2XbOtFjZUQFDfa6oYEaWMSSha1n3vcFEgl_jpg.rf.DCWS7hjnuhxbt1ioLytJ.jpg,1,406,280,362,230,88,101,8888,0.5762,0.37,0.53,1.0,0.612,0.3912,612.04
U0WCfc2XbOtFjZUQFDfa6oYEaWMSSha1n3vcFEgl_jpg.rf.DCWS7hjnuhxbt1ioLytJ.jpg,2,64,246,22,198,85,96,8160,0.5958,0.37,0.5253,1.0,0.8244,0.4185,824.36
U0WCfc2XbOtFjZUQFDfa6oYEaWMSSha1n3vcFEgl_jpg.rf.DCWS7hjnuhxbt1ioLytJ.jpg,3,380,191,374,186,13,11,143,0.6407,0.35,0.6234,1.0,1.0,0.3565,1053.32
U0WCfc2XbOtFjZUQFDfa6oYEaWMSSha1n3vcFEgl_jpg.rf.DCWS7hjnuhxbt1ioLytJ.jpg,4,142,233,93,144,98,178,17444,0.6139,0.37,0.5333,1.0,0.9776,0.4135,977.62
V0rJjvdQrA4Y02ZlTJFW9rHHMnMkq0ogjnJXNEej_jpg.rf.vRekn3kiQRYPmkNLqN05.jpg,1,14,466,0,421,28,91,2548,0.5751,0.37,0.5386,1.0,0.5712,0.5858,571.22
V0rJjvdQrA4Y02ZlTJFW9rHHMnMkq0ogjnJXNEej_jpg.rf.vRekn3kiQRYPmkNLqN05.jpg,2,179,353,172,345,15,17,255,0.5976,0.52,0.548,0.9195,0.3993,0.1839,399.28
XB055_450x_webp.rf.3RlwtoNOLa3ZLAGziu51.jpg,1,194,338,148,315,93,46,4278,0.5336,0.27,0.6186,1.0,0.226,0.4616,226.03
XB055_450x_webp.rf.3RlwtoNOLa3ZLAGziu51.jpg,2,61,75,44,61,35,29,1015,0.4551,0.46,0.5031,0.5838,0.0123,0.1168,12.29
Z-CRO-08_jpg.rf.4jFdazbO22gGJ1OlZByi.jpg,1,492,469,485,459,14,20,280,0.5138,0.4,0.4947,1.0,0.0069,0.6659,6.86
Z-CRO-08_jpg.rf.4jFdazbO22gGJ1OlZByi.jpg,2,448,445,434,434,28,23,644,0.5131,0.4,0.4935,1.0,0.0036,0.5064,3.62
a-single-tender-saffron-flower-1300x729_webp.rf.FZ19assOkWUv129E6rdw.jpg,1,480,498,470,489,21,19,399,0.6614,0.57,0.5115,0.9143,1.0,0.1829,1290.01
a-single-tender-saffron-flower-1300x729_webp.rf.FZ19assOkWUv129E6rdw.jpg,2,506,483,500,476,12,14,168,0.5985,0.63,0.4971,0.6303,0.779,0.1261,779.05
a-single-tender-saffron-flower-1300x729_webp.rf.FZ19assOkWUv129E6rdw.jpg,3,8,429,0,412,16,35,560,0.5,0.35,0.5046,1.0,0.0087,0.4584,8.72
a-single-tender-saffron-flower-1300x729_webp.rf.FZ19assOkWUv129E6rdw.jpg,4,40,406,28,392,24,28,672,0.5193,0.41,0.5007,1.0,0.006,0.6535,6.01
a-single-tender-saffron-flower-1300x729_webp.rf.FZ19assOkWUv129E6rdw.jpg,5,15,301,0,248,31,107,3317,0.488,0.32,0.5022,1.0,0.0024,0.4045,2.39
a-single-tender-saffron-flower-1300x729_webp.rf.FZ19assOkWUv129E6rdw.jpg,6,143,251,129,234,29,34,986,0.4886,0.32,0.5032,1.0,0.0045,0.3335,4.53
a-single-tender-saffron-flower-1300x729_webp.rf.FZ19assOkWUv129E6rdw.jpg,7,81,243,52,188,58,111,6438,0.4816,0.32,0.4837,1.0,0.0034,0.3707,3.35
a-single-tender-saffron-flower-1300x729_webp.rf.FZ19assOkWUv129E6rdw.jpg,8,6,158,0,152,13,12,156,0.4969,0.35,0.4969,1.0,0.0048,0.2873,4.77
a-single-tender-saffron-flower-1300x729_webp.rf.FZ19assOkWUv129E6rdw.jpg,9,180,69,172,60,16,19,304,0.4959,0.35,0.4941,1.0,0.0043,0.5023,4.34
a2e79a8e6629c59adfd4bc2cbe46b16f_jpg.rf.iDu5WOLrSAwApW7AP45i.jpg,1,121,463,118,456,7,14,98,0.5151,0.39,0.4427,1.0,0.2364,0.3117,236.4
a2e79a8e6629c59adfd4bc2cbe46b16f_jpg.rf.iDu5WOLrSAwApW7AP45i.jpg,2,58,438,42,425,32,27,864,0.5674,0.4,0.5559,1.0,0.3283,0.2477,328.29
a2e79a8e6629c59adfd4bc2cbe46b16f_jpg.rf.iDu5WOLrSAwApW7AP45i.jpg,3,315,378,305,367,20,23,460,0.4758,0.26,0.5391,0.6741,0.6129,0.1348,612.87
a2e79a8e6629c59adfd4bc2cbe46b16f_jpg.rf.iDu5WOLrSAwApW7AP45i.jpg,4,396,310,384,292,24,36,864,0.5567,0.36,0.5183,0.7465,1.0,0.1493,1035.0
a2e79a8e6629c59adfd4bc2cbe46b16f_jpg.rf.iDu5WOLrSAwApW7AP45i.jpg,5,424,274,415,255,19,38,722,0.4858,0.38,0.5792,0.2742,0.9529,0.0548,952.88
a2e79a8e6629c59adfd4bc2cbe46b16f_jpg.rf.iDu5WOLrSAwApW7AP45i.jpg,6,487,226,483,219,9,15,135,0.5115,0.33,0.5369,0.5467,0.9872,0.1093,987.18
a2e79a8e6629c59adfd4bc2cbe46b16f_jpg.rf.iDu5WOLrSAwApW7AP45i.jpg,7,397,29,382,10,31,38,1178,0.4906,0.39,0.413,1.0,0.0951,0.3726,95.08
abcdef1.jpg,1,47,498,31,485,33,27,891,0.6397,0.43,0.5521,1.0,0.9592,0.3178,959.2
abcdef1.jpg,2,70,419,54,413,32,12,384,0.5784,0.53,0.5303,1.0,0.0728,0.3059,72.84
abcdef1.jpg,3,201,363,184,356,34,14,476,0.4987,0.32,0.516,1.0,0.0613,0.3662,61.29
abcdef1.jpg,4,174,356,168,351,12,11,132,0.5876,0.55,0.5418,1.0,0.0548,0.3641,54.84
abcdef1.jpg,5,364,326,354,320,20,12,240,0.5554,0.48,0.5203,1.0,0.0531,0.2995,53.12
abcdef1.jpg,6,172,328,132,311,80,34,2720,0.5389,0.39,0.5659,1.0,0.0432,0.4523,43.16
abcdef1.jpg,7,404,320,396,310,17,21,357,0.5663,0.48,0.5567,1.0,0.0344,0.2811,34.43
abcdef1.jpg,8,344,298,338,289,13,19,247,0.5502,0.47,0.5221,1.0,0.0298,0.2335,29.84
abcdef1.jpg,9,175,289,153,274,44,30,1320,0.501,0.3,0.5526,1.0,0.0257,0.3656,25.68
abcdef1.jpg,10,139,283,130,270,18,26,468,0.4857,0.28,0.5286,1.0,0.0266,0.3202,26.6
abcdef1.jpg,11,71,272,65,266,12,13,156,0.5534,0.49,0.5117,1.0,0.0276,0.4783,27.63
abcdef1.jpg,12,295,276,250,263,90,27,2430,0.5344,0.42,0.5313,1.0,0.0146,0.3627,14.63
abcdef1.jpg,13,475,181,470,168,11,27,297,0.5608,0.37,0.5776,1.0,0.2916,0.233,291.57
abcdef1.jpg,14,339,180,311,154,57,52,2964,0.6055,0.36,0.6994,1.0,0.3473,0.4395,347.26
abcdef1.jpg,15,500,145,489,127,23,36,828,0.5679,0.38,0.5731,1.0,0.3432,0.2866,343.23
abcdef2.jpg,1,12,498,0,485,25,27,675,0.6626,0.46,0.5761,1.0,1.0,0.3441,1945.67
abcdef2.jpg,2,454,492,423,472,63,40,2520,0.6968,0.62,0.5138,1.0,1.0,0.22,2180.68
abcdef2.jpg,3,449,456,428,446,43,20,860,0.622,0.46,0.46,1.0,1.0,0.3187,2304.04
abcdef2.jpg,4,88,448,71,431,35,34,1190,0.6555,0.45,0.5657,1.0,1.0,0.3992,1605.87
abcdef2.jpg,5,261,369,240,352,42,34,1428,0.6562,0.43,0.5878,1.0,1.0,0.3941,1280.49
abcdef4.jpg,1,4,449,0,433,8,32,256,0.6808,0.62,0.5568,1.0,0.689,0.25,688.96
abcdef4.jpg,2,504,401,496,388,16,27,432,0.6067,0.61,0.4891,1.0,0.2196,0.3671,219.64
abcdef4.jpg,3,34,384,25,371,19,27,513,0.6409,0.62,0.5234,1.0,0.4073,0.3284,407.29
abcdef4.jpg,4,70,355,65,350,11,10,110,0.5347,0.38,0.5109,1.0,0.2285,0.4822,228.46
abcdef4.jpg,5,51,353,44,342,14,23,322,0.549,0.43,0.5278,1.0,0.138,0.2802,137.97
abcdef4.jpg,6,420,322,413,314,15,17,255,0.6027,0.6,0.512,1.0,0.1351,0.3206,135.09
abcdef4.jpg,7,25,235,0,211,51,48,2448,0.6059,0.56,0.572,1.0,0.0968,0.3939,96.78
abcdef4.jpg,8,56,214,43,204,27,21,567,0.5248,0.4,0.4977,1.0,0.1056,0.4685,105.6
abcdef4.jpg,9,419,96,411,77,17,38,646,0.5477,0.47,0.5185,1.0,0.0174,0.311,17.36
abcdef4.jpg,10,428,50,411,39,35,23,805,0.5679,0.47,0.5755,1.0,0.02,0.3337,20.01
abcdef5.jpg,1,296,461,292,453,8,16,128,0.5113,0.57,0.4919,0.6518,0.0925,0.1304,92.54
abcdef5.jpg,2,156,385,150,377,12,17,204,0.5159,0.6,0.6139,0.2514,0.4072,0.0503,407.24
abcdef5.jpg,3,47,314,0,268,94,93,8742,0.5225,0.32,0.5512,1.0,0.1754,0.4829,175.39
abcdef5.jpg,4,88,282,60,264,56,37,2072,0.5483,0.37,0.5389,1.0,0.3019,0.5189,301.87
abcdef5.jpg,5,33,263,28,258,11,10,110,0.5312,0.28,0.5713,1.0,0.3325,0.5336,332.49
abcdef5.jpg,6,18,115,9,101,19,28,532,0.5147,0.45,0.5444,0.8145,0.0377,0.1629,37.69
abcdef5.jpg,7,434,41,389,0,91,82,7462,0.5596,0.49,0.5296,1.0,0.0274,0.3855,27.39
abcdef5.jpg,8,343,10,326,0,34,21,714,0.4995,0.46,0.486,0.8132,0.0579,0.1626,57.87
acd8f9e8821defeaa18850c312f274b8_jpg.rf.B17103w66Er3JGjLB39I.jpg,1,333,504,326,497,14,15,210,0.5821,0.59,0.4834,1.0,0.064,0.4597,63.99
acd8f9e8821defeaa18850c312f274b8_jpg.rf.B17103w66Er3JGjLB39I.jpg,2,359,504,354,496,11,16,176,0.5547,0.5,0.5062,1.0,0.0249,0.583,24.88
acd8f9e8821defeaa18850c312f274b8_jpg.rf.B17103w66Er3JGjLB39I.jpg,3,250,503,246,495,8,17,136,0.5767,0.56,0.4999,1.0,0.0578,0.4783,57.81
acd8f9e8821defeaa18850c312f274b8_jpg.rf.B17103w66Er3JGjLB39I.jpg,4,273,492,266,482,14,21,294,0.5649,0.52,0.5051,1.0,0.0609,0.2354,60.85
acd8f9e8821defeaa18850c312f274b8_jpg.rf.B17103w66Er3JGjLB39I.jpg,5,148,481,140,472,17,18,306,0.5458,0.49,0.4744,1.0,0.0822,0.2655,82.23
acd8f9e8821defeaa18850c312f274b8_jpg.rf.B17103w66Er3JGjLB39I.jpg,6,307,465,297,452,21,26,546,0.5157,0.39,0.4946,1.0,0.0613,0.362,61.27
acd8f9e8821defeaa18850c312f274b8_jpg.rf.B17103w66Er3JGjLB39I.jpg,7,328,449,322,444,13,10,130,0.5367,0.36,0.5266,1.0,0.2642,0.28,264.16
acd8f9e8821defeaa18850c312f274b8_jpg.rf.B17103w66Er3JGjLB39I.jpg,8,458,477,429,443,58,69,4002,0.5403,0.46,0.5044,1.0,0.028,0.5109,28.05
acd8f9e8821defeaa18850c312f274b8_jpg.rf.B17103w66Er3JGjLB39I.jpg,9,387,456,374,439,27,34,918,0.5042,0.36,0.4863,1.0,0.0796,0.3573,79.64
acd8f9e8821defeaa18850c312f274b8_jpg.rf.B17103w66Er3JGjLB39I.jpg,10,403,429,396,423,15,12,180,0.5341,0.35,0.527,1.0,0.2712,0.3025,271.24
acd8f9e8821defeaa18850c312f274b8_jpg.rf.B17103w66Er3JGjLB39I.jpg,11,351,419,339,406,25,26,650,0.5178,0.39,0.4825,1.0,0.1238,0.3193,123.8
acd8f9e8821defeaa18850c312f274b8_jpg.rf.B17103w66Er3JGjLB39I.jpg,12,325,382,308,366,34,32,1088,0.5681,0.57,0.4814,0.877,0.2467,0.1754,246.71
acd8f9e8821defeaa18850c312f274b8_jpg.rf.B17103w66Er3JGjLB39I.jpg,13,439,360,422,330,35,61,2135,0.5373,0.33,0.6083,1.0,0.0894,0.3017,89.41
acd8f9e8821defeaa18850c312f274b8_jpg.rf.B17103w66Er3JGjLB39I.jpg,14,482,332,477,326,10,13,130,0.4836,0.27,0.5264,1.0,0.0484,0.2836,48.4
acd8f9e8821defeaa18850c312f274b8_jpg.rf.B17103w66Er3JGjLB39I.jpg,15,464,314,456,305,17,18,306,0.4883,0.28,0.5286,1.0,0.0523,0.254,52.33
acd8f9e8821defeaa18850c312f274b8_jpg.rf.B17103w66Er3JGjLB39I.jpg,16,500,307,488,295,24,25,600,0.4834,0.29,0.5121,1.0,0.0265,0.4901,26.51
acd8f9e8821defeaa18850c312f274b8_jpg.rf.B17103w66Er3JGjLB39I.jpg,17,506,274,500,260,12,28,336,0.4631,0.24,0.506,1.0,0.0199,0.4667,19.94
acd8f9e8821defeaa18850c312f274b8_jpg.rf.B17103w66Er3JGjLB39I.jpg,18,468,240,459,228,18,24,432,0.5334,0.35,0.5492,1.0,0.1869,0.325,186.88
acd8f9e8821defeaa18850c312f274b8_jpg.rf.B17103w66Er3JGjLB39I.jpg,19,470,208,460,195,21,27,567,0.4699,0.25,0.5142,1.0,0.0241,0.425,24.14
acd8f9e8821defeaa18850c312f274b8_jpg.rf.B17103w66Er3JGjLB39I.jpg,20,465,155,461,150,9,10,90,0.5028,0.32,0.5195,1.0,0.0896,0.2792,89.62
acd8f9e8821defeaa18850c312f274b8_jpg.rf.B17103w66Er3JGjLB39I.jpg,21,202,159,197,143,10,32,320,0.5278,0.31,0.5387,1.0,0.3077,0.3017,307.69
acd8f9e8821defeaa18850c312f274b8_jpg.rf.B17103w66Er3JGjLB39I.jpg,22,474,130,466,119,16,23,368,0.4739,0.27,0.5021,1.0,0.0367,0.4367,36.66
acd8f9e8821defeaa18850c312f274b8_jpg.rf.B17103w66Er3JGjLB39I.jpg,23,158,111,155,104,7,15,105,0.5237,0.34,0.544,1.0,0.1426,0.2222,142.6
acd8f9e8821defeaa18850c312f274b8_jpg.rf.B17103w66Er3JGjLB39I.jpg,24,480,107,475,102,10,11,110,0.4766,0.27,0.5127,1.0,0.0266,0.2964,26.65
acd8f9e8821defeaa18850c312f274b8_jpg.rf.B17103w66Er3JGjLB39I.jpg,25,234,93,211,76,47,35,1645,0.5516,0.35,0.5508,1.0,0.3633,0.3253,363.25
acd8f9e8821defeaa18850c312f274b8_jpg.rf.B17103w66Er3JGjLB39I.jpg,26,18,68,5,48,26,40,1040,0.4995,0.28,0.567,1.0,0.0304,0.2672,30.39
acd8f9e8821defeaa18850c312f274b8_jpg.rf.B17103w66Er3JGjLB39I.jpg,27,499,81,487,45,25,73,1825,0.4904,0.29,0.5268,1.0,0.0448,0.5359,44.77
acd8f9e8821defeaa18850c312f274b8_jpg.rf.B17103w66Er3JGjLB39I.jpg,28,447,32,443,25,9,14,126,0.4683,0.26,0.4997,1.0,0.0237,0.2857,23.65
acd8f9e8821defeaa18850c312f274b8_jpg.rf.B17103w66Er3JGjLB39I.jpg,29,472,7,467,0,11,15,165,0.4734,0.27,0.5047,1.0,0.0227,0.2505,22.66
adc9666bce53bef67d5412ff3b869bbd_jpg.rf.xbWH4bGZ4aKkeCc38zCl.jpg,1,396,504,387,496,19,16,304,0.5248,0.39,0.4998,1.0,0.1332,0.2918,133.24
adc9666bce53bef67d5412ff3b869bbd_jpg.rf.xbWH4bGZ4aKkeCc38zCl.jpg,2,318,499,292,487,52,25,1300,0.529,0.39,0.5142,1.0,0.1251,0.3952,125.12
adc9666bce53bef67d5412ff3b869bbd_jpg.rf.xbWH4bGZ4aKkeCc38zCl.jpg,3,299,374,281,363,36,22,792,0.5154,0.39,0.5052,1.0,0.0209,0.3125,20.86
adc9666bce53bef67d5412ff3b869bbd_jpg.rf.xbWH4bGZ4aKkeCc38zCl.jpg,4,215,347,209,324,12,47,564,0.4535,0.4,0.5143,0.6497,0.0353,0.1299,35.3
adc9666bce53bef67d5412ff3b869bbd_jpg.rf.xbWH4bGZ4aKkeCc38zCl.jpg,5,308,318,282,314,53,8,424,0.4534,0.21,0.5035,1.0,0.037,0.4646,36.99
autumn-crocus-5626735__340_jpg.rf.CUAgTweoI2xjnSG1CjdN.jpg,1,234,24,217,14,34,21,714,0.4945,0.32,0.52,1.0,0.005,0.332,5.0
autumn-crocus-5626735__340_jpg.rf.CUAgTweoI2xjnSG1CjdN.jpg,2,330,16,306,5,48,22,1056,0.4979,0.32,0.5293,1.0,0.0065,0.4253,6.45
autumn-crocus-5626735__340_jpg.rf.ymrcDfdqf6GiTYeweg4P.jpg,1,234,24,217,14,34,21,714,0.4945,0.32,0.52,1.0,0.005,0.332,5.0
autumn-crocus-5626735__340_jpg.rf.ymrcDfdqf6GiTYeweg4P.jpg,2,330,16,306,5,48,22,1056,0.4979,0.32,0.5293,1.0,0.0065,0.4253,6.45
b1a122f41058b231ffbbb460a4dde70b_jpg.rf.WiJSAPyCqKPujEXtsLdd.jpg,1,158,52,148,29,21,46,966,0.5502,0.28,0.5937,1.0,0.4444,0.2952,444.36
b1a122f41058b231ffbbb460a4dde70b_jpg.rf.WiJSAPyCqKPujEXtsLdd.jpg,2,508,23,505,17,7,12,84,0.5343,0.36,0.5627,1.0,0.1134,0.2692,113.37
b1a122f41058b231ffbbb460a4dde70b_jpg.rf.WiJSAPyCqKPujEXtsLdd.jpg,3,34,44,0,12,69,65,4485,0.5105,0.31,0.5154,1.0,0.2157,0.4571,215.66
b1a122f41058b231ffbbb460a4dde70b_jpg.rf.WiJSAPyCqKPujEXtsLdd.jpg,4,232,8,229,0,7,17,119,0.5569,0.37,0.5644,1.0,0.2986,0.3684,298.57
b3569950fc8a4c8afa048e025b0e756c_jpg.rf.HELFwJ7Ov5FFLJxlirwp.jpg,1,430,483,349,454,163,58,9454,0.5077,0.34,0.4653,1.0,0.2581,0.6369,258.1
b3569950fc8a4c8afa048e025b0e756c_jpg.rf.HELFwJ7Ov5FFLJxlirwp.jpg,2,335,454,315,440,41,29,1189,0.519,0.35,0.5058,1.0,0.1943,0.3962,194.28
b3569950fc8a4c8afa048e025b0e756c_jpg.rf.HELFwJ7Ov5FFLJxlirwp.jpg,3,452,36,392,0,120,72,8640,0.4986,0.33,0.4958,1.0,0.0956,0.238,95.55
b3569950fc8a4c8afa048e025b0e756c_jpg.rf.HELFwJ7Ov5FFLJxlirwp.jpg,4,180,25,126,0,108,51,5508,0.5112,0.35,0.4798,1.0,0.2077,0.5984,207.73
b3569950fc8a4c8afa048e025b0e756c_jpg.rf.HELFwJ7Ov5FFLJxlirwp.jpg,5,66,31,0,0,132,63,8316,0.4954,0.35,0.4471,1.0,0.1644,0.6375,164.44
b5a2db04bd33e701efd8f047d40e3d18_jpg.rf.7TXK6HM8FDYDn9qeL6Ly.jpg,1,317,402,313,389,9,26,234,0.6221,0.37,0.5937,1.0,0.8482,0.2494,848.24
b5a2db04bd33e701efd8f047d40e3d18_jpg.rf.7TXK6HM8FDYDn9qeL6Ly.jpg,2,257,328,254,310,6,37,222,0.5121,0.33,0.5321,1.0,0.1034,0.2562,103.4
b6330ed4-9307-4dec-bba4-2539781944ef-8f18360_jpg.rf.K0c47hQJpnrLREjohX5U.jpg,1,5,455,0,443,11,24,264,0.5413,0.48,0.491,1.0,0.015,0.6846,15.04
b6330ed4-9307-4dec-bba4-2539781944ef-8f18360_jpg.rf.K0c47hQJpnrLREjohX5U.jpg,2,28,423,0,350,57,146,8322,0.4795,0.27,0.5248,1.0,0.0128,0.4841,12.75
b6330ed4-9307-4dec-bba4-2539781944ef-8f18360_jpg.rf.K0c47hQJpnrLREjohX5U.jpg,3,7,174,0,143,14,62,868,0.5221,0.44,0.4793,0.9764,0.0512,0.1953,51.17
b6330ed4-9307-4dec-bba4-2539781944ef-8f18360_jpg.rf.K0c47hQJpnrLREjohX5U.jpg,4,455,29,398,0,114,58,6612,0.5382,0.43,0.5308,1.0,0.0196,0.2426,19.63
beautiful-saffron-flowers-field-34716529_webp.rf.H9zOpAk5jnICocSqB6Xd.jpg,1,387,459,380,454,15,10,150,0.5228,0.37,0.4989,1.0,0.1863,0.2778,186.25
beautiful-saffron-flowers-field-34716529_webp.rf.H9zOpAk5jnICocSqB6Xd.jpg,2,80,449,70,443,20,13,260,0.5294,0.32,0.5679,1.0,0.1866,0.3513,186.61
beautiful-saffron-flowers-field-34716529_webp.rf.H9zOpAk5jnICocSqB6Xd.jpg,3,442,429,434,422,16,14,224,0.5332,0.39,0.523,1.0,0.1362,0.4643,136.22
beautiful-saffron-flowers-field-34716529_webp.rf.H9zOpAk5jnICocSqB6Xd.jpg,4,89,280,82,276,14,9,126,0.5083,0.35,0.512,1.0,0.0661,0.2399,66.11
beautiful-saffron-flowers-field-34716529_webp.rf.H9zOpAk5jnICocSqB6Xd.jpg,5,411,178,393,166,36,25,900,0.5242,0.32,0.5559,1.0,0.1767,0.2095,176.69
c7204c4d1406d33686d6992150115d65_jpg.rf.8CzuYaawkS0hebBgXGiz.jpg,1,235,497,211,482,48,30,1440,0.5122,0.39,0.5007,1.0,0.0046,0.6403,4.59
c7204c4d1406d33686d6992150115d65_jpg.rf.8CzuYaawkS0hebBgXGiz.jpg,2,376,488,364,474,25,29,725,0.5122,0.39,0.5005,1.0,0.005,0.4245,5.02
c7204c4d1406d33686d6992150115d65_jpg.rf.8CzuYaawkS0hebBgXGiz.jpg,3,364,453,354,446,20,14,280,0.5107,0.39,0.496,1.0,0.0057,0.2909,5.68
c7204c4d1406d33686d6992150115d65_jpg.rf.8CzuYaawkS0hebBgXGiz.jpg,4,454,452,444,444,20,17,340,0.4917,0.39,0.4933,0.9106,0.0041,0.1821,4.11
close-up-saffron-flowers-flower-46680580_webp.rf.ryiiHJFvXH3fZitvhJUd.jpg,1,347,278,320,232,54,92,4968,0.5482,0.35,0.613,1.0,0.1113,0.2127,111.32
crocus-4073076__340_jpg.rf.kqGpx0x0UIPFdqCICzfj.jpg,1,3,99,0,85,7,28,196,0.4935,0.34,0.4964,1.0,0.0072,0.3288,7.15
crocus-4073076__340_jpg.rf.kqGpx0x0UIPFdqCICzfj.jpg,2,128,15,119,6,19,18,342,0.5241,0.43,0.4936,1.0,0.0081,0.4065,8.14
crocus-4073076__340_jpg.rf.kqGpx0x0UIPFdqCICzfj.jpg,3,262,45,252,0,21,90,1890,0.4677,0.27,0.4933,1.0,0.0059,0.3011,5.87
crocus-4073076__340_jpg.rf.kqGpx0x0UIPFdqCICzfj.jpg,4,202,32,178,0,48,65,3120,0.5518,0.49,0.5117,1.0,0.0122,0.3343,12.21
crocus-4073076__340_jpg.rf.oHpqe9dA4jdi9pBhIzMN.jpg,1,3,99,0,85,7,28,196,0.4935,0.34,0.4964,1.0,0.0072,0.3288,7.15
crocus-4073076__340_jpg.rf.oHpqe9dA4jdi9pBhIzMN.jpg,2,128,15,119,6,19,18,342,0.5241,0.43,0.4936,1.0,0.0081,0.4065,8.14
crocus-4073076__340_jpg.rf.oHpqe9dA4jdi9pBhIzMN.jpg,3,262,45,252,0,21,90,1890,0.4677,0.27,0.4933,1.0,0.0059,0.3011,5.87
crocus-4073076__340_jpg.rf.oHpqe9dA4jdi9pBhIzMN.jpg,4,202,32,178,0,48,65,3120,0.5518,0.49,0.5117,1.0,0.0122,0.3343,12.21
crocus-4878623__340_jpg.rf.1SnWjUMjHUMYf5zL7j1D.jpg,1,274,420,261,407,27,27,729,0.6992,0.6,0.5404,1.0,1.0,0.2288,1293.83
crocus-4878623__340_jpg.rf.1SnWjUMjHUMYf5zL7j1D.jpg,2,159,393,150,386,19,15,285,0.6933,0.6,0.5238,1.0,1.0,0.27,1133.83
crocus-4878623__340_jpg.rf.1SnWjUMjHUMYf5zL7j1D.jpg,3,133,374,124,367,19,15,285,0.5089,0.58,0.4957,0.4301,0.4637,0.086,463.66
crocus-4878623__340_jpg.rf.1SnWjUMjHUMYf5zL7j1D.jpg,4,477,303,473,296,8,14,112,0.6817,0.59,0.5006,1.0,1.0,0.2385,1023.12
crocus-4878623__340_jpg.rf.1SnWjUMjHUMYf5zL7j1D.jpg,5,366,258,361,247,11,23,253,0.6329,0.29,0.6612,1.0,1.0,0.3714,1540.5
crocus-4878623__340_jpg.rf.1SnWjUMjHUMYf5zL7j1D.jpg,6,238,267,218,235,41,64,2624,0.6338,0.28,0.6751,1.0,0.9954,0.2398,995.39
crocus-4878623__340_jpg.rf.1SnWjUMjHUMYf5zL7j1D.jpg,7,178,213,171,207,15,12,180,0.6691,0.36,0.6947,1.0,1.0,0.2639,1723.45
crocus-4878623__340_jpg.rf.1SnWjUMjHUMYf5zL7j1D.jpg,8,84,210,53,168,63,85,5355,0.6248,0.37,0.5581,1.0,1.0,0.4697,1021.11
crocus-4878623__340_jpg.rf.1SnWjUMjHUMYf5zL7j1D.jpg,9,158,187,143,162,30,50,1500,0.6253,0.3,0.6293,1.0,1.0,0.437,1554.94
crocus-4878623__340_jpg.rf.1SnWjUMjHUMYf5zL7j1D.jpg,10,386,218,313,143,146,150,21900,0.6114,0.37,0.5196,1.0,1.0,0.3392,1013.24
crocus-4878623__340_jpg.rf.1SnWjUMjHUMYf5zL7j1D.jpg,11,426,100,421,91,10,18,180,0.5389,0.37,0.505,1.0,0.326,0.2197,326.05
crocus-4878623__340_jpg.rf.1SnWjUMjHUMYf5zL7j1D.jpg,12,342,98,330,81,25,35,875,0.5415,0.35,0.5126,1.0,0.3957,0.3847,395.75
crocus-4878623__340_jpg.rf.1SnWjUMjHUMYf5zL7j1D.jpg,13,126,79,118,72,16,15,240,0.5352,0.34,0.5289,0.9392,0.433,0.1878,433.02
crocus-4878623__340_jpg.rf.1SnWjUMjHUMYf5zL7j1D.jpg,14,12,78,0,67,24,22,528,0.54,0.33,0.5394,1.0,0.3572,0.4765,357.19
crocus-4878623__340_jpg.rf.1SnWjUMjHUMYf5zL7j1D.jpg,15,496,75,481,58,31,35,1085,0.5675,0.35,0.5155,1.0,0.6455,0.4186,645.55
crocus-4878623__340_jpg.rf.1SnWjUMjHUMYf5zL7j1D.jpg,16,430,61,426,56,9,11,99,0.5295,0.34,0.5386,0.9524,0.3153,0.1905,315.29
crocus-4878623__340_jpg.rf.1SnWjUMjHUMYf5zL7j1D.jpg,17,239,54,234,48,11,13,143,0.5322,0.35,0.5476,0.9478,0.2851,0.1896,285.06
crocus-4878623__340_jpg.rf.1SnWjUMjHUMYf5zL7j1D.jpg,18,413,48,405,43,16,10,160,0.5744,0.27,0.5883,1.0,0.7402,0.2256,740.23
crocus-4878623__340_jpg.rf.1SnWjUMjHUMYf5zL7j1D.jpg,19,86,49,75,41,22,17,374,0.5327,0.35,0.5182,1.0,0.2882,0.2312,288.18
crocus-4878623__340_jpg.rf.1SnWjUMjHUMYf5zL7j1D.jpg,20,363,41,359,34,9,14,126,0.5532,0.35,0.5396,1.0,0.4187,0.2033,418.74
crocus-4878623__340_jpg.rf.1SnWjUMjHUMYf5zL7j1D.jpg,21,454,42,443,32,23,20,460,0.5204,0.34,0.5114,1.0,0.2243,0.2545,224.3
crocus-4878623__340_jpg.rf.1SnWjUMjHUMYf5zL7j1D.jpg,22,124,35,118,28,13,14,182,0.5205,0.35,0.4892,1.0,0.2675,0.2323,267.52
crocus-4878623__340_jpg.rf.RGe6hSZKVO7iAvq7ZWau.jpg,1,274,420,261,407,27,27,729,0.699,0.6,0.5401,1.0,1.0,0.2308,1291.46
crocus-4878623__340_jpg.rf.RGe6hSZKVO7iAvq7ZWau.jpg,2,133,374,125,367,17,15,255,0.5073,0.58,0.4895,0.4278,0.4742,0.0856,474.17
crocus-4878623__340_jpg.rf.RGe6hSZKVO7iAvq7ZWau.jpg,3,367,259,362,248,10,23,230,0.638,0.29,0.6757,1.0,1.0,0.3727,1739.22
crocus-4878623__340_jpg.rf.RGe6hSZKVO7iAvq7ZWau.jpg,4,238,266,218,234,41,65,2665,0.6377,0.28,0.6867,1.0,0.9937,0.2355,993.68
crocus-4878623__340_jpg.rf.RGe6hSZKVO7iAvq7ZWau.jpg,5,179,213,172,207,14,12,168,0.6703,0.36,0.6981,1.0,1.0,0.2372,1511.91
crocus-4878623__340_jpg.rf.RGe6hSZKVO7iAvq7ZWau.jpg,6,84,211,53,168,62,86,5332,0.6227,0.37,0.5519,1.0,1.0,0.4699,1024.22
crocus-4878623__340_jpg.rf.RGe6hSZKVO7iAvq7ZWau.jpg,7,158,187,143,163,30,49,1470,0.6095,0.29,0.5942,1.0,1.0,0.4336,1567.98
crocus-4878623__340_jpg.rf.RGe6hSZKVO7iAvq7ZWau.jpg,8,385,218,313,143,145,150,21750,0.6105,0.37,0.5176,1.0,0.9986,0.3379,998.56
crocus-4878623__340_jpg.rf.RGe6hSZKVO7iAvq7ZWau.jpg,9,426,99,421,91,10,17,170,0.5343,0.36,0.5019,1.0,0.3263,0.2194,326.29
crocus-4878623__340_jpg.rf.RGe6hSZKVO7iAvq7ZWau.jpg,10,342,98,330,81,25,35,875,0.5395,0.35,0.5067,1.0,0.3965,0.3761,396.5
crocus-4878623__340_jpg.rf.RGe6hSZKVO7iAvq7ZWau.jpg,11,128,80,123,74,11,13,143,0.5765,0.35,0.5267,1.0,0.6968,0.2452,696.76
crocus-4878623__340_jpg.rf.RGe6hSZKVO7iAvq7ZWau.jpg,12,12,78,0,67,24,22,528,0.5412,0.33,0.5426,1.0,0.3577,0.4853,357.73
crocus-4878623__340_jpg.rf.RGe6hSZKVO7iAvq7ZWau.jpg,13,496,76,481,59,31,34,1054,0.5676,0.35,0.5185,1.0,0.6363,0.4242,636.29
crocus-4878623__340_jpg.rf.RGe6hSZKVO7iAvq7ZWau.jpg,14,430,61,426,56,9,10,90,0.5246,0.34,0.5351,0.9307,0.3219,0.1861,321.94
crocus-4878623__340_jpg.rf.RGe6hSZKVO7iAvq7ZWau.jpg,15,240,54,235,48,10,12,120,0.5129,0.31,0.5297,1.0,0.1898,0.2045,189.81
crocus-4878623__340_jpg.rf.RGe6hSZKVO7iAvq7ZWau.jpg,16,413,48,406,43,15,10,150,0.5506,0.26,0.575,1.0,0.5838,0.2306,583.77
crocus-4878623__340_jpg.rf.RGe6hSZKVO7iAvq7ZWau.jpg,17,87,49,77,41,20,17,340,0.5303,0.35,0.5107,1.0,0.2905,0.2317,290.45
crocus-4878623__340_jpg.rf.RGe6hSZKVO7iAvq7ZWau.jpg,18,364,41,360,34,8,14,112,0.5514,0.35,0.5387,1.0,0.404,0.2096,404.03
crocus-4878623__340_jpg.rf.RGe6hSZKVO7iAvq7ZWau.jpg,19,454,42,443,32,23,20,460,0.522,0.34,0.5158,1.0,0.2249,0.2527,224.94
crocus-4878623__340_jpg.rf.RGe6hSZKVO7iAvq7ZWau.jpg,20,125,35,119,29,12,13,156,0.5242,0.35,0.4976,1.0,0.2757,0.245,275.73
crocus-4878639__340_jpg.rf.n4T2X2cXoqyb8sGX5QsS.jpg,1,305,470,300,460,10,20,200,0.6851,0.6,0.5004,1.0,1.0,0.2017,1272.96
crocus-4878639__340_jpg.rf.n4T2X2cXoqyb8sGX5QsS.jpg,2,278,468,269,460,18,17,306,0.6982,0.61,0.5277,1.0,1.0,0.2506,1151.19
crocus-4878639__340_jpg.rf.n4T2X2cXoqyb8sGX5QsS.jpg,3,271,338,263,333,16,11,176,0.5317,0.3,0.4716,1.0,0.6165,0.2733,616.49
crocus-4878639__340_jpg.rf.n4T2X2cXoqyb8sGX5QsS.jpg,4,377,332,351,289,53,87,4611,0.5639,0.35,0.5081,1.0,0.6358,0.4674,635.82
crocus-4878639__340_jpg.rf.n4T2X2cXoqyb8sGX5QsS.jpg,5,362,275,352,267,20,16,320,0.5324,0.27,0.4752,1.0,0.7155,0.2422,715.54
crocus-4878639__340_jpg.rf.n4T2X2cXoqyb8sGX5QsS.jpg,6,123,289,69,244,109,90,9810,0.6014,0.37,0.4912,1.0,1.0,0.4209,1268.33
crocus-4878639__340_jpg.rf.n4T2X2cXoqyb8sGX5QsS.jpg,7,407,257,402,243,10,29,290,0.5122,0.37,0.4646,1.0,0.201,0.3847,200.98
crocus-4878639__340_jpg.rf.n4T2X2cXoqyb8sGX5QsS.jpg,8,238,223,220,214,36,18,648,0.5896,0.55,0.5406,1.0,0.0787,0.4042,78.7
crocus-4878639__340_jpg.rf.n4T2X2cXoqyb8sGX5QsS.jpg,9,435,209,418,197,34,24,816,0.4598,0.29,0.4259,1.0,0.0926,0.3418,92.64
crocus-4878639__340_jpg.rf.n4T2X2cXoqyb8sGX5QsS.jpg,10,463,185,451,177,24,17,408,0.4528,0.19,0.5172,1.0,0.0527,0.2213,52.67
crocus-4878639__340_jpg.rf.n4T2X2cXoqyb8sGX5QsS.jpg,11,338,177,325,158,27,38,1026,0.4568,0.24,0.4829,1.0,0.0377,0.3,37.71
crocus-4878639__340_jpg.rf.n4T2X2cXoqyb8sGX5QsS.jpg,12,288,161,259,126,59,70,4130,0.4683,0.27,0.4858,1.0,0.0378,0.4474,37.83
crocus-4878639__340_jpg.rf.n4T2X2cXoqyb8sGX5QsS.jpg,13,139,130,134,123,10,14,140,0.5406,0.45,0.5157,1.0,0.0258,0.2133,25.8
crocus-4878639__340_jpg.rf.n4T2X2cXoqyb8sGX5QsS.jpg,14,198,109,189,98,19,22,418,0.5245,0.34,0.563,1.0,0.0841,0.3302,84.14
crocus-4878639__340_jpg.rf.n4T2X2cXoqyb8sGX5QsS.jpg,15,132,80,122,65,20,31,620,0.4978,0.37,0.4593,1.0,0.0755,0.2965,75.52
crocus-4878639__340_jpg.rf.n4T2X2cXoqyb8sGX5QsS.jpg,16,245,58,238,52,15,13,195,0.4606,0.27,0.4634,1.0,0.0392,0.3556,39.24
crocus-4878639__340_jpg.rf.n4T2X2cXoqyb8sGX5QsS.jpg,17,35,46,30,40,11,13,143,0.5123,0.38,0.4737,1.0,0.1355,0.3287,135.48
crocus-4878639__340_jpg.rf.n4T2X2cXoqyb8sGX5QsS.jpg,18,197,66,165,31,64,70,4480,0.4766,0.27,0.5119,1.0,0.0296,0.3416,29.59
crocus-4878639__340_jpg.rf.n4T2X2cXoqyb8sGX5QsS.jpg,19,115,28,105,20,20,16,320,0.4935,0.33,0.491,1.0,0.0616,0.375,61.57
crocus-4878639__340_jpg.rf.n4T2X2cXoqyb8sGX5QsS.jpg,20,63,32,55,19,17,26,442,0.584,0.55,0.5286,1.0,0.0647,0.3085,64.74
crocus-4878639__340_jpg.rf.n4T2X2cXoqyb8sGX5QsS.jpg,21,232,23,218,11,28,24,672,0.4925,0.33,0.4992,1.0,0.0231,0.5007,23.07
crocus-4878639__340_jpg.rf.n4T2X2cXoqyb8sGX5QsS.jpg,22,95,5,90,0,11,10,110,0.5089,0.4,0.4767,1.0,0.0204,0.3723,20.4
crocus-4878639__340_jpg.rf.n4T2X2cXoqyb8sGX5QsS.jpg,23,66,5,55,0,23,11,253,0.5059,0.42,0.4428,1.0,0.0393,0.5193,39.31
crocus-4878639__340_jpg.rf.ygAMpZRtOlSiXeTy62O8.jpg,1,305,470,300,460,10,20,200,0.6854,0.6,0.5011,1.0,1.0,0.2017,1275.85
crocus-4878639__340_jpg.rf.ygAMpZRtOlSiXeTy62O8.jpg,2,278,468,269,460,18,17,306,0.6982,0.61,0.5278,1.0,1.0,0.2506,1151.37
crocus-4878639__340_jpg.rf.ygAMpZRtOlSiXeTy62O8.jpg,3,271,338,263,332,16,12,192,0.5286,0.29,0.4741,1.0,0.6111,0.2589,611.14
crocus-4878639__340_jpg.rf.ygAMpZRtOlSiXeTy62O8.jpg,4,377,332,351,290,53,85,4505,0.5592,0.35,0.4944,1.0,0.6368,0.4739,636.82
crocus-4878639__340_jpg.rf.ygAMpZRtOlSiXeTy62O8.jpg,5,362,275,352,267,20,16,320,0.5324,0.27,0.4752,1.0,0.7155,0.2422,715.54
crocus-4878639__340_jpg.rf.ygAMpZRtOlSiXeTy62O8.jpg,6,406,258,401,245,10,26,260,0.5162,0.37,0.4839,1.0,0.1738,0.3505,173.78
crocus-4878639__340_jpg.rf.ygAMpZRtOlSiXeTy62O8.jpg,7,123,288,69,244,109,89,9701,0.603,0.37,0.4957,1.0,1.0,0.4246,1264.09
crocus-4878639__340_jpg.rf.ygAMpZRtOlSiXeTy62O8.jpg,8,238,223,220,214,36,18,648,0.5896,0.55,0.5406,1.0,0.0787,0.4042,78.7
crocus-4878639__340_jpg.rf.ygAMpZRtOlSiXeTy62O8.jpg,9,435,209,418,197,34,24,816,0.4592,0.29,0.424,1.0,0.0926,0.3454,92.64
crocus-4878639__340_jpg.rf.ygAMpZRtOlSiXeTy62O8.jpg,10,463,185,451,177,24,17,408,0.4524,0.19,0.5161,1.0,0.0527,0.2213,52.66
crocus-4878639__340_jpg.rf.ygAMpZRtOlSiXeTy62O8.jpg,11,338,177,325,158,27,38,1026,0.4563,0.24,0.4814,1.0,0.0377,0.3005,37.71
crocus-4878639__340_jpg.rf.ygAMpZRtOlSiXeTy62O8.jpg,12,288,161,259,126,59,70,4130,0.4682,0.27,0.4854,1.0,0.0378,0.4459,37.83
crocus-4878639__340_jpg.rf.ygAMpZRtOlSiXeTy62O8.jpg,13,139,130,134,123,10,14,140,0.5406,0.45,0.5157,1.0,0.0258,0.2133,25.8
crocus-4878639__340_jpg.rf.ygAMpZRtOlSiXeTy62O8.jpg,14,198,109,189,98,19,22,418,0.5248,0.34,0.5638,1.0,0.0841,0.3302,84.11
crocus-4878639__340_jpg.rf.ygAMpZRtOlSiXeTy62O8.jpg,15,132,80,122,65,20,31,620,0.4978,0.37,0.4593,1.0,0.0755,0.2965,75.52
crocus-4878639__340_jpg.rf.ygAMpZRtOlSiXeTy62O8.jpg,16,245,58,238,52,15,13,195,0.4606,0.27,0.4634,1.0,0.0392,0.3556,39.24
crocus-4878639__340_jpg.rf.ygAMpZRtOlSiXeTy62O8.jpg,17,35,46,30,40,11,13,143,0.5123,0.38,0.4737,1.0,0.1355,0.3287,135.48
crocus-4878639__340_jpg.rf.ygAMpZRtOlSiXeTy62O8.jpg,18,197,66,165,31,64,70,4480,0.4766,0.27,0.5119,1.0,0.0296,0.3416,29.59
crocus-4878639__340_jpg.rf.ygAMpZRtOlSiXeTy62O8.jpg,19,115,28,105,20,20,16,320,0.4935,0.33,0.491,1.0,0.0616,0.375,61.57
crocus-4878639__340_jpg.rf.ygAMpZRtOlSiXeTy62O8.jpg,20,63,32,55,19,17,26,442,0.584,0.55,0.5286,1.0,0.0647,0.3085,64.74
crocus-4878639__340_jpg.rf.ygAMpZRtOlSiXeTy62O8.jpg,21,232,23,218,11,28,24,672,0.4925,0.33,0.4992,1.0,0.0231,0.5007,23.07
crocus-4878639__340_jpg.rf.ygAMpZRtOlSiXeTy62O8.jpg,22,95,5,90,0,11,10,110,0.5089,0.4,0.4767,1.0,0.0204,0.3723,20.4
crocus-4878639__340_jpg.rf.ygAMpZRtOlSiXeTy62O8.jpg,23,66,5,55,0,23,11,253,0.5059,0.42,0.4428,1.0,0.0393,0.5193,39.31
crocus-4896815__340--1-_jpg.rf.44tP0LkRQRWIBGAOpbL7.jpg,1,218,495,212,489,12,13,156,0.645,0.43,0.5558,1.0,1.0,0.3533,2316.73
crocus-4896815__340--1-_jpg.rf.44tP0LkRQRWIBGAOpbL7.jpg,2,450,492,443,485,14,14,196,0.6062,0.39,0.485,1.0,1.0,0.2633,2199.2
crocus-4896815__340--1-_jpg.rf.44tP0LkRQRWIBGAOpbL7.jpg,3,275,491,268,483,15,17,255,0.6008,0.4,0.4594,1.0,1.0,0.2593,2444.59
crocus-4896815__340--1-_jpg.rf.44tP0LkRQRWIBGAOpbL7.jpg,4,166,486,160,479,12,15,180,0.6967,0.61,0.5235,1.0,1.0,0.2392,4264.93
crocus-4896815__340--1-_jpg.rf.44tP0LkRQRWIBGAOpbL7.jpg,5,144,468,133,462,22,12,264,0.6168,0.4,0.505,1.0,1.0,0.4118,2154.88
crocus-4896815__340--1-_jpg.rf.44tP0LkRQRWIBGAOpbL7.jpg,6,182,464,169,448,27,33,891,0.6318,0.45,0.4981,1.0,1.0,0.3783,1834.91
crocus-4896815__340--1-_jpg.rf.44tP0LkRQRWIBGAOpbL7.jpg,7,435,452,426,447,18,10,180,0.5597,0.39,0.4788,1.0,0.5563,0.4152,556.35
crocus-4896815__340--1-_jpg.rf.44tP0LkRQRWIBGAOpbL7.jpg,8,361,442,353,435,16,15,240,0.6142,0.39,0.5077,1.0,1.0,0.2593,1198.14
crocus-4896815__340--1-_jpg.rf.44tP0LkRQRWIBGAOpbL7.jpg,9,20,445,12,433,16,24,384,0.6849,0.61,0.4897,1.0,1.0,0.2629,1976.92
crocus-4896815__340--1-_jpg.rf.44tP0LkRQRWIBGAOpbL7.jpg,10,134,440,126,428,17,24,408,0.6158,0.42,0.4824,1.0,1.0,0.3324,1019.92
crocus-4896815__340--1-_jpg.rf.44tP0LkRQRWIBGAOpbL7.jpg,11,169,424,162,415,15,18,270,0.6245,0.44,0.5484,1.0,0.7851,0.284,785.14
crocus-4896815__340--1-_jpg.rf.44tP0LkRQRWIBGAOpbL7.jpg,12,15,416,9,412,12,9,108,0.6085,0.38,0.5013,1.0,1.0,0.2976,1033.65
crocus-4896815__340--1-_jpg.rf.44tP0LkRQRWIBGAOpbL7.jpg,13,124,406,110,396,28,21,588,0.586,0.45,0.469,1.0,0.6436,0.2652,643.62
crocus-4896815__340--1-_jpg.rf.44tP0LkRQRWIBGAOpbL7.jpg,14,341,403,325,390,32,27,864,0.5439,0.39,0.5249,1.0,0.2365,0.3421,236.53
crocus-4896815__340--1-_jpg.rf.44tP0LkRQRWIBGAOpbL7.jpg,15,17,376,0,359,35,35,1225,0.5359,0.39,0.5285,1.0,0.1436,0.3736,143.62
crocus-4896815__340--1-_jpg.rf.44tP0LkRQRWIBGAOpbL7.jpg,16,94,370,69,355,50,30,1500,0.5433,0.41,0.5216,1.0,0.1727,0.4578,172.7
crocus-4896815__340--1-_jpg.rf.44tP0LkRQRWIBGAOpbL7.jpg,17,126,347,119,341,15,13,195,0.51,0.36,0.4956,1.0,0.1059,0.3319,105.92
crocus-4896815__340--1-_jpg.rf.44tP0LkRQRWIBGAOpbL7.jpg,18,345,348,337,336,17,25,425,0.5611,0.38,0.5213,1.0,0.4569,0.2153,456.87
crocus-4896815__340--1-_jpg.rf.44tP0LkRQRWIBGAOpbL7.jpg,19,410,353,399,335,22,36,792,0.4957,0.31,0.5208,1.0,0.0492,0.2512,49.16
crocus-4896815__340--1-_jpg.rf.44tP0LkRQRWIBGAOpbL7.jpg,20,317,340,306,331,22,19,418,0.5345,0.37,0.4822,1.0,0.3627,0.2277,362.67
crocus-4896815__340--1-_jpg.rf.44tP0LkRQRWIBGAOpbL7.jpg,21,162,336,158,328,8,16,128,0.5308,0.38,0.5812,0.7589,0.4256,0.1518,425.56
crocus-4896815__340--1-_jpg.rf.44tP0LkRQRWIBGAOpbL7.jpg,22,87,331,82,325,11,12,132,0.5297,0.36,0.536,1.0,0.1613,0.3098,161.31
crocus-4896815__340--1-_jpg.rf.44tP0LkRQRWIBGAOpbL7.jpg,23,507,327,503,319,9,16,144,0.47,0.26,0.505,1.0,0.023,0.3262,23.0
crocus-4896815__340--1-_jpg.rf.44tP0LkRQRWIBGAOpbL7.jpg,24,449,332,435,315,29,35,1015,0.5099,0.35,0.5215,1.0,0.0488,0.3939,48.76
crocus-4896815__340--1-_jpg.rf.44tP0LkRQRWIBGAOpbL7.jpg,25,138,319,135,313,7,13,91,0.5451,0.37,0.5278,1.0,0.3084,0.36,308.37
crocus-4896815__340--1-_jpg.rf.44tP0LkRQRWIBGAOpbL7.jpg,26,480,320,465,308,30,24,720,0.485,0.28,0.5254,1.0,0.0307,0.3102,30.65
crocus-4896815__340--1-_jpg.rf.44tP0LkRQRWIBGAOpbL7.jpg,27,182,294,170,282,25,24,600,0.5737,0.37,0.5702,1.0,0.4461,0.286,446.14
crocus-4896815__340--1-_jpg.rf.44tP0LkRQRWIBGAOpbL7.jpg,28,455,287,451,278,9,18,162,0.4685,0.27,0.5166,0.9524,0.0266,0.1905,26.59
crocus-4896815__340--1-_jpg.rf.44tP0LkRQRWIBGAOpbL7.jpg,29,427,283,422,278,11,11,121,0.4758,0.27,0.5102,1.0,0.027,0.2306,26.98
crocus-4896815__340--1-_jpg.rf.44tP0LkRQRWIBGAOpbL7.jpg,30,5,231,0,226,10,11,110,0.4829,0.31,0.4942,1.0,0.0144,0.269,14.42
crocus-4896815__340--1-_jpg.rf.44tP0LkRQRWIBGAOpbL7.jpg,31,28,225,15,217,27,16,432,0.4638,0.23,0.5206,1.0,0.011,0.369,11.01
crocus-4896815__340--1-_jpg.rf.44tP0LkRQRWIBGAOpbL7.jpg,32,72,201,67,196,11,11,121,0.4619,0.24,0.5049,1.0,0.0118,0.2817,11.75
crocus-4896815__340--1-_jpg.rf.44tP0LkRQRWIBGAOpbL7.jpg,33,11,130,0,106,23,49,1127,0.4671,0.23,0.5308,1.0,0.0081,0.3737,8.09
crocus-4896815__340--1-_jpg.rf.44tP0LkRQRWIBGAOpbL7.jpg,34,505,86,499,80,13,13,169,0.4638,0.26,0.4914,1.0,0.0085,0.2947,8.45
crocus-4896815__340--1-_jpg.rf.44tP0LkRQRWIBGAOpbL7.jpg,35,335,83,330,78,11,11,121,0.5027,0.37,0.493,1.0,0.006,0.3308,6.03
crocus-4896815__340--1-_jpg.rf.44tP0LkRQRWIBGAOpbL7.jpg,36,232,90,218,78,29,24,696,0.52,0.37,0.5198,1.0,0.086,0.2175,86.04
crocus-4896815__340--1-_jpg.rf.44tP0LkRQRWIBGAOpbL7.jpg,37,308,61,301,54,15,14,210,0.5113,0.39,0.4983,1.0,0.0041,0.3319,4.09
crocus-4896815__340--1-_jpg.rf.44tP0LkRQRWIBGAOpbL7.jpg,38,77,72,51,49,52,46,2392,0.4997,0.42,0.5185,0.8526,0.0067,0.1705,6.74
crocus-4896815__340--1-_jpg.rf.fKLY0V7xR2rQeBZHASz5.jpg,1,218,495,212,489,12,13,156,0.6465,0.43,0.5599,1.0,1.0,0.3533,2317.07
crocus-4896815__340--1-_jpg.rf.fKLY0V7xR2rQeBZHASz5.jpg,2,450,492,443,485,14,14,196,0.6069,0.39,0.4868,1.0,1.0,0.2751,2198.35
crocus-4896815__340--1-_jpg.rf.fKLY0V7xR2rQeBZHASz5.jpg,3,275,491,268,483,15,17,255,0.6011,0.4,0.4601,1.0,1.0,0.258,2441.59
crocus-4896815__340--1-_jpg.rf.fKLY0V7xR2rQeBZHASz5.jpg,4,166,486,160,479,12,15,180,0.6965,0.61,0.5228,1.0,1.0,0.2392,4263.77
crocus-4896815__340--1-_jpg.rf.fKLY0V7xR2rQeBZHASz5.jpg,5,144,468,133,462,22,12,264,0.6163,0.4,0.5038,1.0,1.0,0.4154,2153.35
crocus-4896815__340--1-_jpg.rf.fKLY0V7xR2rQeBZHASz5.jpg,6,434,452,424,447,20,11,220,0.5503,0.39,0.4541,1.0,0.5482,0.394,548.2
crocus-4896815__340--1-_jpg.rf.fKLY0V7xR2rQeBZHASz5.jpg,7,182,465,169,447,27,36,972,0.6275,0.45,0.4856,1.0,1.0,0.3713,1777.12
crocus-4896815__340--1-_jpg.rf.fKLY0V7xR2rQeBZHASz5.jpg,8,335,447,328,437,14,20,280,0.6638,0.58,0.4834,1.0,0.916,0.2488,916.0
crocus-4896815__340--1-_jpg.rf.fKLY0V7xR2rQeBZHASz5.jpg,9,360,443,352,435,17,16,272,0.6189,0.41,0.5012,1.0,1.0,0.2685,1149.17
crocus-4896815__340--1-_jpg.rf.fKLY0V7xR2rQeBZHASz5.jpg,10,20,445,12,433,16,24,384,0.6848,0.61,0.4895,1.0,1.0,0.2629,1978.19
crocus-4896815__340--1-_jpg.rf.fKLY0V7xR2rQeBZHASz5.jpg,11,134,440,126,428,17,24,408,0.6159,0.42,0.4826,1.0,1.0,0.3333,1019.98
crocus-4896815__340--1-_jpg.rf.fKLY0V7xR2rQeBZHASz5.jpg,12,169,424,161,415,16,18,288,0.6262,0.44,0.5582,1.0,0.7684,0.2929,768.43
crocus-4896815__340--1-_jpg.rf.fKLY0V7xR2rQeBZHASz5.jpg,13,15,416,9,412,12,9,108,0.6085,0.38,0.5013,1.0,1.0,0.2976,1033.65
crocus-4896815__340--1-_jpg.rf.fKLY0V7xR2rQeBZHASz5.jpg,14,378,402,369,396,19,12,228,0.5249,0.37,0.5136,1.0,0.1569,0.3965,156.86
crocus-4896815__340--1-_jpg.rf.fKLY0V7xR2rQeBZHASz5.jpg,15,124,406,110,396,28,21,588,0.5864,0.45,0.4705,1.0,0.6427,0.2765,642.73
crocus-4896815__340--1-_jpg.rf.fKLY0V7xR2rQeBZHASz5.jpg,16,341,403,325,390,32,27,864,0.5437,0.39,0.5242,1.0,0.2369,0.3438,236.91
crocus-4896815__340--1-_jpg.rf.fKLY0V7xR2rQeBZHASz5.jpg,17,17,376,0,359,35,35,1225,0.5359,0.39,0.5285,1.0,0.1436,0.3736,143.62
crocus-4896815__340--1-_jpg.rf.fKLY0V7xR2rQeBZHASz5.jpg,18,94,370,69,355,50,30,1500,0.5444,0.41,0.5244,1.0,0.1733,0.4574,173.33
crocus-4896815__340--1-_jpg.rf.fKLY0V7xR2rQeBZHASz5.jpg,19,126,347,119,341,15,13,195,0.5102,0.36,0.4959,1.0,0.1069,0.3333,106.93
crocus-4896815__340--1-_jpg.rf.fKLY0V7xR2rQeBZHASz5.jpg,20,345,348,337,336,17,25,425,0.5601,0.38,0.5184,1.0,0.4567,0.2144,456.74
crocus-4896815__340--1-_jpg.rf.fKLY0V7xR2rQeBZHASz5.jpg,21,410,353,399,335,22,36,792,0.4957,0.31,0.5208,1.0,0.0492,0.2512,49.16
crocus-4896815__340--1-_jpg.rf.fKLY0V7xR2rQeBZHASz5.jpg,22,316,340,306,330,21,20,420,0.5362,0.37,0.4827,1.0,0.3773,0.2509,377.28
crocus-4896815__340--1-_jpg.rf.fKLY0V7xR2rQeBZHASz5.jpg,23,162,336,158,328,8,16,128,0.5292,0.38,0.577,0.7589,0.4244,0.1518,424.43
crocus-4896815__340--1-_jpg.rf.fKLY0V7xR2rQeBZHASz5.jpg,24,507,327,503,319,9,16,144,0.47,0.26,0.505,1.0,0.023,0.3262,23.0
crocus-4896815__340--1-_jpg.rf.fKLY0V7xR2rQeBZHASz5.jpg,25,449,332,435,315,29,35,1015,0.5099,0.35,0.5215,1.0,0.0488,0.3939,48.76
crocus-4896815__340--1-_jpg.rf.fKLY0V7xR2rQeBZHASz5.jpg,26,138,319,135,313,7,13,91,0.5478,0.37,0.5357,1.0,0.3077,0.3621,307.68
crocus-4896815__340--1-_jpg.rf.fKLY0V7xR2rQeBZHASz5.jpg,27,480,320,465,308,30,24,720,0.485,0.28,0.5254,1.0,0.0307,0.3102,30.65
crocus-4896815__340--1-_jpg.rf.fKLY0V7xR2rQeBZHASz5.jpg,28,182,293,170,279,25,28,700,0.5756,0.37,0.5816,1.0,0.4257,0.2946,425.72
crocus-4896815__340--1-_jpg.rf.fKLY0V7xR2rQeBZHASz5.jpg,29,455,287,451,278,9,18,162,0.4685,0.27,0.5166,0.9524,0.0266,0.1905,26.59
crocus-4896815__340--1-_jpg.rf.fKLY0V7xR2rQeBZHASz5.jpg,30,427,283,422,278,11,11,121,0.4758,0.27,0.5102,1.0,0.027,0.2306,26.98
crocus-4896815__340--1-_jpg.rf.fKLY0V7xR2rQeBZHASz5.jpg,31,114,288,76,262,77,52,4004,0.5178,0.34,0.4991,1.0,0.2411,0.3818,241.13
crocus-4896815__340--1-_jpg.rf.fKLY0V7xR2rQeBZHASz5.jpg,32,34,280,0,236,69,88,6072,0.4972,0.31,0.5206,1.0,0.0644,0.3927,64.42
crocus-4896815__340--1-_jpg.rf.fKLY0V7xR2rQeBZHASz5.jpg,33,5,231,0,226,10,11,110,0.4829,0.31,0.4942,1.0,0.0144,0.269,14.42
crocus-4896815__340--1-_jpg.rf.fKLY0V7xR2rQeBZHASz5.jpg,34,28,225,15,217,27,16,432,0.4638,0.23,0.5206,1.0,0.011,0.369,11.01
crocus-4896815__340--1-_jpg.rf.fKLY0V7xR2rQeBZHASz5.jpg,35,72,201,67,196,11,11,121,0.4619,0.24,0.5049,1.0,0.0118,0.2817,11.75
crocus-4896815__340--1-_jpg.rf.fKLY0V7xR2rQeBZHASz5.jpg,36,11,130,0,106,23,49,1127,0.4671,0.23,0.5308,1.0,0.0081,0.3737,8.09
crocus-4896815__340--1-_jpg.rf.fKLY0V7xR2rQeBZHASz5.jpg,37,505,86,499,80,13,13,169,0.4638,0.26,0.4914,1.0,0.0085,0.2947,8.45
crocus-4896815__340--1-_jpg.rf.fKLY0V7xR2rQeBZHASz5.jpg,38,335,83,330,78,11,11,121,0.5027,0.37,0.493,1.0,0.006,0.3308,6.03
crocus-4896815__340--1-_jpg.rf.fKLY0V7xR2rQeBZHASz5.jpg,39,232,90,218,78,29,24,696,0.52,0.37,0.5198,1.0,0.086,0.2175,86.04
crocus-4896815__340--1-_jpg.rf.fKLY0V7xR2rQeBZHASz5.jpg,40,308,61,301,54,15,14,210,0.5113,0.39,0.4983,1.0,0.0041,0.3319,4.09
crocus-4896815__340--1-_jpg.rf.fKLY0V7xR2rQeBZHASz5.jpg,41,77,72,51,49,52,46,2392,0.4997,0.42,0.5185,0.8526,0.0067,0.1705,6.74
crocus-4918148__340_jpg.rf.9W66u8s2fHJx8Zb6CLTd.jpg,1,446,495,443,488,6,15,90,0.6287,0.53,0.5038,1.0,0.6688,0.2675,668.81
crocus-4918148__340_jpg.rf.9W66u8s2fHJx8Zb6CLTd.jpg,2,51,497,32,482,38,30,1140,0.5819,0.37,0.5426,1.0,0.6244,0.3367,624.42
crocus-4918148__340_jpg.rf.9W66u8s2fHJx8Zb6CLTd.jpg,3,18,480,8,464,20,33,660,0.5616,0.31,0.543,1.0,0.6302,0.3306,630.15
crocus-4918148__340_jpg.rf.9W66u8s2fHJx8Zb6CLTd.jpg,4,231,470,199,429,64,83,5312,0.6034,0.37,0.5494,1.0,0.8162,0.3048,816.15
crocus-4918148__340_jpg.rf.9W66u8s2fHJx8Zb6CLTd.jpg,5,254,425,250,415,8,21,168,0.6212,0.34,0.5776,1.0,1.0,0.2333,1509.81
crocus-4918148__340_jpg.rf.9W66u8s2fHJx8Zb6CLTd.jpg,6,96,420,85,404,23,32,736,0.5806,0.28,0.5904,1.0,0.7599,0.2377,759.9
crocus-4918148__340_jpg.rf.9W66u8s2fHJx8Zb6CLTd.jpg,7,180,353,166,332,28,42,1176,0.6297,0.37,0.5719,1.0,1.0,0.3269,1331.55
crocus-4918148__340_jpg.rf.9W66u8s2fHJx8Zb6CLTd.jpg,8,269,339,261,330,16,18,288,0.6204,0.35,0.5656,1.0,1.0,0.4488,1669.36
crocus-4918148__340_jpg.rf.9W66u8s2fHJx8Zb6CLTd.jpg,9,145,323,134,306,23,35,805,0.6541,0.48,0.5317,1.0,1.0,0.4547,1183.0
crocus-4918148__340_jpg.rf.9W66u8s2fHJx8Zb6CLTd.jpg,10,119,291,116,284,6,15,90,0.6181,0.33,0.5789,1.0,1.0,0.2428,2935.89
crocus-4918148__340_jpg.rf.9W66u8s2fHJx8Zb6CLTd.jpg,11,506,276,501,270,11,12,132,0.6037,0.35,0.5177,1.0,1.0,0.223,1395.61
crocus-4918148__340_jpg.rf.9W66u8s2fHJx8Zb6CLTd.jpg,12,77,247,69,237,17,20,340,0.6178,0.29,0.6179,1.0,1.0,0.2608,1632.66
crocus-4918148__340_jpg.rf.9W66u8s2fHJx8Zb6CLTd.jpg,13,9,226,0,211,19,30,570,0.6239,0.37,0.5553,1.0,1.0,0.3657,1213.85
crocus-4918148__340_jpg.rf.9W66u8s2fHJx8Zb6CLTd.jpg,14,166,251,134,205,64,92,5888,0.6179,0.37,0.5384,1.0,1.0,0.3301,1098.95
crocus-4918148__340_jpg.rf.9W66u8s2fHJx8Zb6CLTd.jpg,15,75,213,66,203,18,21,378,0.6023,0.37,0.4938,1.0,1.0,0.2879,1239.1
crocus-4918148__340_jpg.rf.9W66u8s2fHJx8Zb6CLTd.jpg,16,216,207,208,195,16,24,384,0.5764,0.37,0.482,1.0,0.7824,0.2986,782.4
crocus-4918148__340_jpg.rf.9W66u8s2fHJx8Zb6CLTd.jpg,17,124,203,117,188,14,30,420,0.6183,0.37,0.6061,0.8974,0.9713,0.1795,971.3
crocus-4918148__340_jpg.rf.9W66u8s2fHJx8Zb6CLTd.jpg,18,260,168,246,152,29,33,957,0.5394,0.36,0.5022,1.0,0.376,0.2228,376.04
crocus-4918148__340_jpg.rf.9W66u8s2fHJx8Zb6CLTd.jpg,19,445,158,437,135,16,47,752,0.5671,0.38,0.5164,1.0,0.5336,0.296,533.59
crocus-4918148__340_jpg.rf.9W66u8s2fHJx8Zb6CLTd.jpg,20,198,158,184,130,29,56,1624,0.5553,0.36,0.5178,1.0,0.4805,0.2532,480.46
crocus-4918148__340_jpg.rf.9W66u8s2fHJx8Zb6CLTd.jpg,21,9,148,0,130,19,36,684,0.5992,0.37,0.4991,1.0,0.9503,0.345,950.3
crocus-4918148__340_jpg.rf.9W66u8s2fHJx8Zb6CLTd.jpg,22,60,151,33,129,54,44,2376,0.57,0.37,0.5039,1.0,0.6412,0.322,641.17
crocus-4918148__340_jpg.rf.9W66u8s2fHJx8Zb6CLTd.jpg,23,411,132,407,127,9,10,90,0.6157,0.56,0.5399,1.0,0.3077,0.2619,307.67
crocus-4918148__340_jpg.rf.9W66u8s2fHJx8Zb6CLTd.jpg,24,138,133,121,105,35,57,1995,0.529,0.35,0.4951,1.0,0.3324,0.3182,332.35
crocus-4918148__340_jpg.rf.9W66u8s2fHJx8Zb6CLTd.jpg,25,268,122,244,104,49,36,1764,0.5555,0.37,0.5447,1.0,0.3535,0.3016,353.51
crocus-4918148__340_jpg.rf.9W66u8s2fHJx8Zb6CLTd.jpg,26,225,108,217,94,17,29,493,0.5172,0.37,0.4261,1.0,0.3852,0.397,385.21
crocus-4918148__340_jpg.rf.9W66u8s2fHJx8Zb6CLTd.jpg,27,280,98,277,91,7,15,105,0.5192,0.33,0.5501,0.8967,0.3181,0.1793,318.09
crocus-4918148__340_jpg.rf.9W66u8s2fHJx8Zb6CLTd.jpg,28,185,109,176,91,19,37,703,0.5315,0.36,0.49,1.0,0.34,0.3252,339.96
crocus-4918148__340_jpg.rf.9W66u8s2fHJx8Zb6CLTd.jpg,29,340,92,329,82,22,21,462,0.5629,0.37,0.5557,1.0,0.389,0.2781,388.96
crocus-4918148__340_jpg.rf.9W66u8s2fHJx8Zb6CLTd.jpg,30,147,92,139,68,16,49,784,0.5347,0.37,0.4718,1.0,0.4009,0.3507,400.88
crocus-4918148__340_jpg.rf.9W66u8s2fHJx8Zb6CLTd.jpg,31,485,101,458,61,54,80,4320,0.5313,0.36,0.5053,1.0,0.2845,0.2953,284.45
crocus-4918148__340_jpg.rf.9W66u8s2fHJx8Zb6CLTd.jpg,32,61,71,56,61,10,21,210,0.5171,0.37,0.4595,1.0,0.268,0.2989,268.02
crocus-4918148__340_jpg.rf.9W66u8s2fHJx8Zb6CLTd.jpg,33,194,69,180,57,28,24,672,0.5254,0.34,0.5201,1.0,0.2439,0.3729,243.9
crocus-4918148__340_jpg.rf.9W66u8s2fHJx8Zb6CLTd.jpg,34,354,61,351,54,6,14,84,0.5446,0.35,0.5227,0.8547,0.6825,0.1709,682.53
crocus-4918148__340_jpg.rf.9W66u8s2fHJx8Zb6CLTd.jpg,35,281,63,256,46,51,35,1785,0.5611,0.37,0.5728,1.0,0.311,0.2911,311.05
crocus-4918148__340_jpg.rf.9W66u8s2fHJx8Zb6CLTd.jpg,36,321,47,317,40,8,14,112,0.4907,0.26,0.5169,1.0,0.1877,0.4231,187.74
crocus-4918148__340_jpg.rf.9W66u8s2fHJx8Zb6CLTd.jpg,37,431,51,422,36,19,31,589,0.5096,0.36,0.4893,1.0,0.124,0.2776,124.03
crocus-4918148__340_jpg.rf.9W66u8s2fHJx8Zb6CLTd.jpg,38,25,73,0,25,50,97,4850,0.5427,0.36,0.5294,1.0,0.3139,0.3799,313.86
crocus-4918148__340_jpg.rf.9W66u8s2fHJx8Zb6CLTd.jpg,39,46,25,39,16,14,19,266,0.5056,0.34,0.457,1.0,0.2665,0.3362,266.54
crocus-4918148__340_jpg.rf.9W66u8s2fHJx8Zb6CLTd.jpg,40,209,21,199,8,21,27,567,0.4754,0.27,0.4981,1.0,0.0659,0.3893,65.94
crocus-4918148__340_jpg.rf.9W66u8s2fHJx8Zb6CLTd.jpg,41,487,20,479,7,16,27,432,0.4877,0.29,0.5186,1.0,0.047,0.2976,46.97
crocus-4918148__340_jpg.rf.9W66u8s2fHJx8Zb6CLTd.jpg,42,267,4,261,0,12,9,108,0.4696,0.22,0.5321,1.0,0.064,0.2472,63.97
crocus-675492__340_jpg.rf.HwJC0XCRkSfvpQ6WA1wP.jpg,1,32,150,22,140,20,21,420,0.4938,0.27,0.4933,1.0,0.2664,0.2064,266.38
crocus-675492__340_jpg.rf.HwJC0XCRkSfvpQ6WA1wP.jpg,2,55,115,10,89,90,53,4770,0.5165,0.33,0.512,1.0,0.2183,0.2858,218.32
crocus-675492__340_jpg.rf.HwJC0XCRkSfvpQ6WA1wP.jpg,3,260,98,220,41,80,114,9120,0.5325,0.35,0.5461,1.0,0.1882,0.4145,188.23
crocus-675492__340_jpg.rf.HwJC0XCRkSfvpQ6WA1wP.jpg,4,21,59,0,37,42,45,1890,0.497,0.35,0.4666,1.0,0.112,0.4459,112.0
crocus-675492__340_jpg.rf.HwJC0XCRkSfvpQ6WA1wP.jpg,5,221,50,210,34,23,33,759,0.5137,0.35,0.5136,1.0,0.1143,0.3156,114.35
crocus-675492__340_jpg.rf.HwJC0XCRkSfvpQ6WA1wP.jpg,6,131,51,63,0,137,102,13974,0.5014,0.32,0.5065,1.0,0.1214,0.3502,121.42
crocus-675492__340_jpg.rf.HwJC0XCRkSfvpQ6WA1wP.jpg,7,23,7,0,0,47,14,658,0.506,0.33,0.518,1.0,0.0919,0.383,91.91
crocus-675492__340_jpg.rf.PxrEgQmJTSUxdABVkbqP.jpg,1,32,150,22,140,20,21,420,0.4937,0.27,0.4928,1.0,0.2668,0.2064,266.85
crocus-675492__340_jpg.rf.PxrEgQmJTSUxdABVkbqP.jpg,2,55,115,10,89,90,53,4770,0.5175,0.33,0.5148,1.0,0.2185,0.2846,218.45
crocus-675492__340_jpg.rf.PxrEgQmJTSUxdABVkbqP.jpg,3,260,98,220,41,80,114,9120,0.5318,0.35,0.5443,1.0,0.188,0.4139,188.03
crocus-675492__340_jpg.rf.PxrEgQmJTSUxdABVkbqP.jpg,4,21,59,0,37,42,45,1890,0.4972,0.35,0.4673,1.0,0.1118,0.4481,111.85
crocus-675492__340_jpg.rf.PxrEgQmJTSUxdABVkbqP.jpg,5,221,50,210,34,23,33,759,0.5132,0.35,0.5123,1.0,0.1143,0.3156,114.31
crocus-675492__340_jpg.rf.PxrEgQmJTSUxdABVkbqP.jpg,6,132,51,64,0,136,103,14008,0.4982,0.32,0.4966,1.0,0.1238,0.3501,123.83
crocus-675492__340_jpg.rf.PxrEgQmJTSUxdABVkbqP.jpg,7,23,7,0,0,47,14,658,0.5057,0.33,0.5172,1.0,0.0921,0.3849,92.06
crocus-sativus-saffron-crocus_webp.rf.v69MUTLaPDdN6udY5sWl.jpg,1,307,494,300,488,15,12,180,0.5525,0.48,0.4968,1.0,0.1063,0.466,106.32
crocus-sativus-saffron-crocus_webp.rf.v69MUTLaPDdN6udY5sWl.jpg,2,471,495,462,478,18,34,612,0.4982,0.32,0.5094,1.0,0.079,0.2608,79.01
crocus-sativus-saffron-crocus_webp.rf.v69MUTLaPDdN6udY5sWl.jpg,3,167,422,161,383,12,78,936,0.49,0.28,0.5295,1.0,0.0669,0.3315,66.93
crocussativus_jpg.rf.kdjMopDzPnxIaih1BpSL.jpg,1,100,499,81,487,38,25,950,0.4842,0.29,0.5171,1.0,0.017,0.3355,16.96
crocussativus_jpg.rf.kdjMopDzPnxIaih1BpSL.jpg,2,50,485,38,473,24,25,600,0.5403,0.46,0.5049,1.0,0.0258,0.4062,25.85
crocussativus_jpg.rf.kdjMopDzPnxIaih1BpSL.jpg,3,99,468,88,462,23,13,299,0.471,0.27,0.5119,0.9771,0.0192,0.1954,19.17
crocussativus_jpg.rf.kdjMopDzPnxIaih1BpSL.jpg,4,76,453,61,443,30,21,630,0.4671,0.24,0.5177,1.0,0.0191,0.3665,19.15
crocussativus_jpg.rf.kdjMopDzPnxIaih1BpSL.jpg,5,23,432,0,410,47,45,2115,0.4668,0.28,0.5301,0.907,0.0184,0.1814,18.37
crocussativus_jpg.rf.kdjMopDzPnxIaih1BpSL.jpg,6,72,385,41,362,63,46,2898,0.4656,0.27,0.5619,0.8448,0.0551,0.169,55.06
d05da2d47493b44d41047e0a12cd059d_jpg.rf.vWXd6sPqwQ75Oi0am6S2.jpg,1,503,474,497,469,12,11,132,0.6049,0.56,0.5312,0.9834,0.2629,0.1967,262.89
d05da2d47493b44d41047e0a12cd059d_jpg.rf.vWXd6sPqwQ75Oi0am6S2.jpg,2,386,442,378,425,17,35,595,0.5058,0.43,0.4242,1.0,0.0688,0.2208,68.85
d05da2d47493b44d41047e0a12cd059d_jpg.rf.vWXd6sPqwQ75Oi0am6S2.jpg,3,435,216,425,205,21,22,462,0.6479,0.56,0.536,1.0,0.6431,0.2531,643.12
d05da2d47493b44d41047e0a12cd059d_jpg.rf.vWXd6sPqwQ75Oi0am6S2.jpg,4,438,123,422,118,32,11,352,0.5736,0.58,0.4661,0.8597,0.3553,0.1719,355.3
d05da2d47493b44d41047e0a12cd059d_jpg.rf.vWXd6sPqwQ75Oi0am6S2.jpg,5,506,86,500,79,12,14,168,0.5993,0.58,0.5333,1.0,0.0966,0.3739,96.58
d05da2d47493b44d41047e0a12cd059d_jpg.rf.vWXd6sPqwQ75Oi0am6S2.jpg,6,489,77,482,70,14,15,210,0.5226,0.46,0.4382,1.0,0.0822,0.4843,82.15
d05da2d47493b44d41047e0a12cd059d_jpg.rf.vWXd6sPqwQ75Oi0am6S2.jpg,7,21,46,11,32,21,29,609,0.5122,0.39,0.5427,0.898,0.0615,0.1796,61.48
d05da2d47493b44d41047e0a12cd059d_jpg.rf.vWXd6sPqwQ75Oi0am6S2.jpg,8,18,15,15,8,7,15,105,0.5239,0.43,0.5209,0.9162,0.0788,0.1832,78.83
d4e7266e9d0572647f4d25862aa1b798_jpg.rf.DRqs9DKWWpKUGvoaeRVh.jpg,1,248,507,240,502,17,10,170,0.639,0.53,0.5572,1.0,0.585,0.2414,585.01
d4e7266e9d0572647f4d25862aa1b798_jpg.rf.DRqs9DKWWpKUGvoaeRVh.jpg,2,373,505,343,498,61,14,854,0.5269,0.45,0.5124,0.911,0.0791,0.1822,79.1
d4e7266e9d0572647f4d25862aa1b798_jpg.rf.DRqs9DKWWpKUGvoaeRVh.jpg,3,46,453,27,446,39,15,585,0.662,0.55,0.5233,1.0,0.8638,0.2999,863.79
d4e7266e9d0572647f4d25862aa1b798_jpg.rf.DRqs9DKWWpKUGvoaeRVh.jpg,4,94,440,84,436,20,9,180,0.5614,0.53,0.5263,0.7887,0.3397,0.1577,339.75
d4e7266e9d0572647f4d25862aa1b798_jpg.rf.DRqs9DKWWpKUGvoaeRVh.jpg,5,458,29,449,21,18,17,306,0.512,0.37,0.4803,1.0,0.1438,0.3483,143.8
depositphotos_424504712-stock-photo-saffron-flowers-field-crocus-sativus_jpg.rf.3Rgpi5pcL89nUubo31pV.jpg,1,128,489,117,467,23,45,1035,0.4915,0.27,0.551,1.0,0.042,0.358,41.98
depositphotos_424504712-stock-photo-saffron-flowers-field-crocus-sativus_jpg.rf.3Rgpi5pcL89nUubo31pV.jpg,2,267,410,249,382,36,57,2052,0.4937,0.3,0.5239,1.0,0.0533,0.2313,53.29
depositphotos_57308167-stock-photo-close-up-of-saffron-flowers_jpg.rf.AiYDgQJSIy2R9lCDjfWv.jpg,1,137,507,130,502,15,10,150,0.4656,0.26,0.4951,1.0,0.0134,0.5671,13.39
depositphotos_57308167-stock-photo-close-up-of-saffron-flowers_jpg.rf.AiYDgQJSIy2R9lCDjfWv.jpg,2,339,503,332,498,15,11,165,0.5022,0.32,0.527,1.0,0.0569,0.3537,56.9
depositphotos_57308167-stock-photo-close-up-of-saffron-flowers_jpg.rf.AiYDgQJSIy2R9lCDjfWv.jpg,3,487,499,472,487,31,25,775,0.457,0.22,0.5117,1.0,0.0092,0.4681,9.23
depositphotos_57308167-stock-photo-close-up-of-saffron-flowers_jpg.rf.AiYDgQJSIy2R9lCDjfWv.jpg,4,390,499,369,487,43,25,1075,0.5428,0.48,0.495,1.0,0.0157,0.3677,15.69
depositphotos_57308167-stock-photo-close-up-of-saffron-flowers_jpg.rf.AiYDgQJSIy2R9lCDjfWv.jpg,5,253,486,234,478,39,17,663,0.4744,0.27,0.5096,1.0,0.0152,0.5828,15.22
depositphotos_57308167-stock-photo-close-up-of-saffron-flowers_jpg.rf.AiYDgQJSIy2R9lCDjfWv.jpg,6,42,478,30,462,25,32,800,0.4814,0.29,0.5079,1.0,0.0215,0.4373,21.51
depositphotos_57308167-stock-photo-close-up-of-saffron-flowers_jpg.rf.AiYDgQJSIy2R9lCDjfWv.jpg,7,430,461,419,451,22,20,440,0.4544,0.21,0.5143,1.0,0.0095,0.2335,9.47
depositphotos_57308167-stock-photo-close-up-of-saffron-flowers_jpg.rf.AiYDgQJSIy2R9lCDjfWv.jpg,8,115,452,108,447,14,10,140,0.4518,0.21,0.5046,1.0,0.0172,0.3059,17.24
depositphotos_57308167-stock-photo-close-up-of-saffron-flowers_jpg.rf.AiYDgQJSIy2R9lCDjfWv.jpg,9,253,454,239,436,29,37,1073,0.5371,0.45,0.488,1.0,0.088,0.7312,88.04
depositphotos_57308167-stock-photo-close-up-of-saffron-flowers_jpg.rf.AiYDgQJSIy2R9lCDjfWv.jpg,10,186,459,168,428,37,62,2294,0.5342,0.41,0.5391,1.0,0.0204,0.422,20.4
depositphotos_57308167-stock-photo-close-up-of-saffron-flowers_jpg.rf.AiYDgQJSIy2R9lCDjfWv.jpg,11,65,429,18,411,94,37,3478,0.4637,0.22,0.5297,1.0,0.0136,0.3192,13.62
depositphotos_57308167-stock-photo-close-up-of-saffron-flowers_jpg.rf.AiYDgQJSIy2R9lCDjfWv.jpg,12,418,422,398,407,40,30,1200,0.4628,0.21,0.5368,1.0,0.0139,0.2376,13.87
depositphotos_57308167-stock-photo-close-up-of-saffron-flowers_jpg.rf.AiYDgQJSIy2R9lCDjfWv.jpg,13,383,406,377,397,13,18,234,0.4916,0.28,0.5433,1.0,0.0341,0.2613,34.09
depositphotos_57308167-stock-photo-close-up-of-saffron-flowers_jpg.rf.AiYDgQJSIy2R9lCDjfWv.jpg,14,284,416,270,397,29,38,1102,0.5398,0.42,0.524,1.0,0.0937,0.2922,93.71
depositphotos_57308167-stock-photo-close-up-of-saffron-flowers_jpg.rf.AiYDgQJSIy2R9lCDjfWv.jpg,15,90,402,72,388,37,29,1073,0.4855,0.3,0.5052,1.0,0.0367,0.3803,36.67
depositphotos_57308167-stock-photo-close-up-of-saffron-flowers_jpg.rf.AiYDgQJSIy2R9lCDjfWv.jpg,16,500,397,489,375,23,45,1035,0.4729,0.23,0.5365,1.0,0.0461,0.418,46.14
depositphotos_57308167-stock-photo-close-up-of-saffron-flowers_jpg.rf.AiYDgQJSIy2R9lCDjfWv.jpg,17,462,365,453,356,18,19,342,0.4903,0.29,0.5139,1.0,0.0894,0.3495,89.44
depositphotos_57308167-stock-photo-close-up-of-saffron-flowers_jpg.rf.AiYDgQJSIy2R9lCDjfWv.jpg,18,404,333,374,289,60,88,5280,0.4549,0.24,0.4766,1.0,0.041,0.334,41.02
depositphotos_57308167-stock-photo-close-up-of-saffron-flowers_jpg.rf.AiYDgQJSIy2R9lCDjfWv.jpg,19,193,109,183,86,21,46,966,0.5471,0.33,0.612,1.0,0.1735,0.3245,173.52
depositphotos_57308167-stock-photo-close-up-of-saffron-flowers_jpg.rf.AiYDgQJSIy2R9lCDjfWv.jpg,20,489,61,467,11,45,100,4500,0.4761,0.21,0.5716,1.0,0.0258,0.4207,25.76
dfagdf_jpg.rf.bnkIe0G57yf9hgn8t5Mm.jpg,1,7,331,0,324,15,14,210,0.5227,0.34,0.5172,1.0,0.2271,0.2161,227.12
dffdgfdg_jpg.rf.Zc8RddZbuzmzhZrj3Eqw.jpg,1,361,433,355,403,12,61,732,0.5354,0.31,0.6085,1.0,0.1397,0.3476,139.71
dgbf_jpg.rf.ykqMxVUj7GQhwbM9QoA1.jpg,1,141,457,136,447,11,20,220,0.4723,0.25,0.5066,1.0,0.0744,0.7432,74.4
dgbf_jpg.rf.ykqMxVUj7GQhwbM9QoA1.jpg,2,52,438,47,432,10,12,120,0.5462,0.58,0.4906,0.7386,0.238,0.1477,238.02
dgbf_jpg.rf.ykqMxVUj7GQhwbM9QoA1.jpg,3,34,423,25,410,19,27,513,0.5999,0.59,0.5174,1.0,0.1232,0.2035,123.17
dgbf_jpg.rf.ykqMxVUj7GQhwbM9QoA1.jpg,4,155,418,149,402,13,33,429,0.51,0.34,0.469,1.0,0.2684,0.6676,268.41
dgbf_jpg.rf.ykqMxVUj7GQhwbM9QoA1.jpg,5,16,386,0,372,32,28,896,0.5611,0.59,0.5232,0.8158,0.083,0.1632,83.05
dgbf_jpg.rf.ykqMxVUj7GQhwbM9QoA1.jpg,6,19,340,11,321,16,38,608,0.4874,0.49,0.5029,0.6429,0.1132,0.1286,113.24
dgbf_jpg.rf.ykqMxVUj7GQhwbM9QoA1.jpg,7,20,283,16,275,9,17,153,0.6181,0.61,0.5209,0.9606,0.3017,0.1921,301.72
dgbf_jpg.rf.ykqMxVUj7GQhwbM9QoA1.jpg,8,92,177,84,151,17,53,901,0.575,0.26,0.6595,1.0,0.5322,0.2377,532.21
dgbf_jpg.rf.ykqMxVUj7GQhwbM9QoA1.jpg,9,8,88,0,76,16,24,384,0.5772,0.6,0.5759,0.4861,0.6838,0.0972,683.84
dgbf_jpg.rf.ykqMxVUj7GQhwbM9QoA1.jpg,10,91,4,83,0,17,9,153,0.5657,0.61,0.5098,0.5862,0.5654,0.1172,565.37
dgbf_jpg.rf.ykqMxVUj7GQhwbM9QoA1.jpg,11,63,16,53,0,20,32,640,0.6254,0.61,0.4954,1.0,0.385,0.3906,385.04
dghn_jpg.rf.qdc4KZ7gJsDftCEdT9nl.jpg,1,398,475,390,463,17,25,425,0.4508,0.47,0.5008,0.5452,0.0196,0.109,19.6
dghn_jpg.rf.qdc4KZ7gJsDftCEdT9nl.jpg,2,221,453,212,447,18,13,234,0.469,0.46,0.4909,0.6733,0.0149,0.1347,14.91
dghnf_jpg.rf.oqWKlIEX0TJJxr7r6IRj.jpg,1,388,427,377,419,22,17,374,0.4958,0.29,0.5489,0.9381,0.1451,0.1876,145.08
dghnf_jpg.rf.oqWKlIEX0TJJxr7r6IRj.jpg,2,356,410,352,404,9,13,117,0.5614,0.26,0.5686,0.8571,1.0,0.1714,1003.73
dghnf_jpg.rf.oqWKlIEX0TJJxr7r6IRj.jpg,3,131,338,125,333,13,10,130,0.6219,0.56,0.5164,1.0,0.4517,0.2582,451.72
dhgn_jpg.rf.HsRhrJIUAAsPZ342oosj.jpg,1,374,391,348,371,52,40,2080,0.5674,0.4,0.5001,1.0,0.5235,0.3314,523.54
dhgnfbx_jpg.rf.OMgcHMub2G3y2coiH3Bf.jpg,1,380,489,352,467,56,45,2520,0.5789,0.53,0.4763,1.0,0.2669,0.3045,266.93
dhgnfbx_jpg.rf.OMgcHMub2G3y2coiH3Bf.jpg,2,190,403,184,396,12,14,168,0.6064,0.58,0.5308,1.0,0.1764,0.2115,176.39
dhgnfbx_jpg.rf.OMgcHMub2G3y2coiH3Bf.jpg,3,19,283,10,278,18,10,180,0.5697,0.38,0.5846,1.0,0.3208,0.247,320.85
dhgnfbx_jpg.rf.OMgcHMub2G3y2coiH3Bf.jpg,4,10,238,0,224,21,28,588,0.5992,0.61,0.4588,1.0,0.2509,0.5713,250.9
dhgnfbx_jpg.rf.OMgcHMub2G3y2coiH3Bf.jpg,5,33,41,16,24,35,35,1225,0.5735,0.55,0.4896,1.0,0.0963,0.2621,96.34
dhgnfbx_jpg.rf.OMgcHMub2G3y2coiH3Bf.jpg,6,271,13,262,0,19,26,494,0.4994,0.35,0.4811,1.0,0.0846,0.5091,84.64
dhgnfbx_jpg.rf.OMgcHMub2G3y2coiH3Bf.jpg,7,41,3,34,0,14,7,98,0.4529,0.48,0.4793,0.5769,0.0171,0.1154,17.07
dhgnfbx_jpg.rf.OMgcHMub2G3y2coiH3Bf.jpg,8,6,13,0,0,13,27,351,0.5613,0.54,0.4752,1.0,0.0604,0.4099,60.43
download--1-_jpg.rf.SEdt5ZIAAjLwdFuOvYt1.jpg,1,318,69,308,62,20,15,300,0.4674,0.26,0.5333,0.6829,0.5315,0.1366,531.46
download--10-_jpg.rf.kGuNN8gD98R1weEiVIpR.jpg,1,383,91,378,86,10,10,100,0.4639,0.26,0.4931,1.0,0.003,0.2128,2.99
download--12-_jpg.rf.pKO33BHXPPAvIRYXg5nS.jpg,1,120,473,100,434,41,78,3198,0.504,0.2,0.617,1.0,0.1807,0.3331,180.71
download--13-_jpg.rf.FJKwdC2VKOIQ31Q3BluG.jpg,1,173,471,168,465,10,13,130,0.5648,0.32,0.5669,1.0,0.5439,0.38,543.88
download--13-_jpg.rf.FJKwdC2VKOIQ31Q3BluG.jpg,2,235,3,227,0,17,6,102,0.5868,0.26,0.6014,1.0,0.8531,0.4454,853.08
download--14-_jpg.rf.kJfRQStp3BvGybkz3LT7.jpg,1,294,265,284,238,21,54,1134,0.6529,0.51,0.598,1.0,0.651,0.4233,651.01
download--14-_jpg.rf.kJfRQStp3BvGybkz3LT7.jpg,2,255,226,221,179,68,95,6460,0.5848,0.48,0.4922,1.0,0.4452,0.5377,445.18
download--14-_jpg.rf.kJfRQStp3BvGybkz3LT7.jpg,3,16,96,7,86,19,20,380,0.4708,0.25,0.5164,1.0,0.0259,0.3014,25.94
download--15-_jpg.rf.uOHmgZVjssNxMlVFcbOn.jpg,1,200,382,196,375,8,14,112,0.5816,0.37,0.5479,0.9038,0.7952,0.1808,795.24
download--15-_jpg.rf.uOHmgZVjssNxMlVFcbOn.jpg,2,333,269,328,256,10,26,260,0.5478,0.28,0.5613,1.0,0.5339,0.2955,533.85
download--15-_jpg.rf.uOHmgZVjssNxMlVFcbOn.jpg,3,230,206,222,197,17,18,306,0.5355,0.28,0.5228,0.977,0.5911,0.1954,591.13
download--15-_jpg.rf.uOHmgZVjssNxMlVFcbOn.jpg,4,393,237,325,186,137,102,13974,0.5453,0.28,0.5864,1.0,0.4204,0.4322,420.4
download--15-_jpg.rf.uOHmgZVjssNxMlVFcbOn.jpg,5,60,146,45,130,31,33,1023,0.4933,0.27,0.5503,1.0,0.0615,0.3736,61.55
download--16-_jpg.rf.LNeBFXJesrmNyvlUbvcQ.jpg,1,95,442,89,435,13,15,195,0.5334,0.37,0.5099,0.9926,0.2695,0.1985,269.52
download--16-_jpg.rf.LNeBFXJesrmNyvlUbvcQ.jpg,2,444,293,435,283,18,21,378,0.5743,0.5,0.5079,1.0,0.2154,0.3111,215.41
download--16-_jpg.rf.LNeBFXJesrmNyvlUbvcQ.jpg,3,476,242,441,211,71,62,4402,0.5229,0.26,0.6323,1.0,0.1062,0.4753,106.2
download--16-_jpg.rf.LNeBFXJesrmNyvlUbvcQ.jpg,4,49,216,31,201,36,30,1080,0.5119,0.27,0.575,1.0,0.161,0.2793,160.97
download--16-_jpg.rf.LNeBFXJesrmNyvlUbvcQ.jpg,5,237,199,216,148,42,103,4326,0.5168,0.27,0.5593,1.0,0.2651,0.4485,265.1
download--16-_jpg.rf.LNeBFXJesrmNyvlUbvcQ.jpg,6,173,170,157,142,32,57,1824,0.5551,0.27,0.6631,1.0,0.2848,0.278,284.77
download--16-_jpg.rf.LNeBFXJesrmNyvlUbvcQ.jpg,7,467,157,422,112,90,90,8100,0.5616,0.29,0.6891,1.0,0.1892,0.361,189.17
download--16-_jpg.rf.LNeBFXJesrmNyvlUbvcQ.jpg,8,90,106,80,96,21,21,441,0.4834,0.23,0.5636,1.0,0.0563,0.2736,56.34
download--16-_jpg.rf.LNeBFXJesrmNyvlUbvcQ.jpg,9,193,100,185,84,16,33,528,0.5206,0.26,0.5692,1.0,0.3036,0.2429,303.59
download--16-_jpg.rf.LNeBFXJesrmNyvlUbvcQ.jpg,10,275,86,271,78,8,16,128,0.487,0.25,0.5533,0.7857,0.4867,0.1571,486.68
download--16-_jpg.rf.LNeBFXJesrmNyvlUbvcQ.jpg,11,215,79,177,36,77,86,6622,0.5398,0.28,0.6297,1.0,0.2136,0.305,213.62
download--17-_jpg.rf.mZFeSGZUbTdCmhC0jC2e.jpg,1,431,482,425,474,13,16,208,0.614,0.38,0.5171,1.0,1.0,0.2771,1705.11
download--17-_jpg.rf.mZFeSGZUbTdCmhC0jC2e.jpg,2,365,472,356,468,19,8,152,0.5824,0.38,0.4866,0.8952,1.0,0.179,1468.6
download--17-_jpg.rf.mZFeSGZUbTdCmhC0jC2e.jpg,3,365,438,351,429,28,19,532,0.6328,0.39,0.5608,1.0,1.0,0.225,1288.16
download--17-_jpg.rf.mZFeSGZUbTdCmhC0jC2e.jpg,4,507,441,503,427,9,29,261,0.5898,0.37,0.4579,1.0,1.0,0.2797,1724.21
download--17-_jpg.rf.mZFeSGZUbTdCmhC0jC2e.jpg,5,52,362,46,355,12,15,180,0.5857,0.41,0.5809,0.6944,1.0,0.1389,1871.38
download--17-_jpg.rf.mZFeSGZUbTdCmhC0jC2e.jpg,6,255,352,248,346,14,13,182,0.6216,0.39,0.5287,1.0,1.0,0.2215,2287.64
download--17-_jpg.rf.mZFeSGZUbTdCmhC0jC2e.jpg,7,426,141,418,137,17,8,136,0.5463,0.37,0.4829,1.0,0.4775,0.3707,477.53
download--17-_jpg.rf.mZFeSGZUbTdCmhC0jC2e.jpg,8,244,110,236,101,16,18,288,0.5701,0.39,0.4675,1.0,0.7,0.3452,700.04
download--17-_jpg.rf.mZFeSGZUbTdCmhC0jC2e.jpg,9,302,95,298,88,9,14,126,0.571,0.37,0.4726,1.0,0.7612,0.2967,761.21
download--17-_jpg.rf.mZFeSGZUbTdCmhC0jC2e.jpg,10,161,90,154,85,14,11,154,0.5903,0.37,0.5113,1.0,0.8185,0.3679,818.48
download--17-_jpg.rf.mZFeSGZUbTdCmhC0jC2e.jpg,11,163,29,154,14,19,31,589,0.6094,0.39,0.5425,0.9152,1.0,0.183,1043.96
download--17-_jpg.rf.mZFeSGZUbTdCmhC0jC2e.jpg,12,139,5,134,0,10,11,110,0.5077,0.35,0.4916,1.0,0.1317,0.3289,131.68
download--2-_jpg.rf.N6qknv8WEY7jvrdsdp4H.jpg,1,322,465,297,450,51,31,1581,0.5541,0.31,0.594,1.0,0.3768,0.5663,376.78
download--2-_jpg.rf.N6qknv8WEY7jvrdsdp4H.jpg,2,378,400,365,392,27,17,459,0.5954,0.66,0.5397,0.7427,0.27,0.1485,270.0
download--2-_jpg.rf.N6qknv8WEY7jvrdsdp4H.jpg,3,483,179,454,150,58,59,3422,0.5206,0.27,0.612,1.0,0.1187,0.3224,118.71
download--24-_jpg.rf.mApQw0gkbG8e59Y1vWlQ.jpg,1,495,230,489,224,13,13,169,0.6517,0.61,0.5092,0.8,1.0,0.16,1212.49
download--24-_jpg.rf.mApQw0gkbG8e59Y1vWlQ.jpg,2,379,89,374,84,10,11,110,0.5317,0.6,0.4954,0.5929,0.2975,0.1186,297.49
download--26-_jpg.rf.hqDRw6ntrYOjWq2jMvVW.jpg,1,482,473,453,434,59,78,4602,0.5564,0.46,0.5284,1.0,0.1041,0.45,104.13
download--26-_jpg.rf.hqDRw6ntrYOjWq2jMvVW.jpg,2,488,411,465,392,47,39,1833,0.5787,0.52,0.5273,1.0,0.1216,0.3455,121.57
download--26-_jpg.rf.hqDRw6ntrYOjWq2jMvVW.jpg,3,34,292,22,281,25,23,575,0.4937,0.52,0.5098,0.5869,0.159,0.1174,159.04
download--26-_jpg.rf.hqDRw6ntrYOjWq2jMvVW.jpg,4,504,99,497,90,15,18,270,0.6229,0.59,0.5537,0.9762,0.2735,0.1952,273.47
download--26-_jpg.rf.hqDRw6ntrYOjWq2jMvVW.jpg,5,392,9,384,0,16,18,288,0.6105,0.6,0.5121,1.0,0.2123,0.2321,212.35
download--26-_jpg.rf.hqDRw6ntrYOjWq2jMvVW.jpg,6,71,15,62,0,19,30,570,0.4681,0.53,0.5087,0.3763,0.2925,0.0753,292.52
download_webp.rf.rOmrQxhveTQziHbaZbkl.jpg,1,244,457,226,445,36,24,864,0.5155,0.34,0.5305,1.0,0.1081,0.2436,108.08
download_webp.rf.rOmrQxhveTQziHbaZbkl.jpg,2,173,438,167,433,13,11,143,0.4541,0.22,0.4947,1.0,0.0395,0.3026,39.54
drtmsaffroncrocusa_webp.rf.yIkRjOwRzi9RH0BOijno.jpg,1,45,487,0,463,91,49,4459,0.5183,0.42,0.4879,1.0,0.0057,0.2729,5.67
drtmsaffroncrocusa_webp.rf.yIkRjOwRzi9RH0BOijno.jpg,2,504,351,497,334,15,34,510,0.517,0.41,0.4942,1.0,0.0056,0.4327,5.61
drtmsaffroncrocusa_webp.rf.yIkRjOwRzi9RH0BOijno.jpg,3,199,31,171,9,56,44,2464,0.5459,0.4,0.5149,1.0,0.2571,0.3285,257.09
e3600af76276d89387e81207c36e35ff_jpg.rf.4rh9g0AiAZMjQ06BL0vc.jpg,1,405,431,388,425,34,13,442,0.5943,0.4,0.4409,1.0,1.0,0.3652,1574.89
e3600af76276d89387e81207c36e35ff_jpg.rf.4rh9g0AiAZMjQ06BL0vc.jpg,2,190,418,182,412,16,12,192,0.6046,0.34,0.5303,1.0,1.0,0.2262,2141.21
e3600af76276d89387e81207c36e35ff_jpg.rf.4rh9g0AiAZMjQ06BL0vc.jpg,3,506,401,501,394,11,14,154,0.5429,0.71,0.4636,0.5882,0.1445,0.1176,144.52
e3600af76276d89387e81207c36e35ff_jpg.rf.4rh9g0AiAZMjQ06BL0vc.jpg,4,131,390,122,383,18,14,252,0.5298,0.34,0.5145,0.6538,1.0,0.1308,1915.55
e3600af76276d89387e81207c36e35ff_jpg.rf.4rh9g0AiAZMjQ06BL0vc.jpg,5,137,209,126,203,23,13,299,0.4842,0.54,0.5122,0.4914,0.1762,0.0983,176.22
e3600af76276d89387e81207c36e35ff_jpg.rf.4rh9g0AiAZMjQ06BL0vc.jpg,6,96,124,91,120,10,9,90,0.4787,0.57,0.4323,0.5087,0.2618,0.1017,261.84
e3c0b069ca73ffce30df030a9d010ba7_jpg.rf.EfCXFReMdthgCDu0g02W.jpg,1,344,270,338,265,12,10,120,0.5403,0.27,0.5696,1.0,0.464,0.358,464.03
e5d5bec75b05a126b6ba85189fc1162f_jpg.rf.xK8ex4pwXPbyoN8rKLCH.jpg,1,148,476,143,470,10,12,120,0.5149,0.47,0.493,0.8428,0.0934,0.1686,93.39
e5d5bec75b05a126b6ba85189fc1162f_jpg.rf.xK8ex4pwXPbyoN8rKLCH.jpg,2,341,414,336,406,11,16,176,0.5438,0.42,0.5299,1.0,0.1139,0.2857,113.91
e5d5bec75b05a126b6ba85189fc1162f_jpg.rf.xK8ex4pwXPbyoN8rKLCH.jpg,3,313,363,301,351,25,24,600,0.4706,0.59,0.506,0.4167,0.0362,0.0833,36.2
ed80900a41c9212239685383d61ba691_jpg.rf.GBwWB1syXE8nv7w2qKws.jpg,1,475,493,468,483,14,21,294,0.5531,0.42,0.5711,0.9207,0.2204,0.1841,220.43
ed80900a41c9212239685383d61ba691_jpg.rf.GBwWB1syXE8nv7w2qKws.jpg,2,387,486,381,480,12,13,156,0.5293,0.36,0.5209,1.0,0.2096,0.2183,209.56
ed80900a41c9212239685383d61ba691_jpg.rf.GBwWB1syXE8nv7w2qKws.jpg,3,54,226,0,204,108,44,4752,0.5031,0.28,0.5652,1.0,0.0732,0.3139,73.15
ed80900a41c9212239685383d61ba691_jpg.rf.GBwWB1syXE8nv7w2qKws.jpg,4,413,189,397,178,33,22,726,0.5386,0.33,0.6001,1.0,0.1306,0.2608,130.55
ergerg_jpg.rf.l6EB2WyZWN2mJNzH6bxR.jpg,1,490,138,480,127,20,22,440,0.5146,0.39,0.5068,1.0,0.0075,0.3373,7.47
f2ea4c26946a449b312421e2c749dda6-1-_jpg.rf.esnFsgk6eJG03PJQUvZq.jpg,1,77,430,72,425,11,11,121,0.5148,0.4,0.4959,1.0,0.0128,0.5614,12.78
f2ea4c26946a449b312421e2c749dda6-1-_jpg.rf.esnFsgk6eJG03PJQUvZq.jpg,2,6,147,0,141,12,13,156,0.536,0.4,0.5462,1.0,0.0481,0.3422,48.09
flower-4051007__340_jpg.rf.AUWY8jUz08zmmHfRrxeS.jpg,1,107,215,102,204,11,22,242,0.5029,0.27,0.5452,1.0,0.1763,0.3286,176.28
flower-4051007__340_jpg.rf.AUWY8jUz08zmmHfRrxeS.jpg,2,398,113,388,106,20,15,300,0.5109,0.34,0.5282,1.0,0.0706,0.2917,70.62
flower-4051007__340_jpg.rf.AUWY8jUz08zmmHfRrxeS.jpg,3,435,109,431,103,8,13,104,0.5615,0.27,0.5338,1.0,0.8013,0.204,801.29
flowers-6143044__340_jpg.rf.jn55LjP0NYrKSiXR7U55.jpg,1,411,478,405,472,12,13,156,0.629,0.61,0.5874,0.625,0.8493,0.125,849.35
flowers-6143044__340_jpg.rf.jn55LjP0NYrKSiXR7U55.jpg,2,425,441,419,435,13,12,156,0.5453,0.59,0.4966,0.6833,0.2838,0.1367,283.79
flowers-6143044__340_jpg.rf.jn55LjP0NYrKSiXR7U55.jpg,3,3,354,0,346,6,16,96,0.4715,0.5,0.5004,0.3423,0.5296,0.0685,529.59
flowers-6143044__340_jpg.rf.jn55LjP0NYrKSiXR7U55.jpg,4,355,329,346,318,18,22,396,0.5826,0.54,0.5115,1.0,0.1461,0.2618,146.05
flowers-6143044__340_jpg.rf.jn55LjP0NYrKSiXR7U55.jpg,5,13,300,0,285,27,31,837,0.5153,0.41,0.4771,1.0,0.0479,0.3629,47.86
flowers-6143044__340_jpg.rf.jn55LjP0NYrKSiXR7U55.jpg,6,261,30,228,7,67,47,3149,0.4906,0.33,0.4995,1.0,0.0031,0.614,3.09
flowers-6143044__340_jpg.rf.jn55LjP0NYrKSiXR7U55.jpg,7,121,34,103,0,36,68,2448,0.5177,0.4,0.5066,1.0,0.0041,0.2249,4.07
flowers-6143044__340_jpg.rf.ttG59x7eix7XZAghHmD4.jpg,1,411,478,405,472,12,13,156,0.6282,0.61,0.5858,0.625,0.8468,0.125,846.76
flowers-6143044__340_jpg.rf.ttG59x7eix7XZAghHmD4.jpg,2,425,441,419,435,13,12,156,0.5448,0.59,0.4953,0.6833,0.2831,0.1367,283.1
flowers-6143044__340_jpg.rf.ttG59x7eix7XZAghHmD4.jpg,3,3,353,0,344,6,18,108,0.5048,0.54,0.5076,0.4167,0.5481,0.0833,548.12
flowers-6143044__340_jpg.rf.ttG59x7eix7XZAghHmD4.jpg,4,354,329,345,318,19,22,418,0.5748,0.54,0.4895,1.0,0.1446,0.259,144.6
flowers-6143044__340_jpg.rf.ttG59x7eix7XZAghHmD4.jpg,5,13,300,0,285,27,31,837,0.5163,0.41,0.4799,1.0,0.0478,0.3672,47.77
flowers-6143044__340_jpg.rf.ttG59x7eix7XZAghHmD4.jpg,6,261,30,228,7,67,47,3149,0.4906,0.33,0.4995,1.0,0.0031,0.614,3.09
flowers-6143044__340_jpg.rf.ttG59x7eix7XZAghHmD4.jpg,7,121,34,103,0,36,68,2448,0.5177,0.4,0.5066,1.0,0.0041,0.2249,4.07
gdfgdag_jpg.rf.fVcB2PLxWBts72mtffpb.jpg,1,454,503,445,494,19,18,342,0.5931,0.29,0.5647,1.0,0.9397,0.4987,939.68
gdfgdag_jpg.rf.fVcB2PLxWBts72mtffpb.jpg,2,40,419,0,369,81,100,8100,0.5466,0.34,0.5226,1.0,0.4474,0.5635,447.37
gdfgdag_jpg.rf.fVcB2PLxWBts72mtffpb.jpg,3,40,365,34,360,12,10,120,0.5457,0.27,0.473,0.928,1.0,0.1856,1548.74
gdfgdag_jpg.rf.fVcB2PLxWBts72mtffpb.jpg,4,105,333,82,301,46,65,2990,0.5639,0.31,0.5626,1.0,0.5845,0.4086,584.54
gdfgdag_jpg.rf.fVcB2PLxWBts72mtffpb.jpg,5,423,314,357,273,132,82,10824,0.5381,0.34,0.4933,1.0,0.4645,0.5119,464.55
gdfgdag_jpg.rf.fVcB2PLxWBts72mtffpb.jpg,6,37,171,31,162,12,18,216,0.5148,0.26,0.5293,1.0,0.3858,0.2889,385.77
gdfgdag_jpg.rf.fVcB2PLxWBts72mtffpb.jpg,7,374,186,338,161,72,50,3600,0.5304,0.29,0.5075,1.0,0.513,0.3823,513.01
gdfgdag_jpg.rf.fVcB2PLxWBts72mtffpb.jpg,8,58,140,40,132,36,17,612,0.5786,0.28,0.6086,1.0,0.6759,0.3499,675.93
gdfgdag_jpg.rf.fVcB2PLxWBts72mtffpb.jpg,9,334,127,328,122,12,10,120,0.4803,0.26,0.5134,0.7008,0.6949,0.1402,694.91
gdfgdag_jpg.rf.fVcB2PLxWBts72mtffpb.jpg,10,429,120,346,75,166,91,15106,0.5054,0.29,0.438,1.0,0.5056,0.3868,505.57
gdfgdag_jpg.rf.fVcB2PLxWBts72mtffpb.jpg,11,196,63,188,56,17,15,255,0.4981,0.26,0.4958,1.0,0.3355,0.2669,335.46
gdfgdag_jpg.rf.fVcB2PLxWBts72mtffpb.jpg,12,146,63,128,53,36,20,720,0.4883,0.27,0.4989,1.0,0.1921,0.3066,192.08
gdhn_jpg.rf.H5G3cERCRIcZx9It7q6B.jpg,1,331,297,315,246,32,102,3264,0.6037,0.38,0.5657,1.0,0.7273,0.4609,727.27
ghdnbf_jpg.rf.TD45GVHfeH0LvYm1h7H3.jpg,1,203,278,168,261,71,35,2485,0.5949,0.53,0.5127,1.0,0.2999,0.2392,299.86
ghdnbf_jpg.rf.TD45GVHfeH0LvYm1h7H3.jpg,2,451,21,448,3,7,36,252,0.4629,0.21,0.4997,1.0,0.1451,0.2819,145.12
h44pxj3wids21_jpg.rf.g0TKhQgHxwXQrgTO0h4z.jpg,1,380,430,375,422,10,17,170,0.6366,0.5,0.5183,0.9718,0.8585,0.1944,858.54
hdnf_jpg.rf.DPIWFppUEvLbXIMWKzJZ.jpg,1,13,468,8,461,11,14,154,0.5442,0.41,0.5738,0.786,0.4261,0.1572,426.14
hdnf_jpg.rf.DPIWFppUEvLbXIMWKzJZ.jpg,2,255,247,243,224,25,46,1150,0.6048,0.58,0.5259,1.0,0.1774,0.2283,177.43
hdnf_jpg.rf.DPIWFppUEvLbXIMWKzJZ.jpg,3,274,230,269,218,11,25,275,0.6002,0.59,0.5385,0.9459,0.1601,0.1892,160.11
hdnf_jpg.rf.DPIWFppUEvLbXIMWKzJZ.jpg,4,344,138,326,109,36,58,2088,0.5257,0.3,0.5759,0.7292,0.7326,0.1458,732.6
hdnf_jpg.rf.DPIWFppUEvLbXIMWKzJZ.jpg,5,225,134,181,67,88,134,11792,0.589,0.28,0.6927,1.0,0.4854,0.2848,485.39
hdngfb_jpg.rf.EOHCcK5NgimWoo0RKOCt.jpg,1,39,460,32,451,14,19,266,0.5028,0.36,0.4922,1.0,0.0453,0.3412,45.29
hdngfb_jpg.rf.EOHCcK5NgimWoo0RKOCt.jpg,2,505,281,499,261,13,41,533,0.4953,0.34,0.4952,1.0,0.0301,0.4697,30.06
hfgd_jpg.rf.bce2gPvErYYEqqPDyh9l.jpg,1,3,99,0,85,7,28,196,0.4903,0.33,0.4975,1.0,0.0072,0.3308,7.2
hfgd_jpg.rf.bce2gPvErYYEqqPDyh9l.jpg,2,128,14,118,7,20,15,300,0.5263,0.43,0.4995,1.0,0.0098,0.4653,9.84
hfgd_jpg.rf.bce2gPvErYYEqqPDyh9l.jpg,3,261,46,250,0,23,93,2139,0.4699,0.27,0.4992,1.0,0.0067,0.2771,6.72
hgdn_jpg.rf.j70LbB5juiWovFNeso0J.jpg,1,362,183,352,175,20,17,340,0.6103,0.56,0.5869,1.0,0.0888,0.4849,88.81
hgdn_jpg.rf.j70LbB5juiWovFNeso0J.jpg,2,329,96,325,90,8,12,96,0.57,0.55,0.4837,1.0,0.0823,0.4708,82.26
hgdn_jpg.rf.j70LbB5juiWovFNeso0J.jpg,3,133,20,126,14,15,13,195,0.4729,0.27,0.4936,1.0,0.0567,0.3733,56.72
hgndf_jpg.rf.CIS5H1Z7qcHcp9TJN0lO.jpg,1,77,491,64,483,26,17,442,0.5887,0.42,0.5693,1.0,0.4247,0.3775,424.71
hgndf_jpg.rf.CIS5H1Z7qcHcp9TJN0lO.jpg,2,388,488,375,474,26,29,754,0.6211,0.58,0.5567,0.8986,0.4354,0.1797,435.45
hgndf_jpg.rf.CIS5H1Z7qcHcp9TJN0lO.jpg,3,355,478,343,460,25,37,925,0.6212,0.57,0.5488,1.0,0.2959,0.3502,295.92
hgndf_jpg.rf.CIS5H1Z7qcHcp9TJN0lO.jpg,4,392,454,377,445,30,19,570,0.6211,0.57,0.5103,1.0,0.4304,0.3379,430.4
hgndf_jpg.rf.CIS5H1Z7qcHcp9TJN0lO.jpg,5,69,451,56,438,26,26,676,0.5714,0.4,0.5511,1.0,0.3853,0.392,385.3
hgndf_jpg.rf.CIS5H1Z7qcHcp9TJN0lO.jpg,6,332,418,327,409,11,18,198,0.5239,0.39,0.5088,1.0,0.0929,0.3101,92.88
hgndf_jpg.rf.CIS5H1Z7qcHcp9TJN0lO.jpg,7,175,456,112,400,126,112,14112,0.5795,0.57,0.4532,1.0,0.2142,0.4901,214.17
hgndf_jpg.rf.CIS5H1Z7qcHcp9TJN0lO.jpg,8,191,386,186,380,10,13,130,0.627,0.57,0.5759,1.0,0.2594,0.2164,259.42
hgndf_jpg.rf.CIS5H1Z7qcHcp9TJN0lO.jpg,9,314,355,310,346,9,18,162,0.5757,0.6,0.5037,0.6984,0.4969,0.1397,496.94
hgndf_jpg.rf.CIS5H1Z7qcHcp9TJN0lO.jpg,10,30,64,14,47,33,34,1122,0.5832,0.56,0.5159,1.0,0.0665,0.2705,66.46
hgndf_jpg.rf.CIS5H1Z7qcHcp9TJN0lO.jpg,11,507,15,502,7,10,16,160,0.5156,0.37,0.5019,1.0,0.1047,0.5536,104.71
hgndf_jpg.rf.CIS5H1Z7qcHcp9TJN0lO.jpg,12,114,17,95,0,39,35,1365,0.4888,0.32,0.4969,1.0,0.0283,0.3439,28.3
hgndf_jpg.rf.CIS5H1Z7qcHcp9TJN0lO.jpg,13,26,26,0,0,52,52,2704,0.5618,0.48,0.5424,1.0,0.0395,0.3977,39.47
hrgfda_jpg.rf.I09g3WyEIsTTUyvFmCAu.jpg,1,259,328,249,302,21,53,1113,0.5595,0.32,0.5205,1.0,0.653,0.3436,652.98
htygrs_jpg.rf.npn0IeJtDnAbzq2kbknu.jpg,1,58,432,0,400,117,64,7488,0.5585,0.45,0.5038,1.0,0.2472,0.2683,247.17
htygrs_jpg.rf.npn0IeJtDnAbzq2kbknu.jpg,2,59,325,0,291,118,69,8142,0.5466,0.5,0.46,1.0,0.1065,0.2484,106.55
iStock-1456843284-how-to-grow-saffron-Saffron-crocus-flower-with-red-stigmas-on-a-blurred-natural-background_webp.rf.92dhL0nLNDgcuQFHCdaf.jpg,1,319,452,291,416,57,73,4161,0.5191,0.39,0.5185,1.0,0.011,0.3928,11.0
images---2022-08-07T114843-992_jpg.rf.p12kCMfzdqyDHtUS89DY.jpg,1,210,240,167,175,87,130,11310,0.5539,0.49,0.4423,1.0,0.2756,0.482,275.56
images---2022-08-07T114843-992_jpg.rf.p12kCMfzdqyDHtUS89DY.jpg,2,58,221,18,154,81,135,10935,0.5825,0.52,0.5046,1.0,0.2387,0.4981,238.73
images---2022-08-07T114843-992_jpg.rf.p12kCMfzdqyDHtUS89DY.jpg,3,411,142,397,108,29,68,1972,0.4777,0.3,0.492,1.0,0.0044,0.4561,4.39
images---2022-08-07T114843-992_jpg.rf.p12kCMfzdqyDHtUS89DY.jpg,4,246,87,240,81,13,12,156,0.4898,0.33,0.4965,1.0,0.0051,0.4833,5.14
images---2022-08-07T114843-992_jpg.rf.p12kCMfzdqyDHtUS89DY.jpg,5,197,100,185,55,24,90,2160,0.4824,0.33,0.4752,1.0,0.006,0.4513,5.98
images---2022-08-07T114843-992_jpg.rf.p12kCMfzdqyDHtUS89DY.jpg,6,80,70,51,17,59,107,6313,0.4997,0.34,0.5143,1.0,0.0069,0.5252,6.86
images---2022-08-07T114843-992_jpg.rf.p12kCMfzdqyDHtUS89DY.jpg,7,244,42,203,0,82,84,6888,0.4953,0.34,0.5026,1.0,0.0044,0.6285,4.4
images---2022-08-07T114844-023_jpg.rf.5kUhRhz8ajlhYyRSpUgC.jpg,1,133,479,114,452,38,54,2052,0.6676,0.6,0.5591,1.0,0.6197,0.4033,619.72
images---2022-08-07T114844-023_jpg.rf.5kUhRhz8ajlhYyRSpUgC.jpg,2,151,455,144,448,15,14,210,0.5106,0.56,0.513,0.6125,0.125,0.1225,125.03
images---2022-08-07T114844-023_jpg.rf.5kUhRhz8ajlhYyRSpUgC.jpg,3,503,401,495,396,17,11,187,0.5534,0.4,0.5322,1.0,0.2715,0.3554,271.54
images---2022-08-07T114844-023_jpg.rf.5kUhRhz8ajlhYyRSpUgC.jpg,4,414,391,402,379,24,25,600,0.6502,0.61,0.5509,1.0,0.4383,0.2965,438.31
images---2022-08-07T114844-023_jpg.rf.5kUhRhz8ajlhYyRSpUgC.jpg,5,403,363,397,357,12,13,156,0.6636,0.61,0.5559,1.0,0.5553,0.38,555.29
images---2022-08-07T114844-023_jpg.rf.5kUhRhz8ajlhYyRSpUgC.jpg,6,357,380,343,355,29,51,1479,0.6142,0.58,0.523,1.0,0.2816,0.2927,281.59
images---2022-08-07T114844-023_jpg.rf.5kUhRhz8ajlhYyRSpUgC.jpg,7,333,347,328,342,10,11,110,0.573,0.57,0.5091,0.8399,0.2731,0.168,273.13
images---2022-08-07T114844-023_jpg.rf.5kUhRhz8ajlhYyRSpUgC.jpg,8,497,333,482,316,30,34,1020,0.6422,0.61,0.5512,1.0,0.3579,0.3943,357.86
images---2022-08-07T114844-023_jpg.rf.5kUhRhz8ajlhYyRSpUgC.jpg,9,376,321,363,308,26,27,702,0.6009,0.57,0.4986,1.0,0.2686,0.251,268.61
images---2022-08-07T114844-023_jpg.rf.5kUhRhz8ajlhYyRSpUgC.jpg,10,484,298,478,293,12,11,132,0.6269,0.57,0.5027,1.0,0.5142,0.2355,514.2
images---2022-08-07T114844-023_jpg.rf.5kUhRhz8ajlhYyRSpUgC.jpg,11,5,273,0,267,11,13,143,0.6273,0.6,0.5018,1.0,0.4168,0.3388,416.8
images---2022-08-07T114844-023_jpg.rf.5kUhRhz8ajlhYyRSpUgC.jpg,12,74,267,64,258,21,18,378,0.5738,0.43,0.5005,1.0,0.4814,0.2737,481.4
images---2022-08-07T114844-023_jpg.rf.5kUhRhz8ajlhYyRSpUgC.jpg,13,344,262,322,253,44,18,792,0.4661,0.23,0.4996,1.0,0.1069,0.3101,106.86
images---2022-08-07T114844-023_jpg.rf.5kUhRhz8ajlhYyRSpUgC.jpg,14,10,242,0,227,20,30,600,0.6564,0.61,0.5222,1.0,0.6015,0.2683,601.49
images---2022-08-07T114844-023_jpg.rf.5kUhRhz8ajlhYyRSpUgC.jpg,15,21,194,16,184,11,21,231,0.6809,0.61,0.5753,1.0,0.6602,0.3215,660.19
images---2022-08-07T114844-023_jpg.rf.5kUhRhz8ajlhYyRSpUgC.jpg,16,359,182,349,165,21,34,714,0.6173,0.52,0.5615,1.0,0.3879,0.3123,387.86
images---2022-08-07T114844-023_jpg.rf.5kUhRhz8ajlhYyRSpUgC.jpg,17,369,149,362,144,15,10,150,0.6209,0.61,0.5163,1.0,0.267,0.2121,266.95
images---2022-08-07T114844-023_jpg.rf.5kUhRhz8ajlhYyRSpUgC.jpg,18,391,168,381,143,20,51,1020,0.6252,0.6,0.5531,1.0,0.2156,0.3175,215.59
images---2022-08-07T114844-023_jpg.rf.5kUhRhz8ajlhYyRSpUgC.jpg,19,344,135,339,129,10,12,120,0.4748,0.27,0.4887,1.0,0.0922,0.2576,92.18
images---2022-08-07T114844-023_jpg.rf.5kUhRhz8ajlhYyRSpUgC.jpg,20,42,105,0,60,84,91,7644,0.6406,0.61,0.5495,1.0,0.3475,0.4137,347.5
images---2022-08-07T114844-023_jpg.rf.5kUhRhz8ajlhYyRSpUgC.jpg,21,173,6,154,0,38,13,494,0.5918,0.59,0.4812,1.0,0.1693,0.4621,169.32
images---2022-08-07T114844-146_jpg.rf.iicAzrlJpqcKce6UhHsJ.jpg,1,314,250,309,237,11,27,297,0.4904,0.27,0.5145,1.0,0.1583,0.4281,158.29
images---2022-08-07T114844-146_jpg.rf.iicAzrlJpqcKce6UhHsJ.jpg,2,113,302,80,224,67,157,10519,0.5872,0.33,0.5648,1.0,0.7401,0.4382,740.1
images---2022-08-07T114844-146_jpg.rf.iicAzrlJpqcKce6UhHsJ.jpg,3,100,231,93,223,15,16,240,0.5731,0.27,0.5865,0.8664,1.0,0.1733,1093.87
images---2022-08-07T114844-207_jpg.rf.tgUFPEITKftP2m49xCDn.jpg,1,197,487,191,480,12,15,180,0.6275,0.61,0.5233,1.0,0.3086,0.2269,308.61
images---2022-08-07T114844-207_jpg.rf.tgUFPEITKftP2m49xCDn.jpg,2,13,482,0,474,27,17,459,0.5718,0.43,0.5239,0.9927,0.3943,0.1985,394.32
images---2022-08-07T114844-207_jpg.rf.tgUFPEITKftP2m49xCDn.jpg,3,274,472,268,461,12,23,276,0.6198,0.57,0.541,1.0,0.3093,0.2417,309.35
images---2022-08-07T114844-207_jpg.rf.tgUFPEITKftP2m49xCDn.jpg,4,78,477,56,452,45,51,2295,0.5695,0.39,0.5447,1.0,0.4235,0.2726,423.52
images---2022-08-07T114844-207_jpg.rf.tgUFPEITKftP2m49xCDn.jpg,5,5,457,0,450,11,14,154,0.5377,0.38,0.5105,1.0,0.2605,0.2579,260.48
images---2022-08-07T114844-207_jpg.rf.tgUFPEITKftP2m49xCDn.jpg,6,19,421,0,408,38,27,1026,0.5904,0.57,0.4896,1.0,0.1951,0.2955,195.09
images---2022-08-07T114844-207_jpg.rf.tgUFPEITKftP2m49xCDn.jpg,7,357,380,334,357,46,46,2116,0.5278,0.37,0.5377,1.0,0.1008,0.3306,100.84
images---2022-08-07T114844-207_jpg.rf.tgUFPEITKftP2m49xCDn.jpg,8,109,351,95,333,29,36,1044,0.595,0.6,0.5214,0.9273,0.1705,0.1855,170.55
images---2022-08-07T114844-207_jpg.rf.tgUFPEITKftP2m49xCDn.jpg,9,481,221,477,216,9,11,99,0.4672,0.5,0.5505,0.4451,0.1051,0.089,105.11
images---2022-08-07T114844-207_jpg.rf.tgUFPEITKftP2m49xCDn.jpg,10,499,173,487,148,25,50,1250,0.5651,0.5,0.5279,1.0,0.0536,0.4407,53.57
images---2022-08-07T114844-207_jpg.rf.tgUFPEITKftP2m49xCDn.jpg,11,458,145,450,137,16,17,272,0.4705,0.27,0.4943,1.0,0.0306,0.7131,30.59
images---2022-08-07T114844-207_jpg.rf.tgUFPEITKftP2m49xCDn.jpg,12,12,140,8,134,9,12,108,0.4903,0.3,0.5118,1.0,0.0614,0.2202,61.41
images---2022-08-07T114844-207_jpg.rf.tgUFPEITKftP2m49xCDn.jpg,13,474,127,461,117,26,20,520,0.4943,0.34,0.4887,1.0,0.0422,0.662,42.15
images---2022-08-07T114844-207_jpg.rf.tgUFPEITKftP2m49xCDn.jpg,14,25,116,17,107,16,18,288,0.4794,0.29,0.5034,1.0,0.0167,0.3179,16.69
images---2022-08-07T114844-207_jpg.rf.tgUFPEITKftP2m49xCDn.jpg,15,427,112,423,105,8,14,112,0.5393,0.47,0.4934,1.0,0.0211,0.6269,21.07
images---2022-08-07T114844-207_jpg.rf.tgUFPEITKftP2m49xCDn.jpg,16,291,80,283,68,17,24,408,0.4747,0.27,0.5067,1.0,0.0286,0.5575,28.57
images---2022-08-07T114844-207_jpg.rf.tgUFPEITKftP2m49xCDn.jpg,17,321,69,316,61,10,17,170,0.4794,0.29,0.5036,1.0,0.0162,0.4718,16.21
images---2022-08-07T114844-207_jpg.rf.tgUFPEITKftP2m49xCDn.jpg,18,87,28,71,11,32,34,1088,0.5032,0.33,0.5204,1.0,0.0561,0.4545,56.06
images---2022-08-07T114844-270_jpg.rf.0B1mdWh7P0QHUqyMaonD.jpg,1,366,472,356,459,20,26,520,0.6609,0.55,0.501,1.0,0.9301,0.4383,930.13
images---2022-08-07T114844-270_jpg.rf.0B1mdWh7P0QHUqyMaonD.jpg,2,129,410,116,401,27,19,513,0.6107,0.28,0.6091,1.0,0.9954,0.3135,995.4
images---2022-08-07T114844-270_jpg.rf.0B1mdWh7P0QHUqyMaonD.jpg,3,209,394,197,366,24,57,1368,0.5789,0.58,0.4821,0.7669,0.5382,0.1534,538.23
images---2022-08-07T114844-270_jpg.rf.0B1mdWh7P0QHUqyMaonD.jpg,4,85,379,60,351,51,57,2907,0.5783,0.28,0.5851,1.0,0.7552,0.2374,755.22
images---2022-08-07T114844-270_jpg.rf.0B1mdWh7P0QHUqyMaonD.jpg,5,171,359,144,348,55,23,1265,0.6186,0.37,0.651,1.0,0.6126,0.3267,612.56
images---2022-08-07T114844-270_jpg.rf.0B1mdWh7P0QHUqyMaonD.jpg,6,120,341,101,295,38,92,3496,0.5903,0.34,0.58,1.0,0.6834,0.2923,683.37
images---2022-08-07T114844-270_jpg.rf.0B1mdWh7P0QHUqyMaonD.jpg,7,364,350,302,282,124,136,16864,0.5817,0.37,0.5296,1.0,0.6689,0.3764,668.89
images---2022-08-07T114844-270_jpg.rf.0B1mdWh7P0QHUqyMaonD.jpg,8,404,272,398,265,12,14,168,0.6094,0.39,0.4954,1.0,0.9946,0.2292,994.63
images---2022-08-07T114844-270_jpg.rf.0B1mdWh7P0QHUqyMaonD.jpg,9,273,237,262,228,22,19,418,0.5138,0.6,0.5363,0.0806,1.0,0.0161,1743.99
images---2022-08-07T114844-270_jpg.rf.0B1mdWh7P0QHUqyMaonD.jpg,10,224,103,211,84,27,39,1053,0.5932,0.3,0.6693,1.0,0.5394,0.4027,539.38
images---2022-08-07T114844-270_jpg.rf.0B1mdWh7P0QHUqyMaonD.jpg,11,283,54,268,43,31,23,713,0.5801,0.54,0.5286,1.0,0.0605,0.2299,60.52
images---2022-08-07T114844-270_jpg.rf.0B1mdWh7P0QHUqyMaonD.jpg,12,475,53,450,12,50,82,4100,0.574,0.41,0.5155,1.0,0.501,0.2634,500.97
images---2022-08-07T114844-299_jpg.rf.xyfIxkoa4rqKLVeugb6m.jpg,1,345,212,295,175,100,75,7500,0.5381,0.36,0.4966,1.0,0.3833,0.3518,383.28
images---2022-08-07T114844-330_jpg.rf.zbYjkOPJHTtUqQna5XDo.jpg,1,506,259,501,253,11,13,143,0.6424,0.59,0.5198,1.0,0.5399,0.2588,539.86
images---2022-08-07T114844-330_jpg.rf.zbYjkOPJHTtUqQna5XDo.jpg,2,112,238,107,231,11,14,154,0.5763,0.6,0.5078,0.8696,0.1464,0.1739,146.4
images---2022-08-07T114844-361_jpg.rf.ymgEdDxe11mrvTc0ldL7.jpg,1,164,491,153,486,23,10,230,0.6532,0.61,0.5506,1.0,0.4697,0.3753,469.74
images---2022-08-07T114844-361_jpg.rf.ymgEdDxe11mrvTc0ldL7.jpg,2,188,396,154,374,69,44,3036,0.623,0.59,0.5178,1.0,0.3526,0.3102,352.63
images---2022-08-07T114844-361_jpg.rf.ymgEdDxe11mrvTc0ldL7.jpg,3,230,324,188,297,85,54,4590,0.5699,0.53,0.4489,1.0,0.2731,0.219,273.13
images---2022-08-07T114844-361_jpg.rf.ymgEdDxe11mrvTc0ldL7.jpg,4,154,201,148,195,12,12,144,0.6124,0.57,0.5604,1.0,0.1673,0.2465,167.35
images---2022-08-07T114844-361_jpg.rf.ymgEdDxe11mrvTc0ldL7.jpg,5,406,120,395,63,22,114,2508,0.5346,0.36,0.5274,1.0,0.2398,0.4755,239.81
images---2022-08-07T114844-391_jpg.rf.M0A4GkMiVkBjJa5M1DUf.jpg,1,270,402,259,364,23,76,1748,0.5067,0.35,0.5148,1.0,0.0399,0.3513,39.91
images---2022-08-07T114844-422_jpg.rf.BxC6bZUGImH6cFLyIW01.jpg,1,333,507,328,503,11,9,99,0.5284,0.36,0.5172,1.0,0.2136,0.3072,213.58
images---2022-08-07T114844-422_jpg.rf.BxC6bZUGImH6cFLyIW01.jpg,2,207,449,187,425,41,49,2009,0.6159,0.55,0.5624,1.0,0.266,0.3322,266.05
images---2022-08-07T114844-422_jpg.rf.BxC6bZUGImH6cFLyIW01.jpg,3,408,425,400,410,17,31,527,0.4696,0.26,0.504,1.0,0.0216,0.4106,21.64
images---2022-08-07T114844-422_jpg.rf.BxC6bZUGImH6cFLyIW01.jpg,4,212,401,200,387,24,28,672,0.5984,0.51,0.5936,1.0,0.1217,0.4583,121.65
images---2022-08-07T114844-422_jpg.rf.BxC6bZUGImH6cFLyIW01.jpg,5,149,372,144,367,10,10,100,0.562,0.41,0.5284,1.0,0.3357,0.2128,335.7
images---2022-08-07T114844-422_jpg.rf.BxC6bZUGImH6cFLyIW01.jpg,6,93,368,89,359,9,18,162,0.6086,0.59,0.4962,1.0,0.284,0.2603,284.0
images---2022-08-07T114844-422_jpg.rf.BxC6bZUGImH6cFLyIW01.jpg,7,456,373,451,358,11,31,341,0.6265,0.56,0.6141,1.0,0.1551,0.3175,155.08
images---2022-08-07T114844-422_jpg.rf.BxC6bZUGImH6cFLyIW01.jpg,8,346,401,276,323,140,157,21980,0.5268,0.4,0.4967,1.0,0.1294,0.3543,129.43
images---2022-08-07T114844-422_jpg.rf.BxC6bZUGImH6cFLyIW01.jpg,9,121,319,115,299,13,40,520,0.57,0.58,0.4965,0.6423,0.648,0.1285,647.95
images---2022-08-07T114844-422_jpg.rf.BxC6bZUGImH6cFLyIW01.jpg,10,391,110,372,95,39,31,1209,0.5508,0.49,0.5037,1.0,0.0304,0.4186,30.37
images---2022-08-07T114844-452_jpg.rf.sevKFKpnufPKgGyBuvvn.jpg,1,331,364,328,353,7,22,154,0.4766,0.26,0.5718,0.7198,0.4149,0.144,414.87
images---2022-08-07T114844-607_jpg.rf.EFDPEd4vuDKnufOmlBKb.jpg,1,323,211,287,181,72,60,4320,0.564,0.34,0.4956,1.0,0.7159,0.391,715.91
images---2022-08-07T114844-607_jpg.rf.EFDPEd4vuDKnufOmlBKb.jpg,2,352,183,343,171,19,24,456,0.5827,0.37,0.509,1.0,0.7499,0.3154,749.91
images---2022-08-07T114844-677_jpg.rf.Xm4fQiBeHR7YuGH5h0xb.jpg,1,254,444,248,435,12,19,228,0.4718,0.55,0.5231,0.4032,0.1556,0.0806,155.64
images---2022-08-07T114844-677_jpg.rf.Xm4fQiBeHR7YuGH5h0xb.jpg,2,454,451,417,427,75,48,3600,0.507,0.41,0.4132,1.0,0.1885,0.3236,188.47
images---2022-08-07T114844-677_jpg.rf.Xm4fQiBeHR7YuGH5h0xb.jpg,3,297,434,280,412,34,44,1496,0.6011,0.57,0.4654,1.0,0.3874,0.2213,387.42
images---2022-08-07T114844-677_jpg.rf.Xm4fQiBeHR7YuGH5h0xb.jpg,4,507,414,502,408,10,12,120,0.6086,0.58,0.5263,1.0,0.2134,0.2188,213.42
images---2022-08-07T114844-677_jpg.rf.Xm4fQiBeHR7YuGH5h0xb.jpg,5,175,94,167,77,17,35,595,0.5205,0.37,0.5127,1.0,0.1158,0.2685,115.76
images---2022-08-07T114844-707_jpg.rf.go2AzESBHXuX6sksjvPd.jpg,1,465,460,419,409,93,103,9579,0.5179,0.32,0.4947,1.0,0.3277,0.5794,327.66
images---2022-08-07T114844-707_jpg.rf.go2AzESBHXuX6sksjvPd.jpg,2,390,191,384,181,12,20,240,0.583,0.28,0.5286,1.0,1.0,0.2643,1123.35
images---2022-08-07T114844-740_jpg.rf.RmJxi7uYxpOS74nXICYN.jpg,1,351,486,343,479,16,14,224,0.6058,0.41,0.57,1.0,0.6277,0.3681,627.74
images---2022-08-07T114844-740_jpg.rf.RmJxi7uYxpOS74nXICYN.jpg,2,473,382,466,368,15,28,420,0.6317,0.59,0.5174,1.0,0.4409,0.2889,440.91
images---2022-08-07T114844-740_jpg.rf.RmJxi7uYxpOS74nXICYN.jpg,3,391,375,383,366,17,18,306,0.5511,0.4,0.5255,1.0,0.2716,0.2264,271.62
images---2022-08-07T114844-740_jpg.rf.RmJxi7uYxpOS74nXICYN.jpg,4,440,331,434,319,12,25,300,0.6214,0.6,0.4941,1.0,0.3847,0.4505,384.73
images---2022-08-07T114844-740_jpg.rf.RmJxi7uYxpOS74nXICYN.jpg,5,125,254,120,242,11,24,264,0.6208,0.57,0.5316,1.0,0.3526,0.3406,352.57
images---2022-08-07T114844-740_jpg.rf.RmJxi7uYxpOS74nXICYN.jpg,6,9,160,0,153,18,14,252,0.5347,0.41,0.4857,1.0,0.2118,0.4279,211.84
images---2022-08-07T114844-740_jpg.rf.RmJxi7uYxpOS74nXICYN.jpg,7,66,154,56,144,21,21,441,0.5508,0.4,0.5215,1.0,0.2825,0.3783,282.48
images---2022-08-07T114844-740_jpg.rf.RmJxi7uYxpOS74nXICYN.jpg,8,96,116,91,106,10,20,200,0.5349,0.37,0.5239,1.0,0.2201,0.2685,220.08
images---2022-08-07T114844-740_jpg.rf.RmJxi7uYxpOS74nXICYN.jpg,9,80,62,72,51,16,22,352,0.6028,0.56,0.5281,1.0,0.22,0.3519,220.04
images---2022-08-07T114844-740_jpg.rf.RmJxi7uYxpOS74nXICYN.jpg,10,345,43,329,5,32,76,2432,0.5845,0.39,0.6298,1.0,0.2759,0.4867,275.94
images---2022-08-07T114844-740_jpg.rf.RmJxi7uYxpOS74nXICYN.jpg,11,313,20,302,0,22,40,880,0.5609,0.4,0.5237,1.0,0.3756,0.4821,375.62
images---2022-08-07T114844-740_jpg.rf.RmJxi7uYxpOS74nXICYN.jpg,12,25,8,10,0,30,16,480,0.6025,0.44,0.4458,1.0,0.9247,0.329,924.75
images---2022-08-07T114844-773_jpg.rf.n4oelpmc2QdlAmFTs3nY.jpg,1,252,465,205,425,94,80,7520,0.5172,0.34,0.4127,1.0,0.538,0.4479,538.0
images---2022-08-07T114844-773_jpg.rf.n4oelpmc2QdlAmFTs3nY.jpg,2,447,187,383,139,129,96,12384,0.6288,0.37,0.5695,1.0,1.0,0.4359,1109.94
images---2022-08-07T114844-773_jpg.rf.n4oelpmc2QdlAmFTs3nY.jpg,3,491,85,479,73,25,24,600,0.5759,0.33,0.5267,1.0,0.7608,0.2598,760.79
images---2022-08-07T114844-773_jpg.rf.n4oelpmc2QdlAmFTs3nY.jpg,4,419,58,411,46,16,24,384,0.5244,0.3,0.4778,1.0,0.522,0.248,522.05
images---2022-08-07T114844-773_jpg.rf.n4oelpmc2QdlAmFTs3nY.jpg,5,110,51,95,15,30,73,2190,0.5911,0.4,0.5291,1.0,0.6591,0.3325,659.11
images---2022-08-07T114844-773_jpg.rf.n4oelpmc2QdlAmFTs3nY.jpg,6,457,40,402,0,110,80,8800,0.5379,0.33,0.5256,1.0,0.3845,0.5113,384.48
images---2022-08-07T114844-773_jpg.rf.n4oelpmc2QdlAmFTs3nY.jpg,7,280,10,269,0,22,21,462,0.4858,0.19,0.5755,1.0,0.1784,0.3617,178.43
images---2022-08-07T114844-803_jpg.rf.5xbPLl7DMqyTwBpjqDzS.jpg,1,146,441,139,426,15,31,465,0.5772,0.52,0.5266,1.0,0.1088,0.2136,108.82
images---2022-08-07T114844-803_jpg.rf.5xbPLl7DMqyTwBpjqDzS.jpg,2,104,116,96,113,16,7,112,0.6297,0.56,0.5064,1.0,0.565,0.2199,564.99
images---2022-08-07T114844-803_jpg.rf.5xbPLl7DMqyTwBpjqDzS.jpg,3,168,81,158,72,20,19,380,0.4658,0.48,0.4914,0.6099,0.0384,0.122,38.4
images---2022-08-07T114844-803_jpg.rf.5xbPLl7DMqyTwBpjqDzS.jpg,4,123,51,113,39,20,24,480,0.5845,0.58,0.5674,0.8333,0.1619,0.1667,161.92
images---2022-08-07T114844-903_jpg.rf.xPcD15YMZDRU0qvrGHYq.jpg,1,66,451,60,445,12,12,144,0.64,0.62,0.5036,1.0,0.467,0.2031,466.96
images---2022-08-07T114844-903_jpg.rf.xPcD15YMZDRU0qvrGHYq.jpg,2,422,78,417,69,10,18,180,0.5482,0.38,0.5825,1.0,0.1135,0.253,113.48
images---2022-08-07T114844-937_jpg.rf.SsgkgRBzdirXqGopgHwe.jpg,1,381,488,357,474,48,28,1344,0.5411,0.42,0.4992,1.0,0.1941,0.4017,194.08
images---2022-08-07T114844-937_jpg.rf.SsgkgRBzdirXqGopgHwe.jpg,2,465,412,461,407,9,11,99,0.5653,0.51,0.5075,1.0,0.0915,0.3085,91.51
images---2022-08-07T114844-937_jpg.rf.SsgkgRBzdirXqGopgHwe.jpg,3,31,372,14,361,35,22,770,0.5244,0.41,0.4707,1.0,0.1616,0.2378,161.62
images---2022-08-07T114844-937_jpg.rf.SsgkgRBzdirXqGopgHwe.jpg,4,15,329,0,318,30,22,660,0.555,0.39,0.5203,0.9681,0.4276,0.1936,427.64
images---2022-08-07T114844-937_jpg.rf.SsgkgRBzdirXqGopgHwe.jpg,5,489,245,475,237,29,16,464,0.5592,0.43,0.5473,1.0,0.1709,0.2814,170.88
images---2022-08-07T114844-937_jpg.rf.SsgkgRBzdirXqGopgHwe.jpg,6,26,127,19,123,14,9,126,0.6351,0.6,0.5589,1.0,0.2945,0.3498,294.48
images---2022-08-07T114844-937_jpg.rf.SsgkgRBzdirXqGopgHwe.jpg,7,359,118,349,103,20,30,600,0.4665,0.38,0.531,0.6548,0.1672,0.131,167.24
images---2022-08-07T114844-937_jpg.rf.SsgkgRBzdirXqGopgHwe.jpg,8,43,108,37,99,13,19,247,0.5507,0.4,0.4866,1.0,0.4043,0.3355,404.31
images---2022-08-07T114844-937_jpg.rf.SsgkgRBzdirXqGopgHwe.jpg,9,489,95,484,87,10,17,170,0.5942,0.56,0.54,1.0,0.0917,0.3197,91.7
images---2022-08-07T114844-937_jpg.rf.SsgkgRBzdirXqGopgHwe.jpg,10,33,73,14,60,39,27,1053,0.5381,0.4,0.5147,1.0,0.1801,0.3519,180.06
images---2022-08-07T114844-972_jpg.rf.rDPoMyKMkxSsPhbkrH9P.jpg,1,191,415,176,390,30,51,1530,0.5622,0.33,0.6279,1.0,0.2693,0.3277,269.27
images---2022-08-07T114844-972_jpg.rf.rDPoMyKMkxSsPhbkrH9P.jpg,2,271,33,248,11,46,44,2024,0.5798,0.41,0.6025,1.0,0.2542,0.6866,254.16
images---2022-08-07T114845-070_jpg.rf.RT9dr6uMW7abyAMaMFOh.jpg,1,470,449,464,445,12,9,108,0.5145,0.35,0.5263,1.0,0.0783,0.3929,78.3
images---2022-08-07T114845-070_jpg.rf.RT9dr6uMW7abyAMaMFOh.jpg,2,265,295,258,268,15,55,825,0.5045,0.27,0.5552,1.0,0.1571,0.3145,157.12
images---2022-08-07T114845-070_jpg.rf.RT9dr6uMW7abyAMaMFOh.jpg,3,215,159,166,80,98,158,15484,0.5228,0.25,0.6454,1.0,0.0946,0.449,94.61
images---2022-08-07T114845-070_jpg.rf.RT9dr6uMW7abyAMaMFOh.jpg,4,294,51,278,42,33,19,627,0.5144,0.27,0.5685,1.0,0.2095,0.2509,209.52
images---2022-08-07T114845-070_jpg.rf.RT9dr6uMW7abyAMaMFOh.jpg,5,218,33,206,28,24,11,264,0.5072,0.32,0.5252,1.0,0.1137,0.2138,113.69
images---2022-08-07T114845-100_jpg.rf.EW7IcMikqSmvpJD7hLxp.jpg,1,240,457,212,416,57,83,4731,0.5008,0.29,0.5426,1.0,0.094,0.4336,93.95
images---2022-08-07T114845-164_jpg.rf.U5t6q8Mvsp6SyqVix51g.jpg,1,308,460,302,453,12,14,168,0.6133,0.34,0.6343,1.0,0.7226,0.6939,722.59
images---2022-08-07T114845-164_jpg.rf.U5t6q8Mvsp6SyqVix51g.jpg,2,431,178,412,143,38,70,2660,0.5454,0.21,0.7382,1.0,0.1352,0.3327,135.22
images---2022-08-07T114845-164_jpg.rf.U5t6q8Mvsp6SyqVix51g.jpg,3,319,134,312,124,15,21,315,0.504,0.23,0.5808,1.0,0.2019,0.2076,201.91
images---2022-08-07T114845-164_jpg.rf.U5t6q8Mvsp6SyqVix51g.jpg,4,144,140,132,123,24,35,840,0.4994,0.25,0.5695,1.0,0.1257,0.3079,125.66
images---2022-08-07T114845-164_jpg.rf.U5t6q8Mvsp6SyqVix51g.jpg,5,287,101,276,68,22,66,1452,0.4757,0.2,0.5499,1.0,0.1318,0.2349,131.81
images---2022-08-07T114845-194_jpg.rf.ptsHbJGfDOotI8PB5wTH.jpg,1,363,429,358,416,10,26,260,0.6226,0.53,0.5135,1.0,0.574,0.3684,573.96
images---2022-08-07T114845-194_jpg.rf.ptsHbJGfDOotI8PB5wTH.jpg,2,252,392,243,384,19,17,323,0.6597,0.61,0.4732,1.0,0.8052,0.3938,805.22
images---2022-08-07T114845-194_jpg.rf.ptsHbJGfDOotI8PB5wTH.jpg,3,344,384,311,370,67,28,1876,0.6518,0.61,0.5011,1.0,0.6286,0.4427,628.61
images---2022-08-07T114845-194_jpg.rf.ptsHbJGfDOotI8PB5wTH.jpg,4,416,366,408,358,17,17,289,0.5561,0.37,0.5138,1.0,0.4679,0.6659,467.91
images---2022-08-07T114845-194_jpg.rf.ptsHbJGfDOotI8PB5wTH.jpg,5,394,352,390,346,9,12,108,0.5972,0.42,0.5216,1.0,0.6766,0.5992,676.63
images---2022-08-07T114845-194_jpg.rf.ptsHbJGfDOotI8PB5wTH.jpg,6,132,346,126,339,12,14,168,0.6275,0.51,0.5862,1.0,0.4387,0.3365,438.74
images---2022-08-07T114845-194_jpg.rf.ptsHbJGfDOotI8PB5wTH.jpg,7,451,349,436,330,30,39,1170,0.6186,0.44,0.5317,1.0,0.7851,0.2876,785.12
images---2022-08-07T114845-194_jpg.rf.ptsHbJGfDOotI8PB5wTH.jpg,8,328,337,312,330,33,15,495,0.6781,0.62,0.5389,1.0,0.7251,0.3844,725.14
images---2022-08-07T114845-194_jpg.rf.ptsHbJGfDOotI8PB5wTH.jpg,9,159,345,145,328,29,35,1015,0.6366,0.59,0.5139,1.0,0.5021,0.4816,502.09
images---2022-08-07T114845-194_jpg.rf.ptsHbJGfDOotI8PB5wTH.jpg,10,100,319,78,310,45,18,810,0.6378,0.56,0.5403,1.0,0.527,0.4345,527.01
images---2022-08-07T114845-194_jpg.rf.ptsHbJGfDOotI8PB5wTH.jpg,11,335,291,323,280,25,23,575,0.7124,0.62,0.5758,1.0,0.9389,0.2811,938.88
images---2022-08-07T114845-194_jpg.rf.ptsHbJGfDOotI8PB5wTH.jpg,12,394,266,389,261,11,10,110,0.6258,0.38,0.5509,1.0,1.0,0.3182,1413.84
images---2022-08-07T114845-194_jpg.rf.ptsHbJGfDOotI8PB5wTH.jpg,13,72,249,49,236,47,27,1269,0.6028,0.4,0.465,1.0,1.0,0.2377,1122.61
images---2022-08-07T114845-194_jpg.rf.ptsHbJGfDOotI8PB5wTH.jpg,14,433,225,418,216,30,18,540,0.677,0.56,0.5499,1.0,0.885,0.3667,885.03
images---2022-08-07T114845-194_jpg.rf.ptsHbJGfDOotI8PB5wTH.jpg,15,68,218,48,210,41,17,697,0.6313,0.4,0.565,1.0,0.9356,0.3975,935.6
images---2022-08-07T114845-194_jpg.rf.ptsHbJGfDOotI8PB5wTH.jpg,16,120,209,112,198,17,22,374,0.6174,0.4,0.5069,1.0,1.0,0.3154,1123.68
images---2022-08-07T114845-194_jpg.rf.ptsHbJGfDOotI8PB5wTH.jpg,17,8,211,0,197,17,28,476,0.5625,0.39,0.531,1.0,0.4013,0.3554,401.26
images---2022-08-07T114845-194_jpg.rf.ptsHbJGfDOotI8PB5wTH.jpg,18,488,198,477,188,23,20,460,0.6923,0.62,0.5033,1.0,0.9918,0.3937,991.85
images---2022-08-07T114845-194_jpg.rf.ptsHbJGfDOotI8PB5wTH.jpg,19,58,186,46,178,25,17,425,0.6412,0.4,0.5747,1.0,1.0,0.4641,1104.38
images---2022-08-07T114845-194_jpg.rf.ptsHbJGfDOotI8PB5wTH.jpg,20,125,170,118,164,15,13,195,0.6227,0.4,0.5221,1.0,1.0,0.3644,1108.3
images---2022-08-07T114845-194_jpg.rf.ptsHbJGfDOotI8PB5wTH.jpg,21,103,171,91,164,25,15,375,0.6183,0.42,0.5465,1.0,0.7999,0.4124,799.94
images---2022-08-07T114845-194_jpg.rf.ptsHbJGfDOotI8PB5wTH.jpg,22,75,156,64,147,23,19,437,0.6125,0.4,0.4928,1.0,1.0,0.2645,1344.88
images---2022-08-07T114845-194_jpg.rf.ptsHbJGfDOotI8PB5wTH.jpg,23,112,139,104,135,17,8,136,0.6003,0.38,0.4971,1.0,0.9336,0.2224,933.57
images---2022-08-07T114845-194_jpg.rf.ptsHbJGfDOotI8PB5wTH.jpg,24,494,140,487,133,15,14,210,0.6486,0.54,0.485,1.0,0.8984,0.2963,898.41
images---2022-08-07T114845-194_jpg.rf.ptsHbJGfDOotI8PB5wTH.jpg,25,205,137,199,130,12,15,180,0.6543,0.42,0.5923,1.0,1.0,0.3843,1532.25
images---2022-08-07T114845-194_jpg.rf.ptsHbJGfDOotI8PB5wTH.jpg,26,83,137,70,128,27,18,486,0.6125,0.4,0.4928,1.0,1.0,0.2795,1561.95
images---2022-08-07T114845-194_jpg.rf.ptsHbJGfDOotI8PB5wTH.jpg,27,462,128,453,119,18,19,342,0.6506,0.55,0.5257,1.0,0.741,0.4323,741.04
images---2022-08-07T114845-194_jpg.rf.ptsHbJGfDOotI8PB5wTH.jpg,28,354,131,347,119,15,24,360,0.5595,0.41,0.4948,1.0,0.4285,0.4198,428.5
images---2022-08-07T114845-194_jpg.rf.ptsHbJGfDOotI8PB5wTH.jpg,29,414,127,400,116,29,23,667,0.6001,0.44,0.5285,1.0,0.6109,0.3338,610.86
images---2022-08-07T114845-194_jpg.rf.ptsHbJGfDOotI8PB5wTH.jpg,30,341,68,330,62,23,12,276,0.5726,0.38,0.5091,1.0,0.6147,0.2738,614.74
images---2022-08-07T114845-224_jpg.rf.c5kAErImdMpKQfWE3d2t.jpg,1,398,222,384,209,28,27,756,0.4857,0.28,0.5598,0.7724,0.3726,0.1545,372.64
images---2022-08-07T114845-284_jpg.rf.gcAFX4GKfGxQ9Ezub4X9.jpg,1,508,348,505,332,7,33,231,0.5113,0.55,0.4938,0.7265,0.0067,0.1453,6.72
images---2022-08-07T114845-345_jpg.rf.EXx33l6MudTBmkxakSS7.jpg,1,351,496,339,480,25,32,800,0.5675,0.42,0.5026,1.0,0.446,0.4609,445.99
images---2022-08-07T114845-345_jpg.rf.EXx33l6MudTBmkxakSS7.jpg,2,312,477,308,470,8,14,112,0.5448,0.4,0.4409,1.0,0.505,0.4712,505.03
images---2022-08-07T114845-345_jpg.rf.EXx33l6MudTBmkxakSS7.jpg,3,496,468,489,464,14,9,126,0.5726,0.38,0.5386,1.0,0.511,0.4048,510.95
images---2022-08-07T114845-345_jpg.rf.EXx33l6MudTBmkxakSS7.jpg,4,301,451,289,442,25,19,475,0.578,0.4,0.5113,1.0,0.59,0.4446,589.96
images---2022-08-07T114845-345_jpg.rf.EXx33l6MudTBmkxakSS7.jpg,5,5,414,0,402,10,24,240,0.5316,0.37,0.5275,0.9983,0.1783,0.1997,178.31
images---2022-08-07T114845-345_jpg.rf.EXx33l6MudTBmkxakSS7.jpg,6,339,360,331,352,17,16,272,0.6,0.4,0.5362,1.0,0.7229,0.3042,722.86
images---2022-08-07T114845-345_jpg.rf.EXx33l6MudTBmkxakSS7.jpg,7,446,198,439,192,15,12,180,0.5394,0.37,0.5087,1.0,0.3182,0.3241,318.16
images---2022-08-07T114845-345_jpg.rf.EXx33l6MudTBmkxakSS7.jpg,8,502,166,492,152,20,28,560,0.5214,0.37,0.5076,1.0,0.1422,0.2231,142.22
images---2022-08-07T114845-345_jpg.rf.EXx33l6MudTBmkxakSS7.jpg,9,380,142,375,135,10,14,140,0.5886,0.53,0.5258,1.0,0.1911,0.4126,191.09
images---2022-08-07T114845-345_jpg.rf.EXx33l6MudTBmkxakSS7.jpg,10,506,134,501,122,11,24,264,0.539,0.4,0.5193,1.0,0.1726,0.3497,172.64
images---2022-08-07T114845-345_jpg.rf.EXx33l6MudTBmkxakSS7.jpg,11,467,129,461,119,12,21,252,0.5372,0.37,0.5467,1.0,0.1639,0.3598,163.89
images---2022-08-07T114845-345_jpg.rf.EXx33l6MudTBmkxakSS7.jpg,12,403,98,395,93,16,11,176,0.6149,0.56,0.5668,1.0,0.2053,0.323,205.3
images---2022-08-07T114845-345_jpg.rf.EXx33l6MudTBmkxakSS7.jpg,13,501,75,490,68,22,15,330,0.5315,0.36,0.4983,1.0,0.3109,0.3214,310.9
images---2022-08-07T114845-345_jpg.rf.EXx33l6MudTBmkxakSS7.jpg,14,404,62,398,55,13,15,195,0.5275,0.36,0.5243,1.0,0.1803,0.3126,180.33
images---2022-08-07T114845-495_jpg.rf.EJVQBQvH6FFNaKCnBEcH.jpg,1,325,364,270,276,110,176,19360,0.5239,0.29,0.5181,1.0,0.4108,0.3253,410.79
images---2022-08-07T114845-495_jpg.rf.EJVQBQvH6FFNaKCnBEcH.jpg,2,376,55,365,46,22,19,418,0.528,0.45,0.5181,0.778,0.3357,0.1556,335.67
images---2022-08-07T114845-526_jpg.rf.Mvo1mRZzM7kw0Ro3pTyM.jpg,1,254,507,248,502,13,10,130,0.5228,0.37,0.469,1.0,0.2917,0.4625,291.74
images---2022-08-07T114845-526_jpg.rf.Mvo1mRZzM7kw0Ro3pTyM.jpg,2,291,469,271,446,40,46,1840,0.5814,0.41,0.5206,1.0,0.5567,0.4009,556.68
images---2022-08-07T114845-526_jpg.rf.Mvo1mRZzM7kw0Ro3pTyM.jpg,3,39,435,35,426,9,18,162,0.5283,0.38,0.4826,1.0,0.2637,0.2063,263.72
images---2022-08-07T114845-526_jpg.rf.Mvo1mRZzM7kw0Ro3pTyM.jpg,4,7,410,0,396,14,29,406,0.5401,0.38,0.5348,1.0,0.1991,0.2659,199.1
images---2022-08-07T114845-526_jpg.rf.Mvo1mRZzM7kw0Ro3pTyM.jpg,5,62,375,58,370,8,11,88,0.5436,0.35,0.56,0.9891,0.2731,0.1978,273.1
images---2022-08-07T114845-526_jpg.rf.Mvo1mRZzM7kw0Ro3pTyM.jpg,6,11,203,0,195,22,16,352,0.6227,0.59,0.5475,1.0,0.2461,0.3597,246.08
images---2022-08-07T114845-526_jpg.rf.Mvo1mRZzM7kw0Ro3pTyM.jpg,7,313,154,305,130,17,48,816,0.5599,0.34,0.512,1.0,0.6171,0.2299,617.13
images---2022-08-07T114845-526_jpg.rf.Mvo1mRZzM7kw0Ro3pTyM.jpg,8,281,40,265,14,33,52,1716,0.6165,0.55,0.4777,1.0,0.5676,0.3059,567.63
images---2022-08-07T114845-622_jpg.rf.Dh6FQ2nVOfL72L6T202t.jpg,1,157,286,131,270,53,33,1749,0.5904,0.59,0.4671,0.9812,0.2413,0.1962,241.29
images---2022-08-07T114845-622_jpg.rf.Dh6FQ2nVOfL72L6T202t.jpg,2,192,126,184,118,16,16,256,0.6181,0.4,0.5089,1.0,1.0,0.2015,1099.17
images---2022-08-07T114845-622_jpg.rf.Dh6FQ2nVOfL72L6T202t.jpg,3,226,71,221,65,10,13,130,0.5333,0.45,0.524,0.9364,0.051,0.1873,50.98
images---2022-08-07T114845-806_jpg.rf.Hq9bUwmQKokr9maK4pMu.jpg,1,25,503,19,494,12,18,216,0.4861,0.5,0.4968,0.6337,0.1052,0.1267,105.23
images---2022-08-07T114845-806_jpg.rf.Hq9bUwmQKokr9maK4pMu.jpg,2,286,502,275,493,23,19,437,0.5998,0.59,0.53,1.0,0.0779,0.416,77.93
images---2022-08-07T114845-806_jpg.rf.Hq9bUwmQKokr9maK4pMu.jpg,3,7,482,0,472,15,21,315,0.5955,0.58,0.5169,1.0,0.1161,0.2107,116.15
images---2022-08-07T114845-806_jpg.rf.Hq9bUwmQKokr9maK4pMu.jpg,4,37,416,31,410,12,12,144,0.5856,0.6,0.4624,0.9983,0.1409,0.1997,140.87
images---2022-08-07T114845-806_jpg.rf.Hq9bUwmQKokr9maK4pMu.jpg,5,455,448,418,384,74,128,9472,0.5829,0.5,0.5749,1.0,0.0667,0.472,66.68
images---2022-08-07T114845-806_jpg.rf.Hq9bUwmQKokr9maK4pMu.jpg,6,427,385,421,380,13,11,143,0.5172,0.38,0.5311,0.9739,0.0351,0.1948,35.12
images---2022-08-07T114845-806_jpg.rf.Hq9bUwmQKokr9maK4pMu.jpg,7,312,377,300,363,24,29,696,0.5166,0.47,0.5576,0.7588,0.0515,0.1518,51.48
images---2022-08-07T114845-806_jpg.rf.Hq9bUwmQKokr9maK4pMu.jpg,8,137,367,112,342,50,50,2500,0.5673,0.46,0.5723,1.0,0.0601,0.2263,60.09
images---2022-08-07T114845-806_jpg.rf.Hq9bUwmQKokr9maK4pMu.jpg,9,23,354,14,342,18,25,450,0.591,0.56,0.5515,0.9685,0.0833,0.1937,83.27
images---2022-08-07T114845-838_jpg.rf.VsXz7PpFbFSPvPRCTlfW.jpg,1,204,411,198,406,12,11,132,0.6377,0.54,0.5193,1.0,0.6698,0.2428,669.76
images---2022-08-07T114845-838_jpg.rf.VsXz7PpFbFSPvPRCTlfW.jpg,2,365,383,357,377,16,12,192,0.4765,0.55,0.5366,0.3423,0.277,0.0685,277.01
images---2022-08-07T114845-838_jpg.rf.VsXz7PpFbFSPvPRCTlfW.jpg,3,320,276,315,270,11,12,132,0.6832,0.57,0.5365,1.0,0.959,0.2391,959.01
images---2022-08-07T114845-867_jpg.rf.Fs0LFPaqF4hglYp4lOKa.jpg,1,292,42,268,24,49,36,1764,0.4829,0.27,0.5801,0.7616,0.3305,0.1523,330.46
images---2022-08-07T114845-931_jpg.rf.Cituu3pKaqHdUuQrtb12.jpg,1,81,310,76,302,10,17,170,0.5836,0.55,0.5115,1.0,0.1209,0.326,120.87
images---2022-08-07T114845-931_jpg.rf.Cituu3pKaqHdUuQrtb12.jpg,2,271,157,263,150,17,14,238,0.4997,0.21,0.538,1.0,0.3788,0.3939,378.76
images---2022-08-07T114845-931_jpg.rf.Cituu3pKaqHdUuQrtb12.jpg,3,230,96,225,89,11,14,154,0.5312,0.27,0.5697,1.0,0.3727,0.4047,372.68
images---2022-08-07T114845-995_jpg.rf.chVetiZ1KnAAVM3CwvtX.jpg,1,387,158,382,151,11,15,165,0.4926,0.26,0.5793,0.8696,0.2496,0.1739,249.64
images---2022-08-07T114846-056_jpg.rf.NsCKTpNY3C9dRpj90rg8.jpg,1,116,462,111,446,11,32,352,0.6104,0.54,0.5773,1.0,0.1932,0.3923,193.16
images---2022-08-07T114846-056_jpg.rf.NsCKTpNY3C9dRpj90rg8.jpg,2,487,418,483,409,9,18,162,0.5483,0.38,0.5583,1.0,0.1991,0.2413,199.13
images---2022-08-07T114846-056_jpg.rf.NsCKTpNY3C9dRpj90rg8.jpg,3,262,394,259,387,7,14,98,0.6487,0.59,0.5632,1.0,0.4504,0.2126,450.45
images---2022-08-07T114846-056_jpg.rf.NsCKTpNY3C9dRpj90rg8.jpg,4,392,378,388,368,9,20,180,0.6256,0.55,0.5447,1.0,0.4242,0.2292,424.21
images---2022-08-07T114846-056_jpg.rf.NsCKTpNY3C9dRpj90rg8.jpg,5,14,367,0,346,29,42,1218,0.6421,0.59,0.5715,1.0,0.3553,0.354,355.34
images---2022-08-07T114846-056_jpg.rf.NsCKTpNY3C9dRpj90rg8.jpg,6,314,333,309,311,10,44,440,0.6382,0.57,0.4681,1.0,0.748,0.2938,748.05
images---2022-08-07T114846-056_jpg.rf.NsCKTpNY3C9dRpj90rg8.jpg,7,267,327,263,303,9,49,441,0.6421,0.55,0.548,1.0,0.578,0.2217,578.02
images---2022-08-07T114846-056_jpg.rf.NsCKTpNY3C9dRpj90rg8.jpg,8,30,305,24,287,12,36,432,0.5597,0.48,0.5105,1.0,0.1301,0.2413,130.11
images---2022-08-07T114846-056_jpg.rf.NsCKTpNY3C9dRpj90rg8.jpg,9,62,284,53,259,19,50,950,0.6054,0.37,0.5472,1.0,0.8443,0.3809,844.32
images---2022-08-07T114846-056_jpg.rf.NsCKTpNY3C9dRpj90rg8.jpg,10,155,30,122,0,66,60,3960,0.4544,0.17,0.5543,1.0,0.0092,0.4277,9.24
images---2022-08-07T114846-056_jpg.rf.NsCKTpNY3C9dRpj90rg8.jpg,11,90,71,51,0,78,143,11154,0.4685,0.27,0.4919,1.0,0.0187,0.354,18.68
images---2022-08-07T114846-089_jpg.rf.3MLKM6hc7rm098uZcGFn.jpg,1,453,498,403,485,100,27,2700,0.5039,0.29,0.4658,1.0,0.3933,0.4581,393.26
images---2022-08-07T114846-089_jpg.rf.3MLKM6hc7rm098uZcGFn.jpg,2,149,400,143,392,13,16,208,0.5564,0.61,0.5546,0.5143,0.4592,0.1029,459.22
images---2022-08-07T114846-089_jpg.rf.3MLKM6hc7rm098uZcGFn.jpg,3,95,327,89,321,12,13,156,0.5663,0.36,0.5866,1.0,0.3495,0.21,349.5
images---2022-08-07T114846-089_jpg.rf.3MLKM6hc7rm098uZcGFn.jpg,4,494,245,476,217,36,56,2016,0.5281,0.27,0.582,1.0,0.2993,0.2311,299.28
images---2022-08-07T114846-148_jpg.rf.gmYyMpWdIVAqNHV3CFqy.jpg,1,91,302,82,281,19,43,817,0.6261,0.37,0.6119,1.0,0.8238,0.3419,823.8
images---2022-08-07T114846-148_jpg.rf.gmYyMpWdIVAqNHV3CFqy.jpg,2,80,265,69,257,22,16,352,0.6631,0.55,0.5826,1.0,0.6667,0.5693,666.7
images---2022-08-07T114846-148_jpg.rf.gmYyMpWdIVAqNHV3CFqy.jpg,3,20,226,11,216,18,21,378,0.4508,0.26,0.4951,0.596,0.6737,0.1192,673.75
images---2022-08-07T114846-148_jpg.rf.gmYyMpWdIVAqNHV3CFqy.jpg,4,92,177,70,121,45,113,5085,0.5262,0.37,0.4483,1.0,0.3975,0.3648,397.46
images---2022-08-07T114846-179_jpg.rf.VVyxXDB39MVyr6Yz28ZE.jpg,1,506,227,501,213,11,28,308,0.6254,0.59,0.5688,1.0,0.1977,0.2279,197.68
images---2022-08-07T114846-179_jpg.rf.VVyxXDB39MVyr6Yz28ZE.jpg,2,493,169,488,161,10,16,160,0.5231,0.45,0.5187,0.9091,0.0222,0.1818,22.24
images---2022-08-07T114846-179_jpg.rf.VVyxXDB39MVyr6Yz28ZE.jpg,3,170,115,164,111,13,8,104,0.5024,0.34,0.5227,0.94,0.1242,0.188,124.18
images---2022-08-07T114846-241_jpg.rf.pIx5rxiLpzYTn7bIGXLt.jpg,1,421,222,411,206,21,33,693,0.5422,0.29,0.5858,0.9394,0.478,0.1879,478.04
images---2022-08-07T114846-241_jpg.rf.pIx5rxiLpzYTn7bIGXLt.jpg,2,387,150,346,102,82,97,7954,0.4976,0.2,0.6046,1.0,0.1598,0.368,159.78
images---2022-08-07T114846-336_jpg.rf.iRmSwzZOkExYn72UI2E7.jpg,1,227,90,212,55,31,71,2201,0.5689,0.38,0.5836,1.0,0.3158,0.4853,315.81
images---2022-08-07T114846-336_jpg.rf.iRmSwzZOkExYn72UI2E7.jpg,2,280,47,274,43,13,8,104,0.4846,0.36,0.4943,0.88,0.0964,0.176,96.37
images---2022-08-07T114846-399_jpg.rf.WwN1uUeyWxScJdW4ao95.jpg,1,479,446,447,416,65,60,3900,0.4722,0.23,0.5433,1.0,0.0154,0.2551,15.42
images---2022-08-07T114846-399_jpg.rf.WwN1uUeyWxScJdW4ao95.jpg,2,15,460,0,408,30,104,3120,0.4559,0.23,0.5004,1.0,0.0027,0.9462,2.68
images---2022-08-07T114846-399_jpg.rf.WwN1uUeyWxScJdW4ao95.jpg,3,474,345,454,336,40,18,720,0.5124,0.4,0.5281,0.8846,0.1064,0.1769,106.39
images---2022-08-07T114846-399_jpg.rf.WwN1uUeyWxScJdW4ao95.jpg,4,504,335,497,330,15,11,165,0.5375,0.43,0.513,1.0,0.0743,0.2195,74.31
images---2022-08-07T114846-399_jpg.rf.WwN1uUeyWxScJdW4ao95.jpg,5,9,223,0,204,18,38,684,0.4921,0.34,0.4938,1.0,0.0029,0.6467,2.93
images---2022-08-07T114846-459_jpg.rf.1UFgvvLrKNNruefUBB2h.jpg,1,383,506,366,500,35,12,420,0.6113,0.39,0.4995,1.0,1.0,0.3132,1546.73
images---2022-08-07T114846-459_jpg.rf.1UFgvvLrKNNruefUBB2h.jpg,2,259,504,240,497,39,15,585,0.7019,0.62,0.5283,1.0,1.0,0.3828,1906.7
images---2022-08-07T114846-459_jpg.rf.1UFgvvLrKNNruefUBB2h.jpg,3,131,500,125,494,13,13,169,0.7005,0.62,0.5244,1.0,1.0,0.3667,1556.93
images---2022-08-07T114846-459_jpg.rf.1UFgvvLrKNNruefUBB2h.jpg,4,447,498,440,493,14,10,140,0.7097,0.62,0.5504,1.0,1.0,0.2727,1136.87
images---2022-08-07T114846-459_jpg.rf.1UFgvvLrKNNruefUBB2h.jpg,5,254,488,246,480,16,16,256,0.7102,0.62,0.5521,1.0,1.0,0.4043,1845.86
images---2022-08-07T114846-459_jpg.rf.1UFgvvLrKNNruefUBB2h.jpg,6,174,495,145,479,58,33,1914,0.6447,0.44,0.545,1.0,1.0,0.344,1477.61
images---2022-08-07T114846-459_jpg.rf.1UFgvvLrKNNruefUBB2h.jpg,7,455,474,444,462,22,24,528,0.7012,0.62,0.5263,1.0,1.0,0.2663,1169.05
images---2022-08-07T114846-459_jpg.rf.1UFgvvLrKNNruefUBB2h.jpg,8,340,485,313,459,54,53,2862,0.6909,0.59,0.527,1.0,1.0,0.3585,1365.63
images---2022-08-07T114846-459_jpg.rf.1UFgvvLrKNNruefUBB2h.jpg,9,295,482,280,459,30,47,1410,0.704,0.61,0.5442,1.0,1.0,0.4157,1461.22
images---2022-08-07T114846-459_jpg.rf.1UFgvvLrKNNruefUBB2h.jpg,10,121,467,110,459,23,16,368,0.6366,0.41,0.5516,1.0,1.0,0.2918,1854.03
images---2022-08-07T114846-459_jpg.rf.1UFgvvLrKNNruefUBB2h.jpg,11,280,459,275,454,11,11,121,0.7017,0.62,0.5278,1.0,1.0,0.3043,1790.3
images---2022-08-07T114846-459_jpg.rf.1UFgvvLrKNNruefUBB2h.jpg,12,82,427,51,406,62,42,2604,0.6892,0.59,0.5219,1.0,1.0,0.261,1335.61
images---2022-08-07T114846-459_jpg.rf.1UFgvvLrKNNruefUBB2h.jpg,13,443,412,424,395,39,35,1365,0.6903,0.61,0.5052,1.0,1.0,0.3083,1104.12
images---2022-08-07T114846-459_jpg.rf.1UFgvvLrKNNruefUBB2h.jpg,14,149,404,118,367,62,75,4650,0.6254,0.4,0.5297,1.0,1.0,0.4843,1697.2
images---2022-08-07T114846-459_jpg.rf.1UFgvvLrKNNruefUBB2h.jpg,15,474,373,467,362,14,23,322,0.6224,0.43,0.4911,1.0,1.0,0.3451,2050.3
images---2022-08-07T114846-459_jpg.rf.1UFgvvLrKNNruefUBB2h.jpg,16,120,356,109,348,23,17,391,0.7019,0.6,0.5483,1.0,1.0,0.3842,1092.65
images---2022-08-07T114846-459_jpg.rf.1UFgvvLrKNNruefUBB2h.jpg,17,357,301,350,296,15,10,150,0.6115,0.4,0.4899,1.0,1.0,0.367,2143.02
images---2022-08-07T114846-459_jpg.rf.1UFgvvLrKNNruefUBB2h.jpg,18,192,316,172,290,41,52,2132,0.6811,0.6,0.4888,1.0,1.0,0.4169,1112.59
images---2022-08-07T114846-459_jpg.rf.1UFgvvLrKNNruefUBB2h.jpg,19,220,282,211,272,19,20,380,0.6887,0.59,0.5206,1.0,1.0,0.4304,1495.9
images---2022-08-07T114846-459_jpg.rf.1UFgvvLrKNNruefUBB2h.jpg,20,160,260,153,255,15,10,150,0.6275,0.61,0.4716,1.0,0.4894,0.2205,489.45
images---2022-08-07T114846-459_jpg.rf.1UFgvvLrKNNruefUBB2h.jpg,21,429,264,417,252,25,25,625,0.6233,0.41,0.5138,1.0,1.0,0.3974,2077.21
images---2022-08-07T114846-459_jpg.rf.1UFgvvLrKNNruefUBB2h.jpg,22,233,251,222,241,23,20,460,0.6791,0.6,0.4832,1.0,1.0,0.4196,1000.81
images---2022-08-07T114846-459_jpg.rf.1UFgvvLrKNNruefUBB2h.jpg,23,106,236,98,231,17,11,187,0.628,0.61,0.4544,1.0,0.5546,0.2699,554.63
images---2022-08-07T114846-459_jpg.rf.1UFgvvLrKNNruefUBB2h.jpg,24,294,232,288,225,13,14,182,0.692,0.62,0.5,1.0,1.0,0.2338,1248.81
images---2022-08-07T114846-459_jpg.rf.1UFgvvLrKNNruefUBB2h.jpg,25,367,254,333,221,69,67,4623,0.6162,0.4,0.5033,1.0,1.0,0.4748,1170.74
images---2022-08-07T114846-459_jpg.rf.1UFgvvLrKNNruefUBB2h.jpg,26,504,227,496,220,16,15,240,0.6044,0.4,0.4696,1.0,1.0,0.3704,2513.29
images---2022-08-07T114846-459_jpg.rf.1UFgvvLrKNNruefUBB2h.jpg,27,455,210,439,197,33,26,858,0.6083,0.39,0.4909,1.0,1.0,0.3181,1143.45
images---2022-08-07T114846-459_jpg.rf.1UFgvvLrKNNruefUBB2h.jpg,28,501,191,491,176,21,31,651,0.6801,0.61,0.5031,1.0,0.9056,0.329,905.59
images---2022-08-07T114846-520_jpg.rf.z46qy9J2rRU10WOcvuED.jpg,1,464,478,437,445,54,67,3618,0.5741,0.48,0.5674,1.0,0.0756,0.2866,75.64
images---2022-08-07T114846-520_jpg.rf.z46qy9J2rRU10WOcvuED.jpg,2,36,348,22,334,29,29,841,0.4953,0.33,0.4796,1.0,0.1192,0.4842,119.17
images---2022-08-07T114846-520_jpg.rf.z46qy9J2rRU10WOcvuED.jpg,3,25,291,19,285,12,12,144,0.4581,0.25,0.4767,1.0,0.037,0.2812,37.03
images---2022-08-07T114846-520_jpg.rf.z46qy9J2rRU10WOcvuED.jpg,4,477,28,443,0,69,56,3864,0.4559,0.15,0.5786,1.0,0.0093,0.4751,9.27
images---2022-08-07T114846-549_jpg.rf.AWtQZRDg1sUE4iCBWSIP.jpg,1,433,305,389,287,89,37,3293,0.4893,0.21,0.603,1.0,0.0479,0.2015,47.92
images---2022-08-07T114846-579_jpg.rf.g7SmzIuS0PFIy0w7tPHY.jpg,1,317,501,308,496,19,11,209,0.4853,0.26,0.4989,0.7405,0.7161,0.1481,716.12
images---2022-08-07T114846-579_jpg.rf.g7SmzIuS0PFIy0w7tPHY.jpg,2,216,499,208,486,17,26,442,0.536,0.24,0.4705,0.9806,0.9125,0.1961,912.46
images---2022-08-07T114846-579_jpg.rf.g7SmzIuS0PFIy0w7tPHY.jpg,3,353,467,344,455,19,24,456,0.5053,0.26,0.5171,0.7482,0.8372,0.1496,837.22
images---2022-08-07T114846-579_jpg.rf.g7SmzIuS0PFIy0w7tPHY.jpg,4,55,347,43,329,25,36,900,0.5765,0.32,0.4699,1.0,1.0,0.2393,1973.91
images---2022-08-07T114846-579_jpg.rf.g7SmzIuS0PFIy0w7tPHY.jpg,5,104,246,95,242,18,8,144,0.5675,0.26,0.5042,1.0,1.0,0.2,1319.43
images---2022-08-07T114846-579_jpg.rf.g7SmzIuS0PFIy0w7tPHY.jpg,6,506,234,500,226,12,16,192,0.5735,0.35,0.5167,1.0,0.7015,0.3433,701.5
images---2022-08-07T114846-579_jpg.rf.g7SmzIuS0PFIy0w7tPHY.jpg,7,120,212,114,206,12,13,156,0.5266,0.26,0.4866,0.9,0.8528,0.18,852.84
images---2022-08-07T114846-640_jpg.rf.GPr56y51zwXLGN0Zo9Ba.jpg,1,48,396,28,387,41,18,738,0.542,0.39,0.5784,1.0,0.0309,0.2396,30.91
images---2022-08-07T114846-640_jpg.rf.GPr56y51zwXLGN0Zo9Ba.jpg,2,390,393,382,386,17,14,238,0.4826,0.31,0.4953,1.0,0.0076,0.3236,7.65
images---2022-08-07T114846-640_jpg.rf.GPr56y51zwXLGN0Zo9Ba.jpg,3,168,387,160,366,16,43,688,0.4971,0.35,0.501,0.987,0.0187,0.1974,18.67
images---2022-08-07T114846-640_jpg.rf.GPr56y51zwXLGN0Zo9Ba.jpg,4,66,248,60,237,12,22,264,0.4504,0.34,0.5064,0.7659,0.0095,0.1532,9.5
images---2022-08-07T114846-640_jpg.rf.GPr56y51zwXLGN0Zo9Ba.jpg,5,311,270,297,234,28,72,2016,0.4771,0.32,0.4691,1.0,0.0089,0.4821,8.95
images---2022-08-07T114846-640_jpg.rf.GPr56y51zwXLGN0Zo9Ba.jpg,6,10,230,0,217,21,27,567,0.4853,0.32,0.4943,1.0,0.0035,0.3096,3.54
images---2022-08-07T114846-640_jpg.rf.GPr56y51zwXLGN0Zo9Ba.jpg,7,105,229,90,216,30,26,780,0.4884,0.32,0.4999,1.0,0.0138,0.3365,13.82
images---2022-08-07T114846-640_jpg.rf.GPr56y51zwXLGN0Zo9Ba.jpg,8,23,198,18,193,11,11,121,0.4794,0.3,0.4956,1.0,0.01,0.3856,9.98
images---2022-08-07T114846-640_jpg.rf.GPr56y51zwXLGN0Zo9Ba.jpg,9,88,167,65,138,47,59,2773,0.4918,0.3,0.5297,1.0,0.014,0.4949,14.0
images---2022-08-07T114846-640_jpg.rf.GPr56y51zwXLGN0Zo9Ba.jpg,10,122,127,114,107,16,40,640,0.4866,0.25,0.5154,1.0,0.187,0.362,186.97
images---2022-08-07T114846-640_jpg.rf.GPr56y51zwXLGN0Zo9Ba.jpg,11,89,106,79,100,20,12,240,0.4795,0.3,0.4972,1.0,0.0045,0.3477,4.51
images---2022-08-07T114846-640_jpg.rf.GPr56y51zwXLGN0Zo9Ba.jpg,12,301,63,296,49,10,28,280,0.5619,0.45,0.5326,1.0,0.18,0.3182,180.01
images---2022-08-07T114846-640_jpg.rf.GPr56y51zwXLGN0Zo9Ba.jpg,13,268,49,263,34,11,31,341,0.4745,0.26,0.5078,1.0,0.0575,0.3549,57.47
images---2022-08-07T114846-640_jpg.rf.GPr56y51zwXLGN0Zo9Ba.jpg,14,137,54,124,28,26,52,1352,0.4876,0.28,0.5149,1.0,0.0937,0.2755,93.66
images---2022-08-07T114846-671_jpg.rf.vL3N1qZj464KcC01MKOv.jpg,1,73,497,50,482,46,30,1380,0.5429,0.38,0.5556,1.0,0.154,0.317,154.04
images---2022-08-07T114846-671_jpg.rf.vL3N1qZj464KcC01MKOv.jpg,2,440,491,429,477,23,28,644,0.6755,0.61,0.6076,1.0,0.4937,0.3236,493.72
images---2022-08-07T114846-701_jpg.rf.VuPhFyKh1fo1n8DKqx6Z.jpg,1,481,403,475,398,13,10,130,0.4797,0.26,0.5106,0.6545,0.7904,0.1309,790.41
images---2022-08-07T114846-701_jpg.rf.VuPhFyKh1fo1n8DKqx6Z.jpg,2,281,210,273,206,16,8,128,0.4685,0.26,0.5179,0.6429,0.6768,0.1286,676.79
images---2022-08-07T114846-701_jpg.rf.VuPhFyKh1fo1n8DKqx6Z.jpg,3,325,200,315,193,21,14,294,0.5468,0.27,0.4351,1.0,1.0,0.2121,1654.95
images---2022-08-07T114846-761_jpg.rf.XHtoImiOVxz1CKUW6UcJ.jpg,1,419,253,386,207,66,92,6072,0.5097,0.31,0.5248,1.0,0.1756,0.5556,175.59
images---2022-08-07T114846-761_jpg.rf.XHtoImiOVxz1CKUW6UcJ.jpg,2,102,189,85,178,35,22,770,0.5564,0.28,0.6303,1.0,0.378,0.2797,377.98
images---2022-08-07T114846-761_jpg.rf.XHtoImiOVxz1CKUW6UcJ.jpg,3,503,177,495,152,17,50,850,0.498,0.22,0.5582,1.0,0.2568,0.5561,256.76
images---2022-08-07T114846-761_jpg.rf.XHtoImiOVxz1CKUW6UcJ.jpg,4,500,121,489,105,23,32,736,0.4769,0.22,0.4952,1.0,0.2654,0.6191,265.37
images---2022-08-07T114846-853_jpg.rf.U9qtq0TMP3gakm6Kfqfc.jpg,1,495,382,490,378,11,9,99,0.4678,0.25,0.4998,1.0,0.0542,0.2505,54.18
images---2022-08-07T114846-853_jpg.rf.U9qtq0TMP3gakm6Kfqfc.jpg,2,32,339,24,333,17,13,221,0.5161,0.33,0.5283,1.0,0.1571,0.2138,157.1
images---2022-08-07T114846-913_jpg.rf.1DItJ7sjmY2sM4Q8yJXT.jpg,1,227,429,218,414,19,30,570,0.5653,0.53,0.4487,1.0,0.2277,0.3356,227.7
images---2022-08-07T114846-913_jpg.rf.1DItJ7sjmY2sM4Q8yJXT.jpg,2,344,411,332,388,24,47,1128,0.5568,0.31,0.6037,1.0,0.37,0.2434,370.0
images---2022-08-07T114846-913_jpg.rf.1DItJ7sjmY2sM4Q8yJXT.jpg,3,168,381,159,377,18,8,144,0.5955,0.46,0.5364,1.0,0.4676,0.2433,467.57
images---2022-08-07T114846-913_jpg.rf.1DItJ7sjmY2sM4Q8yJXT.jpg,4,260,385,245,363,31,45,1395,0.4946,0.31,0.4973,0.9853,0.1494,0.1971,149.35
images---2022-08-07T114846-943_jpg.rf.QsqVEUZOpLpuBBerzK5T.jpg,1,500,502,488,492,24,20,480,0.6159,0.6,0.5306,1.0,0.202,0.5705,202.0
images---2022-08-07T114846-943_jpg.rf.QsqVEUZOpLpuBBerzK5T.jpg,2,360,497,356,491,9,13,117,0.61,0.6,0.5007,1.0,0.2478,0.5257,247.84
images---2022-08-07T114846-943_jpg.rf.QsqVEUZOpLpuBBerzK5T.jpg,3,506,474,500,466,12,16,192,0.6474,0.62,0.515,1.0,0.5009,0.5615,500.91
images---2022-08-07T114846-943_jpg.rf.QsqVEUZOpLpuBBerzK5T.jpg,4,336,465,326,457,21,16,336,0.5852,0.6,0.5186,0.8225,0.2921,0.1645,292.13
images---2022-08-07T114846-943_jpg.rf.QsqVEUZOpLpuBBerzK5T.jpg,5,324,436,320,429,8,15,120,0.6224,0.61,0.5024,1.0,0.3304,0.2963,330.44
images---2022-08-07T114846-943_jpg.rf.QsqVEUZOpLpuBBerzK5T.jpg,6,457,439,449,425,16,29,464,0.6442,0.57,0.5514,1.0,0.5172,0.2413,517.17
images---2022-08-07T114846-943_jpg.rf.QsqVEUZOpLpuBBerzK5T.jpg,7,297,429,290,425,15,9,135,0.6248,0.61,0.507,1.0,0.3387,0.291,338.7
images---2022-08-07T114846-943_jpg.rf.QsqVEUZOpLpuBBerzK5T.jpg,8,442,411,434,406,17,10,170,0.6486,0.61,0.5067,1.0,0.5771,0.2006,577.08
images---2022-08-07T114846-943_jpg.rf.QsqVEUZOpLpuBBerzK5T.jpg,9,304,409,297,402,15,14,210,0.6783,0.62,0.5515,1.0,0.6831,0.4003,683.12
images---2022-08-07T114846-943_jpg.rf.QsqVEUZOpLpuBBerzK5T.jpg,10,275,400,267,392,16,16,256,0.5652,0.37,0.5136,1.0,0.5598,0.4847,559.76
images---2022-08-07T114846-943_jpg.rf.QsqVEUZOpLpuBBerzK5T.jpg,11,195,378,192,372,7,12,84,0.6499,0.61,0.5136,1.0,0.5665,0.3202,566.45
images---2022-08-07T114846-943_jpg.rf.QsqVEUZOpLpuBBerzK5T.jpg,12,320,366,304,357,32,18,576,0.6134,0.58,0.5031,1.0,0.3434,0.3015,343.42
images---2022-08-07T114846-943_jpg.rf.QsqVEUZOpLpuBBerzK5T.jpg,13,62,358,56,346,13,24,312,0.5935,0.53,0.5242,1.0,0.2452,0.4922,245.16
images---2022-08-07T114846-943_jpg.rf.QsqVEUZOpLpuBBerzK5T.jpg,14,417,328,388,309,59,38,2242,0.6552,0.6,0.5579,1.0,0.499,0.3406,499.0
images---2022-08-07T114846-943_jpg.rf.QsqVEUZOpLpuBBerzK5T.jpg,15,120,252,115,247,11,10,110,0.5496,0.41,0.5247,1.0,0.2249,0.334,224.88
images---2022-08-07T114846-943_jpg.rf.QsqVEUZOpLpuBBerzK5T.jpg,16,102,237,96,232,13,10,130,0.6258,0.6,0.5437,1.0,0.2549,0.3455,254.91
images---2022-08-07T114846-943_jpg.rf.QsqVEUZOpLpuBBerzK5T.jpg,17,121,195,111,185,21,20,420,0.5393,0.29,0.5836,1.0,0.3358,0.5843,335.78
images---2022-08-07T114846-943_jpg.rf.QsqVEUZOpLpuBBerzK5T.jpg,18,436,109,427,98,18,22,396,0.6119,0.59,0.5183,1.0,0.2397,0.6216,239.7
images---2022-08-07T114846-943_jpg.rf.QsqVEUZOpLpuBBerzK5T.jpg,19,368,102,354,93,28,19,532,0.5719,0.42,0.5479,1.0,0.3311,0.4847,331.07
images---2022-08-07T114846-943_jpg.rf.QsqVEUZOpLpuBBerzK5T.jpg,20,450,76,443,66,15,21,315,0.6202,0.61,0.5046,1.0,0.3003,0.532,300.29
images---2022-08-07T114846-943_jpg.rf.QsqVEUZOpLpuBBerzK5T.jpg,21,405,78,398,66,14,24,336,0.5393,0.41,0.5185,1.0,0.1429,0.4872,142.86
images---2022-08-07T114846-943_jpg.rf.QsqVEUZOpLpuBBerzK5T.jpg,22,203,70,193,53,21,35,735,0.5281,0.38,0.5062,1.0,0.1793,0.4094,179.29
images---2022-08-07T114846-943_jpg.rf.QsqVEUZOpLpuBBerzK5T.jpg,23,407,53,402,48,11,11,121,0.5103,0.35,0.4913,1.0,0.1583,0.4461,158.3
images---2022-08-07T114846-943_jpg.rf.QsqVEUZOpLpuBBerzK5T.jpg,24,293,53,287,48,13,11,143,0.5247,0.38,0.4887,1.0,0.2065,0.6017,206.55
images---2022-08-07T114846-943_jpg.rf.QsqVEUZOpLpuBBerzK5T.jpg,25,69,52,62,44,14,16,224,0.6191,0.57,0.5643,1.0,0.221,0.5783,221.05
images---2022-08-07T114846-943_jpg.rf.QsqVEUZOpLpuBBerzK5T.jpg,26,344,42,336,25,16,34,544,0.6116,0.58,0.5395,1.0,0.1972,0.4348,197.18
images---2022-08-07T114846-943_jpg.rf.QsqVEUZOpLpuBBerzK5T.jpg,27,442,31,421,13,43,36,1548,0.5351,0.41,0.4872,1.0,0.2112,0.4299,211.24
images---2022-08-07T114846-943_jpg.rf.QsqVEUZOpLpuBBerzK5T.jpg,28,502,4,493,0,19,8,152,0.5141,0.36,0.5049,1.0,0.1141,0.5,114.07
images---2022-08-07T114846-943_jpg.rf.QsqVEUZOpLpuBBerzK5T.jpg,29,408,13,393,0,30,26,780,0.5675,0.38,0.5576,1.0,0.393,0.2887,393.0
images---2022-08-07T114847-002_jpg.rf.r2witrVdBGKUmeNaErGY.jpg,1,143,372,133,363,20,18,360,0.4901,0.3,0.519,1.0,0.0344,0.3594,34.45
images---2022-08-07T114847-002_jpg.rf.r2witrVdBGKUmeNaErGY.jpg,2,236,363,220,350,33,27,891,0.5112,0.35,0.5178,1.0,0.0743,0.2604,74.29
images---2022-08-07T114847-002_jpg.rf.r2witrVdBGKUmeNaErGY.jpg,3,314,348,302,325,25,47,1175,0.5326,0.42,0.5099,1.0,0.0717,0.2382,71.7
images---2022-08-07T114847-002_jpg.rf.r2witrVdBGKUmeNaErGY.jpg,4,356,330,341,321,31,18,558,0.4996,0.33,0.5178,1.0,0.0287,0.3496,28.72
images---2022-08-07T114847-002_jpg.rf.r2witrVdBGKUmeNaErGY.jpg,5,62,357,0,319,125,77,9625,0.5153,0.36,0.5261,1.0,0.0518,0.373,51.78
images---2022-08-07T114847-002_jpg.rf.r2witrVdBGKUmeNaErGY.jpg,6,458,294,447,252,22,85,1870,0.5497,0.35,0.5927,1.0,0.1971,0.3035,197.14
images---2022-08-07T114847-002_jpg.rf.r2witrVdBGKUmeNaErGY.jpg,7,413,273,402,240,22,66,1452,0.5445,0.43,0.5315,1.0,0.0796,0.2949,79.63
images---2022-08-07T114847-002_jpg.rf.r2witrVdBGKUmeNaErGY.jpg,8,184,273,170,236,29,74,2146,0.5572,0.38,0.5488,1.0,0.3208,0.2881,320.84
images---2022-08-07T114847-002_jpg.rf.r2witrVdBGKUmeNaErGY.jpg,9,405,208,398,199,14,19,266,0.4668,0.25,0.4787,1.0,0.1178,0.294,117.84
images---2022-08-07T114847-002_jpg.rf.r2witrVdBGKUmeNaErGY.jpg,10,404,180,397,172,15,17,255,0.4912,0.3,0.5018,1.0,0.1055,0.2312,105.46
images---2022-08-07T114847-126_jpg.rf.zC3rV4esWGmO5N4Cte5t.jpg,1,459,379,406,339,106,81,8586,0.5589,0.5,0.4378,1.0,0.3071,0.4034,307.13
images---2022-08-07T114847-126_jpg.rf.zC3rV4esWGmO5N4Cte5t.jpg,2,299,213,280,192,38,42,1596,0.5292,0.3,0.5758,1.0,0.2266,0.4874,226.59
images---2022-08-07T114847-156_jpg.rf.Q8mtztsF2V2wrTIg9fOb.jpg,1,463,357,438,333,50,49,2450,0.473,0.29,0.4717,1.0,0.0645,0.2314,64.53
images---2022-08-07T114847-156_jpg.rf.Q8mtztsF2V2wrTIg9fOb.jpg,2,385,316,373,303,25,27,675,0.4613,0.23,0.5129,1.0,0.0123,0.2987,12.28
images---2022-08-07T114847-156_jpg.rf.Q8mtztsF2V2wrTIg9fOb.jpg,3,477,299,468,293,18,12,216,0.4681,0.26,0.4987,1.0,0.0252,0.2042,25.19
images---2022-08-07T114847-156_jpg.rf.Q8mtztsF2V2wrTIg9fOb.jpg,4,453,263,441,256,24,15,360,0.4528,0.22,0.4986,1.0,0.0126,0.2078,12.65
images---2022-08-07T114847-156_jpg.rf.Q8mtztsF2V2wrTIg9fOb.jpg,5,212,268,205,250,15,37,555,0.5028,0.27,0.5343,1.0,0.2125,0.3122,212.5
images---2022-08-07T114847-188_jpg.rf.znIzMB3uLaOKbGpwoSAk.jpg,1,159,493,149,477,21,32,672,0.5211,0.4,0.5144,1.0,0.0103,0.2897,10.32
images---2022-08-07T114847-188_jpg.rf.znIzMB3uLaOKbGpwoSAk.jpg,2,97,381,84,375,27,13,351,0.5327,0.43,0.4901,1.0,0.107,0.5744,106.95
images---2022-08-07T114847-188_jpg.rf.znIzMB3uLaOKbGpwoSAk.jpg,3,201,197,186,184,31,26,806,0.5564,0.39,0.5205,1.0,0.3769,0.3354,376.93
images---2022-08-07T114847-188_jpg.rf.znIzMB3uLaOKbGpwoSAk.jpg,4,238,149,231,143,15,13,195,0.5648,0.37,0.5485,1.0,0.4333,0.283,433.28
images---2022-08-07T114847-188_jpg.rf.znIzMB3uLaOKbGpwoSAk.jpg,5,139,146,123,132,32,29,928,0.5237,0.37,0.4979,1.0,0.1996,0.2788,199.62
images---2022-08-07T114847-188_jpg.rf.znIzMB3uLaOKbGpwoSAk.jpg,6,187,129,177,117,21,24,504,0.536,0.41,0.4932,1.0,0.1983,0.3973,198.27
images---2022-08-07T114847-188_jpg.rf.znIzMB3uLaOKbGpwoSAk.jpg,7,413,115,404,103,18,24,432,0.4933,0.37,0.4392,1.0,0.1008,0.312,100.81
images---2022-08-07T114847-188_jpg.rf.znIzMB3uLaOKbGpwoSAk.jpg,8,286,94,258,66,56,56,3136,0.4954,0.36,0.4417,1.0,0.1484,0.3144,148.35
images---2022-08-07T114847-188_jpg.rf.znIzMB3uLaOKbGpwoSAk.jpg,9,244,11,224,0,40,23,920,0.5686,0.5,0.524,1.0,0.1019,0.4602,101.91
images---2022-08-07T114847-254_jpg.rf.DPeYUv3cz9ETngP4mlHT.jpg,1,268,508,263,504,11,8,88,0.6059,0.37,0.5224,1.0,0.9354,0.2329,935.45
images---2022-08-07T114847-254_jpg.rf.DPeYUv3cz9ETngP4mlHT.jpg,2,378,503,363,495,30,17,510,0.6385,0.58,0.4965,1.0,0.6172,0.2164,617.19
images---2022-08-07T114847-254_jpg.rf.DPeYUv3cz9ETngP4mlHT.jpg,3,181,501,175,493,12,16,192,0.6567,0.61,0.5376,0.775,1.0,0.155,1142.75
images---2022-08-07T114847-254_jpg.rf.DPeYUv3cz9ETngP4mlHT.jpg,4,116,492,111,487,11,10,110,0.6695,0.62,0.5948,0.7213,1.0,0.1443,1634.35
images---2022-08-07T114847-254_jpg.rf.DPeYUv3cz9ETngP4mlHT.jpg,5,486,487,480,481,12,13,156,0.5835,0.61,0.5066,0.6333,0.6598,0.1267,659.81
images---2022-08-07T114847-254_jpg.rf.DPeYUv3cz9ETngP4mlHT.jpg,6,207,465,198,457,18,16,288,0.6012,0.58,0.4574,0.7679,0.8455,0.1536,845.53
images---2022-08-07T114847-254_jpg.rf.DPeYUv3cz9ETngP4mlHT.jpg,7,307,434,282,425,50,19,950,0.6284,0.56,0.4536,1.0,0.736,0.2341,736.03
images---2022-08-07T114847-254_jpg.rf.DPeYUv3cz9ETngP4mlHT.jpg,8,504,419,497,411,15,17,255,0.6012,0.62,0.5243,0.7964,0.4143,0.1593,414.26
images---2022-08-07T114847-254_jpg.rf.DPeYUv3cz9ETngP4mlHT.jpg,9,447,386,442,376,10,20,200,0.5641,0.38,0.493,1.0,0.5859,0.2642,585.86
images---2022-08-07T114847-254_jpg.rf.DPeYUv3cz9ETngP4mlHT.jpg,10,49,358,40,354,18,9,162,0.4877,0.57,0.5333,0.3254,0.3643,0.0651,364.35
images---2022-08-07T114847-254_jpg.rf.DPeYUv3cz9ETngP4mlHT.jpg,11,87,311,81,300,12,22,264,0.6522,0.62,0.5601,0.8088,0.7738,0.1618,773.78
images---2022-08-07T114847-254_jpg.rf.DPeYUv3cz9ETngP4mlHT.jpg,12,7,308,0,298,14,21,294,0.6352,0.6,0.4977,1.0,0.51,0.2848,509.96
images---2022-08-07T114847-254_jpg.rf.DPeYUv3cz9ETngP4mlHT.jpg,13,139,296,132,285,14,23,322,0.5761,0.58,0.5229,0.8736,0.1541,0.1747,154.12
images---2022-08-07T114847-254_jpg.rf.DPeYUv3cz9ETngP4mlHT.jpg,14,116,282,111,273,10,19,190,0.6115,0.59,0.5269,1.0,0.2061,0.2522,206.09
images---2022-08-07T114847-254_jpg.rf.DPeYUv3cz9ETngP4mlHT.jpg,15,115,228,106,218,19,21,399,0.6682,0.6,0.5021,1.0,0.8249,0.2815,824.9
images---2022-08-07T114847-254_jpg.rf.DPeYUv3cz9ETngP4mlHT.jpg,16,58,130,55,118,6,25,150,0.6267,0.6,0.5014,1.0,0.4116,0.2718,411.6
images---2022-08-07T114847-254_jpg.rf.DPeYUv3cz9ETngP4mlHT.jpg,17,449,92,441,63,16,59,944,0.5369,0.39,0.5367,1.0,0.1255,0.3893,125.54
images---2022-08-07T114847-254_jpg.rf.DPeYUv3cz9ETngP4mlHT.jpg,18,445,41,437,32,16,19,304,0.5082,0.38,0.4942,1.0,0.0221,0.2592,22.14
images---2022-08-07T114847-254_jpg.rf.DPeYUv3cz9ETngP4mlHT.jpg,19,506,9,500,0,12,19,228,0.5536,0.49,0.4859,1.0,0.1206,0.54,120.6
images---2022-08-07T114847-254_jpg.rf.DPeYUv3cz9ETngP4mlHT.jpg,20,457,14,443,0,29,29,841,0.4839,0.33,0.4751,1.0,0.0214,0.6321,21.44
images---2022-08-07T114847-374_jpg.rf.xaouUXcyhCW3XCvLSfR5.jpg,1,67,287,58,283,18,9,162,0.5969,0.38,0.5285,1.0,0.7887,0.2302,788.71
images---2022-08-07T114847-374_jpg.rf.xaouUXcyhCW3XCvLSfR5.jpg,2,11,270,5,266,12,8,96,0.5805,0.53,0.4853,0.9022,0.4472,0.1804,447.24
images---2022-08-07T114847-374_jpg.rf.xaouUXcyhCW3XCvLSfR5.jpg,3,82,247,73,239,18,17,306,0.5495,0.41,0.5012,0.8391,0.6276,0.1678,627.57
images---2022-08-07T114847-374_jpg.rf.xaouUXcyhCW3XCvLSfR5.jpg,4,34,219,15,209,38,21,798,0.5537,0.38,0.5464,1.0,0.2949,0.2321,294.93
images---2022-08-07T114847-374_jpg.rf.xaouUXcyhCW3XCvLSfR5.jpg,5,360,187,353,183,14,8,112,0.6379,0.6,0.5241,1.0,0.4449,0.2327,444.87
images---2022-08-07T114847-374_jpg.rf.xaouUXcyhCW3XCvLSfR5.jpg,6,420,222,347,176,147,93,13671,0.5564,0.37,0.5321,1.0,0.4064,0.3989,406.38
images---2022-08-07T114847-374_jpg.rf.xaouUXcyhCW3XCvLSfR5.jpg,7,249,184,207,100,84,168,14112,0.5566,0.35,0.539,1.0,0.4544,0.2719,454.39
images---2022-08-07T114847-374_jpg.rf.xaouUXcyhCW3XCvLSfR5.jpg,8,175,180,116,96,118,168,19824,0.611,0.37,0.6918,1.0,0.3939,0.3074,393.91
images---2022-08-07T114847-436_jpg.rf.BbKOajNHVdjNinErptmV.jpg,1,134,506,123,501,22,11,242,0.5905,0.59,0.4952,1.0,0.1075,0.4464,107.46
images---2022-08-07T114847-436_jpg.rf.BbKOajNHVdjNinErptmV.jpg,2,390,504,383,497,15,15,225,0.5412,0.47,0.4849,1.0,0.0698,0.4621,69.83
images---2022-08-07T114847-436_jpg.rf.BbKOajNHVdjNinErptmV.jpg,3,454,491,444,481,21,20,420,0.589,0.53,0.5383,1.0,0.1508,0.3987,150.77
images---2022-08-07T114847-436_jpg.rf.BbKOajNHVdjNinErptmV.jpg,4,387,485,380,478,14,14,196,0.5384,0.39,0.5325,1.0,0.1551,0.3683,155.09
images---2022-08-07T114847-436_jpg.rf.BbKOajNHVdjNinErptmV.jpg,5,155,480,151,473,8,15,120,0.5977,0.59,0.5198,1.0,0.0928,0.4833,92.77
images---2022-08-07T114847-436_jpg.rf.BbKOajNHVdjNinErptmV.jpg,6,257,479,252,472,10,14,140,0.6372,0.61,0.5428,0.9266,0.4845,0.1853,484.49
images---2022-08-07T114847-436_jpg.rf.BbKOajNHVdjNinErptmV.jpg,7,306,482,279,470,54,25,1350,0.5801,0.52,0.549,1.0,0.0594,0.3747,59.38
images---2022-08-07T114847-436_jpg.rf.BbKOajNHVdjNinErptmV.jpg,8,104,487,86,462,37,50,1850,0.5867,0.59,0.4889,1.0,0.0906,0.2365,90.58
images---2022-08-07T114847-436_jpg.rf.BbKOajNHVdjNinErptmV.jpg,9,267,458,262,448,10,21,210,0.6217,0.59,0.5292,1.0,0.2999,0.2011,299.93
images---2022-08-07T114847-436_jpg.rf.BbKOajNHVdjNinErptmV.jpg,10,319,453,308,446,22,15,330,0.5075,0.37,0.4977,1.0,0.0383,0.5425,38.28
images---2022-08-07T114847-436_jpg.rf.BbKOajNHVdjNinErptmV.jpg,11,354,467,342,440,24,54,1296,0.6104,0.56,0.5865,1.0,0.0918,0.2403,91.82
images---2022-08-07T114847-436_jpg.rf.BbKOajNHVdjNinErptmV.jpg,12,407,447,389,432,37,31,1147,0.5941,0.53,0.5691,1.0,0.0941,0.2587,94.1
images---2022-08-07T114847-436_jpg.rf.BbKOajNHVdjNinErptmV.jpg,13,217,453,203,423,28,61,1708,0.5793,0.55,0.5127,1.0,0.0731,0.3099,73.1
images---2022-08-07T114847-436_jpg.rf.BbKOajNHVdjNinErptmV.jpg,14,475,436,454,405,43,63,2709,0.5248,0.44,0.4779,1.0,0.0357,0.4994,35.68
images---2022-08-07T114847-436_jpg.rf.BbKOajNHVdjNinErptmV.jpg,15,140,426,128,403,24,47,1128,0.6043,0.6,0.5211,1.0,0.1186,0.2957,118.59
images---2022-08-07T114847-436_jpg.rf.BbKOajNHVdjNinErptmV.jpg,16,468,397,461,388,15,18,270,0.4875,0.3,0.5045,1.0,0.0593,0.3543,59.31
images---2022-08-07T114847-436_jpg.rf.BbKOajNHVdjNinErptmV.jpg,17,47,397,40,388,14,19,266,0.6016,0.59,0.5142,1.0,0.151,0.2643,150.99
images---2022-08-07T114847-436_jpg.rf.BbKOajNHVdjNinErptmV.jpg,18,186,379,179,367,14,24,336,0.5761,0.56,0.5025,1.0,0.042,0.4541,42.0
images---2022-08-07T114847-436_jpg.rf.BbKOajNHVdjNinErptmV.jpg,19,205,365,200,359,11,12,132,0.5483,0.44,0.5295,1.0,0.09,0.2156,89.95
images---2022-08-07T114847-436_jpg.rf.BbKOajNHVdjNinErptmV.jpg,20,422,380,394,357,56,47,2632,0.5633,0.51,0.5028,1.0,0.0887,0.264,88.67
images---2022-08-07T114847-436_jpg.rf.BbKOajNHVdjNinErptmV.jpg,21,135,357,116,330,38,54,2052,0.6288,0.59,0.5815,1.0,0.1875,0.277,187.55
images---2022-08-07T114847-436_jpg.rf.BbKOajNHVdjNinErptmV.jpg,22,24,343,12,324,24,39,936,0.6091,0.59,0.5582,1.0,0.0728,0.2326,72.78
images---2022-08-07T114847-436_jpg.rf.BbKOajNHVdjNinErptmV.jpg,23,53,334,42,318,23,33,759,0.5597,0.49,0.5119,1.0,0.0905,0.4584,90.48
images---2022-08-07T114847-436_jpg.rf.BbKOajNHVdjNinErptmV.jpg,24,8,296,0,279,17,34,578,0.5983,0.57,0.5473,1.0,0.0726,0.3374,72.62
images---2022-08-07T114847-436_jpg.rf.BbKOajNHVdjNinErptmV.jpg,25,498,289,485,275,27,28,756,0.5534,0.47,0.5291,1.0,0.0367,0.3765,36.74
images---2022-08-07T114847-436_jpg.rf.BbKOajNHVdjNinErptmV.jpg,26,470,278,466,269,8,18,144,0.5659,0.52,0.5143,1.0,0.0393,0.245,39.31
images---2022-08-07T114847-436_jpg.rf.BbKOajNHVdjNinErptmV.jpg,27,16,259,10,252,12,14,168,0.5594,0.5,0.5065,1.0,0.0718,0.2708,71.76
images---2022-08-07T114847-436_jpg.rf.BbKOajNHVdjNinErptmV.jpg,28,432,257,426,250,13,14,182,0.5664,0.53,0.5052,1.0,0.0409,0.3523,40.93
images---2022-08-07T114847-436_jpg.rf.BbKOajNHVdjNinErptmV.jpg,29,52,253,38,242,28,22,616,0.6178,0.59,0.5758,1.0,0.0983,0.411,98.31
images---2022-08-07T114847-436_jpg.rf.BbKOajNHVdjNinErptmV.jpg,30,126,243,117,238,18,10,180,0.4641,0.15,0.548,1.0,0.1978,0.7803,197.77
images---2022-08-07T114847-436_jpg.rf.BbKOajNHVdjNinErptmV.jpg,31,100,232,93,225,15,15,225,0.4632,0.46,0.5811,0.3909,0.2065,0.0782,206.48
images---2022-08-07T114847-436_jpg.rf.BbKOajNHVdjNinErptmV.jpg,32,33,229,28,224,10,11,110,0.6093,0.59,0.5325,1.0,0.1643,0.2115,164.35
images---2022-08-07T114847-436_jpg.rf.BbKOajNHVdjNinErptmV.jpg,33,331,231,321,218,21,27,567,0.5298,0.22,0.6172,1.0,0.3675,0.4802,367.48
images---2022-08-07T114847-436_jpg.rf.BbKOajNHVdjNinErptmV.jpg,34,483,214,477,208,13,12,156,0.5548,0.49,0.505,1.0,0.0653,0.2983,65.35
images---2022-08-07T114847-436_jpg.rf.BbKOajNHVdjNinErptmV.jpg,35,151,182,138,170,27,24,648,0.5332,0.42,0.5152,1.0,0.0585,0.235,58.5
images---2022-08-07T114847-436_jpg.rf.BbKOajNHVdjNinErptmV.jpg,36,494,151,490,145,9,12,108,0.5834,0.56,0.5169,1.0,0.0652,0.4206,65.24
images---2022-08-07T114847-436_jpg.rf.BbKOajNHVdjNinErptmV.jpg,37,114,162,104,131,21,62,1302,0.5496,0.48,0.4939,1.0,0.0869,0.5315,86.88
images---2022-08-07T114847-436_jpg.rf.BbKOajNHVdjNinErptmV.jpg,38,134,120,125,110,19,20,380,0.5444,0.46,0.5108,1.0,0.0467,0.5101,46.72
images---2022-08-07T114847-436_jpg.rf.BbKOajNHVdjNinErptmV.jpg,39,118,81,113,72,10,19,190,0.5483,0.46,0.5146,1.0,0.0718,0.2566,71.79
images---2022-08-07T114847-436_jpg.rf.BbKOajNHVdjNinErptmV.jpg,40,213,47,208,39,11,16,176,0.539,0.45,0.5078,1.0,0.0375,0.2314,37.53
images---2022-08-07T114847-436_jpg.rf.BbKOajNHVdjNinErptmV.jpg,41,272,22,260,16,24,12,288,0.5338,0.41,0.5189,1.0,0.0867,0.287,86.74
images---2022-08-07T114847-526_jpg.rf.PuWJfcPreL6t4c08bUrJ.jpg,1,440,504,431,497,18,15,270,0.5347,0.37,0.5127,1.0,0.2576,0.3968,257.56
images---2022-08-07T114847-526_jpg.rf.PuWJfcPreL6t4c08bUrJ.jpg,2,474,501,464,491,21,21,441,0.5394,0.39,0.4936,0.651,1.0,0.1302,1323.41
images---2022-08-07T114847-589_jpg.rf.gQ1gV5oNVMg9NBxPIV8w.jpg,1,222,253,183,214,78,79,6162,0.4587,0.28,0.3769,1.0,0.2883,0.3601,288.33
images---2022-08-07T114847-654_jpg.rf.Wivu5qBjLzX3s0zoI3EM.jpg,1,280,83,266,77,28,13,364,0.549,0.32,0.5913,1.0,0.3005,0.328,300.47
images---2022-08-07T114847-654_jpg.rf.Wivu5qBjLzX3s0zoI3EM.jpg,2,49,78,42,73,15,10,150,0.529,0.43,0.4994,1.0,0.0371,0.2104,37.13
images---2022-08-07T114847-717_jpg.rf.kD1ceEmEDwzJNyORUpaU.jpg,1,125,507,117,502,16,10,160,0.55,0.46,0.5213,1.0,0.065,0.3951,65.03
images---2022-08-07T114847-717_jpg.rf.kD1ceEmEDwzJNyORUpaU.jpg,2,108,473,102,468,13,11,143,0.5906,0.56,0.525,1.0,0.1085,0.4974,108.51
images---2022-08-07T114847-717_jpg.rf.kD1ceEmEDwzJNyORUpaU.jpg,3,154,471,136,461,36,20,720,0.5651,0.46,0.5716,0.9766,0.0869,0.1953,86.95
images---2022-08-07T114847-717_jpg.rf.kD1ceEmEDwzJNyORUpaU.jpg,4,477,459,472,453,11,13,143,0.504,0.28,0.5326,1.0,0.1954,0.2139,195.38
images---2022-08-07T114847-717_jpg.rf.kD1ceEmEDwzJNyORUpaU.jpg,5,449,476,426,441,46,71,3266,0.5448,0.35,0.5825,1.0,0.1849,0.4975,184.88
images---2022-08-07T114847-717_jpg.rf.kD1ceEmEDwzJNyORUpaU.jpg,6,30,443,22,439,16,9,144,0.5288,0.42,0.5033,1.0,0.056,0.5391,55.96
images---2022-08-07T114847-717_jpg.rf.kD1ceEmEDwzJNyORUpaU.jpg,7,157,437,140,430,34,15,510,0.5575,0.47,0.5369,1.0,0.0509,0.2512,50.87
images---2022-08-07T114847-717_jpg.rf.kD1ceEmEDwzJNyORUpaU.jpg,8,5,420,0,415,11,11,121,0.5187,0.38,0.5067,1.0,0.0836,0.4501,83.57
images---2022-08-07T114847-717_jpg.rf.kD1ceEmEDwzJNyORUpaU.jpg,9,26,386,11,379,31,15,465,0.5582,0.46,0.5327,1.0,0.1078,0.6382,107.83
images---2022-08-07T114847-717_jpg.rf.kD1ceEmEDwzJNyORUpaU.jpg,10,500,373,489,361,23,24,552,0.6055,0.35,0.6728,1.0,0.4752,0.4895,475.22
images---2022-08-07T114847-717_jpg.rf.kD1ceEmEDwzJNyORUpaU.jpg,11,24,356,13,350,23,13,299,0.5389,0.45,0.5044,1.0,0.0489,0.4937,48.91
images---2022-08-07T114847-717_jpg.rf.kD1ceEmEDwzJNyORUpaU.jpg,12,101,362,89,348,24,28,672,0.5192,0.32,0.5185,1.0,0.2576,0.4507,257.58
images---2022-08-07T114847-717_jpg.rf.kD1ceEmEDwzJNyORUpaU.jpg,13,49,329,41,322,17,14,238,0.5469,0.41,0.527,1.0,0.1898,0.382,189.75
images---2022-08-07T114847-717_jpg.rf.kD1ceEmEDwzJNyORUpaU.jpg,14,33,212,16,207,34,11,374,0.589,0.53,0.5186,1.0,0.2201,0.3185,220.14
images---2022-08-07T114847-717_jpg.rf.kD1ceEmEDwzJNyORUpaU.jpg,15,287,168,279,157,17,23,391,0.5927,0.56,0.5257,1.0,0.1268,0.3399,126.82
images---2022-08-07T114847-717_jpg.rf.kD1ceEmEDwzJNyORUpaU.jpg,16,236,173,218,157,36,32,1152,0.5781,0.42,0.5373,1.0,0.4302,0.3636,430.23
images---2022-08-07T114847-717_jpg.rf.kD1ceEmEDwzJNyORUpaU.jpg,17,206,149,200,144,13,10,130,0.612,0.56,0.5601,1.0,0.1993,0.4145,199.3
images---2022-08-07T114847-717_jpg.rf.kD1ceEmEDwzJNyORUpaU.jpg,18,274,121,268,112,13,18,234,0.5405,0.41,0.5281,1.0,0.1211,0.48,121.09
images---2022-08-07T114847-717_jpg.rf.kD1ceEmEDwzJNyORUpaU.jpg,19,242,121,228,106,29,31,899,0.5475,0.41,0.5477,1.0,0.1228,0.4487,122.81
images---2022-08-07T114847-717_jpg.rf.kD1ceEmEDwzJNyORUpaU.jpg,20,325,112,316,91,19,43,817,0.5315,0.4,0.5149,1.0,0.113,0.3619,113.05
images---2022-08-07T114847-717_jpg.rf.kD1ceEmEDwzJNyORUpaU.jpg,21,291,94,286,85,10,18,180,0.5516,0.46,0.5089,1.0,0.1248,0.4091,124.79
images---2022-08-07T114847-717_jpg.rf.kD1ceEmEDwzJNyORUpaU.jpg,22,74,79,68,72,12,14,168,0.5298,0.39,0.5157,1.0,0.128,0.2276,128.03
images---2022-08-07T114847-717_jpg.rf.kD1ceEmEDwzJNyORUpaU.jpg,23,113,75,107,70,13,11,143,0.5247,0.37,0.5078,1.0,0.1743,0.3687,174.26
images---2022-08-07T114847-717_jpg.rf.kD1ceEmEDwzJNyORUpaU.jpg,24,254,79,235,64,39,30,1170,0.5358,0.41,0.5325,1.0,0.0597,0.4547,59.68
images---2022-08-07T114847-717_jpg.rf.kD1ceEmEDwzJNyORUpaU.jpg,25,29,12,0,0,59,25,1475,0.5196,0.39,0.5892,0.7047,0.3596,0.1409,359.6
images---2022-08-07T114847-813_jpg.rf.eVYiEQ9bkXLYbfY8MhN6.jpg,1,493,503,475,494,37,18,666,0.6683,0.61,0.554,1.0,0.6092,0.5184,609.21
images---2022-08-07T114847-813_jpg.rf.eVYiEQ9bkXLYbfY8MhN6.jpg,2,122,479,115,473,14,12,168,0.4878,0.57,0.5223,0.3926,0.2697,0.0785,269.73
images---2022-08-07T114847-813_jpg.rf.eVYiEQ9bkXLYbfY8MhN6.jpg,3,5,470,0,466,11,9,99,0.6885,0.62,0.5489,1.0,0.7939,0.4146,793.94
images---2022-08-07T114847-813_jpg.rf.eVYiEQ9bkXLYbfY8MhN6.jpg,4,120,460,114,456,13,9,117,0.6222,0.57,0.5423,1.0,0.3292,0.3676,329.23
images---2022-08-07T114847-813_jpg.rf.eVYiEQ9bkXLYbfY8MhN6.jpg,5,453,458,432,452,43,13,559,0.5415,0.59,0.4908,0.6618,0.3083,0.1324,308.27
images---2022-08-07T114847-813_jpg.rf.eVYiEQ9bkXLYbfY8MhN6.jpg,6,391,452,365,447,52,11,572,0.4928,0.59,0.4949,0.4993,0.1323,0.0999,132.28
images---2022-08-07T114847-813_jpg.rf.eVYiEQ9bkXLYbfY8MhN6.jpg,7,483,447,471,442,24,10,240,0.5418,0.6,0.5421,0.3409,0.7389,0.0682,738.92
images---2022-08-07T114847-813_jpg.rf.eVYiEQ9bkXLYbfY8MhN6.jpg,8,155,417,147,413,17,8,136,0.5375,0.59,0.4759,0.7155,0.2139,0.1431,213.9
images---2022-08-07T114847-813_jpg.rf.eVYiEQ9bkXLYbfY8MhN6.jpg,9,356,408,349,402,15,12,180,0.617,0.6,0.5077,1.0,0.2931,0.2932,293.15
images---2022-08-07T114847-813_jpg.rf.eVYiEQ9bkXLYbfY8MhN6.jpg,10,187,401,178,391,18,20,360,0.603,0.59,0.5076,1.0,0.1882,0.5667,188.23
images---2022-08-07T114847-813_jpg.rf.eVYiEQ9bkXLYbfY8MhN6.jpg,11,217,388,198,364,39,49,1911,0.6145,0.59,0.5455,1.0,0.1708,0.3076,170.79
images---2022-08-07T114847-813_jpg.rf.eVYiEQ9bkXLYbfY8MhN6.jpg,12,488,218,464,209,48,19,912,0.5146,0.58,0.5034,0.6302,0.0935,0.126,93.46
images---2022-08-07T114847-813_jpg.rf.eVYiEQ9bkXLYbfY8MhN6.jpg,13,6,206,0,198,12,16,192,0.5786,0.61,0.5046,0.8829,0.1192,0.1766,119.22
images---2022-08-07T114847-813_jpg.rf.eVYiEQ9bkXLYbfY8MhN6.jpg,14,400,44,393,40,14,9,126,0.5782,0.55,0.525,0.9524,0.1148,0.1905,114.83
images---2022-08-07T114847-813_jpg.rf.eVYiEQ9bkXLYbfY8MhN6.jpg,15,8,12,0,0,16,24,384,0.5157,0.59,0.5012,0.6136,0.1106,0.1227,110.57
images---2022-08-07T114847-938_jpg.rf.FJYzsO0sDpsMMhirc23x.jpg,1,484,446,456,429,56,35,1960,0.5997,0.56,0.4702,1.0,0.3911,0.3744,391.1
images---2022-08-07T114847-938_jpg.rf.FJYzsO0sDpsMMhirc23x.jpg,2,189,445,177,428,25,35,875,0.6838,0.59,0.5066,1.0,1.0,0.2858,1322.77
images---2022-08-07T114847-938_jpg.rf.FJYzsO0sDpsMMhirc23x.jpg,3,493,397,474,370,38,54,2052,0.5949,0.56,0.4661,1.0,0.3573,0.4012,357.35
images---2022-08-07T114847-938_jpg.rf.FJYzsO0sDpsMMhirc23x.jpg,4,50,157,43,146,14,22,308,0.6293,0.6,0.4292,1.0,0.6907,0.2862,690.71
images---2022-08-07T114848-140_jpg.rf.SskprfjX0KkkHcOFz57L.jpg,1,432,251,425,239,15,25,375,0.536,0.46,0.4976,1.0,0.0087,0.7708,8.7
images---2022-08-07T114848-140_jpg.rf.SskprfjX0KkkHcOFz57L.jpg,2,466,259,456,212,21,95,1995,0.5339,0.46,0.4926,1.0,0.0048,0.6298,4.84
images---2022-08-07T114848-140_jpg.rf.SskprfjX0KkkHcOFz57L.jpg,3,432,216,426,205,13,23,299,0.5353,0.46,0.4946,1.0,0.0113,0.7577,11.32
images---2022-08-07T114848-140_jpg.rf.SskprfjX0KkkHcOFz57L.jpg,4,5,115,0,99,10,33,330,0.5162,0.41,0.4926,1.0,0.0035,0.2736,3.46
images---2022-08-07T114848-140_jpg.rf.SskprfjX0KkkHcOFz57L.jpg,5,83,29,76,23,14,13,182,0.5068,0.38,0.496,1.0,0.0023,0.2415,2.27
images---2022-08-07T114848-140_jpg.rf.SskprfjX0KkkHcOFz57L.jpg,6,469,38,458,8,23,61,1403,0.5104,0.39,0.4958,1.0,0.0036,0.6348,3.64
images---2022-08-07T114848-170_jpg.rf.IOocj2xUqWkomconhvu0.jpg,1,128,385,101,350,55,71,3905,0.4982,0.26,0.5106,1.0,0.2853,0.244,285.28
images---2022-08-07T114848-170_jpg.rf.IOocj2xUqWkomconhvu0.jpg,2,461,98,428,75,67,46,3082,0.4513,0.23,0.4661,1.0,0.0772,0.2927,77.17
images---2022-08-07T114848-170_jpg.rf.IOocj2xUqWkomconhvu0.jpg,3,246,62,240,41,13,43,559,0.4856,0.26,0.5204,1.0,0.1244,0.4247,124.37
images---2022-08-07T114848-203_jpg.rf.UEe7UyCyOcUZRO8N9C1R.jpg,1,89,493,84,488,11,10,110,0.5118,0.36,0.4959,1.0,0.1227,0.3063,122.73
images---2022-08-07T114848-203_jpg.rf.UEe7UyCyOcUZRO8N9C1R.jpg,2,289,483,278,474,22,19,418,0.6474,0.59,0.5039,1.0,0.6456,0.2818,645.65
images---2022-08-07T114848-203_jpg.rf.UEe7UyCyOcUZRO8N9C1R.jpg,3,340,270,322,262,37,16,592,0.5429,0.29,0.5155,1.0,0.6101,0.3047,610.12
images---2022-08-07T114848-203_jpg.rf.UEe7UyCyOcUZRO8N9C1R.jpg,4,443,196,415,166,57,60,3420,0.5779,0.36,0.625,1.0,0.3317,0.4944,331.72
images---2022-08-07T114848-356_jpg.rf.v2ajeZtNY29c0nUY0FQz.jpg,1,171,347,162,319,18,56,1008,0.5371,0.38,0.5046,1.0,0.2748,0.3456,274.84
images---2022-08-07T114848-356_jpg.rf.v2ajeZtNY29c0nUY0FQz.jpg,2,280,317,270,307,20,20,400,0.499,0.33,0.4991,1.0,0.0886,0.2256,88.58
images---2022-08-07T114848-449_jpg.rf.91oR0bLfmO1MxGy8DpeW.jpg,1,177,491,171,471,12,41,492,0.4672,0.27,0.4875,1.0,0.0205,0.3785,20.46
images---2022-08-07T114848-449_jpg.rf.91oR0bLfmO1MxGy8DpeW.jpg,2,176,450,172,444,9,13,117,0.5091,0.38,0.4811,1.0,0.0767,0.2419,76.73
images---2022-08-07T114848-449_jpg.rf.91oR0bLfmO1MxGy8DpeW.jpg,3,100,437,75,386,50,102,5100,0.4619,0.37,0.5071,0.7583,0.0322,0.1517,32.15
images---2022-08-07T114848-449_jpg.rf.91oR0bLfmO1MxGy8DpeW.jpg,4,42,375,22,360,40,31,1240,0.5365,0.38,0.5756,1.0,0.0204,0.3851,20.38
images---2022-08-07T114848-511_jpg.rf.yelYeoI53R27J0hInhN4.jpg,1,395,397,387,391,16,13,208,0.5242,0.41,0.5094,1.0,0.0238,0.35,23.81
images---2022-08-07T114848-511_jpg.rf.yelYeoI53R27J0hInhN4.jpg,2,437,387,407,375,61,24,1464,0.5489,0.5,0.4909,1.0,0.0206,0.2074,20.6
images---2022-08-07T114848-511_jpg.rf.yelYeoI53R27J0hInhN4.jpg,3,12,297,0,286,25,22,550,0.4895,0.34,0.4781,1.0,0.0319,0.3197,31.88
images---2022-08-07T114848-511_jpg.rf.yelYeoI53R27J0hInhN4.jpg,4,504,253,497,244,15,18,270,0.506,0.37,0.4945,1.0,0.0341,0.3746,34.06
images---2022-08-07T114848-511_jpg.rf.yelYeoI53R27J0hInhN4.jpg,5,458,248,452,237,13,22,286,0.4965,0.35,0.4953,1.0,0.006,0.3824,6.02
images---2022-08-07T114848-511_jpg.rf.yelYeoI53R27J0hInhN4.jpg,6,394,219,373,208,42,22,924,0.6028,0.52,0.5812,0.8878,0.3986,0.1776,398.57
images---2022-08-07T114848-511_jpg.rf.yelYeoI53R27J0hInhN4.jpg,7,341,204,330,197,22,14,308,0.6092,0.58,0.5145,1.0,0.2616,0.3292,261.57
images---2022-08-07T114848-511_jpg.rf.yelYeoI53R27J0hInhN4.jpg,8,496,201,481,189,31,24,744,0.5136,0.4,0.4949,1.0,0.0041,0.4182,4.07
images---2022-08-07T114848-543_jpg.rf.9azmg4NGcnfgffMsBtHf.jpg,1,304,505,296,498,16,14,224,0.48,0.31,0.4868,1.0,0.0115,0.3161,11.5
images---2022-08-07T114848-543_jpg.rf.9azmg4NGcnfgffMsBtHf.jpg,2,279,429,264,390,30,78,2340,0.4813,0.27,0.5236,1.0,0.0352,0.2897,35.24
images---2022-08-07T114848-543_jpg.rf.9azmg4NGcnfgffMsBtHf.jpg,3,262,371,259,364,7,14,98,0.4577,0.24,0.4908,1.0,0.0194,0.3198,19.44
images---2022-08-07T114848-543_jpg.rf.9azmg4NGcnfgffMsBtHf.jpg,4,349,295,313,285,73,21,1533,0.4548,0.38,0.4642,0.7487,0.0962,0.1497,96.24
images---2022-08-07T114848-543_jpg.rf.9azmg4NGcnfgffMsBtHf.jpg,5,334,270,290,257,88,26,2288,0.584,0.55,0.476,1.0,0.2487,0.2692,248.68
images---2022-08-07T114848-573_jpg.rf.sD4suucC0ONYOP9oysfB.jpg,1,319,493,310,485,19,17,323,0.68,0.59,0.5041,1.0,0.9702,0.3993,970.23
images---2022-08-07T114848-573_jpg.rf.sD4suucC0ONYOP9oysfB.jpg,2,154,490,145,480,19,21,399,0.5552,0.46,0.5038,0.7722,0.6341,0.1544,634.07
images---2022-08-07T114848-573_jpg.rf.sD4suucC0ONYOP9oysfB.jpg,3,327,462,320,455,15,15,225,0.5862,0.4,0.4951,1.0,0.7287,0.3731,728.65
images---2022-08-07T114848-573_jpg.rf.sD4suucC0ONYOP9oysfB.jpg,4,64,463,50,427,28,72,2016,0.57,0.61,0.532,0.4583,0.7858,0.0917,785.8
images---2022-08-07T114848-573_jpg.rf.sD4suucC0ONYOP9oysfB.jpg,5,213,415,207,410,12,10,120,0.567,0.59,0.5234,0.6818,0.4097,0.1364,409.74
images---2022-08-07T114848-573_jpg.rf.sD4suucC0ONYOP9oysfB.jpg,6,434,421,426,402,17,39,663,0.6569,0.61,0.539,1.0,0.5477,0.2035,547.71
images---2022-08-07T114848-573_jpg.rf.sD4suucC0ONYOP9oysfB.jpg,7,425,335,419,324,13,22,286,0.5856,0.61,0.5331,0.4765,0.9021,0.0953,902.08
images---2022-08-07T114848-573_jpg.rf.sD4suucC0ONYOP9oysfB.jpg,8,483,271,454,243,58,57,3306,0.613,0.43,0.612,1.0,0.4828,0.2584,482.76
images---2022-08-07T114848-573_jpg.rf.sD4suucC0ONYOP9oysfB.jpg,9,407,245,390,223,34,45,1530,0.6253,0.39,0.6208,1.0,0.7154,0.2799,715.4
images---2022-08-07T114848-573_jpg.rf.sD4suucC0ONYOP9oysfB.jpg,10,494,212,487,205,14,14,196,0.5915,0.42,0.5715,1.0,0.4451,0.2322,445.14
images---2022-08-07T114848-573_jpg.rf.sD4suucC0ONYOP9oysfB.jpg,11,440,213,425,198,30,30,900,0.6832,0.61,0.628,1.0,0.4987,0.2891,498.67
images---2022-08-07T114848-573_jpg.rf.sD4suucC0ONYOP9oysfB.jpg,12,506,185,501,179,11,12,132,0.6504,0.61,0.525,1.0,0.5316,0.2328,531.63
images---2022-08-07T114848-573_jpg.rf.sD4suucC0ONYOP9oysfB.jpg,13,428,153,415,141,27,25,675,0.6321,0.55,0.5128,1.0,0.601,0.3188,600.99
images---2022-08-07T114848-573_jpg.rf.sD4suucC0ONYOP9oysfB.jpg,14,493,135,474,113,38,44,1672,0.621,0.6,0.5003,1.0,0.3594,0.3596,359.43
images---2022-08-07T114848-573_jpg.rf.sD4suucC0ONYOP9oysfB.jpg,15,385,92,372,82,27,21,567,0.58,0.62,0.565,0.6216,0.4097,0.1243,409.69
images---2022-08-07T114848-573_jpg.rf.sD4suucC0ONYOP9oysfB.jpg,16,445,73,428,50,34,47,1598,0.6287,0.6,0.5404,1.0,0.2958,0.203,295.82
images---2022-08-07T114848-604_jpg.rf.zVVNXBdraVm5ATNWRLn5.jpg,1,104,390,85,370,39,41,1599,0.6424,0.6,0.5085,1.0,0.5443,0.3529,544.29
images---2022-08-07T114848-604_jpg.rf.zVVNXBdraVm5ATNWRLn5.jpg,2,96,289,73,268,47,42,1974,0.5524,0.6,0.4286,0.7847,0.3547,0.1569,354.73
images---2022-08-07T114848-604_jpg.rf.zVVNXBdraVm5ATNWRLn5.jpg,3,167,178,143,152,49,52,2548,0.6369,0.56,0.6191,1.0,0.242,0.4098,242.03
images---2022-08-07T114848-604_jpg.rf.zVVNXBdraVm5ATNWRLn5.jpg,4,85,189,46,129,79,121,9559,0.6083,0.34,0.7313,1.0,0.334,0.3849,333.97
images---2022-08-07T114848-604_jpg.rf.zVVNXBdraVm5ATNWRLn5.jpg,5,101,58,91,46,20,24,480,0.5464,0.47,0.5141,1.0,0.02,0.342,19.97
images---2022-08-07T114848-636_jpg.rf.banOVqQa2aY7MEwd8G7w.jpg,1,335,478,326,466,18,24,432,0.5602,0.5,0.5103,1.0,0.0663,0.2769,66.29
images---2022-08-07T114848-636_jpg.rf.banOVqQa2aY7MEwd8G7w.jpg,2,78,480,15,448,126,64,8064,0.5368,0.46,0.489,1.0,0.0466,0.5037,46.55
images---2022-08-07T114848-636_jpg.rf.banOVqQa2aY7MEwd8G7w.jpg,3,153,447,119,429,69,36,2484,0.5102,0.33,0.5431,1.0,0.0456,0.4035,45.56
images---2022-08-07T114848-636_jpg.rf.banOVqQa2aY7MEwd8G7w.jpg,4,138,419,134,412,9,14,126,0.4935,0.47,0.4972,0.7692,0.0118,0.1538,11.79
images---2022-08-07T114848-636_jpg.rf.banOVqQa2aY7MEwd8G7w.jpg,5,439,460,367,408,145,104,15080,0.546,0.47,0.5099,1.0,0.0307,0.4468,30.69
images---2022-08-07T114848-636_jpg.rf.banOVqQa2aY7MEwd8G7w.jpg,6,230,390,221,376,18,29,522,0.554,0.49,0.5153,1.0,0.0215,0.3073,21.46
images---2022-08-07T114848-636_jpg.rf.banOVqQa2aY7MEwd8G7w.jpg,7,204,383,194,371,21,25,525,0.5532,0.49,0.5168,1.0,0.0082,0.2465,8.23
images---2022-08-07T114848-636_jpg.rf.banOVqQa2aY7MEwd8G7w.jpg,8,172,353,145,313,55,81,4455,0.5051,0.36,0.5059,1.0,0.0201,0.455,20.14
images---2022-08-07T114848-636_jpg.rf.banOVqQa2aY7MEwd8G7w.jpg,9,480,309,472,299,17,20,340,0.5441,0.46,0.5168,1.0,0.022,0.319,22.04
images---2022-08-07T114848-636_jpg.rf.banOVqQa2aY7MEwd8G7w.jpg,10,205,304,190,291,30,26,780,0.4826,0.44,0.4977,0.7613,0.0218,0.1523,21.81
images---2022-08-07T114848-636_jpg.rf.banOVqQa2aY7MEwd8G7w.jpg,11,436,305,422,288,28,34,952,0.5461,0.46,0.5199,1.0,0.0316,0.4495,31.6
images---2022-08-07T114848-636_jpg.rf.banOVqQa2aY7MEwd8G7w.jpg,12,84,278,74,263,21,31,651,0.487,0.33,0.4835,1.0,0.0225,0.5455,22.51
images---2022-08-07T114848-636_jpg.rf.banOVqQa2aY7MEwd8G7w.jpg,13,99,238,82,223,35,30,1050,0.5612,0.5,0.523,1.0,0.0312,0.2822,31.16
images---2022-08-07T114848-636_jpg.rf.banOVqQa2aY7MEwd8G7w.jpg,14,451,207,443,197,16,21,336,0.5009,0.4,0.5093,0.9037,0.0193,0.1807,19.34
images---2022-08-07T114848-636_jpg.rf.banOVqQa2aY7MEwd8G7w.jpg,15,483,229,454,192,58,74,4292,0.5394,0.45,0.5085,1.0,0.0389,0.4355,38.93
images---2022-08-07T114848-697_jpg.rf.ddioFLTe0V5yJlQjVO19.jpg,1,136,497,131,483,11,29,319,0.4921,0.59,0.5431,0.3913,0.1723,0.0783,172.3
images---2022-08-07T114848-697_jpg.rf.ddioFLTe0V5yJlQjVO19.jpg,2,456,491,446,470,21,42,882,0.5971,0.61,0.5845,0.5492,0.6916,0.1098,691.61
images---2022-08-07T114848-697_jpg.rf.ddioFLTe0V5yJlQjVO19.jpg,3,185,474,156,437,59,75,4425,0.5618,0.54,0.5482,0.7825,0.2442,0.1565,244.18
images---2022-08-07T114848-697_jpg.rf.ddioFLTe0V5yJlQjVO19.jpg,4,401,410,379,388,45,44,1980,0.6309,0.6,0.5008,1.0,0.4558,0.2437,455.81
images---2022-08-07T114848-697_jpg.rf.ddioFLTe0V5yJlQjVO19.jpg,5,261,383,257,367,9,33,297,0.6013,0.44,0.5415,1.0,0.578,0.5259,578.02
images---2022-08-07T114848-697_jpg.rf.ddioFLTe0V5yJlQjVO19.jpg,6,415,364,404,356,23,16,368,0.6638,0.63,0.4517,1.0,0.8518,0.2112,851.82
images---2022-08-07T114848-697_jpg.rf.ddioFLTe0V5yJlQjVO19.jpg,7,297,362,289,348,16,28,448,0.6363,0.39,0.5889,1.0,0.9366,0.4214,936.61
images---2022-08-07T114848-697_jpg.rf.ddioFLTe0V5yJlQjVO19.jpg,8,224,356,213,340,23,33,759,0.5931,0.37,0.4807,1.0,0.9531,0.367,953.13
images---2022-08-07T114848-697_jpg.rf.ddioFLTe0V5yJlQjVO19.jpg,9,252,320,245,313,15,15,225,0.6553,0.62,0.5244,1.0,0.5475,0.4733,547.49
images---2022-08-07T114848-697_jpg.rf.ddioFLTe0V5yJlQjVO19.jpg,10,411,285,407,278,8,14,112,0.7124,0.63,0.5484,1.0,1.0,0.325,1869.24
images---2022-08-07T114848-697_jpg.rf.ddioFLTe0V5yJlQjVO19.jpg,11,406,254,401,248,11,12,132,0.6564,0.62,0.5596,1.0,0.4352,0.2428,435.25
images---2022-08-07T114848-697_jpg.rf.ddioFLTe0V5yJlQjVO19.jpg,12,460,102,452,84,17,37,629,0.4769,0.6,0.5705,0.1126,0.4467,0.0225,446.67
images---2022-08-07T114848-697_jpg.rf.ddioFLTe0V5yJlQjVO19.jpg,13,429,63,416,54,26,19,494,0.4533,0.55,0.5294,0.3141,0.1271,0.0628,127.1
images---2022-08-07T114848-818_jpg.rf.KSc2wDX11L4PzGdZvbfD.jpg,1,232,400,212,375,41,51,2091,0.552,0.37,0.5229,1.0,0.3954,0.357,395.35
images---2022-08-07T114848-818_jpg.rf.KSc2wDX11L4PzGdZvbfD.jpg,2,44,369,35,361,18,16,288,0.5231,0.27,0.5807,1.0,0.2531,0.2774,253.14
images---2022-08-07T114848-818_jpg.rf.KSc2wDX11L4PzGdZvbfD.jpg,3,60,436,0,360,121,152,18392,0.5165,0.3,0.5706,1.0,0.1181,0.4124,118.08
images---2022-08-07T114848-818_jpg.rf.KSc2wDX11L4PzGdZvbfD.jpg,4,169,305,149,282,41,46,1886,0.5614,0.3,0.6416,1.0,0.318,0.3012,318.03
images---2022-08-07T114848-818_jpg.rf.KSc2wDX11L4PzGdZvbfD.jpg,5,100,285,80,250,40,70,2800,0.5757,0.32,0.6271,1.0,0.4423,0.3096,442.28
images---2022-08-07T114848-818_jpg.rf.KSc2wDX11L4PzGdZvbfD.jpg,6,4,267,0,244,8,46,368,0.5075,0.34,0.4768,1.0,0.2158,0.3547,215.8
images---2022-08-07T114848-818_jpg.rf.KSc2wDX11L4PzGdZvbfD.jpg,7,92,231,87,223,11,16,176,0.4784,0.26,0.5653,0.8618,0.1715,0.1724,171.46
images---2022-08-07T114848-818_jpg.rf.KSc2wDX11L4PzGdZvbfD.jpg,8,266,259,206,210,120,99,11880,0.5317,0.35,0.4988,1.0,0.3464,0.4244,346.44
images---2022-08-07T114848-818_jpg.rf.KSc2wDX11L4PzGdZvbfD.jpg,9,43,250,18,194,50,113,5650,0.5595,0.35,0.599,1.0,0.2734,0.4692,273.41
images---2022-08-07T114848-818_jpg.rf.KSc2wDX11L4PzGdZvbfD.jpg,10,79,174,61,151,36,47,1692,0.5253,0.35,0.4928,1.0,0.3027,0.3633,302.7
images---2022-08-07T114848-818_jpg.rf.KSc2wDX11L4PzGdZvbfD.jpg,11,194,157,171,117,46,81,3726,0.5465,0.35,0.5472,1.0,0.3248,0.4242,324.8
images---2022-08-07T114848-818_jpg.rf.KSc2wDX11L4PzGdZvbfD.jpg,12,352,169,324,107,56,125,7000,0.5329,0.35,0.5083,1.0,0.3247,0.459,324.69
images---2022-08-07T114848-818_jpg.rf.KSc2wDX11L4PzGdZvbfD.jpg,13,125,107,116,93,18,28,504,0.5135,0.27,0.5503,1.0,0.264,0.265,264.05
images---2022-08-07T114848-818_jpg.rf.KSc2wDX11L4PzGdZvbfD.jpg,14,253,106,241,89,24,34,816,0.4943,0.27,0.4968,1.0,0.2598,0.2591,259.8
images---2022-08-07T114848-818_jpg.rf.KSc2wDX11L4PzGdZvbfD.jpg,15,314,111,297,82,34,58,1972,0.5331,0.35,0.5218,1.0,0.2794,0.423,279.43
images---2022-08-07T114848-818_jpg.rf.KSc2wDX11L4PzGdZvbfD.jpg,16,330,80,322,73,16,15,240,0.4687,0.22,0.5119,1.0,0.125,0.291,125.02
images---2022-08-07T114848-818_jpg.rf.KSc2wDX11L4PzGdZvbfD.jpg,17,481,90,450,35,62,110,6820,0.5125,0.35,0.4896,1.0,0.1863,0.4882,186.26
images---2022-08-07T114848-818_jpg.rf.KSc2wDX11L4PzGdZvbfD.jpg,18,447,40,436,22,23,37,851,0.5296,0.35,0.5425,1.0,0.1726,0.3347,172.6
images---2022-08-07T114848-818_jpg.rf.KSc2wDX11L4PzGdZvbfD.jpg,19,203,32,196,21,14,22,308,0.5055,0.29,0.5339,1.0,0.1715,0.2398,171.46
images---2022-08-07T114848-818_jpg.rf.KSc2wDX11L4PzGdZvbfD.jpg,20,239,39,215,15,48,49,2352,0.4943,0.31,0.4889,1.0,0.1466,0.3784,146.63
images---2022-08-07T114848-818_jpg.rf.KSc2wDX11L4PzGdZvbfD.jpg,21,448,4,436,0,24,8,192,0.4855,0.26,0.5106,1.0,0.1573,0.2262,157.34
images---2022-08-07T114848-818_jpg.rf.KSc2wDX11L4PzGdZvbfD.jpg,22,371,49,317,0,108,98,10584,0.4914,0.32,0.4588,1.0,0.1883,0.3818,188.34
images---2022-08-07T114848-818_jpg.rf.KSc2wDX11L4PzGdZvbfD.jpg,23,306,17,287,0,39,34,1326,0.4997,0.33,0.4952,1.0,0.1091,0.375,109.11
images---2022-08-07T114848-818_jpg.rf.KSc2wDX11L4PzGdZvbfD.jpg,24,168,11,162,0,13,23,299,0.4787,0.28,0.4966,1.0,0.069,0.2814,69.02
images---2022-08-07T114848-818_jpg.rf.KSc2wDX11L4PzGdZvbfD.jpg,25,92,39,31,0,123,79,9717,0.5201,0.35,0.5317,1.0,0.1146,0.3687,114.59
images---2022-08-07T114848-818_jpg.rf.KSc2wDX11L4PzGdZvbfD.jpg,26,5,12,0,0,10,25,250,0.5131,0.32,0.5514,1.0,0.0811,0.3649,81.06
images---2022-08-07T114848-848_jpg.rf.LyqlpIbuWgXEs2PR0UTt.jpg,1,342,377,335,341,15,72,1080,0.5779,0.39,0.6148,1.0,0.2623,0.2972,262.32
images---2022-08-07T114848-909_jpg.rf.3gi8K6d2cPYq9zyXUOmI.jpg,1,176,274,148,197,57,155,8835,0.5313,0.35,0.522,1.0,0.2611,0.5197,261.07
images---2022-08-07T114849-031_jpg.rf.BuTDf6RAzqOzb7eH1sni.jpg,1,141,495,131,487,20,16,320,0.5557,0.4,0.4619,0.7701,1.0,0.154,2335.76
images---2022-08-07T114849-031_jpg.rf.BuTDf6RAzqOzb7eH1sni.jpg,2,391,294,370,275,42,39,1638,0.6187,0.4,0.5136,1.0,0.9891,0.4361,989.06
images---2022-08-07T114849-031_jpg.rf.BuTDf6RAzqOzb7eH1sni.jpg,3,424,277,416,265,17,25,425,0.5309,0.34,0.5213,1.0,0.2948,0.4026,294.84
images---2022-08-07T114849-031_jpg.rf.BuTDf6RAzqOzb7eH1sni.jpg,4,41,259,35,250,12,19,228,0.6992,0.61,0.5305,1.0,1.0,0.3105,1191.49
images---2022-08-07T114849-031_jpg.rf.BuTDf6RAzqOzb7eH1sni.jpg,5,297,252,290,246,15,13,195,0.6079,0.39,0.4896,1.0,1.0,0.2919,1192.91
images---2022-08-07T114849-031_jpg.rf.BuTDf6RAzqOzb7eH1sni.jpg,6,293,234,286,228,14,12,168,0.5538,0.39,0.4536,1.0,0.5855,0.3221,585.51
images---2022-08-07T114849-031_jpg.rf.BuTDf6RAzqOzb7eH1sni.jpg,7,354,233,317,196,75,75,5625,0.5743,0.4,0.4809,1.0,0.66,0.3908,659.95
images---2022-08-07T114849-031_jpg.rf.BuTDf6RAzqOzb7eH1sni.jpg,8,387,167,383,158,9,19,171,0.569,0.37,0.5445,1.0,0.4892,0.2381,489.22
images---2022-08-07T114849-031_jpg.rf.BuTDf6RAzqOzb7eH1sni.jpg,9,404,135,395,118,18,34,612,0.5363,0.37,0.5283,0.9203,0.3787,0.1841,378.68
images---2022-08-07T114849-031_jpg.rf.BuTDf6RAzqOzb7eH1sni.jpg,10,324,114,309,105,31,18,558,0.6944,0.61,0.5168,1.0,1.0,0.2093,1919.36
images---2022-08-07T114849-031_jpg.rf.BuTDf6RAzqOzb7eH1sni.jpg,11,390,92,384,85,13,15,195,0.5295,0.37,0.5559,0.6815,0.6918,0.1363,691.76
images---2022-08-07T114849-031_jpg.rf.BuTDf6RAzqOzb7eH1sni.jpg,12,406,8,393,0,26,16,416,0.5862,0.4,0.5283,1.0,0.6136,0.2081,613.55
images---2022-08-07T114849-093_jpg.rf.PIJzFIGEBPMnmUQF8Zik.jpg,1,283,295,275,287,16,16,256,0.5648,0.39,0.4364,1.0,0.756,0.2819,755.96
images---2022-08-07T114849-093_jpg.rf.PIJzFIGEBPMnmUQF8Zik.jpg,2,413,178,407,164,13,28,364,0.6097,0.6,0.4726,1.0,0.343,0.279,342.99
images---2022-08-07T114849-123_jpg.rf.byJ8d6OvbGwstDmuGQWS.jpg,1,415,505,406,499,19,13,247,0.5152,0.38,0.5192,0.9847,0.0352,0.1969,35.24
images---2022-08-07T114849-123_jpg.rf.byJ8d6OvbGwstDmuGQWS.jpg,2,506,488,500,476,12,24,288,0.5132,0.44,0.5026,0.9105,0.0115,0.1821,11.53
images---2022-08-07T114849-123_jpg.rf.byJ8d6OvbGwstDmuGQWS.jpg,3,293,464,262,417,62,95,5890,0.5092,0.48,0.4956,0.8295,0.0177,0.1659,17.68
images---2022-08-07T114849-123_jpg.rf.byJ8d6OvbGwstDmuGQWS.jpg,4,186,448,159,401,55,94,5170,0.5609,0.43,0.7409,0.7259,0.0596,0.1452,59.59
images---2022-08-07T114849-123_jpg.rf.byJ8d6OvbGwstDmuGQWS.jpg,5,285,385,281,379,9,12,108,0.4845,0.49,0.4954,0.6845,0.0268,0.1369,26.84
images---2022-08-07T114849-123_jpg.rf.byJ8d6OvbGwstDmuGQWS.jpg,6,449,330,437,324,25,12,300,0.4631,0.19,0.5093,1.0,0.1836,0.5259,183.61
images---2022-08-07T114849-123_jpg.rf.byJ8d6OvbGwstDmuGQWS.jpg,7,4,284,0,267,8,34,272,0.5353,0.36,0.5291,1.0,0.241,0.4457,241.04
images---2022-08-07T114849-123_jpg.rf.byJ8d6OvbGwstDmuGQWS.jpg,8,4,167,0,139,8,56,448,0.4998,0.35,0.4766,1.0,0.1044,0.4485,104.41
images---2022-08-07T114849-123_jpg.rf.byJ8d6OvbGwstDmuGQWS.jpg,9,3,109,0,101,7,16,112,0.497,0.32,0.4949,1.0,0.1177,0.3846,117.7
images---2022-08-07T114849-123_jpg.rf.byJ8d6OvbGwstDmuGQWS.jpg,10,3,31,0,17,6,28,168,0.4878,0.3,0.4898,1.0,0.114,0.4042,114.0
images---2022-08-07T114849-187_jpg.rf.OscdZ47plWc73UGFZCow.jpg,1,369,93,326,60,87,66,5742,0.4792,0.18,0.601,1.0,0.0586,0.271,58.62
images---2022-08-07T114849-250_jpg.rf.YXn39YlVqzp8kWFyte1Z.jpg,1,407,506,398,501,18,11,198,0.63,0.38,0.5716,1.0,0.9694,0.3176,969.36
images---2022-08-07T114849-250_jpg.rf.YXn39YlVqzp8kWFyte1Z.jpg,2,254,501,246,493,16,16,256,0.5807,0.27,0.5319,1.0,1.0,0.4757,1046.04
images---2022-08-07T114849-250_jpg.rf.YXn39YlVqzp8kWFyte1Z.jpg,3,424,502,417,492,15,20,300,0.5357,0.31,0.5579,1.0,0.3191,0.2792,319.15
images---2022-08-07T114849-250_jpg.rf.YXn39YlVqzp8kWFyte1Z.jpg,4,210,498,190,485,40,27,1080,0.6508,0.52,0.5757,1.0,0.6732,0.2931,673.22
images---2022-08-07T114849-250_jpg.rf.YXn39YlVqzp8kWFyte1Z.jpg,5,205,468,201,460,8,16,128,0.5446,0.3,0.5535,1.0,0.4591,0.2268,459.07
images---2022-08-07T114849-250_jpg.rf.YXn39YlVqzp8kWFyte1Z.jpg,6,35,461,25,453,20,17,340,0.5913,0.36,0.5277,1.0,0.806,0.3987,805.98
images---2022-08-07T114849-250_jpg.rf.YXn39YlVqzp8kWFyte1Z.jpg,7,389,457,380,447,19,21,399,0.5563,0.42,0.515,1.0,0.291,0.3988,290.99
images---2022-08-07T114849-250_jpg.rf.YXn39YlVqzp8kWFyte1Z.jpg,8,485,471,458,431,54,81,4374,0.5216,0.29,0.4587,1.0,0.5959,0.4121,595.86
images---2022-08-07T114849-250_jpg.rf.YXn39YlVqzp8kWFyte1Z.jpg,9,259,459,242,429,35,60,2100,0.6178,0.52,0.532,1.0,0.4958,0.3319,495.84
images---2022-08-07T114849-250_jpg.rf.YXn39YlVqzp8kWFyte1Z.jpg,10,434,439,425,426,18,26,468,0.6145,0.37,0.6599,1.0,0.5399,0.3202,539.93
images---2022-08-07T114849-250_jpg.rf.YXn39YlVqzp8kWFyte1Z.jpg,11,202,438,194,424,16,29,464,0.6218,0.54,0.5327,1.0,0.4636,0.2361,463.59
images---2022-08-07T114849-250_jpg.rf.YXn39YlVqzp8kWFyte1Z.jpg,12,462,398,453,392,18,12,216,0.5447,0.27,0.5253,1.0,0.6635,0.2139,663.53
images---2022-08-07T114849-250_jpg.rf.YXn39YlVqzp8kWFyte1Z.jpg,13,424,388,402,364,44,49,2156,0.5388,0.29,0.49,1.0,0.6581,0.3355,658.09
images---2022-08-07T114849-250_jpg.rf.YXn39YlVqzp8kWFyte1Z.jpg,14,481,355,474,349,14,13,182,0.5112,0.27,0.5922,0.5769,0.9401,0.1154,940.1
images---2022-08-07T114849-250_jpg.rf.YXn39YlVqzp8kWFyte1Z.jpg,15,93,334,76,325,35,18,630,0.597,0.49,0.5514,1.0,0.3257,0.2894,325.69
images---2022-08-07T114849-250_jpg.rf.YXn39YlVqzp8kWFyte1Z.jpg,16,427,334,417,315,20,38,760,0.5597,0.29,0.4558,1.0,0.9863,0.3269,986.32
images---2022-08-07T114849-250_jpg.rf.YXn39YlVqzp8kWFyte1Z.jpg,17,507,316,502,307,10,18,180,0.5692,0.26,0.5812,1.0,0.7477,0.2625,747.68
images---2022-08-07T114849-250_jpg.rf.YXn39YlVqzp8kWFyte1Z.jpg,18,466,323,457,300,18,46,828,0.5843,0.3,0.5414,1.0,0.8982,0.3167,898.25
images---2022-08-07T114849-250_jpg.rf.YXn39YlVqzp8kWFyte1Z.jpg,19,386,301,382,293,9,16,144,0.646,0.48,0.5086,1.0,1.0,0.2364,1494.07
images---2022-08-07T114849-250_jpg.rf.YXn39YlVqzp8kWFyte1Z.jpg,20,340,263,311,183,58,160,9280,0.5,0.35,0.4567,1.0,0.1766,0.4408,176.61
images---2022-08-07T114849-250_jpg.rf.YXn39YlVqzp8kWFyte1Z.jpg,21,121,158,116,151,11,14,154,0.4973,0.36,0.5374,0.7776,0.2767,0.1555,276.67
images---2022-08-07T114849-250_jpg.rf.YXn39YlVqzp8kWFyte1Z.jpg,22,48,146,39,123,18,47,846,0.5067,0.27,0.5043,1.0,0.3569,0.2051,356.87
images---2022-08-07T114849-250_jpg.rf.YXn39YlVqzp8kWFyte1Z.jpg,23,170,104,157,92,27,24,648,0.5293,0.37,0.502,1.0,0.2408,0.3704,240.8
images---2022-08-07T114849-250_jpg.rf.YXn39YlVqzp8kWFyte1Z.jpg,24,253,100,244,87,19,26,494,0.5417,0.39,0.4735,1.0,0.3945,0.3667,394.53
images---2022-08-07T114849-250_jpg.rf.YXn39YlVqzp8kWFyte1Z.jpg,25,324,96,307,71,35,51,1785,0.561,0.28,0.6693,1.0,0.2869,0.2239,286.93
images---2022-08-07T114849-250_jpg.rf.YXn39YlVqzp8kWFyte1Z.jpg,26,206,77,186,58,41,38,1558,0.5412,0.38,0.5346,1.0,0.211,0.2249,211.02
images---2022-08-07T114849-250_jpg.rf.YXn39YlVqzp8kWFyte1Z.jpg,27,128,46,121,27,14,39,546,0.4863,0.38,0.529,0.7164,0.2488,0.1433,248.79
images---2022-08-07T114849-310_jpg.rf.c71iceUbjyeRWkVgMzkv.jpg,1,210,444,203,431,14,27,378,0.646,0.39,0.5985,1.0,1.0,0.2712,2620.88
images---2022-08-07T114849-310_jpg.rf.c71iceUbjyeRWkVgMzkv.jpg,2,208,312,174,270,68,85,5780,0.6714,0.54,0.5212,1.0,1.0,0.3807,1341.36
images---2022-08-07T114849-340_jpg.rf.V595nJ23HydekOjzIM99.jpg,1,485,467,458,423,54,89,4806,0.6377,0.73,0.4808,1.0,0.1393,0.5833,139.3
images---2022-08-07T114849-340_jpg.rf.V595nJ23HydekOjzIM99.jpg,2,459,378,446,358,26,40,1040,0.498,0.28,0.539,1.0,0.1133,0.3214,113.26
images---2022-08-07T114849-340_jpg.rf.V595nJ23HydekOjzIM99.jpg,3,388,378,380,352,16,52,832,0.5133,0.41,0.4513,1.0,0.118,0.3382,118.02
images---2022-08-07T114849-340_jpg.rf.V595nJ23HydekOjzIM99.jpg,4,477,355,473,348,8,15,120,0.485,0.3,0.4841,1.0,0.1058,0.2981,105.82
images---2022-08-07T114849-340_jpg.rf.V595nJ23HydekOjzIM99.jpg,5,327,227,311,208,32,38,1216,0.4671,0.3,0.4304,0.8727,0.3689,0.1745,368.88
images---2022-08-07T114849-340_jpg.rf.V595nJ23HydekOjzIM99.jpg,6,297,211,291,206,12,11,132,0.4939,0.34,0.4941,1.0,0.019,0.2355,19.04
images---2022-08-07T114849-340_jpg.rf.V595nJ23HydekOjzIM99.jpg,7,475,257,438,199,74,117,8658,0.5834,0.52,0.5498,1.0,0.0893,0.6651,89.3
images---2022-08-07T114849-340_jpg.rf.V595nJ23HydekOjzIM99.jpg,8,357,155,353,149,9,12,108,0.4986,0.38,0.4813,0.8532,0.265,0.1706,265.03
images---2022-08-07T114849-340_jpg.rf.V595nJ23HydekOjzIM99.jpg,9,259,156,255,148,8,17,136,0.5086,0.37,0.5025,1.0,0.0323,0.269,32.27
images---2022-08-07T114849-340_jpg.rf.V595nJ23HydekOjzIM99.jpg,10,503,122,495,111,17,23,391,0.5381,0.4,0.5155,1.0,0.1764,0.3354,176.44
images---2022-08-07T114849-410_jpg.rf.frsnxpSwDOpF4ql4Ebc5.jpg,1,110,499,103,492,14,15,210,0.4554,0.24,0.4766,1.0,0.0457,0.4201,45.73
images---2022-08-07T114849-410_jpg.rf.frsnxpSwDOpF4ql4Ebc5.jpg,2,358,416,347,404,23,25,575,0.5238,0.28,0.5411,1.0,0.3637,0.3498,363.69
images---2022-08-07T114849-410_jpg.rf.frsnxpSwDOpF4ql4Ebc5.jpg,3,363,337,294,267,138,141,19458,0.5507,0.36,0.5695,1.0,0.254,0.4565,253.98
images---2022-08-07T114849-410_jpg.rf.frsnxpSwDOpF4ql4Ebc5.jpg,4,275,212,268,209,14,7,98,0.5237,0.31,0.5498,1.0,0.2273,0.2287,227.25
images---2022-08-07T114849-410_jpg.rf.frsnxpSwDOpF4ql4Ebc5.jpg,5,215,189,206,172,19,35,665,0.5894,0.36,0.5864,1.0,0.5817,0.4049,581.74
images---2022-08-07T114849-410_jpg.rf.frsnxpSwDOpF4ql4Ebc5.jpg,6,368,215,314,149,109,132,14388,0.5654,0.36,0.5886,1.0,0.3343,0.5259,334.31
images---2022-08-07T114849-410_jpg.rf.frsnxpSwDOpF4ql4Ebc5.jpg,7,258,155,226,118,65,74,4810,0.5861,0.37,0.6091,1.0,0.4342,0.461,434.21
images---2022-08-07T114849-441_jpg.rf.TT9Aj11qMDMOgavb4EVc.jpg,1,232,392,224,379,17,26,442,0.5778,0.4,0.5051,1.0,0.6105,0.2849,610.48
images---2022-08-07T114849-441_jpg.rf.TT9Aj11qMDMOgavb4EVc.jpg,2,391,378,377,371,29,15,435,0.5922,0.58,0.4946,1.0,0.1609,0.2836,160.92
images---2022-08-07T114849-441_jpg.rf.TT9Aj11qMDMOgavb4EVc.jpg,3,314,362,306,351,16,23,368,0.5207,0.58,0.5392,0.5459,0.1977,0.1092,197.73
images---2022-08-07T114849-441_jpg.rf.TT9Aj11qMDMOgavb4EVc.jpg,4,184,356,134,333,101,46,4646,0.5935,0.59,0.4786,1.0,0.1951,0.3265,195.06
images---2022-08-07T114849-441_jpg.rf.TT9Aj11qMDMOgavb4EVc.jpg,5,279,335,271,327,17,16,272,0.6028,0.4,0.531,1.0,0.7696,0.2192,769.56
images---2022-08-07T114849-441_jpg.rf.TT9Aj11qMDMOgavb4EVc.jpg,6,253,309,248,303,10,12,120,0.5567,0.38,0.5424,1.0,0.3383,0.267,338.34
images---2022-08-07T114849-441_jpg.rf.TT9Aj11qMDMOgavb4EVc.jpg,7,32,85,25,80,15,10,150,0.5223,0.36,0.5145,1.0,0.1628,0.2912,162.81
images---2022-08-07T114849-473_jpg.rf.F4J1i2LOgkHZy15gMwhw.jpg,1,303,503,299,495,9,17,153,0.5307,0.39,0.5183,1.0,0.1282,0.5052,128.23
images---2022-08-07T114849-473_jpg.rf.F4J1i2LOgkHZy15gMwhw.jpg,2,367,448,362,442,11,13,143,0.6966,0.62,0.56,1.0,0.8356,0.2383,835.61
images---2022-08-07T114849-473_jpg.rf.F4J1i2LOgkHZy15gMwhw.jpg,3,362,364,355,352,14,24,336,0.6291,0.57,0.5573,1.0,0.3453,0.2618,345.32
images---2022-08-07T114849-505_jpg.rf.OjvJBXZDPD6Qo1XmBU4U.jpg,1,228,494,197,477,63,35,2205,0.5208,0.27,0.5862,1.0,0.2115,0.3935,211.53
images---2022-08-07T114849-505_jpg.rf.OjvJBXZDPD6Qo1XmBU4U.jpg,2,221,412,213,401,16,22,352,0.5214,0.27,0.5697,1.0,0.2747,0.2941,274.69
images---2022-08-07T114849-505_jpg.rf.OjvJBXZDPD6Qo1XmBU4U.jpg,3,10,412,0,392,21,41,861,0.5467,0.36,0.5345,1.0,0.3362,0.5709,336.16
images---2022-08-07T114849-505_jpg.rf.OjvJBXZDPD6Qo1XmBU4U.jpg,4,194,320,180,310,28,21,588,0.532,0.33,0.5121,1.0,0.373,0.2242,372.97
images---2022-08-07T114849-505_jpg.rf.OjvJBXZDPD6Qo1XmBU4U.jpg,5,166,299,155,293,22,12,264,0.5024,0.33,0.4794,1.0,0.1912,0.3015,191.23
images---2022-08-07T114849-505_jpg.rf.OjvJBXZDPD6Qo1XmBU4U.jpg,6,175,265,150,238,51,54,2754,0.4927,0.31,0.4734,1.0,0.1853,0.3545,185.35
images---2022-08-07T114849-505_jpg.rf.OjvJBXZDPD6Qo1XmBU4U.jpg,7,111,241,89,187,45,108,4860,0.4866,0.29,0.4422,1.0,0.3031,0.3944,303.13
images---2022-08-07T114849-505_jpg.rf.OjvJBXZDPD6Qo1XmBU4U.jpg,8,322,179,308,159,28,41,1148,0.5643,0.36,0.5702,1.0,0.3873,0.284,387.26
images---2022-08-07T114849-505_jpg.rf.OjvJBXZDPD6Qo1XmBU4U.jpg,9,363,137,355,121,16,32,512,0.5129,0.23,0.6003,1.0,0.2228,0.4683,222.77
images---2022-08-07T114849-505_jpg.rf.OjvJBXZDPD6Qo1XmBU4U.jpg,10,469,55,427,0,85,110,9350,0.5337,0.35,0.5401,1.0,0.2215,0.4766,221.5
images---2022-08-07T114849-694_jpg.rf.aY1znGuyyVRIWviSvQaw.jpg,1,491,480,479,472,24,16,384,0.4795,0.37,0.564,0.6548,0.2167,0.131,216.66
images---2022-08-07T114849-694_jpg.rf.aY1znGuyyVRIWviSvQaw.jpg,2,113,486,99,461,29,51,1479,0.5504,0.43,0.5175,1.0,0.1882,0.4236,188.19
images---2022-08-07T114849-694_jpg.rf.aY1znGuyyVRIWviSvQaw.jpg,3,7,443,0,439,15,8,120,0.6011,0.56,0.546,1.0,0.1406,0.219,140.59
images---2022-08-07T114849-694_jpg.rf.aY1znGuyyVRIWviSvQaw.jpg,4,480,439,465,425,31,28,868,0.497,0.38,0.5333,0.8023,0.1686,0.1605,168.61
images---2022-08-07T114849-694_jpg.rf.aY1znGuyyVRIWviSvQaw.jpg,5,120,238,80,182,81,112,9072,0.5174,0.36,0.4372,1.0,0.3838,0.4507,383.76
images---2022-08-07T114849-694_jpg.rf.aY1znGuyyVRIWviSvQaw.jpg,6,461,152,410,89,102,127,12954,0.5092,0.34,0.4706,1.0,0.2548,0.363,254.76
images---2022-08-07T114849-724_jpg.rf.cBWokc6YHAIkTpGbf19g.jpg,1,422,471,414,467,16,9,144,0.487,0.3,0.4975,1.0,0.0784,0.233,78.37
images---2022-08-07T114849-724_jpg.rf.cBWokc6YHAIkTpGbf19g.jpg,2,390,469,378,464,24,11,264,0.4956,0.31,0.5147,1.0,0.0697,0.2403,69.69
images---2022-08-07T114849-724_jpg.rf.cBWokc6YHAIkTpGbf19g.jpg,3,471,483,431,454,81,58,4698,0.551,0.37,0.5836,1.0,0.1721,0.4925,172.14
images---2022-08-07T114849-724_jpg.rf.cBWokc6YHAIkTpGbf19g.jpg,4,286,409,273,371,27,77,2079,0.4801,0.48,0.5388,0.5532,0.1292,0.1106,129.25
images---2022-08-07T114849-724_jpg.rf.cBWokc6YHAIkTpGbf19g.jpg,5,507,319,502,303,10,33,330,0.5395,0.46,0.5068,1.0,0.0108,0.3722,10.76
images---2022-08-07T114849-724_jpg.rf.cBWokc6YHAIkTpGbf19g.jpg,6,30,104,0,71,60,67,4020,0.53,0.42,0.5105,1.0,0.0434,0.4486,43.43
images---2022-08-07T114849-724_jpg.rf.cBWokc6YHAIkTpGbf19g.jpg,7,166,32,161,24,10,16,160,0.5321,0.43,0.4775,1.0,0.1451,0.2549,145.15
images---2022-08-07T114849-724_jpg.rf.cBWokc6YHAIkTpGbf19g.jpg,8,326,24,310,9,33,30,990,0.5633,0.46,0.5424,1.0,0.124,0.346,124.04
images---2022-08-07T114849-724_jpg.rf.cBWokc6YHAIkTpGbf19g.jpg,9,4,14,0,0,8,28,224,0.4611,0.45,0.534,0.5252,0.1164,0.105,116.43
images---2022-08-07T114849-755_jpg.rf.Fii2XnfO2uMMmccmtQET.jpg,1,251,471,245,459,12,25,300,0.5363,0.42,0.5258,1.0,0.0527,0.2883,52.66
images---2022-08-07T114849-755_jpg.rf.Fii2XnfO2uMMmccmtQET.jpg,2,269,77,251,56,37,43,1591,0.5518,0.36,0.5601,1.0,0.2976,0.2564,297.61
images---2022-08-07T114849-786_jpg.rf.PHQ2Eubfu77MdrjrOilt.jpg,1,311,464,295,459,33,11,363,0.5007,0.25,0.4796,1.0,0.4528,0.2155,452.82
images---2022-08-07T114849-786_jpg.rf.PHQ2Eubfu77MdrjrOilt.jpg,2,171,432,167,422,8,21,168,0.4558,0.24,0.4391,1.0,0.1811,0.2106,181.05
images---2022-08-07T114849-786_jpg.rf.PHQ2Eubfu77MdrjrOilt.jpg,3,398,363,390,359,17,8,136,0.5557,0.28,0.5325,0.9914,0.7308,0.1983,730.79
images---2022-08-07T114849-786_jpg.rf.PHQ2Eubfu77MdrjrOilt.jpg,4,414,326,400,314,29,25,725,0.4756,0.28,0.5057,0.7581,0.4903,0.1516,490.28
images---2022-08-07T114849-786_jpg.rf.PHQ2Eubfu77MdrjrOilt.jpg,5,330,228,292,181,77,95,7315,0.4548,0.34,0.3472,1.0,0.143,0.2229,143.03
images---2022-08-07T114849-912_jpg.rf.qhzKaYByWckzp0geecvJ.jpg,1,377,468,370,460,14,16,224,0.5067,0.38,0.4942,1.0,0.0071,0.5618,7.05
images---2022-08-07T114849-912_jpg.rf.qhzKaYByWckzp0geecvJ.jpg,2,405,415,391,382,28,66,1848,0.536,0.41,0.5394,1.0,0.0369,0.2532,36.91
images---2022-08-07T114849-912_jpg.rf.qhzKaYByWckzp0geecvJ.jpg,3,204,355,194,351,20,9,180,0.489,0.32,0.4875,1.0,0.0638,0.2991,63.78
images---2022-08-07T114849-912_jpg.rf.qhzKaYByWckzp0geecvJ.jpg,4,308,230,304,218,9,25,225,0.4545,0.23,0.4914,1.0,0.0197,0.426,19.74
images---2022-08-07T114849-912_jpg.rf.qhzKaYByWckzp0geecvJ.jpg,5,274,217,267,209,14,16,224,0.4533,0.25,0.4507,1.0,0.081,0.3791,81.01
images---2022-08-07T114849-912_jpg.rf.qhzKaYByWckzp0geecvJ.jpg,6,405,121,398,117,14,8,112,0.5183,0.4,0.5047,1.0,0.0162,0.4231,16.17
images---2022-08-07T114849-912_jpg.rf.qhzKaYByWckzp0geecvJ.jpg,7,404,21,394,15,20,12,240,0.5644,0.52,0.4952,1.0,0.091,0.2565,90.99
images---2022-08-07T114849-912_jpg.rf.qhzKaYByWckzp0geecvJ.jpg,8,385,3,380,0,11,7,77,0.4742,0.44,0.4943,0.7191,0.0337,0.1438,33.66
images---2022-08-07T114849-944_jpg.rf.44137KTGL0dB6e2EoA16.jpg,1,496,16,488,0,17,32,544,0.4884,0.33,0.4936,1.0,0.0016,0.3802,1.61
images---2022-08-07T114849-975_jpg.rf.m4RLQB2l1zC1EgPDLzQt.jpg,1,331,445,324,419,14,52,728,0.5135,0.53,0.598,0.4237,0.3393,0.0847,339.3
images---2022-08-07T114849-975_jpg.rf.m4RLQB2l1zC1EgPDLzQt.jpg,2,306,427,301,405,11,45,495,0.6117,0.54,0.5124,1.0,0.4335,0.2304,433.53
images---2022-08-07T114850-036_jpg.rf.Tgsc3YI7TyRBP1qple6E.jpg,1,492,270,484,260,17,20,340,0.5371,0.39,0.5201,1.0,0.1851,0.2748,185.07
images---2022-08-07T114850-036_jpg.rf.Tgsc3YI7TyRBP1qple6E.jpg,2,504,235,497,224,15,22,330,0.4776,0.27,0.5049,1.0,0.0641,0.3557,64.14
images---2022-08-07T114850-036_jpg.rf.Tgsc3YI7TyRBP1qple6E.jpg,3,227,14,219,5,16,18,288,0.5921,0.43,0.55,1.0,0.4914,0.3128,491.41
images---2022-08-07T114850-036_jpg.rf.Tgsc3YI7TyRBP1qple6E.jpg,4,373,5,369,0,9,10,90,0.466,0.27,0.4974,0.9524,0.0688,0.1905,68.81
images---2022-08-07T114850-036_jpg.rf.Tgsc3YI7TyRBP1qple6E.jpg,5,266,8,249,0,35,17,595,0.6098,0.57,0.5334,1.0,0.236,0.3932,235.95
images---2022-08-07T114850-066_jpg.rf.odE44AvXhgBVRHbhTeLt.jpg,1,299,312,276,230,46,165,7590,0.5038,0.33,0.479,1.0,0.2066,0.5005,206.55
images---2022-08-07T114850-098_jpg.rf.cM8GmnA0CVBA9vGCTdFD.jpg,1,35,506,31,500,9,12,108,0.5676,0.37,0.4317,1.0,0.8705,0.2672,870.5
images---2022-08-07T114850-098_jpg.rf.cM8GmnA0CVBA9vGCTdFD.jpg,2,258,503,254,495,9,17,153,0.5744,0.36,0.4991,1.0,0.7371,0.5404,737.1
images---2022-08-07T114850-098_jpg.rf.cM8GmnA0CVBA9vGCTdFD.jpg,3,273,485,262,473,22,25,550,0.6099,0.39,0.4955,1.0,1.0,0.2687,1147.42
images---2022-08-07T114850-098_jpg.rf.cM8GmnA0CVBA9vGCTdFD.jpg,4,159,491,127,471,65,41,2665,0.5414,0.37,0.3775,1.0,0.7983,0.4189,798.31
images---2022-08-07T114850-098_jpg.rf.cM8GmnA0CVBA9vGCTdFD.jpg,5,14,473,9,465,11,16,176,0.5905,0.37,0.5169,1.0,0.8006,0.2314,800.6
images---2022-08-07T114850-098_jpg.rf.cM8GmnA0CVBA9vGCTdFD.jpg,6,226,412,217,394,18,37,666,0.605,0.37,0.5344,1.0,0.8849,0.3571,884.86
images---2022-08-07T114850-098_jpg.rf.cM8GmnA0CVBA9vGCTdFD.jpg,7,27,386,11,348,33,76,2508,0.5545,0.38,0.5215,1.0,0.3903,0.3126,390.35
images---2022-08-07T114850-098_jpg.rf.cM8GmnA0CVBA9vGCTdFD.jpg,8,318,346,313,334,11,25,275,0.4885,0.26,0.5215,1.0,0.1503,0.2585,150.29
images---2022-08-07T114850-098_jpg.rf.cM8GmnA0CVBA9vGCTdFD.jpg,9,227,355,219,325,17,61,1037,0.5565,0.37,0.5355,1.0,0.3963,0.4204,396.28
images---2022-08-07T114850-098_jpg.rf.cM8GmnA0CVBA9vGCTdFD.jpg,10,435,229,427,223,17,13,221,0.4584,0.21,0.5213,1.0,0.0241,0.229,24.06
images---2022-08-07T114850-098_jpg.rf.cM8GmnA0CVBA9vGCTdFD.jpg,11,397,228,382,221,30,15,450,0.4534,0.21,0.5105,1.0,0.0122,0.3016,12.19
images---2022-08-07T114850-098_jpg.rf.cM8GmnA0CVBA9vGCTdFD.jpg,12,327,208,310,198,35,20,700,0.4854,0.28,0.5247,1.0,0.0378,0.254,37.79
images---2022-08-07T114850-098_jpg.rf.cM8GmnA0CVBA9vGCTdFD.jpg,13,467,190,459,185,16,11,176,0.4635,0.25,0.4948,1.0,0.0278,0.3075,27.77
images---2022-08-07T114850-098_jpg.rf.cM8GmnA0CVBA9vGCTdFD.jpg,14,421,193,399,185,45,16,720,0.4692,0.25,0.5071,1.0,0.0419,0.3058,41.92
images---2022-08-07T114850-098_jpg.rf.cM8GmnA0CVBA9vGCTdFD.jpg,15,107,157,98,150,18,15,270,0.4661,0.3,0.497,0.9136,0.0444,0.1827,44.37
images---2022-08-07T114850-098_jpg.rf.cM8GmnA0CVBA9vGCTdFD.jpg,16,507,121,502,112,10,18,180,0.4693,0.26,0.5031,1.0,0.0219,0.2229,21.93
images---2022-08-07T114850-342_jpg.rf.hiaAdsgVKCCwGFl8xyVY.jpg,1,65,376,44,336,43,81,3483,0.5126,0.33,0.5047,1.0,0.2048,0.5259,204.8
images---2022-08-07T114850-342_jpg.rf.hiaAdsgVKCCwGFl8xyVY.jpg,2,381,259,358,211,46,96,4416,0.5111,0.3,0.538,1.0,0.1775,0.4936,177.54
images---2022-08-07T114850-342_jpg.rf.hiaAdsgVKCCwGFl8xyVY.jpg,3,181,205,159,145,45,121,5445,0.5588,0.3,0.6049,1.0,0.421,0.3258,421.01
images---2022-08-07T114850-372_jpg.rf.qfY2nXZLYfIelLsRTPev.jpg,1,117,371,110,366,14,11,154,0.6295,0.4,0.5415,1.0,1.0,0.3227,1130.55
images---2022-08-07T114850-372_jpg.rf.qfY2nXZLYfIelLsRTPev.jpg,2,242,360,219,339,47,42,1974,0.4929,0.61,0.5286,0.2966,0.3507,0.0593,350.68
images---2022-08-07T114850-372_jpg.rf.qfY2nXZLYfIelLsRTPev.jpg,3,66,264,56,252,21,24,504,0.6355,0.6,0.5238,1.0,0.4223,0.2508,422.32
images---2022-08-07T114850-461_jpg.rf.oqeE5u7BxAEIr3reuIqG.jpg,1,413,211,403,159,20,105,2100,0.4798,0.26,0.522,1.0,0.0608,0.3491,60.76
images---2022-08-07T114850-461_jpg.rf.oqeE5u7BxAEIr3reuIqG.jpg,2,385,172,379,137,13,70,910,0.4769,0.26,0.5133,1.0,0.0621,0.3463,62.1
images---2022-08-07T114850-674_jpg.rf.tjbsZyyYhHUlwkpgNUMo.jpg,1,225,288,205,252,40,73,2920,0.5327,0.26,0.6497,1.0,0.1427,0.2873,142.75
images---2022-08-07T114850-674_jpg.rf.tjbsZyyYhHUlwkpgNUMo.jpg,2,196,234,178,177,37,114,4218,0.5122,0.22,0.6463,1.0,0.0899,0.3055,89.95
images---2022-08-07T114850-735_jpg.rf.Ps92bZBNyeZhUFkWuMPk.jpg,1,493,498,475,485,37,27,999,0.509,0.38,0.4516,1.0,0.1793,0.5772,179.33
images---2022-08-07T114850-735_jpg.rf.Ps92bZBNyeZhUFkWuMPk.jpg,2,416,425,410,419,13,13,169,0.5443,0.38,0.4671,1.0,0.4779,0.3696,477.85
images---2022-08-07T114850-735_jpg.rf.Ps92bZBNyeZhUFkWuMPk.jpg,3,169,388,165,379,8,18,144,0.5703,0.39,0.5392,1.0,0.4506,0.26,450.57
images---2022-08-07T114850-735_jpg.rf.Ps92bZBNyeZhUFkWuMPk.jpg,4,335,384,326,372,18,25,450,0.4549,0.38,0.5364,0.527,0.288,0.1054,288.01
images---2022-08-07T114850-735_jpg.rf.Ps92bZBNyeZhUFkWuMPk.jpg,5,504,369,499,363,10,12,120,0.6061,0.38,0.5024,1.0,0.973,0.5746,973.03
images---2022-08-07T114850-735_jpg.rf.Ps92bZBNyeZhUFkWuMPk.jpg,6,271,360,266,353,10,15,150,0.5561,0.39,0.4753,1.0,0.5319,0.2778,531.92
images---2022-08-07T114850-735_jpg.rf.Ps92bZBNyeZhUFkWuMPk.jpg,7,38,322,30,317,16,11,176,0.5835,0.38,0.5145,0.9705,0.7627,0.1941,762.72
images---2022-08-07T114850-735_jpg.rf.Ps92bZBNyeZhUFkWuMPk.jpg,8,251,318,246,310,11,17,187,0.6155,0.39,0.5115,1.0,1.0,0.3973,1087.16
images---2022-08-07T114850-735_jpg.rf.Ps92bZBNyeZhUFkWuMPk.jpg,9,144,316,128,300,32,32,1024,0.5767,0.4,0.4752,1.0,0.7036,0.2066,703.63
images---2022-08-07T114850-735_jpg.rf.Ps92bZBNyeZhUFkWuMPk.jpg,10,252,285,237,271,31,28,868,0.6216,0.4,0.586,1.0,0.7655,0.3517,765.46
images---2022-08-07T114850-735_jpg.rf.Ps92bZBNyeZhUFkWuMPk.jpg,11,113,279,80,254,66,50,3300,0.6169,0.4,0.5098,1.0,0.9849,0.2843,984.88
images---2022-08-07T114850-735_jpg.rf.Ps92bZBNyeZhUFkWuMPk.jpg,12,216,265,209,251,15,28,420,0.6238,0.4,0.5252,1.0,1.0,0.337,1110.34
images---2022-08-07T114850-735_jpg.rf.Ps92bZBNyeZhUFkWuMPk.jpg,13,302,251,288,238,29,26,754,0.5957,0.4,0.4611,1.0,0.9429,0.3222,942.94
images---2022-08-07T114850-735_jpg.rf.Ps92bZBNyeZhUFkWuMPk.jpg,14,238,234,224,222,28,24,672,0.6223,0.4,0.521,1.0,1.0,0.2771,1197.96
images---2022-08-07T114850-735_jpg.rf.Ps92bZBNyeZhUFkWuMPk.jpg,15,65,234,52,218,27,32,864,0.5274,0.4,0.5444,0.6323,0.7039,0.1265,703.94
images---2022-08-07T114850-735_jpg.rf.Ps92bZBNyeZhUFkWuMPk.jpg,16,331,214,325,209,12,10,120,0.5905,0.38,0.4501,1.0,1.0,0.3655,1627.77
images---2022-08-07T114850-735_jpg.rf.Ps92bZBNyeZhUFkWuMPk.jpg,17,5,204,0,196,10,16,160,0.5658,0.38,0.4989,1.0,0.5821,0.2277,582.09
images---2022-08-07T114850-735_jpg.rf.Ps92bZBNyeZhUFkWuMPk.jpg,18,392,194,380,182,24,24,576,0.6182,0.4,0.5091,1.0,1.0,0.4028,1098.5
images---2022-08-07T114850-735_jpg.rf.Ps92bZBNyeZhUFkWuMPk.jpg,19,100,198,90,180,21,36,756,0.6081,0.4,0.5327,1.0,0.8163,0.2311,816.26
images---2022-08-07T114850-735_jpg.rf.Ps92bZBNyeZhUFkWuMPk.jpg,20,34,183,27,173,14,21,294,0.4919,0.39,0.5425,0.5478,0.5598,0.1096,559.76
images---2022-08-07T114850-735_jpg.rf.Ps92bZBNyeZhUFkWuMPk.jpg,21,78,178,74,171,8,15,120,0.4661,0.38,0.5163,0.4907,0.5427,0.0981,542.71
images---2022-08-07T114850-735_jpg.rf.Ps92bZBNyeZhUFkWuMPk.jpg,22,245,136,241,129,8,14,112,0.57,0.38,0.4793,0.8462,1.0,0.1692,1090.72
images---2022-08-07T114850-735_jpg.rf.Ps92bZBNyeZhUFkWuMPk.jpg,23,207,130,189,101,37,59,2183,0.5495,0.31,0.5049,1.0,0.6425,0.2639,642.54
images---2022-08-07T114850-735_jpg.rf.Ps92bZBNyeZhUFkWuMPk.jpg,24,237,109,232,98,11,22,242,0.5551,0.39,0.5181,0.9015,0.5698,0.1803,569.76
images---2022-08-07T114850-735_jpg.rf.Ps92bZBNyeZhUFkWuMPk.jpg,25,13,91,0,76,26,30,780,0.5565,0.39,0.5251,1.0,0.3625,0.2232,362.5
images---2022-08-07T114850-767_jpg.rf.8wgL60iu0iHlE4029HH5.jpg,1,206,311,197,290,19,42,798,0.6161,0.54,0.5507,1.0,0.3439,0.2587,343.88
images---2022-08-07T114850-767_jpg.rf.8wgL60iu0iHlE4029HH5.jpg,2,255,292,220,245,71,94,6674,0.5982,0.54,0.4876,1.0,0.3856,0.4604,385.63
images---2022-08-07T114850-767_jpg.rf.8wgL60iu0iHlE4029HH5.jpg,3,428,250,411,223,34,54,1836,0.5858,0.37,0.5581,1.0,0.61,0.4457,609.96
images---2022-08-07T114850-767_jpg.rf.8wgL60iu0iHlE4029HH5.jpg,4,238,216,231,210,15,13,195,0.5769,0.48,0.4902,1.0,0.3732,0.3007,373.24
images---2022-08-07T114850-798_jpg.rf.6LDb9KPKLRCXJqchQDXL.jpg,1,227,349,222,342,10,14,140,0.5121,0.26,0.5946,1.0,0.1299,0.25,129.92
images---2022-08-07T114850-798_jpg.rf.6LDb9KPKLRCXJqchQDXL.jpg,2,221,307,208,285,26,45,1170,0.5033,0.35,0.4772,1.0,0.138,0.2932,138.02
images---2022-08-07T114850-798_jpg.rf.6LDb9KPKLRCXJqchQDXL.jpg,3,335,46,327,31,16,31,496,0.4898,0.27,0.5827,0.9053,0.1032,0.1811,103.19
images---2022-08-07T114850-828_jpg.rf.93Q341HNXmpbocBFZcRo.jpg,1,401,293,388,283,26,20,520,0.5415,0.28,0.6291,1.0,0.2335,0.3783,233.5
images---2022-08-07T114850-858_jpg.rf.iKiIsRHBBOhUdWGG3SuZ.jpg,1,338,305,330,301,17,9,153,0.5699,0.38,0.4777,1.0,0.6967,0.2906,696.68
images---2022-08-07T114850-858_jpg.rf.iKiIsRHBBOhUdWGG3SuZ.jpg,2,300,286,266,238,69,96,6624,0.5907,0.37,0.5642,1.0,0.6369,0.4396,636.91
images---2022-08-07T114850-919_jpg.rf.Lq2xmYxoCogi4YN7Sr0P.jpg,1,290,459,283,453,14,13,182,0.4763,0.51,0.5064,0.5692,0.0668,0.1138,66.8
images---2022-08-07T114850-919_jpg.rf.Lq2xmYxoCogi4YN7Sr0P.jpg,2,467,459,459,451,17,17,289,0.523,0.39,0.5291,1.0,0.0134,0.2319,13.4
images---2022-08-07T114850-919_jpg.rf.Lq2xmYxoCogi4YN7Sr0P.jpg,3,204,419,197,412,14,14,196,0.551,0.41,0.5751,1.0,0.0618,0.4038,61.83
images---2022-08-07T114850-949_jpg.rf.5KzYIO2dSzOENlV11Way.jpg,1,285,441,280,433,11,17,187,0.5355,0.32,0.5596,1.0,0.2767,0.2834,276.74
images---2022-08-07T114851-010_jpg.rf.Hfg7ytJb6kpBPBGP05Ea.jpg,1,261,415,255,409,12,13,156,0.6434,0.55,0.5442,0.9833,0.6374,0.1967,637.37
images---2022-08-07T114851-010_jpg.rf.Hfg7ytJb6kpBPBGP05Ea.jpg,2,266,314,220,261,93,106,9858,0.5369,0.28,0.5853,1.0,0.3401,0.3417,340.09
images---2022-08-07T114851-102_jpg.rf.Pto0SnN2p5g1GAvdbIBH.jpg,1,265,490,249,477,33,26,858,0.6061,0.39,0.4845,1.0,1.0,0.255,1236.01
images---2022-08-07T114851-102_jpg.rf.Pto0SnN2p5g1GAvdbIBH.jpg,2,138,468,133,462,10,12,120,0.6161,0.38,0.5232,1.0,1.0,0.5114,1389.63
images---2022-08-07T114851-102_jpg.rf.Pto0SnN2p5g1GAvdbIBH.jpg,3,47,462,42,455,11,14,154,0.6112,0.4,0.489,1.0,1.0,0.2759,1848.86
images---2022-08-07T114851-102_jpg.rf.Pto0SnN2p5g1GAvdbIBH.jpg,4,182,461,170,442,24,39,936,0.6315,0.44,0.5072,1.0,1.0,0.3943,1450.03
images---2022-08-07T114851-102_jpg.rf.Pto0SnN2p5g1GAvdbIBH.jpg,5,22,453,15,442,15,22,330,0.6977,0.61,0.5262,1.0,1.0,0.3083,1273.03
images---2022-08-07T114851-102_jpg.rf.Pto0SnN2p5g1GAvdbIBH.jpg,6,433,448,428,438,11,20,220,0.5937,0.39,0.518,1.0,0.7596,0.3655,759.64
images---2022-08-07T114851-102_jpg.rf.Pto0SnN2p5g1GAvdbIBH.jpg,7,136,443,131,434,11,18,198,0.5999,0.39,0.5414,1.0,0.7388,0.371,738.79
images---2022-08-07T114851-102_jpg.rf.Pto0SnN2p5g1GAvdbIBH.jpg,8,167,427,162,421,11,12,132,0.6462,0.58,0.4802,1.0,0.7514,0.3696,751.41
images---2022-08-07T114851-102_jpg.rf.Pto0SnN2p5g1GAvdbIBH.jpg,9,126,407,114,395,24,25,600,0.6214,0.56,0.5141,1.0,0.4544,0.2222,454.4
images---2022-08-07T114851-102_jpg.rf.Pto0SnN2p5g1GAvdbIBH.jpg,10,437,405,418,389,38,33,1254,0.5381,0.39,0.492,1.0,0.2941,0.2244,294.12
images---2022-08-07T114851-102_jpg.rf.Pto0SnN2p5g1GAvdbIBH.jpg,11,332,402,323,389,19,27,513,0.5486,0.39,0.5164,1.0,0.3139,0.3242,313.85
images---2022-08-07T114851-102_jpg.rf.Pto0SnN2p5g1GAvdbIBH.jpg,12,130,351,119,341,22,21,462,0.5461,0.37,0.5411,1.0,0.2719,0.2023,271.88
images---2022-08-07T114851-102_jpg.rf.Pto0SnN2p5g1GAvdbIBH.jpg,13,406,344,399,335,14,19,266,0.4841,0.27,0.5249,1.0,0.059,0.2469,58.96
images---2022-08-07T114851-102_jpg.rf.Pto0SnN2p5g1GAvdbIBH.jpg,14,317,338,311,330,12,17,204,0.462,0.36,0.5055,0.6968,0.1966,0.1394,196.62
images---2022-08-07T114851-102_jpg.rf.Pto0SnN2p5g1GAvdbIBH.jpg,15,445,332,428,317,34,31,1054,0.4986,0.32,0.5093,1.0,0.0833,0.3797,83.28
images---2022-08-07T114851-102_jpg.rf.Pto0SnN2p5g1GAvdbIBH.jpg,16,494,328,477,315,35,26,910,0.4921,0.27,0.5491,1.0,0.0547,0.2599,54.66
images---2022-08-07T114851-102_jpg.rf.Pto0SnN2p5g1GAvdbIBH.jpg,17,247,307,240,291,15,33,495,0.6208,0.37,0.6525,1.0,0.6293,0.3416,629.27
images---2022-08-07T114851-102_jpg.rf.Pto0SnN2p5g1GAvdbIBH.jpg,18,183,296,172,286,23,21,483,0.5555,0.37,0.5557,1.0,0.3148,0.213,314.77
images---2022-08-07T114851-102_jpg.rf.Pto0SnN2p5g1GAvdbIBH.jpg,19,455,281,450,276,10,10,100,0.4741,0.26,0.5051,1.0,0.0636,0.2996,63.55
images---2022-08-07T114851-102_jpg.rf.Pto0SnN2p5g1GAvdbIBH.jpg,20,110,292,82,263,57,58,3306,0.5279,0.37,0.5134,1.0,0.1872,0.3012,187.17
images---2022-08-07T114851-102_jpg.rf.Pto0SnN2p5g1GAvdbIBH.jpg,21,35,283,0,243,70,81,5670,0.496,0.31,0.5128,1.0,0.0805,0.4198,80.48
images---2022-08-07T114851-102_jpg.rf.Pto0SnN2p5g1GAvdbIBH.jpg,22,32,220,0,207,64,26,1664,0.4551,0.22,0.5051,1.0,0.0134,0.2553,13.41
images---2022-08-07T114851-102_jpg.rf.Pto0SnN2p5g1GAvdbIBH.jpg,23,51,167,0,144,102,47,4794,0.4619,0.22,0.5249,1.0,0.0117,0.4691,11.71
images---2022-08-07T114851-102_jpg.rf.Pto0SnN2p5g1GAvdbIBH.jpg,24,239,87,229,71,20,33,660,0.5163,0.4,0.5,1.0,0.0134,0.2632,13.42
images---2022-08-07T114851-102_jpg.rf.Pto0SnN2p5g1GAvdbIBH.jpg,25,82,76,63,54,39,45,1755,0.5229,0.41,0.5105,1.0,0.0074,0.2862,7.42
images---2022-08-07T114851-102_jpg.rf.Pto0SnN2p5g1GAvdbIBH.jpg,26,405,27,360,7,91,40,3640,0.5156,0.39,0.5107,1.0,0.004,0.5185,4.02
images---2022-08-07T114851-132_jpg.rf.GygYreD0QCpznDA29iVL.jpg,1,225,508,218,504,14,8,112,0.5238,0.36,0.4937,1.0,0.2502,0.206,250.23
images---2022-08-07T114851-132_jpg.rf.GygYreD0QCpznDA29iVL.jpg,2,420,506,414,500,12,12,144,0.547,0.37,0.5136,1.0,0.3773,0.4051,377.25
images---2022-08-07T114851-132_jpg.rf.GygYreD0QCpznDA29iVL.jpg,3,204,490,198,484,13,12,156,0.457,0.37,0.5135,0.6,0.2774,0.12,277.42
images---2022-08-07T114851-132_jpg.rf.GygYreD0QCpznDA29iVL.jpg,4,275,487,269,479,13,17,221,0.5526,0.37,0.5081,1.0,0.4529,0.2166,452.86
images---2022-08-07T114851-132_jpg.rf.GygYreD0QCpznDA29iVL.jpg,5,393,445,386,438,14,15,210,0.5463,0.37,0.4921,0.9758,0.4942,0.1952,494.24
images---2022-08-07T114851-132_jpg.rf.GygYreD0QCpznDA29iVL.jpg,6,502,438,492,428,20,20,400,0.5712,0.41,0.504,1.0,0.5133,0.3233,513.35
images---2022-08-07T114851-132_jpg.rf.GygYreD0QCpznDA29iVL.jpg,7,370,412,362,404,16,17,272,0.5372,0.37,0.5582,0.782,0.5592,0.1564,559.23
images---2022-08-07T114851-132_jpg.rf.GygYreD0QCpznDA29iVL.jpg,8,17,409,11,403,12,13,156,0.5238,0.43,0.4874,1.0,0.0273,0.3733,27.31
images---2022-08-07T114851-132_jpg.rf.GygYreD0QCpznDA29iVL.jpg,9,121,397,110,377,22,40,880,0.5076,0.29,0.4666,1.0,0.428,0.3111,428.0
images---2022-08-07T114851-132_jpg.rf.GygYreD0QCpznDA29iVL.jpg,10,409,340,403,330,13,20,260,0.5422,0.38,0.4738,0.9375,0.5592,0.1875,559.2
images---2022-08-07T114851-132_jpg.rf.GygYreD0QCpznDA29iVL.jpg,11,146,349,132,310,29,79,2291,0.5467,0.34,0.5261,1.0,0.4363,0.3709,436.26
images---2022-08-07T114851-132_jpg.rf.GygYreD0QCpznDA29iVL.jpg,12,205,332,192,303,26,58,1508,0.5648,0.29,0.6403,1.0,0.3919,0.3267,391.86
images---2022-08-07T114851-132_jpg.rf.GygYreD0QCpznDA29iVL.jpg,13,2,289,0,280,5,19,95,0.5492,0.5,0.4776,1.0,0.0699,0.2727,69.87
images---2022-08-07T114851-132_jpg.rf.GygYreD0QCpznDA29iVL.jpg,14,275,282,257,241,36,82,2952,0.5286,0.35,0.5044,1.0,0.2956,0.3635,295.64
images---2022-08-07T114851-132_jpg.rf.GygYreD0QCpznDA29iVL.jpg,15,408,205,304,136,208,139,28912,0.5292,0.36,0.4923,1.0,0.3091,0.2757,309.11
images---2022-08-07T114851-161_jpg.rf.ieyPTAh6eV7lTM6O4es9.jpg,1,117,251,112,227,10,48,480,0.6012,0.37,0.4905,1.0,1.0,0.3462,1495.33
images---2022-08-07T114851-191_jpg.rf.SP4srjckLGEXB9BSd0LG.jpg,1,20,337,3,321,34,33,1122,0.5077,0.39,0.4847,1.0,0.0159,0.2222,15.89
images---2022-08-07T114851-252_jpg.rf.4kizEszpFCcZhjiG5qKo.jpg,1,295,338,242,314,106,48,5088,0.4952,0.31,0.497,1.0,0.1278,0.3225,127.78
images---2022-08-07T114851-252_jpg.rf.4kizEszpFCcZhjiG5qKo.jpg,2,379,333,355,312,48,42,2016,0.475,0.27,0.4825,1.0,0.1163,0.3259,116.34
images---2022-08-07T114851-252_jpg.rf.4kizEszpFCcZhjiG5qKo.jpg,3,197,336,177,311,41,51,2091,0.5128,0.35,0.5126,0.9868,0.1354,0.1974,135.43
images---2022-08-07T114851-252_jpg.rf.4kizEszpFCcZhjiG5qKo.jpg,4,328,279,318,271,21,17,357,0.5205,0.37,0.4797,1.0,0.2315,0.2393,231.49
images---2022-08-07T114851-252_jpg.rf.4kizEszpFCcZhjiG5qKo.jpg,5,333,245,326,234,15,23,345,0.4726,0.22,0.5308,0.9365,0.2253,0.1873,225.25
images---2022-08-07T114851-252_jpg.rf.4kizEszpFCcZhjiG5qKo.jpg,6,333,211,330,203,6,16,96,0.5112,0.25,0.4566,0.9722,0.6943,0.1944,694.32
images---2022-08-07T114851-314_jpg.rf.eb7A7yttxOhvL3aMxCPo.jpg,1,305,303,300,293,10,21,210,0.6202,0.57,0.5537,1.0,0.2693,0.343,269.3
images---2022-08-07T114851-314_jpg.rf.eb7A7yttxOhvL3aMxCPo.jpg,2,365,228,354,222,22,13,286,0.4669,0.41,0.489,0.7471,0.028,0.1494,27.97
images---2022-08-07T114851-314_jpg.rf.eb7A7yttxOhvL3aMxCPo.jpg,3,245,158,237,151,16,15,240,0.5233,0.41,0.5038,1.0,0.0345,0.3228,34.54
images---2022-08-07T114851-314_jpg.rf.eb7A7yttxOhvL3aMxCPo.jpg,4,162,150,157,136,11,28,308,0.5139,0.4,0.4957,1.0,0.004,0.5402,4.0
images---2022-08-07T114851-314_jpg.rf.eb7A7yttxOhvL3aMxCPo.jpg,5,211,115,207,110,9,11,99,0.5175,0.41,0.4961,1.0,0.004,0.354,3.98
images---2022-08-07T114851-314_jpg.rf.eb7A7yttxOhvL3aMxCPo.jpg,6,136,126,124,99,25,55,1375,0.5162,0.4,0.5025,1.0,0.0036,0.2013,3.58
images---2022-08-07T114851-314_jpg.rf.eb7A7yttxOhvL3aMxCPo.jpg,7,182,64,174,53,16,22,352,0.5099,0.39,0.4945,1.0,0.0036,0.2668,3.57
images---2022-08-07T114851-314_jpg.rf.eb7A7yttxOhvL3aMxCPo.jpg,8,24,16,0,0,48,33,1584,0.517,0.41,0.4941,1.0,0.0054,0.5328,5.43
images---2022-08-07T114851-376_jpg.rf.nDMCITcSbihBubFyCf4R.jpg,1,167,397,146,371,42,52,2184,0.5327,0.28,0.6344,1.0,0.1271,0.3675,127.09
images---2022-08-07T114851-376_jpg.rf.nDMCITcSbihBubFyCf4R.jpg,2,211,388,195,345,33,87,2871,0.4768,0.26,0.4867,1.0,0.1543,0.4198,154.34
images---2022-08-07T114851-376_jpg.rf.nDMCITcSbihBubFyCf4R.jpg,3,371,308,331,281,80,54,4320,0.5583,0.32,0.6241,1.0,0.2787,0.487,278.71
images---2022-08-07T114851-376_jpg.rf.nDMCITcSbihBubFyCf4R.jpg,4,258,306,226,276,65,60,3900,0.5461,0.33,0.5461,1.0,0.3942,0.3709,394.16
images---2022-08-07T114851-376_jpg.rf.nDMCITcSbihBubFyCf4R.jpg,5,132,254,66,220,132,69,9108,0.4709,0.29,0.4239,1.0,0.2109,0.4248,210.87
images---2022-08-07T114851-376_jpg.rf.nDMCITcSbihBubFyCf4R.jpg,6,219,180,199,151,41,59,2419,0.4765,0.27,0.4907,1.0,0.1024,0.3184,102.4
images---2022-08-07T114851-376_jpg.rf.nDMCITcSbihBubFyCf4R.jpg,7,271,126,252,94,38,64,2432,0.464,0.25,0.4848,1.0,0.0677,0.3887,67.75
images---2022-08-07T114851-407_jpg.rf.PQlstRJW74UGD8fXUgFL.jpg,1,480,493,464,477,32,32,1024,0.6771,0.62,0.5561,1.0,0.6547,0.3969,654.73
images---2022-08-07T114851-407_jpg.rf.PQlstRJW74UGD8fXUgFL.jpg,2,506,430,501,411,11,38,418,0.6162,0.46,0.5137,1.0,0.7544,0.4553,754.41
images---2022-08-07T114851-407_jpg.rf.PQlstRJW74UGD8fXUgFL.jpg,3,453,403,446,395,14,17,238,0.5581,0.38,0.4564,1.0,0.6533,0.5398,653.3
images---2022-08-07T114851-407_jpg.rf.PQlstRJW74UGD8fXUgFL.jpg,4,480,397,474,391,12,12,144,0.6827,0.6,0.4934,1.0,1.0,0.4479,1138.72
images---2022-08-07T114851-407_jpg.rf.PQlstRJW74UGD8fXUgFL.jpg,5,3,268,0,262,7,12,84,0.6162,0.58,0.5387,1.0,0.2469,0.4936,246.95
images---2022-08-07T114851-407_jpg.rf.PQlstRJW74UGD8fXUgFL.jpg,6,22,204,0,185,44,39,1716,0.5907,0.54,0.462,1.0,0.3995,0.4035,399.49
images---2022-08-07T114851-407_jpg.rf.PQlstRJW74UGD8fXUgFL.jpg,7,8,158,0,151,16,14,224,0.5324,0.38,0.5348,0.9266,0.2695,0.1853,269.46
images---2022-08-07T114851-407_jpg.rf.PQlstRJW74UGD8fXUgFL.jpg,8,70,154,62,147,16,14,224,0.5745,0.4,0.5274,1.0,0.4986,0.2418,498.64
images---2022-08-07T114851-407_jpg.rf.PQlstRJW74UGD8fXUgFL.jpg,9,9,106,0,96,18,21,378,0.5342,0.37,0.544,1.0,0.1429,0.4356,142.91
images---2022-08-07T114851-407_jpg.rf.PQlstRJW74UGD8fXUgFL.jpg,10,28,95,22,90,12,11,132,0.4995,0.36,0.5247,0.8424,0.2133,0.1685,213.35
images---2022-08-07T114851-407_jpg.rf.PQlstRJW74UGD8fXUgFL.jpg,11,500,69,488,60,24,19,456,0.5448,0.41,0.4903,1.0,0.2972,0.3742,297.2
images---2022-08-07T114851-407_jpg.rf.PQlstRJW74UGD8fXUgFL.jpg,12,444,36,440,30,8,12,96,0.5439,0.38,0.5234,1.0,0.2767,0.2625,276.65
images---2022-08-07T114851-407_jpg.rf.PQlstRJW74UGD8fXUgFL.jpg,13,320,14,315,9,11,11,121,0.5227,0.36,0.5242,1.0,0.1324,0.2779,132.44
images---2022-08-07T114851-407_jpg.rf.PQlstRJW74UGD8fXUgFL.jpg,14,479,12,475,4,8,17,136,0.5345,0.38,0.5046,1.0,0.2487,0.2352,248.7
images---2022-08-07T114851-407_jpg.rf.PQlstRJW74UGD8fXUgFL.jpg,15,364,24,357,0,14,48,672,0.5334,0.38,0.5198,1.0,0.1847,0.2692,184.71
images---2022-08-07T114851-407_jpg.rf.PQlstRJW74UGD8fXUgFL.jpg,16,285,27,261,0,49,54,2646,0.5388,0.38,0.5428,1.0,0.1577,0.4538,157.74
images---2022-08-07T114851-407_jpg.rf.PQlstRJW74UGD8fXUgFL.jpg,17,244,4,235,0,18,8,144,0.5087,0.37,0.4823,1.0,0.1043,0.3643,104.27
images---2022-08-07T114851-407_jpg.rf.PQlstRJW74UGD8fXUgFL.jpg,18,220,5,214,0,12,11,132,0.5143,0.36,0.5022,1.0,0.125,0.4118,125.04
images---2022-08-07T114851-407_jpg.rf.PQlstRJW74UGD8fXUgFL.jpg,19,172,7,165,0,14,15,210,0.529,0.36,0.5229,1.0,0.1994,0.2839,199.44
images---2022-08-07T114851-407_jpg.rf.PQlstRJW74UGD8fXUgFL.jpg,20,154,34,140,0,28,68,1904,0.5248,0.37,0.514,1.0,0.1541,0.3497,154.13
images---2022-08-07T114851-594_jpg.rf.jKhr1LOFDuY1Yawgezvp.jpg,1,235,483,205,454,60,58,3480,0.5235,0.34,0.5625,1.0,0.0768,0.5035,76.81
images---2022-08-07T114851-594_jpg.rf.jKhr1LOFDuY1Yawgezvp.jpg,2,79,455,26,399,106,113,11978,0.5772,0.49,0.5657,1.0,0.0765,0.2621,76.52
images---2022-08-07T114851-594_jpg.rf.jKhr1LOFDuY1Yawgezvp.jpg,3,133,370,104,337,59,66,3894,0.552,0.39,0.5933,1.0,0.0781,0.3438,78.12
images---2022-08-07T114851-594_jpg.rf.jKhr1LOFDuY1Yawgezvp.jpg,4,112,322,103,311,19,22,418,0.567,0.53,0.6747,0.6784,0.0963,0.1357,96.28
images---2022-08-07T114851-594_jpg.rf.jKhr1LOFDuY1Yawgezvp.jpg,5,492,285,482,264,20,43,860,0.5469,0.47,0.5188,1.0,0.0083,0.371,8.32
images---2022-08-07T114851-594_jpg.rf.jKhr1LOFDuY1Yawgezvp.jpg,6,504,221,496,211,16,21,336,0.5109,0.39,0.4971,1.0,0.0046,0.2066,4.64
images---2022-08-07T114851-594_jpg.rf.jKhr1LOFDuY1Yawgezvp.jpg,7,37,284,0,160,74,249,18426,0.5366,0.47,0.4746,1.0,0.0602,0.4604,60.15
images---2022-08-07T114851-594_jpg.rf.jKhr1LOFDuY1Yawgezvp.jpg,8,463,102,438,65,51,75,3825,0.5254,0.41,0.5162,1.0,0.0122,0.249,12.18
images---2022-08-07T114851-594_jpg.rf.jKhr1LOFDuY1Yawgezvp.jpg,9,406,51,371,0,70,103,7210,0.5256,0.42,0.5158,0.9879,0.0045,0.1976,4.55
images---2022-08-07T114851-594_jpg.rf.jKhr1LOFDuY1Yawgezvp.jpg,10,349,31,335,0,29,62,1798,0.4846,0.49,0.5127,0.6546,0.0277,0.1309,27.69
images---2022-08-07T114851-594_jpg.rf.jKhr1LOFDuY1Yawgezvp.jpg,11,305,15,292,0,26,31,806,0.528,0.43,0.4984,1.0,0.0309,0.4467,30.91
images---2022-08-07T114851-685_jpg.rf.4TaVcAAjR9UtnLBZrQ2R.jpg,1,273,197,260,158,26,79,2054,0.5511,0.33,0.5415,1.0,0.4612,0.3918,461.16
images---2022-08-07T114851-716_jpg.rf.2fp8xSOZo3XDF10fMy84.jpg,1,104,409,91,375,27,68,1836,0.594,0.6,0.4865,0.5689,1.0,0.1138,1106.83
images---2022-08-07T114851-775_jpg.rf.A1IS5TbUU4lCvzTNqjP6.jpg,1,371,464,364,454,15,21,315,0.6063,0.58,0.4859,1.0,0.332,0.3423,332.01
images---2022-08-07T114851-775_jpg.rf.A1IS5TbUU4lCvzTNqjP6.jpg,2,286,435,273,413,27,44,1188,0.5433,0.55,0.4391,0.9226,0.1254,0.1845,125.43
images---2022-08-07T114851-775_jpg.rf.A1IS5TbUU4lCvzTNqjP6.jpg,3,382,373,379,366,7,15,105,0.6066,0.58,0.5163,1.0,0.2284,0.3021,228.43
images---2022-08-07T114851-775_jpg.rf.A1IS5TbUU4lCvzTNqjP6.jpg,4,369,258,336,188,67,140,9380,0.5284,0.35,0.5071,1.0,0.2847,0.3071,284.68
images---2022-08-07T114851-878_jpg.rf.nxBdNMwgzflsvRG5TIkc.jpg,1,467,445,423,427,89,37,3293,0.4534,0.52,0.5,0.3351,0.2938,0.067,293.85
images---2022-08-07T114851-878_jpg.rf.nxBdNMwgzflsvRG5TIkc.jpg,2,374,231,370,224,8,14,112,0.5769,0.52,0.4966,1.0,0.2107,0.8231,210.65
images---2022-08-07T114851-909_jpg.rf.hkwA1mwBNMGKqLzaY0Ue.jpg,1,134,475,121,452,27,46,1242,0.6219,0.31,0.6257,1.0,0.9438,0.3833,943.76
images---2022-08-07T114851-909_jpg.rf.hkwA1mwBNMGKqLzaY0Ue.jpg,2,285,422,276,409,18,27,486,0.5891,0.28,0.5533,1.0,0.9747,0.2761,974.72
images---2022-08-07T114851-909_jpg.rf.hkwA1mwBNMGKqLzaY0Ue.jpg,3,127,389,101,338,52,103,5356,0.58,0.29,0.5933,1.0,0.7083,0.3232,708.29
images---2022-08-07T114851-909_jpg.rf.hkwA1mwBNMGKqLzaY0Ue.jpg,4,83,319,66,294,35,50,1750,0.5386,0.28,0.5104,1.0,0.6191,0.3473,619.11
images---2022-08-07T114851-909_jpg.rf.hkwA1mwBNMGKqLzaY0Ue.jpg,5,329,309,318,290,23,39,897,0.5571,0.29,0.5787,1.0,0.5305,0.3126,530.47
images---2022-08-07T114851-909_jpg.rf.hkwA1mwBNMGKqLzaY0Ue.jpg,6,458,284,443,229,31,111,3441,0.5623,0.29,0.5828,1.0,0.5683,0.3377,568.26
images---2022-08-07T114851-909_jpg.rf.hkwA1mwBNMGKqLzaY0Ue.jpg,7,460,192,447,163,27,58,1566,0.5252,0.27,0.5428,1.0,0.4075,0.285,407.51
images---2022-08-07T114851-909_jpg.rf.hkwA1mwBNMGKqLzaY0Ue.jpg,8,358,146,340,117,37,58,2146,0.5739,0.29,0.4927,1.0,1.0,0.3318,1004.51
images---2022-08-07T114851-909_jpg.rf.hkwA1mwBNMGKqLzaY0Ue.jpg,9,218,118,205,98,27,41,1107,0.542,0.29,0.5401,1.0,0.5147,0.3285,514.7
images---2022-08-07T114852-153_jpg.rf.HnfBI2yQope3fdO7oQf2.jpg,1,270,331,258,322,25,19,475,0.4645,0.26,0.4787,1.0,0.0592,0.3522,59.17
images---2022-08-07T114852-153_jpg.rf.HnfBI2yQope3fdO7oQf2.jpg,2,274,138,258,99,32,79,2528,0.5538,0.28,0.6357,1.0,0.3326,0.4081,332.64
images---2022-08-07T114852-153_jpg.rf.HnfBI2yQope3fdO7oQf2.jpg,3,82,18,70,8,24,20,480,0.5097,0.37,0.4273,1.0,0.3064,0.2483,306.43
images---2022-08-07T114852-184_jpg.rf.J6hkJOGqU6V0o8H6NToq.jpg,1,54,493,38,480,32,27,864,0.5771,0.44,0.4998,1.0,0.4822,0.4587,482.24
images---2022-08-07T114852-184_jpg.rf.J6hkJOGqU6V0o8H6NToq.jpg,2,5,478,0,470,11,17,187,0.5708,0.42,0.4929,1.0,0.5133,0.5294,513.27
images---2022-08-07T114852-184_jpg.rf.J6hkJOGqU6V0o8H6NToq.jpg,3,49,183,45,177,9,12,108,0.6322,0.55,0.568,1.0,0.409,0.2282,409.04
images---2022-08-07T114852-184_jpg.rf.J6hkJOGqU6V0o8H6NToq.jpg,4,105,35,91,24,29,22,638,0.6098,0.59,0.5298,1.0,0.1785,0.4139,178.46
images---2022-08-07T114852-184_jpg.rf.J6hkJOGqU6V0o8H6NToq.jpg,5,496,7,480,0,32,15,480,0.5483,0.38,0.5104,1.0,0.3666,0.6917,366.55
images---2022-08-07T114852-184_jpg.rf.J6hkJOGqU6V0o8H6NToq.jpg,6,156,5,152,0,9,11,99,0.563,0.49,0.5235,1.0,0.0829,0.3305,82.87
images---2022-08-07T114852-276_jpg.rf.zgyqiqBNgaihTd4XEvhV.jpg,1,431,308,426,302,11,13,143,0.5076,0.44,0.5918,0.687,0.0904,0.1374,90.41
images---2022-08-07T114852-276_jpg.rf.zgyqiqBNgaihTd4XEvhV.jpg,2,392,272,368,248,48,49,2352,0.5461,0.49,0.5583,0.8648,0.0623,0.173,62.28
images---2022-08-07T114852-341_jpg.rf.ymcVdjWQb6CqXsYDVMpu.jpg,1,236,368,228,358,17,20,340,0.6355,0.54,0.5316,1.0,0.6042,0.6315,604.15
images---2022-08-07T114852-341_jpg.rf.ymcVdjWQb6CqXsYDVMpu.jpg,2,304,355,298,346,12,18,216,0.6043,0.37,0.4995,1.0,1.0,0.4583,1092.74
images---2022-08-07T114852-341_jpg.rf.ymcVdjWQb6CqXsYDVMpu.jpg,3,282,304,276,299,12,10,120,0.5154,0.26,0.5156,0.7197,1.0,0.1439,1183.49
images---2022-08-07T114852-341_jpg.rf.ymcVdjWQb6CqXsYDVMpu.jpg,4,337,304,315,286,45,37,1665,0.5821,0.44,0.5192,1.0,0.4639,0.4508,463.9
images---2022-08-07T114852-341_jpg.rf.ymcVdjWQb6CqXsYDVMpu.jpg,5,323,144,294,102,59,84,4956,0.5149,0.28,0.534,1.0,0.2999,0.2413,299.89
images---2022-08-07T114852-434_jpg.rf.occljk9NhdZCMTQHPMd8.jpg,1,190,401,160,290,60,222,13320,0.5036,0.34,0.4348,1.0,0.324,0.2554,324.0
images---2022-08-07T114852-434_jpg.rf.occljk9NhdZCMTQHPMd8.jpg,2,245,144,239,137,13,15,195,0.5108,0.33,0.4891,1.0,0.2416,0.2015,241.59
images---2022-08-07T114852-494_jpg.rf.wsHKV0tZJc5bniK6dS4t.jpg,1,197,142,191,135,12,15,180,0.5772,0.27,0.5221,1.0,1.0,0.2037,1152.95
images---2022-08-07T114852-524_jpg.rf.WftEN10s2J9MbNYuiqS2.jpg,1,5,358,0,332,10,52,520,0.4928,0.31,0.4958,1.0,0.1076,0.4658,107.56
images---2022-08-07T114852-624_jpg.rf.g7dT57PCphT6mCkhwP6W.jpg,1,386,486,364,461,45,51,2295,0.5037,0.21,0.6289,1.0,0.1007,0.5038,100.7
images---2022-08-07T114852-624_jpg.rf.g7dT57PCphT6mCkhwP6W.jpg,2,507,90,502,84,10,12,120,0.5224,0.42,0.4951,1.0,0.0216,0.849,21.6
images---2022-08-07T114852-705_jpg.rf.VrNuKGWEhsobjGvup3LV.jpg,1,211,317,193,296,37,42,1554,0.5678,0.35,0.6349,1.0,0.2311,0.421,231.07
images---2022-08-07T114852-795_jpg.rf.i25XA47KPsAvvQPkdVxs.jpg,1,15,154,8,148,15,13,195,0.5255,0.37,0.541,0.8519,0.363,0.1704,363.04
images---2022-08-07T114852-795_jpg.rf.i25XA47KPsAvvQPkdVxs.jpg,2,248,95,242,88,12,14,168,0.5389,0.37,0.5233,0.8333,0.5958,0.1667,595.79
images---2022-08-07T114852-795_jpg.rf.i25XA47KPsAvvQPkdVxs.jpg,3,142,65,130,53,24,25,600,0.5106,0.61,0.5516,0.2815,0.4771,0.0563,477.05
images---2022-08-07T114852-890_jpg.rf.nHr2FZdLf51jvfDnZAFt.jpg,1,11,504,0,497,22,15,330,0.4619,0.46,0.5252,0.5527,0.065,0.1105,64.99
images---2022-08-07T114852-890_jpg.rf.nHr2FZdLf51jvfDnZAFt.jpg,2,33,480,10,449,46,63,2898,0.58,0.54,0.5124,1.0,0.117,0.2799,117.03
images---2022-08-07T114852-890_jpg.rf.nHr2FZdLf51jvfDnZAFt.jpg,3,164,472,139,432,50,80,4000,0.6287,0.58,0.527,1.0,0.413,0.3798,413.04
images---2022-08-07T114852-890_jpg.rf.nHr2FZdLf51jvfDnZAFt.jpg,4,378,450,353,389,51,123,6273,0.6144,0.44,0.5165,1.0,0.7965,0.4282,796.45
images---2022-08-07T114852-890_jpg.rf.nHr2FZdLf51jvfDnZAFt.jpg,5,47,418,21,389,52,59,3068,0.5876,0.52,0.5086,1.0,0.2762,0.3206,276.16
images---2022-08-07T114852-890_jpg.rf.nHr2FZdLf51jvfDnZAFt.jpg,6,91,377,87,354,8,47,376,0.6146,0.54,0.5457,1.0,0.3454,0.2873,345.44
images---2022-08-07T114852-890_jpg.rf.nHr2FZdLf51jvfDnZAFt.jpg,7,49,362,39,350,21,25,525,0.6105,0.49,0.5386,1.0,0.5046,0.24,504.59
images---2022-08-07T114852-890_jpg.rf.nHr2FZdLf51jvfDnZAFt.jpg,8,272,372,257,343,31,59,1829,0.6417,0.57,0.5255,1.0,0.5832,0.3937,583.21
images---2022-08-07T114852-890_jpg.rf.nHr2FZdLf51jvfDnZAFt.jpg,9,210,322,186,296,49,53,2597,0.5751,0.39,0.5122,1.0,0.5934,0.4439,593.36
images---2022-08-07T114852-890_jpg.rf.nHr2FZdLf51jvfDnZAFt.jpg,10,137,308,125,289,25,38,950,0.5518,0.35,0.4936,1.0,0.5653,0.2605,565.32
images---2022-08-07T114852-890_jpg.rf.nHr2FZdLf51jvfDnZAFt.jpg,11,45,300,36,284,19,32,608,0.6209,0.59,0.5157,1.0,0.3392,0.3065,339.19
images---2022-08-07T114852-890_jpg.rf.nHr2FZdLf51jvfDnZAFt.jpg,12,444,284,432,280,24,9,216,0.5411,0.36,0.4704,1.0,0.5044,0.336,504.43
images---2022-08-07T114852-890_jpg.rf.nHr2FZdLf51jvfDnZAFt.jpg,13,507,284,503,271,9,27,243,0.5651,0.34,0.5168,1.0,0.6519,0.3949,651.91
images---2022-08-07T114852-890_jpg.rf.nHr2FZdLf51jvfDnZAFt.jpg,14,257,280,245,264,24,33,792,0.5805,0.37,0.5269,1.0,0.666,0.2451,666.0
images---2022-08-07T114852-890_jpg.rf.nHr2FZdLf51jvfDnZAFt.jpg,15,8,269,0,256,17,27,459,0.5499,0.36,0.4667,1.0,0.6053,0.3735,605.33
images---2022-08-07T114852-890_jpg.rf.nHr2FZdLf51jvfDnZAFt.jpg,16,115,264,109,255,13,19,247,0.5201,0.32,0.4539,1.0,0.4924,0.2684,492.39
images---2022-08-07T114852-890_jpg.rf.nHr2FZdLf51jvfDnZAFt.jpg,17,53,254,39,243,29,22,638,0.538,0.36,0.4886,0.9864,0.4376,0.1973,437.64
images---2022-08-07T114852-890_jpg.rf.nHr2FZdLf51jvfDnZAFt.jpg,18,215,249,198,234,34,31,1054,0.5548,0.36,0.498,1.0,0.5449,0.3286,544.86
images---2022-08-07T114852-890_jpg.rf.nHr2FZdLf51jvfDnZAFt.jpg,19,422,237,400,228,45,19,855,0.558,0.4,0.4547,1.0,0.5888,0.2598,588.76
images---2022-08-07T114852-923_jpg.rf.fich75PBvp9cL6sevf3o.jpg,1,417,500,403,491,28,18,504,0.5414,0.6,0.5423,0.6019,0.2125,0.1204,212.55
images---2022-08-07T114852-923_jpg.rf.fich75PBvp9cL6sevf3o.jpg,2,460,498,434,485,53,27,1431,0.594,0.6,0.4759,1.0,0.1745,0.3772,174.51
images---2022-08-07T114852-923_jpg.rf.fich75PBvp9cL6sevf3o.jpg,3,135,491,128,483,15,17,255,0.697,0.62,0.544,1.0,0.8964,0.3857,896.41
images---2022-08-07T114852-923_jpg.rf.fich75PBvp9cL6sevf3o.jpg,4,94,495,80,478,29,34,986,0.6053,0.61,0.5198,0.7957,0.5077,0.1591,507.67
images---2022-08-07T114852-923_jpg.rf.fich75PBvp9cL6sevf3o.jpg,5,261,483,250,467,22,33,726,0.4951,0.57,0.5233,0.4739,0.1769,0.0948,176.9
images---2022-08-07T114852-923_jpg.rf.fich75PBvp9cL6sevf3o.jpg,6,467,467,452,456,31,23,713,0.6276,0.61,0.5534,1.0,0.2044,0.2425,204.38
images---2022-08-07T114852-923_jpg.rf.fich75PBvp9cL6sevf3o.jpg,7,280,454,272,446,16,16,256,0.5757,0.57,0.5751,0.727,0.2956,0.1454,295.63
images---2022-08-07T114852-923_jpg.rf.fich75PBvp9cL6sevf3o.jpg,8,334,377,325,366,18,22,396,0.609,0.6,0.5091,1.0,0.2077,0.2294,207.74
images---2022-08-07T114852-923_jpg.rf.fich75PBvp9cL6sevf3o.jpg,9,193,288,188,280,11,16,176,0.6181,0.54,0.5027,1.0,0.5315,0.309,531.48
images---2022-08-07T114852-923_jpg.rf.fich75PBvp9cL6sevf3o.jpg,10,189,244,185,237,8,14,112,0.5747,0.46,0.5274,1.0,0.2914,0.2327,291.39
images---2022-08-07T114852-923_jpg.rf.fich75PBvp9cL6sevf3o.jpg,11,248,249,243,235,10,29,290,0.6378,0.6,0.5261,1.0,0.4367,0.2783,436.69
images---2022-08-07T114852-923_jpg.rf.fich75PBvp9cL6sevf3o.jpg,12,86,225,77,210,18,31,558,0.5571,0.44,0.5123,1.0,0.2385,0.4884,238.47
images---2022-08-07T114852-923_jpg.rf.fich75PBvp9cL6sevf3o.jpg,13,504,193,496,176,16,35,560,0.5685,0.38,0.5046,1.0,0.589,0.3095,588.95
images---2022-08-07T114852-923_jpg.rf.fich75PBvp9cL6sevf3o.jpg,14,84,172,79,165,11,15,165,0.608,0.52,0.5354,0.9823,0.4219,0.1965,421.86
images---2022-08-07T114852-923_jpg.rf.fich75PBvp9cL6sevf3o.jpg,15,37,188,20,163,34,50,1700,0.6337,0.6,0.5678,1.0,0.2501,0.3191,250.14
images---2022-08-07T114852-923_jpg.rf.fich75PBvp9cL6sevf3o.jpg,16,130,148,116,115,28,66,1848,0.5983,0.29,0.5793,1.0,0.9408,0.3154,940.78
images---2022-08-07T114852-923_jpg.rf.fich75PBvp9cL6sevf3o.jpg,17,465,154,418,114,94,81,7614,0.4979,0.34,0.4321,1.0,0.2765,0.428,276.52
images---2022-08-07T114852-923_jpg.rf.fich75PBvp9cL6sevf3o.jpg,18,371,145,338,100,67,91,6097,0.5103,0.33,0.4915,1.0,0.2275,0.4112,227.47
images---2022-08-07T114852-923_jpg.rf.fich75PBvp9cL6sevf3o.jpg,19,198,150,151,96,95,109,10355,0.5284,0.37,0.4724,1.0,0.3356,0.4188,335.57
images---2022-08-07T114852-923_jpg.rf.fich75PBvp9cL6sevf3o.jpg,20,97,95,61,56,73,78,5694,0.5217,0.28,0.4901,1.0,0.5211,0.311,521.05
images---2022-08-07T114852-923_jpg.rf.fich75PBvp9cL6sevf3o.jpg,21,14,26,0,0,28,52,1456,0.5527,0.28,0.5849,1.0,0.5002,0.2561,500.2
images---2022-08-07T114853-021_jpg.rf.EaXbmn5bVIy4mOUzVh3E.jpg,1,443,502,421,493,44,19,836,0.5269,0.33,0.5746,1.0,0.1027,0.4707,102.74
images---2022-08-07T114853-021_jpg.rf.EaXbmn5bVIy4mOUzVh3E.jpg,2,296,476,291,469,11,14,154,0.5012,0.31,0.5322,1.0,0.064,0.2726,63.98
images---2022-08-07T114853-021_jpg.rf.EaXbmn5bVIy4mOUzVh3E.jpg,3,340,489,309,467,62,45,2790,0.4704,0.31,0.4487,1.0,0.0488,0.3845,48.79
images---2022-08-07T114853-021_jpg.rf.EaXbmn5bVIy4mOUzVh3E.jpg,4,404,480,389,465,31,30,930,0.5026,0.32,0.5224,1.0,0.0774,0.4214,77.43
images---2022-08-07T114853-021_jpg.rf.EaXbmn5bVIy4mOUzVh3E.jpg,5,348,445,327,432,42,27,1134,0.5045,0.31,0.5512,1.0,0.031,0.4991,30.97
images---2022-08-07T114853-021_jpg.rf.EaXbmn5bVIy4mOUzVh3E.jpg,6,459,269,444,255,30,29,870,0.5255,0.41,0.5085,1.0,0.0401,0.4257,40.07
images---2022-08-07T114853-117_jpg.rf.HRTMqlZwAligzhxOBBwS.jpg,1,295,397,288,387,14,20,280,0.5506,0.25,0.6437,1.0,0.3781,0.3053,378.08
images---2022-08-07T114853-117_jpg.rf.HRTMqlZwAligzhxOBBwS.jpg,2,173,406,163,375,21,63,1323,0.5327,0.21,0.6596,1.0,0.283,0.2594,283.05
images---2022-08-07T114853-117_jpg.rf.HRTMqlZwAligzhxOBBwS.jpg,3,134,357,123,351,23,13,299,0.5243,0.25,0.5348,1.0,0.4963,0.2823,496.29
images---2022-08-07T114853-117_jpg.rf.HRTMqlZwAligzhxOBBwS.jpg,4,182,353,170,343,24,20,480,0.556,0.27,0.5607,1.0,0.6527,0.2925,652.71
images---2022-08-07T114853-148_jpg.rf.qLKJLWQiWRzMcY8TPMLk.jpg,1,239,100,235,90,8,20,160,0.5459,0.49,0.4967,1.0,0.0061,0.2766,6.13
images---2022-08-07T114853-148_jpg.rf.qLKJLWQiWRzMcY8TPMLk.jpg,2,3,58,0,48,6,21,126,0.5233,0.37,0.4937,0.9848,0.2403,0.197,240.28
images---2022-08-07T114853-148_jpg.rf.qLKJLWQiWRzMcY8TPMLk.jpg,3,327,33,302,0,51,67,3417,0.4627,0.26,0.4887,1.0,0.0067,0.5893,6.73
images---2022-08-07T114853-148_jpg.rf.qLKJLWQiWRzMcY8TPMLk.jpg,4,223,8,218,0,11,16,176,0.5279,0.44,0.4943,1.0,0.0093,0.6917,9.26
images---2022-08-07T114853-179_jpg.rf.aYleSrsf1K5Vi6cdcr5D.jpg,1,268,288,246,169,44,238,10472,0.5018,0.28,0.5201,1.0,0.2181,0.4197,218.1
images---2022-08-07T114853-239_jpg.rf.NphKlwB8ETiOX9ilvzXD.jpg,1,236,43,232,37,9,12,108,0.4546,0.21,0.4904,1.0,0.0942,0.252,94.24
images---2022-08-07T114853-239_jpg.rf.NphKlwB8ETiOX9ilvzXD.jpg,2,120,33,111,11,19,44,836,0.6185,0.52,0.5831,1.0,0.3245,0.3364,324.52
images---2022-08-07T114853-239_jpg.rf.NphKlwB8ETiOX9ilvzXD.jpg,3,315,21,301,0,28,43,1204,0.5762,0.37,0.5438,1.0,0.5634,0.3566,563.35
images---2022-08-07T114853-270_jpg.rf.TI5rIQHkQ1BpiMZzvsst.jpg,1,220,350,206,336,29,29,841,0.6032,0.32,0.5993,1.0,0.8144,0.3724,814.39
images---2022-08-07T114853-270_jpg.rf.TI5rIQHkQ1BpiMZzvsst.jpg,2,292,194,283,178,18,32,576,0.519,0.28,0.5017,1.0,0.4539,0.3818,453.88
images---2022-08-07T114853-270_jpg.rf.TI5rIQHkQ1BpiMZzvsst.jpg,3,227,173,211,155,32,37,1184,0.538,0.28,0.5012,1.0,0.6456,0.2792,645.64
images---2022-08-07T114853-298_jpg.rf.jIeU9TDuOwEpv6WYUhhQ.jpg,1,399,400,389,395,21,10,210,0.5231,0.41,0.5056,1.0,0.0259,0.2865,25.87
images---2022-08-07T114853-298_jpg.rf.jIeU9TDuOwEpv6WYUhhQ.jpg,2,296,383,292,378,9,10,90,0.5243,0.24,0.5192,1.0,0.586,0.2532,586.03
images---2022-08-07T114853-298_jpg.rf.jIeU9TDuOwEpv6WYUhhQ.jpg,3,438,387,408,375,60,25,1500,0.5436,0.5,0.4885,0.976,0.0238,0.1952,23.81
images---2022-08-07T114853-298_jpg.rf.jIeU9TDuOwEpv6WYUhhQ.jpg,4,192,307,187,301,11,12,132,0.5788,0.38,0.509,1.0,0.6767,0.3116,676.71
images---2022-08-07T114853-298_jpg.rf.jIeU9TDuOwEpv6WYUhhQ.jpg,5,283,320,272,288,23,65,1495,0.6619,0.54,0.593,1.0,0.6533,0.295,653.34
images---2022-08-07T114853-298_jpg.rf.jIeU9TDuOwEpv6WYUhhQ.jpg,6,13,298,0,287,26,22,572,0.4956,0.35,0.4856,1.0,0.0314,0.3199,31.44
images---2022-08-07T114853-298_jpg.rf.jIeU9TDuOwEpv6WYUhhQ.jpg,7,504,254,497,244,15,20,300,0.5156,0.4,0.4969,1.0,0.0163,0.4524,16.33
images---2022-08-07T114853-298_jpg.rf.jIeU9TDuOwEpv6WYUhhQ.jpg,8,459,248,454,238,11,20,220,0.4995,0.36,0.4938,1.0,0.0065,0.413,6.47
images---2022-08-07T114853-298_jpg.rf.jIeU9TDuOwEpv6WYUhhQ.jpg,9,405,222,395,216,20,13,260,0.5777,0.52,0.495,1.0,0.2245,0.2188,224.49
images---2022-08-07T114853-298_jpg.rf.jIeU9TDuOwEpv6WYUhhQ.jpg,10,373,209,361,203,24,12,288,0.6262,0.54,0.567,1.0,0.3872,0.2604,387.19
images---2022-08-07T114853-298_jpg.rf.jIeU9TDuOwEpv6WYUhhQ.jpg,11,346,200,336,188,20,25,500,0.5701,0.46,0.5396,1.0,0.2026,0.2745,202.64
images---2022-08-07T114853-298_jpg.rf.jIeU9TDuOwEpv6WYUhhQ.jpg,12,498,201,484,187,28,28,784,0.5147,0.4,0.4978,1.0,0.0049,0.4265,4.93
images---2022-08-07T114853-329_jpg.rf.7jfYU2pGfBCwgKGHcPoc.jpg,1,42,163,35,148,15,30,450,0.6553,0.61,0.5063,1.0,0.6458,0.3131,645.81
images---2022-08-07T114853-329_jpg.rf.7jfYU2pGfBCwgKGHcPoc.jpg,2,304,98,298,93,13,11,143,0.5348,0.39,0.4866,1.0,0.2802,0.2487,280.2
images---2022-08-07T114853-329_jpg.rf.7jfYU2pGfBCwgKGHcPoc.jpg,3,279,39,274,35,10,8,80,0.4846,0.29,0.5046,1.0,0.0646,0.4114,64.6
images---2022-08-07T114853-329_jpg.rf.7jfYU2pGfBCwgKGHcPoc.jpg,4,273,16,266,9,14,14,196,0.4825,0.27,0.521,1.0,0.0564,0.3402,56.38
images---2022-08-07T114853-389_jpg.rf.BCHF6WS0uP2ueB3Ck2OB.jpg,1,266,182,255,170,23,25,575,0.4641,0.26,0.5451,0.5367,0.7499,0.1073,749.93
images---2022-08-07T114853-389_jpg.rf.BCHF6WS0uP2ueB3Ck2OB.jpg,2,235,171,229,161,12,21,252,0.4528,0.27,0.5623,0.4104,0.7946,0.0821,794.58
images---2022-08-07T114853-389_jpg.rf.BCHF6WS0uP2ueB3Ck2OB.jpg,3,297,172,293,158,9,29,261,0.5056,0.28,0.6014,0.7666,0.4377,0.1533,437.72
images---2022-08-07T114853-389_jpg.rf.BCHF6WS0uP2ueB3Ck2OB.jpg,4,388,186,349,131,78,110,8580,0.4745,0.26,0.5043,0.883,0.3043,0.1766,304.31
images---2022-08-07T114853-389_jpg.rf.BCHF6WS0uP2ueB3Ck2OB.jpg,5,206,72,193,29,27,86,2322,0.4832,0.27,0.5402,0.9301,0.1365,0.186,136.54
images---2022-08-07T114853-389_jpg.rf.BCHF6WS0uP2ueB3Ck2OB.jpg,6,267,71,236,13,63,116,7308,0.4915,0.27,0.5874,0.8349,0.2448,0.167,244.85
images---2022-08-07T114853-421_jpg.rf.2Sjf1mAO3szJmS3U2lzV.jpg,1,416,389,394,345,44,89,3916,0.4941,0.32,0.5162,1.0,0.0144,0.3151,14.36
images---2022-08-07T114853-451_jpg.rf.dOTrB3hS1ihk9BkAW2Td.jpg,1,107,504,104,496,7,16,112,0.4637,0.26,0.4836,1.0,0.0346,0.445,34.61
images---2022-08-07T114853-451_jpg.rf.dOTrB3hS1ihk9BkAW2Td.jpg,2,480,500,448,489,64,23,1472,0.5467,0.45,0.5238,1.0,0.0584,0.4177,58.4
images---2022-08-07T114853-451_jpg.rf.dOTrB3hS1ihk9BkAW2Td.jpg,3,154,496,127,480,54,32,1728,0.5272,0.35,0.5431,1.0,0.1461,0.6431,146.14
images---2022-08-07T114853-451_jpg.rf.dOTrB3hS1ihk9BkAW2Td.jpg,4,483,468,476,460,14,17,238,0.559,0.51,0.5004,1.0,0.0531,0.2507,53.1
images---2022-08-07T114853-451_jpg.rf.dOTrB3hS1ihk9BkAW2Td.jpg,5,469,376,439,358,60,36,2160,0.5146,0.42,0.4694,1.0,0.0331,0.3452,33.09
images---2022-08-07T114853-451_jpg.rf.dOTrB3hS1ihk9BkAW2Td.jpg,6,488,45,465,0,47,90,4230,0.4598,0.25,0.4868,1.0,0.0193,0.4652,19.31
images---2022-08-07T114853-451_jpg.rf.dOTrB3hS1ihk9BkAW2Td.jpg,7,331,52,287,0,88,104,9152,0.5069,0.29,0.5665,1.0,0.0713,0.3959,71.3
images---2022-08-07T114853-508_jpg.rf.vKcm5rD7dwAbIG7cf87h.jpg,1,3,80,0,74,6,13,78,0.5329,0.45,0.4974,1.0,0.0129,0.3067,12.91
images---2022-08-07T114853-538_jpg.rf.WZL7OthG314r1ln3UHNy.jpg,1,352,296,339,275,27,42,1134,0.4818,0.28,0.5248,0.9449,0.1113,0.189,111.26
images---2022-08-07T114853-538_jpg.rf.WZL7OthG314r1ln3UHNy.jpg,2,210,243,188,178,44,130,5720,0.5488,0.32,0.6139,1.0,0.2196,0.2553,219.64
images---2022-08-07T114853-627_jpg.rf.njQ34U5zEC3hJg3AyUoD.jpg,1,191,469,181,457,21,24,504,0.574,0.43,0.5047,1.0,0.4689,0.2685,468.9
images---2022-08-07T114853-627_jpg.rf.njQ34U5zEC3hJg3AyUoD.jpg,2,433,431,422,424,23,14,322,0.5497,0.57,0.4857,0.8022,0.1976,0.1604,197.65
images---2022-08-07T114853-627_jpg.rf.njQ34U5zEC3hJg3AyUoD.jpg,3,67,396,57,387,21,19,399,0.61,0.54,0.5059,1.0,0.4399,0.262,439.86
images---2022-08-07T114853-627_jpg.rf.njQ34U5zEC3hJg3AyUoD.jpg,4,14,405,0,385,29,41,1189,0.6282,0.59,0.5566,1.0,0.2692,0.2221,269.2
images---2022-08-07T114853-627_jpg.rf.njQ34U5zEC3hJg3AyUoD.jpg,5,41,377,32,366,19,22,418,0.5905,0.61,0.5071,0.7922,0.4107,0.1584,410.68
images---2022-08-07T114853-627_jpg.rf.njQ34U5zEC3hJg3AyUoD.jpg,6,474,370,463,364,22,13,286,0.6206,0.59,0.5062,1.0,0.3688,0.3247,368.77
images---2022-08-07T114853-627_jpg.rf.njQ34U5zEC3hJg3AyUoD.jpg,7,79,362,73,357,13,10,130,0.4946,0.38,0.4984,0.8727,0.126,0.1745,126.03
images---2022-08-07T114853-627_jpg.rf.njQ34U5zEC3hJg3AyUoD.jpg,8,284,363,277,352,15,23,345,0.6249,0.59,0.5183,1.0,0.3695,0.2032,369.47
images---2022-08-07T114853-627_jpg.rf.njQ34U5zEC3hJg3AyUoD.jpg,9,424,357,409,340,30,34,1020,0.6278,0.6,0.5124,1.0,0.3849,0.3251,384.94
images---2022-08-07T114853-627_jpg.rf.njQ34U5zEC3hJg3AyUoD.jpg,10,444,325,432,312,24,27,648,0.5696,0.41,0.5162,1.0,0.4548,0.2058,454.79
images---2022-08-07T114853-627_jpg.rf.njQ34U5zEC3hJg3AyUoD.jpg,11,507,295,502,290,10,11,110,0.553,0.37,0.5166,1.0,0.4273,0.3043,427.25
images---2022-08-07T114853-627_jpg.rf.njQ34U5zEC3hJg3AyUoD.jpg,12,430,289,417,282,27,15,405,0.5612,0.39,0.4957,1.0,0.5117,0.246,511.66
images---2022-08-07T114853-627_jpg.rf.njQ34U5zEC3hJg3AyUoD.jpg,13,59,258,53,248,13,21,273,0.5882,0.56,0.4974,1.0,0.1807,0.2485,180.67
images---2022-08-07T114853-627_jpg.rf.njQ34U5zEC3hJg3AyUoD.jpg,14,104,242,94,232,20,21,420,0.6195,0.59,0.5091,1.0,0.348,0.2869,348.01
images---2022-08-07T114853-627_jpg.rf.njQ34U5zEC3hJg3AyUoD.jpg,15,450,196,441,190,18,12,216,0.6136,0.6,0.5019,1.0,0.279,0.2153,278.96
images---2022-08-07T114853-627_jpg.rf.njQ34U5zEC3hJg3AyUoD.jpg,16,127,161,121,157,12,9,108,0.5066,0.36,0.4996,0.9722,0.113,0.1944,113.05
images---2022-08-07T114853-627_jpg.rf.njQ34U5zEC3hJg3AyUoD.jpg,17,4,153,0,146,9,15,135,0.484,0.29,0.4958,1.0,0.0902,0.2642,90.2
images---2022-08-07T114853-627_jpg.rf.njQ34U5zEC3hJg3AyUoD.jpg,18,159,133,149,125,20,16,320,0.5358,0.38,0.505,1.0,0.2603,0.2612,260.34
images---2022-08-07T114853-627_jpg.rf.njQ34U5zEC3hJg3AyUoD.jpg,19,48,122,42,117,12,10,120,0.5499,0.41,0.4969,1.0,0.3252,0.3542,325.19
images---2022-08-07T114853-627_jpg.rf.njQ34U5zEC3hJg3AyUoD.jpg,20,70,114,64,109,12,11,132,0.5303,0.4,0.503,1.0,0.1425,0.2246,142.53
images---2022-08-07T114853-627_jpg.rf.njQ34U5zEC3hJg3AyUoD.jpg,21,43,93,31,83,25,21,525,0.5282,0.38,0.495,1.0,0.2197,0.2465,219.68
images---2022-08-07T114853-627_jpg.rf.njQ34U5zEC3hJg3AyUoD.jpg,22,182,96,171,82,23,29,667,0.5659,0.59,0.5133,0.8188,0.16,0.1638,159.99
images---2022-08-07T114853-627_jpg.rf.njQ34U5zEC3hJg3AyUoD.jpg,23,418,75,405,63,26,24,624,0.5434,0.39,0.4841,1.0,0.3746,0.3289,374.65
images---2022-08-07T114853-627_jpg.rf.njQ34U5zEC3hJg3AyUoD.jpg,24,67,72,54,61,26,22,572,0.517,0.37,0.4906,1.0,0.1573,0.2693,157.32
images---2022-08-07T114853-627_jpg.rf.njQ34U5zEC3hJg3AyUoD.jpg,25,354,65,348,58,13,14,182,0.5535,0.4,0.5139,1.0,0.3367,0.2508,336.74
images---2022-08-07T114853-627_jpg.rf.njQ34U5zEC3hJg3AyUoD.jpg,26,105,35,99,21,13,29,377,0.4627,0.58,0.5191,0.2829,0.2141,0.0566,214.07
images---2022-08-07T114853-627_jpg.rf.njQ34U5zEC3hJg3AyUoD.jpg,27,469,4,465,0,9,9,81,0.5233,0.6,0.4879,0.5556,0.3137,0.1111,313.67
images---2022-08-07T114853-627_jpg.rf.njQ34U5zEC3hJg3AyUoD.jpg,28,404,5,399,0,10,10,100,0.5481,0.39,0.4998,1.0,0.3663,0.2784,366.31
images---2022-08-07T114853-627_jpg.rf.njQ34U5zEC3hJg3AyUoD.jpg,29,238,11,223,0,31,23,713,0.6268,0.61,0.4985,1.0,0.3879,0.2253,387.92
images---2022-08-07T114853-657_jpg.rf.y6ci6fN9rB1FNm2bwXDk.jpg,1,450,491,410,471,81,41,3321,0.5659,0.57,0.4688,1.0,0.0236,0.3416,23.55
images---2022-08-07T114853-657_jpg.rf.y6ci6fN9rB1FNm2bwXDk.jpg,2,507,489,502,467,10,45,450,0.5439,0.49,0.4848,1.0,0.0275,0.375,27.52
images---2022-08-07T114853-657_jpg.rf.y6ci6fN9rB1FNm2bwXDk.jpg,3,277,462,271,456,13,12,156,0.5612,0.53,0.482,1.0,0.0702,0.4883,70.21
images---2022-08-07T114853-657_jpg.rf.y6ci6fN9rB1FNm2bwXDk.jpg,4,335,452,330,445,11,14,154,0.5093,0.37,0.4955,1.0,0.0641,0.5184,64.08
images---2022-08-07T114853-657_jpg.rf.y6ci6fN9rB1FNm2bwXDk.jpg,5,110,362,102,356,17,13,221,0.5304,0.39,0.5245,1.0,0.1033,0.4014,103.34
images---2022-08-07T114853-657_jpg.rf.y6ci6fN9rB1FNm2bwXDk.jpg,6,381,337,369,330,25,15,375,0.5912,0.52,0.576,0.9309,0.2139,0.1862,213.88
images---2022-08-07T114853-657_jpg.rf.y6ci6fN9rB1FNm2bwXDk.jpg,7,59,279,51,265,17,28,476,0.4982,0.38,0.4548,1.0,0.0606,0.2578,60.59
images---2022-08-07T114853-657_jpg.rf.y6ci6fN9rB1FNm2bwXDk.jpg,8,491,172,476,148,30,48,1440,0.5449,0.49,0.4716,1.0,0.0829,0.4675,82.91
images---2022-08-07T114853-657_jpg.rf.y6ci6fN9rB1FNm2bwXDk.jpg,9,43,89,32,72,23,34,782,0.5119,0.43,0.5077,0.913,0.0104,0.1826,10.44
images---2022-08-07T114853-657_jpg.rf.y6ci6fN9rB1FNm2bwXDk.jpg,10,30,28,24,19,13,18,234,0.527,0.4,0.5238,1.0,0.0367,0.3213,36.7
images---2022-08-07T114853-657_jpg.rf.y6ci6fN9rB1FNm2bwXDk.jpg,11,506,8,501,0,11,16,176,0.5034,0.44,0.4825,0.8957,0.0132,0.1791,13.16
images---2022-08-07T114853-657_jpg.rf.y6ci6fN9rB1FNm2bwXDk.jpg,12,454,28,424,0,61,56,3416,0.5291,0.47,0.4652,1.0,0.0177,0.4916,17.65
images---2022-08-07T114853-657_jpg.rf.y6ci6fN9rB1FNm2bwXDk.jpg,13,372,22,337,0,71,44,3124,0.4726,0.37,0.5392,0.7675,0.0087,0.1535,8.69
images---2022-08-07T114853-657_jpg.rf.y6ci6fN9rB1FNm2bwXDk.jpg,14,215,7,200,0,31,14,434,0.4659,0.37,0.4986,0.8081,0.0031,0.1616,3.13
images---2022-08-07T114853-657_jpg.rf.y6ci6fN9rB1FNm2bwXDk.jpg,15,110,59,72,0,76,119,9044,0.4894,0.37,0.4543,1.0,0.0088,0.3751,8.79
images---2022-08-07T114853-688_jpg.rf.DkhRjd4Nk2pN5iqwCXEV.jpg,1,289,360,268,309,42,102,4284,0.5245,0.35,0.5274,1.0,0.1745,0.5164,174.49
images---2022-08-07T114853-688_jpg.rf.DkhRjd4Nk2pN5iqwCXEV.jpg,2,382,296,377,289,10,15,150,0.5158,0.33,0.5195,1.0,0.1847,0.3923,184.74
images---2022-08-07T114853-688_jpg.rf.DkhRjd4Nk2pN5iqwCXEV.jpg,3,347,289,342,279,11,21,231,0.5565,0.4,0.4511,1.0,0.5866,0.3663,586.58
images---2022-08-07T114853-688_jpg.rf.DkhRjd4Nk2pN5iqwCXEV.jpg,4,505,230,498,221,14,19,266,0.5466,0.36,0.5439,1.0,0.3018,0.3274,301.78
images---2022-08-07T114853-688_jpg.rf.DkhRjd4Nk2pN5iqwCXEV.jpg,5,362,214,348,200,28,28,784,0.5054,0.31,0.4419,1.0,0.4226,0.29,422.56
images---2022-08-07T114853-838_jpg.rf.oelc0X9n737pFw49uuPD.jpg,1,219,326,208,321,23,10,230,0.4707,0.24,0.4799,0.8247,0.5385,0.1649,538.53
images---2022-08-07T114853-838_jpg.rf.oelc0X9n737pFw49uuPD.jpg,2,260,271,246,262,29,19,551,0.4663,0.26,0.5744,0.6137,0.5147,0.1227,514.74
images---2022-08-07T114853-900_jpg.rf.3LeneUQGmCcnomFeLF9j.jpg,1,492,502,481,493,22,19,418,0.6185,0.4,0.5101,1.0,1.0,0.2165,1048.54
images---2022-08-07T114853-900_jpg.rf.3LeneUQGmCcnomFeLF9j.jpg,2,423,325,416,318,14,14,196,0.6323,0.39,0.5594,1.0,1.0,0.2604,1453.29
images---2022-08-07T114853-900_jpg.rf.3LeneUQGmCcnomFeLF9j.jpg,3,370,289,363,275,14,29,406,0.6352,0.59,0.5532,0.6754,1.0,0.1351,1193.42
images---2022-08-07T114853-900_jpg.rf.3LeneUQGmCcnomFeLF9j.jpg,4,458,304,437,274,43,61,2623,0.6657,0.43,0.6272,1.0,0.9564,0.2533,956.4
images---2022-08-07T114853-900_jpg.rf.3LeneUQGmCcnomFeLF9j.jpg,5,486,235,472,213,28,44,1232,0.6316,0.42,0.6013,0.8705,1.0,0.1741,1950.91
images---2022-08-07T114853-900_jpg.rf.3LeneUQGmCcnomFeLF9j.jpg,6,301,225,286,213,30,25,750,0.5942,0.41,0.5809,0.7368,1.0,0.1474,1311.5
images---2022-08-07T114853-900_jpg.rf.3LeneUQGmCcnomFeLF9j.jpg,7,221,174,215,163,12,23,276,0.5873,0.27,0.5509,1.0,1.0,0.2095,1197.35
images---2022-08-07T114853-900_jpg.rf.3LeneUQGmCcnomFeLF9j.jpg,8,18,164,0,151,37,27,999,0.6742,0.56,0.6001,0.8408,1.0,0.1682,1666.29
images---2022-08-07T114853-900_jpg.rf.3LeneUQGmCcnomFeLF9j.jpg,9,442,103,435,95,15,17,255,0.6076,0.41,0.469,1.0,1.0,0.2797,1961.47
images---2022-08-07T114853-900_jpg.rf.3LeneUQGmCcnomFeLF9j.jpg,10,275,98,263,88,24,20,480,0.6146,0.42,0.4789,1.0,1.0,0.2361,1656.32
images---2022-08-07T114853-900_jpg.rf.3LeneUQGmCcnomFeLF9j.jpg,11,324,26,315,19,18,14,252,0.5856,0.41,0.4902,0.8526,1.0,0.1705,2149.44
images---2022-08-07T114853-900_jpg.rf.3LeneUQGmCcnomFeLF9j.jpg,12,505,6,498,0,14,12,168,0.6803,0.62,0.5062,0.9306,1.0,0.1861,1268.82
images---2022-08-07T114853-900_jpg.rf.3LeneUQGmCcnomFeLF9j.jpg,13,63,28,11,0,105,56,5880,0.6211,0.43,0.4874,1.0,1.0,0.483,1040.56
images---2022-08-07T114853-930_jpg.rf.Ha16djo7mvJeGCLmsWFb.jpg,1,178,182,170,172,16,21,336,0.5879,0.28,0.5626,0.9848,0.9602,0.197,960.2
images---2022-08-07T114853-961_jpg.rf.iZXVtSKlXEuOOKVBKOpU.jpg,1,355,469,344,444,23,50,1150,0.4936,0.33,0.5062,1.0,0.0089,0.3507,8.93
images---2022-08-07T114853-961_jpg.rf.iZXVtSKlXEuOOKVBKOpU.jpg,2,200,442,189,426,22,33,726,0.567,0.4,0.5285,1.0,0.4197,0.2229,419.69
images---2022-08-07T114853-961_jpg.rf.iZXVtSKlXEuOOKVBKOpU.jpg,3,208,411,204,405,8,12,96,0.4815,0.55,0.4595,0.5104,0.2605,0.1021,260.47
images---2022-08-07T114853-961_jpg.rf.iZXVtSKlXEuOOKVBKOpU.jpg,4,454,407,431,374,47,67,3149,0.4903,0.29,0.5271,1.0,0.0434,0.5518,43.41
images---2022-08-07T114853-961_jpg.rf.iZXVtSKlXEuOOKVBKOpU.jpg,5,227,362,215,340,25,44,1100,0.587,0.55,0.5194,1.0,0.1275,0.3813,127.54
images---2022-08-07T114853-961_jpg.rf.iZXVtSKlXEuOOKVBKOpU.jpg,6,153,303,131,253,44,100,4400,0.5207,0.35,0.516,1.0,0.176,0.4236,175.95
images---2022-08-07T114853-961_jpg.rf.iZXVtSKlXEuOOKVBKOpU.jpg,7,179,224,175,211,9,27,243,0.501,0.26,0.5132,1.0,0.3042,0.337,304.2
images---2022-08-07T114853-961_jpg.rf.iZXVtSKlXEuOOKVBKOpU.jpg,8,414,174,397,148,35,53,1855,0.4502,0.25,0.4745,0.9624,0.0413,0.1925,41.28
images---2022-08-07T114853-961_jpg.rf.iZXVtSKlXEuOOKVBKOpU.jpg,9,300,224,248,133,105,183,19215,0.4969,0.33,0.4877,1.0,0.1072,0.4429,107.18
images---2022-08-07T114853-961_jpg.rf.iZXVtSKlXEuOOKVBKOpU.jpg,10,282,72,252,21,61,103,6283,0.4879,0.26,0.5563,1.0,0.0217,0.2112,21.65
images---2022-08-07T114853-961_jpg.rf.iZXVtSKlXEuOOKVBKOpU.jpg,11,393,25,387,17,12,17,204,0.4639,0.27,0.4659,1.0,0.0635,0.2256,63.51
images---2022-08-07T114853-961_jpg.rf.iZXVtSKlXEuOOKVBKOpU.jpg,12,322,6,308,0,28,13,364,0.4678,0.25,0.491,1.0,0.085,0.4303,85.04
images---2022-08-07T114854-333_jpg.rf.ehvcysFHP2JTi4xM7Qco.jpg,1,66,500,59,489,15,23,345,0.5118,0.31,0.5374,1.0,0.1524,0.2133,152.43
images---2022-08-07T114854-333_jpg.rf.ehvcysFHP2JTi4xM7Qco.jpg,2,406,473,401,465,10,16,160,0.5159,0.34,0.5591,0.901,0.2101,0.1802,210.13
images---2022-08-07T114854-333_jpg.rf.ehvcysFHP2JTi4xM7Qco.jpg,3,184,466,179,460,10,13,130,0.5539,0.38,0.5175,1.0,0.3983,0.3273,398.27
images---2022-08-07T114854-333_jpg.rf.ehvcysFHP2JTi4xM7Qco.jpg,4,452,466,425,451,55,30,1650,0.5201,0.39,0.4638,1.0,0.2125,0.2921,212.46
images---2022-08-07T114854-333_jpg.rf.ehvcysFHP2JTi4xM7Qco.jpg,5,141,465,107,449,69,32,2208,0.5351,0.39,0.5014,1.0,0.2308,0.2652,230.81
images---2022-08-07T114854-333_jpg.rf.ehvcysFHP2JTi4xM7Qco.jpg,6,205,463,190,443,31,40,1240,0.5757,0.4,0.5163,1.0,0.5497,0.2621,549.68
images---2022-08-07T114854-364_jpg.rf.Ag2qEJIs23PJxoFgKLl3.jpg,1,174,474,137,437,74,75,5550,0.533,0.36,0.5274,1.0,0.2238,0.4061,223.8
images---2022-08-07T114854-364_jpg.rf.Ag2qEJIs23PJxoFgKLl3.jpg,2,335,426,323,414,25,25,625,0.5037,0.25,0.5732,1.0,0.1554,0.2637,155.38
images---2022-08-07T114854-364_jpg.rf.Ag2qEJIs23PJxoFgKLl3.jpg,3,175,401,171,394,9,15,135,0.4788,0.24,0.5192,1.0,0.1309,0.2081,130.89
images---2022-08-07T114854-364_jpg.rf.Ag2qEJIs23PJxoFgKLl3.jpg,4,3,279,0,272,7,15,105,0.5219,0.32,0.5038,1.0,0.3358,0.5214,335.83
images---2022-08-07T114854-364_jpg.rf.Ag2qEJIs23PJxoFgKLl3.jpg,5,7,231,0,215,15,32,480,0.5322,0.35,0.5239,1.0,0.2631,0.4545,263.13
images---2022-08-07T114854-364_jpg.rf.Ag2qEJIs23PJxoFgKLl3.jpg,6,4,197,0,190,8,14,112,0.4687,0.22,0.4953,1.0,0.1833,0.5577,183.29
images---2022-08-07T114854-364_jpg.rf.Ag2qEJIs23PJxoFgKLl3.jpg,7,104,233,79,184,50,98,4900,0.5595,0.36,0.5934,1.0,0.2579,0.4113,257.87
images---2022-08-07T114854-364_jpg.rf.Ag2qEJIs23PJxoFgKLl3.jpg,8,433,189,428,178,11,23,253,0.5411,0.46,0.509,1.0,0.0194,0.2075,19.42
images---2022-08-07T114854-364_jpg.rf.Ag2qEJIs23PJxoFgKLl3.jpg,9,157,171,145,147,24,48,1152,0.517,0.34,0.5126,1.0,0.1859,0.225,185.93
images---2022-08-07T114854-364_jpg.rf.Ag2qEJIs23PJxoFgKLl3.jpg,10,9,153,0,138,19,31,589,0.502,0.34,0.473,1.0,0.1739,0.4828,173.86
images---2022-08-07T114854-364_jpg.rf.Ag2qEJIs23PJxoFgKLl3.jpg,11,78,175,46,114,65,123,7995,0.5007,0.33,0.478,1.0,0.1792,0.4017,179.16
images---2022-08-07T114854-364_jpg.rf.Ag2qEJIs23PJxoFgKLl3.jpg,12,132,105,126,98,13,14,182,0.4914,0.26,0.5188,1.0,0.1881,0.2785,188.11
images---2022-08-07T114854-364_jpg.rf.Ag2qEJIs23PJxoFgKLl3.jpg,13,78,101,74,92,9,19,171,0.5069,0.34,0.4865,0.9985,0.1798,0.1997,179.8
images---2022-08-07T114854-364_jpg.rf.Ag2qEJIs23PJxoFgKLl3.jpg,14,64,65,52,45,24,40,960,0.4887,0.26,0.5378,1.0,0.0948,0.3066,94.85
images---2022-08-07T114854-364_jpg.rf.Ag2qEJIs23PJxoFgKLl3.jpg,15,129,63,117,43,25,41,1025,0.5283,0.34,0.5518,1.0,0.1613,0.3366,161.31
images---2022-08-07T114854-364_jpg.rf.Ag2qEJIs23PJxoFgKLl3.jpg,16,19,71,0,41,39,60,2340,0.5395,0.34,0.5954,1.0,0.1209,0.4744,120.89
images---2022-08-07T114854-364_jpg.rf.Ag2qEJIs23PJxoFgKLl3.jpg,17,55,18,43,0,24,37,888,0.4969,0.33,0.488,1.0,0.1062,0.2726,106.18
images---2022-08-07T114854-430_jpg.rf.iNJ9A2RnYsWz3nR2KnJW.jpg,1,223,355,209,325,28,61,1708,0.5651,0.28,0.6206,1.0,0.4985,0.3024,498.48
images---2022-08-07T114854-430_jpg.rf.iNJ9A2RnYsWz3nR2KnJW.jpg,2,6,66,0,51,13,30,390,0.5111,0.39,0.491,1.0,0.0278,0.4486,27.82
images---2022-08-07T114854-430_jpg.rf.iNJ9A2RnYsWz3nR2KnJW.jpg,3,90,46,82,27,17,39,663,0.457,0.21,0.5162,1.0,0.0286,0.4212,28.56
images---2022-08-07T114854-494_jpg.rf.zmnJE76d8ZaDEgIw2kDI.jpg,1,228,432,222,414,13,37,481,0.5851,0.5,0.5516,1.0,0.1706,0.2547,170.61
images---2022-08-07T114854-741_jpg.rf.KGHJk9f6UFc1VDebwAMF.jpg,1,58,455,8,413,100,84,8400,0.5255,0.55,0.4806,0.7487,0.1505,0.1497,150.53
images---2022-08-07T114854-741_jpg.rf.KGHJk9f6UFc1VDebwAMF.jpg,2,198,411,194,399,9,24,216,0.521,0.4,0.5022,1.0,0.0521,0.3016,52.11
images---2022-08-07T114854-741_jpg.rf.KGHJk9f6UFc1VDebwAMF.jpg,3,210,358,200,340,21,37,777,0.53,0.41,0.5252,1.0,0.0272,0.2635,27.17
images---2022-08-07T114854-741_jpg.rf.KGHJk9f6UFc1VDebwAMF.jpg,4,304,298,297,288,15,21,315,0.5234,0.46,0.5209,0.8642,0.0722,0.1728,72.21
images---2022-08-07T114854-741_jpg.rf.KGHJk9f6UFc1VDebwAMF.jpg,5,204,253,160,175,89,156,13884,0.5031,0.34,0.4925,1.0,0.1175,0.5144,117.53
images---2022-08-07T114854-741_jpg.rf.KGHJk9f6UFc1VDebwAMF.jpg,6,224,150,218,138,13,25,325,0.4654,0.17,0.5334,1.0,0.1918,0.2184,191.78
images---2022-08-07T114854-861_jpg.rf.g3qX9RdmVC3CgFTFym8z.jpg,1,311,506,285,501,53,11,583,0.6157,0.59,0.5372,1.0,0.2115,0.3149,211.51
images---2022-08-07T114854-861_jpg.rf.g3qX9RdmVC3CgFTFym8z.jpg,2,62,504,56,497,13,15,195,0.6534,0.6,0.5225,0.9905,0.6241,0.1981,624.05
images---2022-08-07T114854-861_jpg.rf.g3qX9RdmVC3CgFTFym8z.jpg,3,418,493,393,475,50,37,1850,0.6197,0.6,0.5317,1.0,0.2358,0.5776,235.81
images---2022-08-07T114854-861_jpg.rf.g3qX9RdmVC3CgFTFym8z.jpg,4,490,453,481,449,19,8,152,0.5905,0.58,0.5119,1.0,0.0838,0.3242,83.79
images---2022-08-07T114854-861_jpg.rf.g3qX9RdmVC3CgFTFym8z.jpg,5,312,458,301,447,23,23,529,0.6215,0.59,0.5005,1.0,0.3984,0.2033,398.43
images---2022-08-07T114854-861_jpg.rf.g3qX9RdmVC3CgFTFym8z.jpg,6,181,462,166,446,30,32,960,0.5829,0.6,0.5833,0.7386,0.2101,0.1477,210.08
images---2022-08-07T114854-861_jpg.rf.g3qX9RdmVC3CgFTFym8z.jpg,7,8,439,0,427,16,24,384,0.6005,0.59,0.4887,1.0,0.2299,0.8422,229.85
images---2022-08-07T114854-861_jpg.rf.g3qX9RdmVC3CgFTFym8z.jpg,8,276,431,264,405,24,52,1248,0.5482,0.41,0.5224,1.0,0.2188,0.3203,218.85
images---2022-08-07T114854-861_jpg.rf.g3qX9RdmVC3CgFTFym8z.jpg,9,282,387,275,376,14,22,308,0.548,0.4,0.5219,1.0,0.2535,0.4649,253.48
images---2022-08-07T114854-861_jpg.rf.g3qX9RdmVC3CgFTFym8z.jpg,10,467,351,423,336,89,30,2670,0.6317,0.58,0.6076,1.0,0.1602,0.2885,160.23
images---2022-08-07T114854-861_jpg.rf.g3qX9RdmVC3CgFTFym8z.jpg,11,301,340,296,335,11,10,110,0.4722,0.58,0.5164,0.3854,0.1135,0.0771,113.54
images---2022-08-07T114854-861_jpg.rf.g3qX9RdmVC3CgFTFym8z.jpg,12,497,215,483,204,29,22,638,0.5924,0.59,0.5083,1.0,0.0797,0.2496,79.71
images---2022-08-07T114854-861_jpg.rf.g3qX9RdmVC3CgFTFym8z.jpg,13,411,211,384,196,55,31,1705,0.5346,0.58,0.5227,0.6439,0.1983,0.1288,198.27
images---2022-08-07T114854-861_jpg.rf.g3qX9RdmVC3CgFTFym8z.jpg,14,127,189,111,178,33,22,726,0.5935,0.55,0.5483,1.0,0.0911,0.3248,91.12
images---2022-08-07T114854-861_jpg.rf.g3qX9RdmVC3CgFTFym8z.jpg,15,193,159,176,147,34,24,816,0.599,0.55,0.5308,1.0,0.207,0.3007,206.99
images---2022-08-07T114854-861_jpg.rf.g3qX9RdmVC3CgFTFym8z.jpg,16,18,163,3,145,31,36,1116,0.5947,0.59,0.5076,1.0,0.1053,0.3479,105.28
images---2022-08-07T114854-861_jpg.rf.g3qX9RdmVC3CgFTFym8z.jpg,17,29,5,14,0,31,11,341,0.5494,0.45,0.5402,1.0,0.0278,0.2873,27.77
images---2022-08-07T114854-925_jpg.rf.qoMgDDQFWWyLIZFvwhIw.jpg,1,320,162,311,151,18,22,396,0.4827,0.27,0.5319,0.7304,0.56,0.1461,560.02
images---2022-08-07T114854-925_jpg.rf.qoMgDDQFWWyLIZFvwhIw.jpg,2,366,186,324,126,85,121,10285,0.5836,0.28,0.5804,1.0,0.8246,0.3355,824.64
images---2022-08-07T114854-986_jpg.rf.zQhN8ZDotjzr6hnKG7MQ.jpg,1,151,504,146,497,10,15,150,0.4783,0.29,0.495,1.0,0.0351,0.474,35.07
images---2022-08-07T114854-986_jpg.rf.zQhN8ZDotjzr6hnKG7MQ.jpg,2,200,496,195,489,11,14,154,0.4666,0.26,0.4965,1.0,0.0184,0.2625,18.37
images---2022-08-07T114854-986_jpg.rf.zQhN8ZDotjzr6hnKG7MQ.jpg,3,39,478,35,472,8,12,96,0.5361,0.45,0.5031,1.0,0.0254,0.5188,25.43
images---2022-08-07T114854-986_jpg.rf.zQhN8ZDotjzr6hnKG7MQ.jpg,4,103,481,95,464,17,35,595,0.4717,0.27,0.4996,1.0,0.0237,0.3991,23.66
images---2022-08-07T114854-986_jpg.rf.zQhN8ZDotjzr6hnKG7MQ.jpg,5,103,430,85,414,36,33,1188,0.4541,0.22,0.5039,1.0,0.0076,0.6421,7.57
images---2022-08-07T114854-986_jpg.rf.zQhN8ZDotjzr6hnKG7MQ.jpg,6,455,422,446,412,19,21,399,0.4722,0.27,0.4976,1.0,0.0351,0.5396,35.12
images---2022-08-07T114854-986_jpg.rf.zQhN8ZDotjzr6hnKG7MQ.jpg,7,66,424,56,405,21,38,798,0.4641,0.24,0.5109,1.0,0.013,0.517,13.01
images---2022-08-07T114854-986_jpg.rf.zQhN8ZDotjzr6hnKG7MQ.jpg,8,129,406,124,401,10,10,100,0.5179,0.41,0.4944,1.0,0.0133,0.6963,13.28
images---2022-08-07T114854-986_jpg.rf.zQhN8ZDotjzr6hnKG7MQ.jpg,9,274,438,239,399,70,79,5530,0.5342,0.5,0.4785,0.9247,0.0678,0.1849,67.76
images---2022-08-07T114854-986_jpg.rf.zQhN8ZDotjzr6hnKG7MQ.jpg,10,32,407,23,393,18,28,504,0.5335,0.45,0.4992,1.0,0.0129,0.5192,12.86
images---2022-08-07T114854-986_jpg.rf.zQhN8ZDotjzr6hnKG7MQ.jpg,11,112,389,106,384,13,11,143,0.5415,0.48,0.4914,1.0,0.0151,0.313,15.12
images---2022-08-07T114854-986_jpg.rf.zQhN8ZDotjzr6hnKG7MQ.jpg,12,219,365,207,351,24,29,696,0.5261,0.43,0.4848,1.0,0.0591,0.273,59.08
images---2022-08-07T114854-986_jpg.rf.zQhN8ZDotjzr6hnKG7MQ.jpg,13,337,340,326,326,23,28,644,0.47,0.26,0.5093,1.0,0.0072,0.4521,7.24
images---2022-08-07T114854-986_jpg.rf.zQhN8ZDotjzr6hnKG7MQ.jpg,14,496,289,480,273,32,32,1024,0.518,0.4,0.5066,1.0,0.0069,0.4677,6.92
images---2022-08-07T114854-986_jpg.rf.zQhN8ZDotjzr6hnKG7MQ.jpg,15,336,252,319,238,35,28,980,0.5221,0.43,0.4881,1.0,0.008,0.4574,8.03
images---2022-08-07T114854-986_jpg.rf.zQhN8ZDotjzr6hnKG7MQ.jpg,16,413,238,406,233,14,10,140,0.5154,0.4,0.4927,1.0,0.0299,0.2675,29.86
images---2022-08-07T114854-986_jpg.rf.zQhN8ZDotjzr6hnKG7MQ.jpg,17,22,221,8,199,28,45,1260,0.4632,0.25,0.4996,1.0,0.0081,0.3961,8.14
images---2022-08-07T114855-017_jpg.rf.x37wRrWpmH9Y2JrMjhlf.jpg,1,177,438,153,407,48,62,2976,0.5196,0.38,0.4244,0.92,0.54,0.184,540.03
images---2022-08-07T114855-047_jpg.rf.AnhspzLGJlNqUPh22x5r.jpg,1,294,322,282,313,24,19,456,0.5115,0.32,0.5206,1.0,0.1725,0.2778,172.52
images---2022-08-07T114855-047_jpg.rf.AnhspzLGJlNqUPh22x5r.jpg,2,445,132,441,123,8,18,144,0.4701,0.27,0.4991,0.9583,0.0923,0.1917,92.33
images---2022-08-07T114855-077_jpg.rf.vErkv86eyWLcOeBwPSvf.jpg,1,496,424,480,381,32,87,2784,0.5189,0.31,0.4941,1.0,0.3747,0.3708,374.68
images---2022-08-07T114855-077_jpg.rf.vErkv86eyWLcOeBwPSvf.jpg,2,414,389,374,356,81,67,5427,0.5392,0.32,0.509,1.0,0.4905,0.4034,490.51
images---2022-08-07T114855-077_jpg.rf.vErkv86eyWLcOeBwPSvf.jpg,3,506,349,500,333,12,32,384,0.5398,0.27,0.5217,1.0,0.6266,0.4659,626.64
images---2022-08-07T114855-077_jpg.rf.vErkv86eyWLcOeBwPSvf.jpg,4,348,303,296,268,105,71,7455,0.5284,0.29,0.4742,1.0,0.6094,0.3437,609.41
images---2022-08-07T114855-077_jpg.rf.vErkv86eyWLcOeBwPSvf.jpg,5,224,271,194,244,60,54,3240,0.584,0.28,0.5664,1.0,0.8772,0.3218,877.21
images---2022-08-07T114855-077_jpg.rf.vErkv86eyWLcOeBwPSvf.jpg,6,166,247,127,224,79,47,3713,0.552,0.28,0.4999,1.0,0.7898,0.2796,789.81
images---2022-08-07T114855-077_jpg.rf.vErkv86eyWLcOeBwPSvf.jpg,7,483,225,475,220,16,10,160,0.564,0.27,0.5074,1.0,0.9192,0.4172,919.22
images---2022-08-07T114855-077_jpg.rf.vErkv86eyWLcOeBwPSvf.jpg,8,392,215,386,206,13,18,234,0.5909,0.28,0.5513,1.0,1.0,0.3267,1430.91
images---2022-08-07T114855-136_jpg.rf.tAd5lQu8gCDb2TMdJJb3.jpg,1,315,481,288,450,55,62,3410,0.5523,0.33,0.5413,1.0,0.4732,0.3483,473.18
images---2022-08-07T114855-136_jpg.rf.tAd5lQu8gCDb2TMdJJb3.jpg,2,446,273,428,265,36,17,612,0.7185,0.59,0.6058,1.0,1.0,0.255,1479.1
images---2022-08-07T114855-136_jpg.rf.tAd5lQu8gCDb2TMdJJb3.jpg,3,497,215,493,209,9,13,117,0.6922,0.52,0.6005,1.0,1.0,0.2743,1202.86
images---2022-08-07T114855-136_jpg.rf.tAd5lQu8gCDb2TMdJJb3.jpg,4,508,184,504,177,8,15,120,0.7156,0.78,0.5521,1.0,0.4941,0.3307,494.07
images---2022-08-07T114855-136_jpg.rf.tAd5lQu8gCDb2TMdJJb3.jpg,5,508,144,505,139,7,11,77,0.6774,0.6,0.5145,0.9365,1.0,0.1873,1547.16
images---2022-08-07T114855-170_jpg.rf.6Yo3StljiL6Pvvl1XUr1.jpg,1,169,295,143,219,53,152,8056,0.521,0.28,0.579,1.0,0.2038,0.3116,203.79
images---2022-08-07T114855-296_jpg.rf.N6hSI3nEFCyiyD258jip.jpg,1,500,498,489,484,23,28,644,0.5981,0.59,0.5097,1.0,0.1323,0.6886,132.32
images---2022-08-07T114855-296_jpg.rf.N6hSI3nEFCyiyD258jip.jpg,2,449,479,443,475,13,9,117,0.6139,0.59,0.5317,1.0,0.2128,0.3124,212.77
images---2022-08-07T114855-296_jpg.rf.N6hSI3nEFCyiyD258jip.jpg,3,479,476,470,467,18,18,324,0.5938,0.59,0.4938,1.0,0.1447,0.3489,144.72
images---2022-08-07T114855-296_jpg.rf.N6hSI3nEFCyiyD258jip.jpg,4,51,409,35,400,33,18,594,0.5975,0.59,0.51,1.0,0.1249,0.4978,124.9
images---2022-08-07T114855-296_jpg.rf.N6hSI3nEFCyiyD258jip.jpg,5,244,404,222,382,44,45,1980,0.4597,0.52,0.4885,0.4041,0.2593,0.0808,259.3
images---2022-08-07T114855-296_jpg.rf.N6hSI3nEFCyiyD258jip.jpg,6,348,370,337,361,23,19,437,0.5454,0.58,0.5181,0.6313,0.3478,0.1263,347.76
images---2022-08-07T114855-296_jpg.rf.N6hSI3nEFCyiyD258jip.jpg,7,6,277,0,273,13,9,117,0.6259,0.57,0.5257,1.0,0.4239,0.3509,423.9
images---2022-08-07T114855-296_jpg.rf.N6hSI3nEFCyiyD258jip.jpg,8,502,251,493,238,19,27,513,0.5606,0.51,0.4474,1.0,0.2545,0.6031,254.49
images---2022-08-07T114855-296_jpg.rf.N6hSI3nEFCyiyD258jip.jpg,9,92,241,71,229,42,24,1008,0.6067,0.6,0.4928,1.0,0.2416,0.4424,241.65
images---2022-08-07T114855-296_jpg.rf.N6hSI3nEFCyiyD258jip.jpg,10,6,237,0,228,12,19,228,0.5971,0.38,0.5144,1.0,0.8408,0.2222,840.84
images---2022-08-07T114855-296_jpg.rf.N6hSI3nEFCyiyD258jip.jpg,11,299,217,295,213,9,9,81,0.5816,0.26,0.5446,1.0,1.0,0.2585,1031.93
images---2022-08-07T114855-296_jpg.rf.N6hSI3nEFCyiyD258jip.jpg,12,47,223,20,205,55,37,2035,0.575,0.4,0.5071,1.0,0.5756,0.279,575.57
images---2022-08-07T114855-296_jpg.rf.N6hSI3nEFCyiyD258jip.jpg,13,84,203,72,191,25,25,625,0.5432,0.39,0.4223,1.0,0.589,0.3506,589.0
images---2022-08-07T114855-296_jpg.rf.N6hSI3nEFCyiyD258jip.jpg,14,347,174,339,168,17,12,204,0.5767,0.32,0.5593,1.0,0.6896,0.2284,689.63
images---2022-08-07T114855-296_jpg.rf.N6hSI3nEFCyiyD258jip.jpg,15,333,154,325,146,16,16,256,0.5652,0.28,0.5627,1.0,0.7022,0.2003,702.23
images---2022-08-07T114855-296_jpg.rf.N6hSI3nEFCyiyD258jip.jpg,16,151,125,146,118,10,15,150,0.547,0.38,0.4997,1.0,0.3905,0.3434,390.52
images---2022-08-07T114855-296_jpg.rf.N6hSI3nEFCyiyD258jip.jpg,17,35,143,0,113,70,61,4270,0.5604,0.37,0.5797,1.0,0.2805,0.4668,280.47
images---2022-08-07T114855-296_jpg.rf.N6hSI3nEFCyiyD258jip.jpg,18,423,120,417,112,13,17,221,0.5411,0.38,0.5322,1.0,0.218,0.4676,217.97
images---2022-08-07T114855-296_jpg.rf.N6hSI3nEFCyiyD258jip.jpg,19,268,118,261,106,15,25,375,0.6143,0.42,0.534,1.0,0.8043,0.2723,804.33
images---2022-08-07T114855-296_jpg.rf.N6hSI3nEFCyiyD258jip.jpg,20,183,127,169,97,28,61,1708,0.5566,0.41,0.5169,1.0,0.3218,0.3449,321.77
images---2022-08-07T114855-296_jpg.rf.N6hSI3nEFCyiyD258jip.jpg,21,304,111,287,93,35,36,1260,0.5733,0.33,0.5965,1.0,0.4903,0.2974,490.34
images---2022-08-07T114855-296_jpg.rf.N6hSI3nEFCyiyD258jip.jpg,22,297,78,293,71,9,14,126,0.5354,0.36,0.4979,1.0,0.3513,0.3077,351.27
images---2022-08-07T114855-296_jpg.rf.N6hSI3nEFCyiyD258jip.jpg,23,238,91,224,68,28,47,1316,0.5838,0.39,0.5977,0.8602,0.6606,0.172,660.63
images---2022-08-07T114855-296_jpg.rf.N6hSI3nEFCyiyD258jip.jpg,24,55,79,26,66,59,27,1593,0.5273,0.36,0.5006,1.0,0.261,0.3684,260.96
images---2022-08-07T114855-296_jpg.rf.N6hSI3nEFCyiyD258jip.jpg,25,350,61,322,38,56,47,2632,0.5303,0.38,0.5098,1.0,0.1891,0.3315,189.08
images---2022-08-07T114855-296_jpg.rf.N6hSI3nEFCyiyD258jip.jpg,26,328,37,317,22,22,30,660,0.5338,0.38,0.5294,1.0,0.1552,0.2941,155.2
images---2022-08-07T114855-296_jpg.rf.N6hSI3nEFCyiyD258jip.jpg,27,390,16,383,8,15,17,255,0.5052,0.34,0.5033,1.0,0.1001,0.2414,100.11
images---2022-08-07T114855-296_jpg.rf.N6hSI3nEFCyiyD258jip.jpg,28,442,9,426,0,32,19,608,0.545,0.38,0.5259,1.0,0.2796,0.2173,279.64
images---2022-08-07T114855-296_jpg.rf.N6hSI3nEFCyiyD258jip.jpg,29,354,6,347,0,14,12,168,0.5147,0.37,0.4972,1.0,0.1123,0.3376,112.26
images---2022-08-07T114855-396_jpg.rf.AmlYHBpaFWxwrwfeeLaW.jpg,1,299,410,295,403,9,14,126,0.6767,0.61,0.5667,1.0,0.6486,0.3663,648.56
images---2022-08-07T114855-396_jpg.rf.AmlYHBpaFWxwrwfeeLaW.jpg,2,377,361,367,354,21,15,315,0.6282,0.58,0.5307,1.0,0.3944,0.2054,394.44
images---2022-08-07T114855-396_jpg.rf.AmlYHBpaFWxwrwfeeLaW.jpg,3,23,357,0,310,46,94,4324,0.6346,0.57,0.6151,1.0,0.1987,0.3759,198.67
images---2022-08-07T114855-396_jpg.rf.AmlYHBpaFWxwrwfeeLaW.jpg,4,87,338,55,309,65,58,3770,0.6358,0.61,0.4858,0.9527,0.6177,0.1905,617.67
images---2022-08-07T114855-396_jpg.rf.AmlYHBpaFWxwrwfeeLaW.jpg,5,201,314,191,304,20,21,420,0.5572,0.28,0.5408,1.0,0.6986,0.2273,698.59
images---2022-08-07T114855-396_jpg.rf.AmlYHBpaFWxwrwfeeLaW.jpg,6,178,300,174,294,8,12,96,0.6143,0.35,0.5481,1.0,1.0,0.2875,1759.59
images---2022-08-07T114855-396_jpg.rf.AmlYHBpaFWxwrwfeeLaW.jpg,7,82,278,68,261,28,35,980,0.675,0.58,0.6751,0.9734,0.4109,0.1947,410.91
images---2022-08-07T114855-396_jpg.rf.AmlYHBpaFWxwrwfeeLaW.jpg,8,456,214,450,210,12,9,108,0.5359,0.37,0.5283,1.0,0.2145,0.4861,214.51
images---2022-08-07T114855-396_jpg.rf.AmlYHBpaFWxwrwfeeLaW.jpg,9,65,154,35,135,60,39,2340,0.4679,0.54,0.561,0.241,0.3439,0.0482,343.92
images---2022-08-07T114855-396_jpg.rf.AmlYHBpaFWxwrwfeeLaW.jpg,10,487,130,462,121,50,18,900,0.5554,0.43,0.4879,1.0,0.3409,0.3161,340.91
images---2022-08-07T114855-396_jpg.rf.AmlYHBpaFWxwrwfeeLaW.jpg,11,458,106,454,96,9,21,189,0.6286,0.61,0.5057,1.0,0.381,0.2612,381.02
images---2022-08-07T114855-396_jpg.rf.AmlYHBpaFWxwrwfeeLaW.jpg,12,180,102,176,96,8,12,96,0.5163,0.36,0.4809,1.0,0.2197,0.2125,219.66
images---2022-08-07T114855-396_jpg.rf.AmlYHBpaFWxwrwfeeLaW.jpg,13,396,111,371,84,51,55,2805,0.6153,0.61,0.5262,0.9358,0.3048,0.1872,304.83
images---2022-08-07T114855-396_jpg.rf.AmlYHBpaFWxwrwfeeLaW.jpg,14,354,100,336,80,36,41,1476,0.6667,0.59,0.5635,1.0,0.6295,0.217,629.51
images---2022-08-07T114855-396_jpg.rf.AmlYHBpaFWxwrwfeeLaW.jpg,15,239,89,234,75,11,28,308,0.5361,0.39,0.5105,1.0,0.2095,0.3022,209.54
images---2022-08-07T114855-396_jpg.rf.AmlYHBpaFWxwrwfeeLaW.jpg,16,237,26,226,20,23,13,299,0.5354,0.41,0.5081,1.0,0.1408,0.3097,140.84
images---2022-08-07T114855-396_jpg.rf.AmlYHBpaFWxwrwfeeLaW.jpg,17,331,19,323,10,17,18,306,0.5673,0.39,0.5448,1.0,0.4014,0.2023,401.35
images---2022-08-07T114855-396_jpg.rf.AmlYHBpaFWxwrwfeeLaW.jpg,18,375,16,363,9,25,14,350,0.5819,0.39,0.544,1.0,0.5502,0.238,550.22
images---2022-08-07T114855-396_jpg.rf.AmlYHBpaFWxwrwfeeLaW.jpg,19,96,18,81,5,30,26,780,0.5352,0.38,0.4774,1.0,0.3513,0.314,351.35
images---2022-08-07T114855-396_jpg.rf.AmlYHBpaFWxwrwfeeLaW.jpg,20,195,8,189,0,13,16,208,0.5316,0.38,0.5151,1.0,0.1828,0.3473,182.78
images---2022-08-07T114855-427_jpg.rf.u4Dbq9nTwqCUj7DNilxI.jpg,1,136,503,131,494,11,18,198,0.5719,0.39,0.5009,1.0,0.6015,0.4239,601.5
images---2022-08-07T114855-427_jpg.rf.u4Dbq9nTwqCUj7DNilxI.jpg,2,369,494,359,484,20,20,400,0.6194,0.59,0.512,1.0,0.3366,0.207,336.62
images---2022-08-07T114855-427_jpg.rf.u4Dbq9nTwqCUj7DNilxI.jpg,3,389,463,384,455,11,17,187,0.5243,0.58,0.5407,0.5022,0.3165,0.1004,316.53
images---2022-08-07T114855-427_jpg.rf.u4Dbq9nTwqCUj7DNilxI.jpg,4,504,441,498,435,13,13,169,0.6192,0.6,0.5423,1.0,0.1941,0.43,194.13
images---2022-08-07T114855-427_jpg.rf.u4Dbq9nTwqCUj7DNilxI.jpg,5,508,423,505,417,7,12,84,0.6187,0.6,0.524,1.0,0.2526,0.6699,252.57
images---2022-08-07T114855-427_jpg.rf.u4Dbq9nTwqCUj7DNilxI.jpg,6,397,415,392,407,10,17,170,0.573,0.61,0.5247,0.7837,0.191,0.1567,191.01
images---2022-08-07T114855-427_jpg.rf.u4Dbq9nTwqCUj7DNilxI.jpg,7,336,411,329,402,14,19,266,0.5581,0.58,0.4905,0.8189,0.1966,0.1638,196.61
images---2022-08-07T114855-427_jpg.rf.u4Dbq9nTwqCUj7DNilxI.jpg,8,77,399,73,391,9,16,144,0.6432,0.57,0.54,1.0,0.5472,0.3044,547.16
images---2022-08-07T114855-427_jpg.rf.u4Dbq9nTwqCUj7DNilxI.jpg,9,419,357,403,319,32,77,2464,0.5448,0.52,0.4365,1.0,0.1003,0.3782,100.33
images---2022-08-07T114855-427_jpg.rf.u4Dbq9nTwqCUj7DNilxI.jpg,10,293,177,288,172,10,11,110,0.6145,0.35,0.5485,1.0,1.0,0.2589,1151.62
images---2022-08-07T114855-427_jpg.rf.u4Dbq9nTwqCUj7DNilxI.jpg,11,312,156,289,146,47,20,940,0.6369,0.37,0.5926,1.0,1.0,0.331,1202.52
images---2022-08-07T114855-427_jpg.rf.u4Dbq9nTwqCUj7DNilxI.jpg,12,133,134,121,101,24,67,1608,0.5412,0.27,0.55,1.0,0.542,0.3885,542.03
images---2022-08-07T114855-427_jpg.rf.u4Dbq9nTwqCUj7DNilxI.jpg,13,100,90,93,78,14,24,336,0.56,0.42,0.5117,1.0,0.339,0.4156,338.96
images---2022-08-07T114855-488_jpg.rf.hFdqVDGVW9Cih6evnHam.jpg,1,161,501,153,491,16,21,336,0.6258,0.61,0.4661,1.0,0.4918,0.287,491.81
images---2022-08-07T114855-488_jpg.rf.hFdqVDGVW9Cih6evnHam.jpg,2,375,467,367,440,17,54,918,0.6493,0.54,0.5115,1.0,0.8124,0.4107,812.43
images---2022-08-07T114855-488_jpg.rf.hFdqVDGVW9Cih6evnHam.jpg,3,7,431,0,421,14,21,294,0.6293,0.39,0.551,1.0,1.0,0.3348,1034.47
images---2022-08-07T114855-488_jpg.rf.hFdqVDGVW9Cih6evnHam.jpg,4,393,408,385,386,16,44,704,0.5875,0.56,0.4662,1.0,0.2827,0.324,282.74
images---2022-08-07T114855-488_jpg.rf.hFdqVDGVW9Cih6evnHam.jpg,5,356,360,350,352,13,17,221,0.6133,0.61,0.5404,0.7034,0.7,0.1407,700.01
images---2022-08-07T114855-488_jpg.rf.hFdqVDGVW9Cih6evnHam.jpg,6,274,353,267,341,15,25,375,0.6361,0.59,0.4717,1.0,0.6451,0.2533,645.15
images---2022-08-07T114855-488_jpg.rf.hFdqVDGVW9Cih6evnHam.jpg,7,362,324,353,305,19,38,722,0.5641,0.47,0.5386,1.0,0.1115,0.2206,111.5
images---2022-08-07T114855-488_jpg.rf.hFdqVDGVW9Cih6evnHam.jpg,8,242,107,236,101,13,12,156,0.5299,0.37,0.5248,1.0,0.167,0.4017,167.05
images---2022-08-07T114855-518_jpg.rf.eBm3JXWR0k8pvetDI24c.jpg,1,243,498,238,490,11,16,176,0.696,0.61,0.5435,1.0,0.9231,0.2484,923.14
images---2022-08-07T114855-518_jpg.rf.eBm3JXWR0k8pvetDI24c.jpg,2,172,483,164,471,17,25,425,0.6079,0.59,0.4686,1.0,0.3734,0.219,373.39
images---2022-08-07T114855-782_jpg.rf.6jhYBAgCtxvNQoSWG0tr.jpg,1,194,439,184,434,20,11,220,0.5946,0.53,0.5858,0.9171,0.2065,0.1834,206.51
images---2022-08-07T114855-782_jpg.rf.6jhYBAgCtxvNQoSWG0tr.jpg,2,345,360,338,344,15,33,495,0.6007,0.6,0.5024,1.0,0.1486,0.2107,148.56
images---2022-08-07T114855-782_jpg.rf.6jhYBAgCtxvNQoSWG0tr.jpg,3,270,381,230,311,81,140,11340,0.5677,0.37,0.5541,1.0,0.4429,0.4411,442.87
images---2022-08-07T114855-782_jpg.rf.6jhYBAgCtxvNQoSWG0tr.jpg,4,369,319,351,302,36,34,1224,0.47,0.51,0.4989,0.5299,0.1092,0.106,109.18
images---2022-08-07T114855-782_jpg.rf.6jhYBAgCtxvNQoSWG0tr.jpg,5,143,354,100,298,86,112,9632,0.5618,0.37,0.5226,1.0,0.4938,0.4707,493.83
images---2022-08-07T114855-782_jpg.rf.6jhYBAgCtxvNQoSWG0tr.jpg,6,88,274,84,268,8,12,96,0.5971,0.41,0.5656,1.0,0.5563,0.3312,556.28
images---2022-08-07T114855-782_jpg.rf.6jhYBAgCtxvNQoSWG0tr.jpg,7,52,255,35,233,35,45,1575,0.5782,0.39,0.5176,1.0,0.6057,0.3341,605.7
images---2022-08-07T114855-782_jpg.rf.6jhYBAgCtxvNQoSWG0tr.jpg,8,16,213,0,200,32,27,864,0.5382,0.39,0.5009,1.0,0.2634,0.496,263.4
images---2022-08-07T114855-782_jpg.rf.6jhYBAgCtxvNQoSWG0tr.jpg,9,358,216,340,184,36,64,2304,0.6229,0.6,0.5153,1.0,0.3258,0.3298,325.81
images---2022-08-07T114855-782_jpg.rf.6jhYBAgCtxvNQoSWG0tr.jpg,10,88,150,66,138,45,25,1125,0.5687,0.39,0.5124,1.0,0.5283,0.2859,528.26
images---2022-08-07T114855-782_jpg.rf.6jhYBAgCtxvNQoSWG0tr.jpg,11,10,140,0,135,21,11,231,0.5534,0.37,0.5274,1.0,0.3936,0.3543,393.58
images---2022-08-07T114855-782_jpg.rf.6jhYBAgCtxvNQoSWG0tr.jpg,12,162,150,150,123,25,55,1375,0.5642,0.41,0.5296,1.0,0.3533,0.3122,353.27
images---2022-08-07T114855-782_jpg.rf.6jhYBAgCtxvNQoSWG0tr.jpg,13,423,124,405,111,37,27,999,0.5406,0.33,0.5593,1.0,0.2941,0.3982,294.11
images---2022-08-07T114855-782_jpg.rf.6jhYBAgCtxvNQoSWG0tr.jpg,14,488,116,484,107,8,18,144,0.4844,0.59,0.5144,0.425,0.1289,0.085,128.95
images---2022-08-07T114855-782_jpg.rf.6jhYBAgCtxvNQoSWG0tr.jpg,15,276,48,265,43,23,11,253,0.5901,0.39,0.4747,1.0,0.8743,0.3652,874.34
images---2022-08-07T114855-782_jpg.rf.6jhYBAgCtxvNQoSWG0tr.jpg,16,379,94,341,15,77,159,12243,0.567,0.37,0.5364,1.0,0.4978,0.3783,497.81
images---2022-08-07T114855-866_jpg.rf.3vS6OnpEP38ApkdMUJv8.jpg,1,151,451,131,438,41,26,1066,0.5662,0.36,0.5234,1.0,0.5698,0.3193,569.79
images---2022-08-07T114855-866_jpg.rf.3vS6OnpEP38ApkdMUJv8.jpg,2,436,405,431,399,10,13,130,0.5192,0.6,0.5074,0.4909,0.3343,0.0982,334.31
images---2022-08-07T114855-866_jpg.rf.3vS6OnpEP38ApkdMUJv8.jpg,3,156,398,151,393,10,10,100,0.6695,0.6,0.4778,1.0,0.9227,0.2996,922.66
images---2022-08-07T114855-866_jpg.rf.3vS6OnpEP38ApkdMUJv8.jpg,4,472,341,453,320,38,42,1596,0.6018,0.58,0.5153,1.0,0.1851,0.2789,185.09
images---2022-08-07T114855-866_jpg.rf.3vS6OnpEP38ApkdMUJv8.jpg,5,469,298,463,290,13,17,221,0.6365,0.6,0.526,1.0,0.4242,0.2607,424.16
images---2022-08-07T114855-866_jpg.rf.3vS6OnpEP38ApkdMUJv8.jpg,6,377,279,373,273,9,13,117,0.6202,0.57,0.5209,1.0,0.3836,0.2857,383.56
images---2022-08-07T114855-866_jpg.rf.3vS6OnpEP38ApkdMUJv8.jpg,7,288,248,272,222,32,53,1696,0.5971,0.35,0.4989,1.0,1.0,0.2364,1030.28
images---2022-08-07T114855-866_jpg.rf.3vS6OnpEP38ApkdMUJv8.jpg,8,162,226,156,218,13,17,221,0.5868,0.34,0.5467,1.0,0.7646,0.2924,764.61
images---2022-08-07T114855-866_jpg.rf.3vS6OnpEP38ApkdMUJv8.jpg,9,315,209,305,195,20,29,580,0.5756,0.28,0.5505,1.0,0.849,0.2477,849.04
images---2022-08-07T114855-866_jpg.rf.3vS6OnpEP38ApkdMUJv8.jpg,10,291,192,286,182,11,20,220,0.5581,0.32,0.5014,0.9851,0.7359,0.197,735.88
images---2022-08-07T114855-935_jpg.rf.uT4V6QmQ0r5v4bDbFmKa.jpg,1,370,481,367,474,7,15,105,0.6111,0.38,0.5088,1.0,1.0,0.4425,1776.49
images---2022-08-07T114855-935_jpg.rf.uT4V6QmQ0r5v4bDbFmKa.jpg,2,400,470,391,466,19,9,171,0.6282,0.41,0.5276,1.0,1.0,0.3118,1345.18
images---2022-08-07T114855-935_jpg.rf.uT4V6QmQ0r5v4bDbFmKa.jpg,3,428,443,419,435,18,16,288,0.6427,0.42,0.5592,1.0,1.0,0.3655,1049.82
images---2022-08-07T114855-935_jpg.rf.uT4V6QmQ0r5v4bDbFmKa.jpg,4,315,423,295,377,40,93,3720,0.7305,0.58,0.7098,1.0,0.7904,0.3271,790.43
images---2022-08-07T114855-935_jpg.rf.uT4V6QmQ0r5v4bDbFmKa.jpg,5,61,207,10,145,103,124,12772,0.5588,0.37,0.4827,1.0,0.6038,0.4666,603.85
images---2022-08-07T114855-935_jpg.rf.uT4V6QmQ0r5v4bDbFmKa.jpg,6,7,105,0,100,14,10,140,0.6896,0.59,0.5241,1.0,0.997,0.2773,997.04
images---2022-08-07T114855-935_jpg.rf.uT4V6QmQ0r5v4bDbFmKa.jpg,7,434,51,428,46,13,11,143,0.5972,0.41,0.4971,1.0,0.7973,0.3183,797.35
images---2022-08-07T114856-150_jpg.rf.FLGgemYBQNB9B8YnCkX6.jpg,1,444,491,440,485,9,13,117,0.5953,0.59,0.5035,1.0,0.1262,0.2457,126.22
images---2022-08-07T114856-150_jpg.rf.FLGgemYBQNB9B8YnCkX6.jpg,2,306,483,302,475,9,16,144,0.5526,0.5,0.496,1.0,0.0399,0.2874,39.9
images---2022-08-07T114856-150_jpg.rf.FLGgemYBQNB9B8YnCkX6.jpg,3,205,472,188,461,34,23,782,0.5417,0.39,0.5208,1.0,0.2292,0.3801,229.25
images---2022-08-07T114856-150_jpg.rf.FLGgemYBQNB9B8YnCkX6.jpg,4,264,467,257,460,14,14,196,0.5805,0.54,0.4993,1.0,0.1677,0.2663,167.65
images---2022-08-07T114856-150_jpg.rf.FLGgemYBQNB9B8YnCkX6.jpg,5,450,462,444,448,13,28,364,0.5246,0.39,0.5121,1.0,0.0891,0.229,89.05
images---2022-08-07T114856-150_jpg.rf.FLGgemYBQNB9B8YnCkX6.jpg,6,305,451,289,435,33,32,1056,0.5657,0.5,0.5297,1.0,0.0532,0.5379,53.22
images---2022-08-07T114856-150_jpg.rf.FLGgemYBQNB9B8YnCkX6.jpg,7,459,432,444,424,31,17,527,0.5557,0.4,0.5423,1.0,0.2593,0.2751,259.29
images---2022-08-07T114856-150_jpg.rf.FLGgemYBQNB9B8YnCkX6.jpg,8,458,335,448,327,20,16,320,0.4786,0.31,0.4966,0.9598,0.043,0.192,42.99
images---2022-08-07T114856-150_jpg.rf.FLGgemYBQNB9B8YnCkX6.jpg,9,494,321,485,313,19,17,323,0.5232,0.41,0.5012,1.0,0.0425,0.3437,42.49
images---2022-08-07T114856-150_jpg.rf.FLGgemYBQNB9B8YnCkX6.jpg,10,6,189,0,183,12,12,144,0.5372,0.46,0.4946,1.0,0.0313,0.3241,31.28
images---2022-08-07T114856-150_jpg.rf.FLGgemYBQNB9B8YnCkX6.jpg,11,120,133,111,126,19,15,285,0.4845,0.27,0.5039,1.0,0.1365,0.2879,136.49
images---2022-08-07T114856-150_jpg.rf.FLGgemYBQNB9B8YnCkX6.jpg,12,485,146,458,106,54,81,4374,0.4967,0.35,0.4954,1.0,0.0084,0.579,8.39
images---2022-08-07T114856-150_jpg.rf.FLGgemYBQNB9B8YnCkX6.jpg,13,457,103,441,73,33,60,1980,0.4663,0.25,0.5084,1.0,0.0087,0.3475,8.65
images---2022-08-07T114856-150_jpg.rf.FLGgemYBQNB9B8YnCkX6.jpg,14,86,80,67,59,38,42,1596,0.479,0.26,0.5298,1.0,0.0262,0.3359,26.22
images---2022-08-07T114856-150_jpg.rf.FLGgemYBQNB9B8YnCkX6.jpg,15,7,49,0,45,14,9,126,0.5108,0.39,0.4946,1.0,0.0115,0.2786,11.53
images---2022-08-07T114856-150_jpg.rf.FLGgemYBQNB9B8YnCkX6.jpg,16,485,9,459,0,53,18,954,0.4549,0.22,0.5064,1.0,0.007,0.3545,6.99
images---2022-08-07T114856-150_jpg.rf.FLGgemYBQNB9B8YnCkX6.jpg,17,293,37,245,0,96,74,7104,0.4724,0.23,0.5334,1.0,0.0516,0.3637,51.62
images---2022-08-07T114856-521_jpg.rf.2DDuoKKiN6zWGUFw9SRN.jpg,1,350,391,345,386,11,11,121,0.4904,0.26,0.5698,0.7372,0.5251,0.1474,525.11
images---2022-08-07T114856-521_jpg.rf.2DDuoKKiN6zWGUFw9SRN.jpg,2,467,222,461,213,12,18,216,0.4524,0.26,0.5419,0.4514,0.8147,0.0903,814.75
images---2022-08-07T114856-615_jpg.rf.pV6Tt8fo2lZyr1s2UNY8.jpg,1,493,45,475,0,37,90,3330,0.5624,0.37,0.6013,1.0,0.2243,0.5279,224.3
images---2022-08-07T114856-811_jpg.rf.DLdwYXmWFELnsisc58qd.jpg,1,358,410,314,400,88,21,1848,0.4842,0.19,0.4971,1.0,0.4375,0.26,437.53
images---2022-08-07T114856-843_jpg.rf.Svce8jyLVB5H9H1rbDJB.jpg,1,239,503,222,494,35,18,630,0.4692,0.29,0.4631,0.9752,0.1057,0.195,105.69
images---2022-08-07T114856-843_jpg.rf.Svce8jyLVB5H9H1rbDJB.jpg,2,189,501,181,490,17,22,374,0.6429,0.4,0.6633,1.0,0.7076,0.2512,707.61
images---2022-08-07T114856-843_jpg.rf.Svce8jyLVB5H9H1rbDJB.jpg,3,475,497,454,482,42,30,1260,0.5082,0.61,0.5919,0.2495,0.3765,0.0499,376.5
images---2022-08-07T114856-843_jpg.rf.Svce8jyLVB5H9H1rbDJB.jpg,4,437,471,431,464,12,14,168,0.5927,0.6,0.5871,0.5048,0.763,0.101,763.0
images---2022-08-07T114856-843_jpg.rf.Svce8jyLVB5H9H1rbDJB.jpg,5,496,467,480,457,32,20,640,0.511,0.6,0.5008,0.4811,0.2951,0.0962,295.07
images---2022-08-07T114856-843_jpg.rf.Svce8jyLVB5H9H1rbDJB.jpg,6,23,469,0,426,46,86,3956,0.6467,0.61,0.5646,1.0,0.3558,0.3708,355.79
images---2022-08-07T114856-843_jpg.rf.Svce8jyLVB5H9H1rbDJB.jpg,7,164,407,153,398,23,18,414,0.6932,0.61,0.5199,1.0,0.9776,0.3381,977.63
images---2022-08-07T114856-843_jpg.rf.Svce8jyLVB5H9H1rbDJB.jpg,8,31,402,15,390,33,24,792,0.5074,0.62,0.5763,0.213,0.4608,0.0426,460.81
images---2022-08-07T114856-843_jpg.rf.Svce8jyLVB5H9H1rbDJB.jpg,9,193,394,186,387,15,14,210,0.6769,0.61,0.5055,1.0,0.865,0.2009,865.02
images---2022-08-07T114856-843_jpg.rf.Svce8jyLVB5H9H1rbDJB.jpg,10,227,371,222,363,10,17,170,0.5944,0.36,0.6064,1.0,0.5618,0.29,561.77
images---2022-08-07T114856-843_jpg.rf.Svce8jyLVB5H9H1rbDJB.jpg,11,92,368,80,358,25,21,525,0.455,0.62,0.5474,0.0491,0.3653,0.0098,365.34
images---2022-08-07T114856-843_jpg.rf.Svce8jyLVB5H9H1rbDJB.jpg,12,354,364,349,354,11,20,220,0.5365,0.62,0.5725,0.1698,0.8514,0.034,851.35
images---2022-08-07T114856-843_jpg.rf.Svce8jyLVB5H9H1rbDJB.jpg,13,142,364,118,345,48,38,1824,0.5829,0.63,0.5193,0.6717,0.4635,0.1343,463.53
images---2022-08-07T114856-843_jpg.rf.Svce8jyLVB5H9H1rbDJB.jpg,14,491,342,482,333,18,18,324,0.6329,0.61,0.5067,1.0,0.4212,0.3244,421.15
images---2022-08-07T114856-843_jpg.rf.Svce8jyLVB5H9H1rbDJB.jpg,15,413,325,406,317,14,17,238,0.6401,0.6,0.5438,1.0,0.3975,0.2082,397.46
images---2022-08-07T114856-843_jpg.rf.Svce8jyLVB5H9H1rbDJB.jpg,16,40,330,24,314,32,33,1056,0.553,0.58,0.5767,0.4116,0.6579,0.0823,657.92
images---2022-08-07T114856-843_jpg.rf.Svce8jyLVB5H9H1rbDJB.jpg,17,435,318,430,312,11,13,143,0.6473,0.61,0.4966,1.0,0.5996,0.4,599.63
images---2022-08-07T114856-843_jpg.rf.Svce8jyLVB5H9H1rbDJB.jpg,18,507,319,503,310,9,18,162,0.642,0.61,0.5114,1.0,0.4945,0.3622,494.46
images---2022-08-07T114856-843_jpg.rf.Svce8jyLVB5H9H1rbDJB.jpg,19,182,320,154,307,56,26,1456,0.6485,0.6,0.5066,0.9578,0.6958,0.1916,695.83
images---2022-08-07T114856-843_jpg.rf.Svce8jyLVB5H9H1rbDJB.jpg,20,135,299,118,291,35,17,595,0.6078,0.61,0.4841,0.9098,0.4297,0.182,429.69
images---2022-08-07T114856-843_jpg.rf.Svce8jyLVB5H9H1rbDJB.jpg,21,173,291,167,283,12,17,204,0.6818,0.62,0.5504,1.0,0.7211,0.3233,721.11
images---2022-08-07T114856-843_jpg.rf.Svce8jyLVB5H9H1rbDJB.jpg,22,143,272,130,261,26,22,572,0.6594,0.6,0.585,0.9094,0.6275,0.1819,627.53
images---2022-08-07T114856-843_jpg.rf.Svce8jyLVB5H9H1rbDJB.jpg,23,486,248,461,236,51,24,1224,0.5994,0.56,0.6105,0.7968,0.3037,0.1594,303.7
images---2022-08-07T114856-843_jpg.rf.Svce8jyLVB5H9H1rbDJB.jpg,24,380,258,362,235,37,46,1702,0.556,0.5,0.4842,1.0,0.1155,0.3093,115.55
images---2022-08-07T114856-843_jpg.rf.Svce8jyLVB5H9H1rbDJB.jpg,25,360,193,351,179,19,28,532,0.6559,0.58,0.5755,1.0,0.5151,0.2202,515.1
images---2022-08-07T114856-843_jpg.rf.Svce8jyLVB5H9H1rbDJB.jpg,26,51,117,41,104,21,26,546,0.5384,0.61,0.6364,0.2751,0.4708,0.055,470.78
images---2022-08-07T114856-843_jpg.rf.Svce8jyLVB5H9H1rbDJB.jpg,27,77,101,69,95,17,12,204,0.4934,0.42,0.6442,0.3161,0.5774,0.0632,577.41
images---2022-08-07T114856-843_jpg.rf.Svce8jyLVB5H9H1rbDJB.jpg,28,409,87,401,81,16,13,208,0.6883,0.62,0.5465,1.0,0.8005,0.2386,800.5
images---2022-08-07T114856-843_jpg.rf.Svce8jyLVB5H9H1rbDJB.jpg,29,104,74,96,62,16,25,400,0.5256,0.37,0.4514,1.0,0.3816,0.2635,381.56
images---2022-08-07T114856-843_jpg.rf.Svce8jyLVB5H9H1rbDJB.jpg,30,335,63,314,53,42,20,840,0.5521,0.4,0.3998,0.9346,0.853,0.1869,852.97
images---2022-08-07T114856-843_jpg.rf.Svce8jyLVB5H9H1rbDJB.jpg,31,402,55,396,46,12,19,228,0.5445,0.38,0.4784,1.0,0.4407,0.2755,440.66
images---2022-08-07T114856-843_jpg.rf.Svce8jyLVB5H9H1rbDJB.jpg,32,183,27,177,22,13,11,143,0.6493,0.61,0.5306,1.0,0.5006,0.2609,500.58
images---2022-08-07T114856-843_jpg.rf.Svce8jyLVB5H9H1rbDJB.jpg,33,34,80,0,8,68,144,9792,0.6179,0.6,0.478,1.0,0.406,0.3287,405.96
images---2022-08-07T114856-843_jpg.rf.Svce8jyLVB5H9H1rbDJB.jpg,34,405,8,393,0,24,16,384,0.4552,0.39,0.5416,0.3662,0.5591,0.0732,559.06
images---2022-08-07T114856-843_jpg.rf.Svce8jyLVB5H9H1rbDJB.jpg,35,38,10,25,0,27,20,540,0.5376,0.39,0.4656,1.0,0.3816,0.6598,381.59
images---2022-08-07T114856-909_jpg.rf.t6xM2ok5cUlWqifsptzY.jpg,1,265,462,261,448,9,29,261,0.5228,0.4,0.4962,1.0,0.0917,0.2787,91.69
images---2022-08-07T114856-909_jpg.rf.t6xM2ok5cUlWqifsptzY.jpg,2,396,452,360,397,72,110,7920,0.4894,0.38,0.4375,1.0,0.0323,0.5171,32.34
images---2022-08-07T114856-909_jpg.rf.t6xM2ok5cUlWqifsptzY.jpg,3,453,365,431,357,44,16,704,0.5383,0.4,0.5394,1.0,0.0957,0.2015,95.7
images---2022-08-07T114856-909_jpg.rf.t6xM2ok5cUlWqifsptzY.jpg,4,7,204,0,198,15,12,180,0.5532,0.39,0.5129,1.0,0.3722,0.2421,372.21
images---2022-08-07T114856-909_jpg.rf.t6xM2ok5cUlWqifsptzY.jpg,5,4,178,0,171,9,14,126,0.5752,0.37,0.5645,1.0,0.4813,0.2538,481.34
images---2022-08-07T114856-909_jpg.rf.t6xM2ok5cUlWqifsptzY.jpg,6,144,128,86,73,117,111,12987,0.5552,0.35,0.5848,1.0,0.2804,0.4109,280.35
images---2022-08-07T114856-943_jpg.rf.O7bJGLuMsln7b2CCNKJQ.jpg,1,47,506,27,501,40,11,440,0.5715,0.4,0.5159,1.0,0.5093,0.4038,509.3
images---2022-08-07T114856-943_jpg.rf.O7bJGLuMsln7b2CCNKJQ.jpg,2,132,505,127,498,11,14,154,0.5755,0.38,0.5076,0.8913,0.8652,0.1783,865.24
images---2022-08-07T114856-943_jpg.rf.O7bJGLuMsln7b2CCNKJQ.jpg,3,265,490,256,479,19,22,418,0.5622,0.39,0.5273,1.0,0.4108,0.4782,410.8
images---2022-08-07T114856-943_jpg.rf.O7bJGLuMsln7b2CCNKJQ.jpg,4,295,488,291,477,8,23,184,0.5386,0.37,0.4948,0.8714,0.6162,0.1743,616.24
images---2022-08-07T114856-943_jpg.rf.O7bJGLuMsln7b2CCNKJQ.jpg,5,46,478,38,470,17,17,289,0.5916,0.43,0.5202,1.0,0.5907,0.3674,590.75
images---2022-08-07T114856-943_jpg.rf.O7bJGLuMsln7b2CCNKJQ.jpg,6,223,487,201,463,45,49,2205,0.4986,0.34,0.4743,0.9729,0.1906,0.1946,190.59
images---2022-08-07T114856-943_jpg.rf.O7bJGLuMsln7b2CCNKJQ.jpg,7,257,462,249,452,16,20,320,0.5214,0.37,0.5444,0.8426,0.3281,0.1685,328.12
images---2022-08-07T114856-943_jpg.rf.O7bJGLuMsln7b2CCNKJQ.jpg,8,118,456,108,441,20,31,620,0.5595,0.4,0.4095,1.0,0.7621,0.2529,762.12
images---2022-08-07T114856-943_jpg.rf.O7bJGLuMsln7b2CCNKJQ.jpg,9,39,449,27,441,24,16,384,0.5795,0.4,0.5182,1.0,0.5813,0.2609,581.25
images---2022-08-07T114856-943_jpg.rf.O7bJGLuMsln7b2CCNKJQ.jpg,10,375,459,353,437,44,45,1980,0.5801,0.4,0.5885,1.0,0.341,0.2776,340.98
images---2022-08-07T114856-943_jpg.rf.O7bJGLuMsln7b2CCNKJQ.jpg,11,146,455,129,430,35,51,1785,0.5845,0.4,0.5607,1.0,0.4824,0.3323,482.45
images---2022-08-07T114856-943_jpg.rf.O7bJGLuMsln7b2CCNKJQ.jpg,12,503,441,495,427,17,28,476,0.5655,0.4,0.6033,0.9239,0.2957,0.1848,295.73
images---2022-08-07T114856-943_jpg.rf.O7bJGLuMsln7b2CCNKJQ.jpg,13,58,387,52,372,13,30,390,0.505,0.38,0.5905,0.5429,0.5679,0.1086,567.94
images---2022-08-07T114856-943_jpg.rf.O7bJGLuMsln7b2CCNKJQ.jpg,14,318,380,307,366,23,29,667,0.5069,0.4,0.5039,0.5575,0.7903,0.1115,790.27
images---2022-08-07T114856-943_jpg.rf.O7bJGLuMsln7b2CCNKJQ.jpg,15,442,371,436,363,13,17,221,0.5372,0.38,0.4755,1.0,0.3779,0.2303,377.9
images---2022-08-07T114856-943_jpg.rf.O7bJGLuMsln7b2CCNKJQ.jpg,16,146,370,135,358,23,24,552,0.5855,0.42,0.4663,1.0,0.7533,0.4238,753.32
images---2022-08-07T114856-943_jpg.rf.O7bJGLuMsln7b2CCNKJQ.jpg,17,340,357,336,350,9,14,126,0.5849,0.38,0.434,1.0,1.0,0.3187,1013.05
images---2022-08-07T114856-943_jpg.rf.O7bJGLuMsln7b2CCNKJQ.jpg,18,383,360,369,347,28,27,756,0.5709,0.38,0.551,1.0,0.4508,0.3891,450.83
images---2022-08-07T114856-943_jpg.rf.O7bJGLuMsln7b2CCNKJQ.jpg,19,156,340,150,332,13,16,208,0.5371,0.4,0.5068,0.7929,0.6121,0.1586,612.12
images---2022-08-07T114856-943_jpg.rf.O7bJGLuMsln7b2CCNKJQ.jpg,20,467,355,457,331,20,49,980,0.5624,0.4,0.5295,1.0,0.3711,0.2792,371.05
images---2022-08-07T114856-943_jpg.rf.O7bJGLuMsln7b2CCNKJQ.jpg,21,307,311,299,304,17,15,255,0.6225,0.4,0.5213,1.0,1.0,0.2197,1304.57
images---2022-08-07T114856-943_jpg.rf.O7bJGLuMsln7b2CCNKJQ.jpg,22,115,307,111,301,9,12,108,0.5284,0.38,0.5663,0.4861,1.0,0.0972,1238.31
images---2022-08-07T114856-943_jpg.rf.O7bJGLuMsln7b2CCNKJQ.jpg,23,190,307,180,293,21,28,588,0.6097,0.4,0.5008,1.0,0.9438,0.2826,943.82
images---2022-08-07T114856-943_jpg.rf.O7bJGLuMsln7b2CCNKJQ.jpg,24,336,301,323,290,26,23,598,0.6471,0.62,0.4694,1.0,0.6586,0.4654,658.64
images---2022-08-07T114856-943_jpg.rf.O7bJGLuMsln7b2CCNKJQ.jpg,25,436,298,426,285,21,26,546,0.6234,0.4,0.5576,1.0,0.8825,0.307,882.47
images---2022-08-07T114856-943_jpg.rf.O7bJGLuMsln7b2CCNKJQ.jpg,26,231,306,220,276,23,60,1380,0.5846,0.4,0.4899,1.0,0.731,0.5175,730.98
images---2022-08-07T114856-943_jpg.rf.O7bJGLuMsln7b2CCNKJQ.jpg,27,34,275,23,268,22,15,330,0.5054,0.38,0.5015,0.8115,0.3454,0.1623,345.41
images---2022-08-07T114856-943_jpg.rf.O7bJGLuMsln7b2CCNKJQ.jpg,28,468,270,458,260,20,21,420,0.6179,0.4,0.5264,1.0,0.9371,0.2206,937.07
images---2022-08-07T114856-943_jpg.rf.O7bJGLuMsln7b2CCNKJQ.jpg,29,420,263,416,256,9,14,126,0.6821,0.59,0.5016,1.0,1.0,0.3626,1006.09
images---2022-08-07T114856-943_jpg.rf.O7bJGLuMsln7b2CCNKJQ.jpg,30,354,261,331,240,47,42,1974,0.5776,0.41,0.4639,1.0,0.7174,0.4677,717.43
images---2022-08-07T114856-943_jpg.rf.O7bJGLuMsln7b2CCNKJQ.jpg,31,263,241,257,232,13,19,247,0.5909,0.37,0.5421,1.0,0.7163,0.2,716.34
images---2022-08-07T114856-943_jpg.rf.O7bJGLuMsln7b2CCNKJQ.jpg,32,138,237,123,225,30,24,720,0.5386,0.38,0.5115,1.0,0.2657,0.2659,265.72
images---2022-08-07T114856-943_jpg.rf.O7bJGLuMsln7b2CCNKJQ.jpg,33,464,234,432,203,64,63,4032,0.5891,0.4,0.4969,1.0,0.7518,0.306,751.82
images---2022-08-07T114856-943_jpg.rf.O7bJGLuMsln7b2CCNKJQ.jpg,34,475,182,470,171,10,22,220,0.6026,0.4,0.5386,1.0,0.7407,0.385,740.69
images---2022-08-07T114856-943_jpg.rf.O7bJGLuMsln7b2CCNKJQ.jpg,35,499,164,490,151,19,26,494,0.5231,0.4,0.53,0.7425,0.4907,0.1485,490.67
images---2022-08-07T114856-943_jpg.rf.O7bJGLuMsln7b2CCNKJQ.jpg,36,446,156,441,149,11,15,165,0.5715,0.39,0.5259,0.9581,0.5933,0.1916,593.33
images---2022-08-07T114856-943_jpg.rf.O7bJGLuMsln7b2CCNKJQ.jpg,37,326,167,312,148,29,39,1131,0.5936,0.35,0.5516,1.0,0.7802,0.22,780.2
images---2022-08-07T114856-943_jpg.rf.O7bJGLuMsln7b2CCNKJQ.jpg,38,204,102,200,95,8,14,112,0.452,0.35,0.529,0.6058,0.2318,0.1212,231.85
images---2022-08-07T114856-977_jpg.rf.y3RX9mhFWxmm2i3lPmUo.jpg,1,6,427,0,415,13,24,312,0.6089,0.36,0.5225,1.0,1.0,0.4211,1329.66
images---2022-08-07T114856-977_jpg.rf.y3RX9mhFWxmm2i3lPmUo.jpg,2,114,152,109,148,11,9,99,0.6049,0.57,0.4594,0.8799,0.6864,0.176,686.43
images---2022-08-07T114856-977_jpg.rf.y3RX9mhFWxmm2i3lPmUo.jpg,3,466,107,456,99,20,16,320,0.6059,0.54,0.5008,1.0,0.4159,0.3315,415.88
images---2022-08-07T114856-977_jpg.rf.y3RX9mhFWxmm2i3lPmUo.jpg,4,71,115,31,87,81,57,4617,0.599,0.37,0.5473,1.0,0.7795,0.4251,779.47
images---2022-08-07T114857-013_jpg.rf.TfJ2jpBbqSkiphMNcOF9.jpg,1,367,458,360,451,14,14,196,0.6074,0.38,0.4982,1.0,1.0,0.2973,1028.76
images---2022-08-07T114857-013_jpg.rf.TfJ2jpBbqSkiphMNcOF9.jpg,2,116,306,108,295,16,23,368,0.5656,0.39,0.4798,1.0,0.6119,0.2694,611.94
images---2022-08-07T114857-013_jpg.rf.TfJ2jpBbqSkiphMNcOF9.jpg,3,196,250,190,229,13,42,546,0.632,0.54,0.6303,0.9296,0.3645,0.1859,364.46
images---2022-08-07T114857-013_jpg.rf.TfJ2jpBbqSkiphMNcOF9.jpg,4,236,189,224,168,25,43,1075,0.6601,0.59,0.5189,1.0,0.72,0.2929,720.02
images---2022-08-07T114857-253_jpg.rf.EJftO1GHOj6fm4DsUsEw.jpg,1,116,505,108,498,16,14,224,0.4732,0.28,0.4954,1.0,0.0184,0.3857,18.37
images---2022-08-07T114857-253_jpg.rf.EJftO1GHOj6fm4DsUsEw.jpg,2,301,503,285,495,33,17,561,0.4643,0.27,0.4792,1.0,0.0212,0.3749,21.17
images---2022-08-07T114857-253_jpg.rf.EJftO1GHOj6fm4DsUsEw.jpg,3,494,499,476,486,36,26,936,0.4754,0.29,0.4934,1.0,0.0119,0.3296,11.89
images---2022-08-07T114857-253_jpg.rf.EJftO1GHOj6fm4DsUsEw.jpg,4,66,471,58,464,17,15,255,0.4899,0.32,0.5023,1.0,0.0213,0.4636,21.26
images---2022-08-07T114857-253_jpg.rf.EJftO1GHOj6fm4DsUsEw.jpg,5,304,467,297,458,14,18,252,0.4796,0.28,0.5101,1.0,0.0305,0.3487,30.49
images---2022-08-07T114857-253_jpg.rf.EJftO1GHOj6fm4DsUsEw.jpg,6,320,450,311,444,18,13,234,0.4758,0.29,0.4936,1.0,0.0158,0.236,15.78
images---2022-08-07T114857-253_jpg.rf.EJftO1GHOj6fm4DsUsEw.jpg,7,77,414,71,409,12,10,120,0.4741,0.27,0.5009,1.0,0.043,0.2424,43.02
images---2022-08-07T114857-253_jpg.rf.EJftO1GHOj6fm4DsUsEw.jpg,8,265,432,216,379,99,107,10593,0.4514,0.31,0.521,0.7923,0.0209,0.1585,20.87
images---2022-08-07T114857-253_jpg.rf.EJftO1GHOj6fm4DsUsEw.jpg,9,90,380,78,367,25,26,650,0.4898,0.28,0.5431,1.0,0.0172,0.3755,17.22
images---2022-08-07T114857-253_jpg.rf.EJftO1GHOj6fm4DsUsEw.jpg,10,427,362,398,333,59,58,3422,0.4827,0.3,0.5014,1.0,0.0217,0.3115,21.69
images---2022-08-07T114857-253_jpg.rf.EJftO1GHOj6fm4DsUsEw.jpg,11,37,299,28,285,19,28,532,0.4777,0.29,0.4955,1.0,0.0282,0.346,28.21
images---2022-08-07T114857-253_jpg.rf.EJftO1GHOj6fm4DsUsEw.jpg,12,370,285,362,277,16,16,256,0.521,0.37,0.5041,1.0,0.1507,0.2066,150.66
images---2022-08-07T114857-253_jpg.rf.EJftO1GHOj6fm4DsUsEw.jpg,13,505,275,499,268,13,15,195,0.5001,0.36,0.4942,1.0,0.0116,0.5926,11.6
images---2022-08-07T114857-253_jpg.rf.EJftO1GHOj6fm4DsUsEw.jpg,14,318,269,311,264,15,10,150,0.5013,0.28,0.5579,1.0,0.0807,0.4512,80.71
images---2022-08-07T114857-253_jpg.rf.EJftO1GHOj6fm4DsUsEw.jpg,15,75,263,66,250,19,27,513,0.5465,0.47,0.5151,1.0,0.0175,0.3639,17.48
images---2022-08-07T114857-253_jpg.rf.EJftO1GHOj6fm4DsUsEw.jpg,16,244,297,220,245,48,104,4992,0.5062,0.38,0.4453,1.0,0.174,0.2717,174.03
images---2022-08-07T114857-253_jpg.rf.EJftO1GHOj6fm4DsUsEw.jpg,17,178,235,171,225,15,20,300,0.4879,0.3,0.4972,1.0,0.0892,0.287,89.19
images---2022-08-07T114857-253_jpg.rf.EJftO1GHOj6fm4DsUsEw.jpg,18,101,229,95,220,13,18,234,0.4935,0.29,0.5379,1.0,0.0371,0.4387,37.15
images---2022-08-07T114857-253_jpg.rf.EJftO1GHOj6fm4DsUsEw.jpg,19,247,192,243,187,9,11,99,0.6151,0.3,0.6003,1.0,1.0,0.5631,1179.67
images---2022-08-07T114857-253_jpg.rf.EJftO1GHOj6fm4DsUsEw.jpg,20,234,168,222,153,24,30,720,0.555,0.28,0.6264,1.0,0.3778,0.3062,377.76
images---2022-08-07T114857-253_jpg.rf.EJftO1GHOj6fm4DsUsEw.jpg,21,122,118,115,111,15,14,210,0.569,0.54,0.4895,1.0,0.0872,0.2977,87.19
images---2022-08-07T114857-253_jpg.rf.EJftO1GHOj6fm4DsUsEw.jpg,22,102,105,95,101,14,9,126,0.4821,0.3,0.4948,1.0,0.0394,0.381,39.39
images---2022-08-07T114857-253_jpg.rf.EJftO1GHOj6fm4DsUsEw.jpg,23,279,64,274,58,11,13,143,0.4967,0.32,0.5034,1.0,0.0849,0.2487,84.91
images---2022-08-07T114857-253_jpg.rf.EJftO1GHOj6fm4DsUsEw.jpg,24,134,11,125,0,18,22,396,0.4759,0.29,0.4929,1.0,0.0192,0.281,19.24
images---2022-08-07T114857-284_jpg.rf.m4d5aAX4Oe4VtQmOnOKP.jpg,1,278,504,274,496,8,16,128,0.5053,0.36,0.503,1.0,0.0327,0.3795,32.72
images---2022-08-07T114857-284_jpg.rf.m4d5aAX4Oe4VtQmOnOKP.jpg,2,281,476,278,461,6,30,180,0.5966,0.44,0.5249,1.0,0.5886,0.3611,588.57
images---2022-08-07T114857-284_jpg.rf.m4d5aAX4Oe4VtQmOnOKP.jpg,3,400,435,392,414,16,43,688,0.5012,0.22,0.5623,1.0,0.2736,0.3188,273.56
images---2022-08-07T114857-284_jpg.rf.m4d5aAX4Oe4VtQmOnOKP.jpg,4,483,418,455,335,57,167,9519,0.4701,0.29,0.4544,1.0,0.0958,0.614,95.79
images---2022-08-07T114857-350_jpg.rf.xrkzbH6vPU5UVbZ42x67.jpg,1,292,464,287,457,11,14,154,0.6802,0.58,0.5062,1.0,1.0,0.5251,1094.16
images---2022-08-07T114857-350_jpg.rf.xrkzbH6vPU5UVbZ42x67.jpg,2,283,449,275,444,17,11,187,0.6162,0.43,0.4795,1.0,0.9789,0.5502,978.92
images---2022-08-07T114857-350_jpg.rf.xrkzbH6vPU5UVbZ42x67.jpg,3,183,385,178,376,11,18,198,0.6603,0.61,0.5011,1.0,0.7144,0.4478,714.39
images---2022-08-07T114857-350_jpg.rf.xrkzbH6vPU5UVbZ42x67.jpg,4,266,343,255,334,23,18,414,0.5386,0.39,0.4163,1.0,0.564,0.6067,563.99
images---2022-08-07T114857-350_jpg.rf.xrkzbH6vPU5UVbZ42x67.jpg,5,254,317,243,308,23,19,437,0.5792,0.39,0.5179,1.0,0.6149,0.4304,614.88
images---2022-08-07T114857-350_jpg.rf.xrkzbH6vPU5UVbZ42x67.jpg,6,303,317,272,285,62,65,4030,0.5656,0.39,0.5002,1.0,0.5406,0.5316,540.62
images---2022-08-07T114857-350_jpg.rf.xrkzbH6vPU5UVbZ42x67.jpg,7,187,273,181,267,13,13,169,0.6726,0.6,0.4646,1.0,1.0,0.3376,1390.43
images---2022-08-07T114857-350_jpg.rf.xrkzbH6vPU5UVbZ42x67.jpg,8,218,231,207,221,22,21,462,0.6214,0.44,0.5038,1.0,0.9104,0.3877,910.42
images---2022-08-07T114857-350_jpg.rf.xrkzbH6vPU5UVbZ42x67.jpg,9,337,214,328,204,19,21,399,0.6083,0.44,0.5307,1.0,0.6852,0.4457,685.16
images---2022-08-07T114857-350_jpg.rf.xrkzbH6vPU5UVbZ42x67.jpg,10,134,193,119,171,30,44,1320,0.5855,0.38,0.5339,1.0,0.6566,0.2228,656.62
images---2022-08-07T114857-350_jpg.rf.xrkzbH6vPU5UVbZ42x67.jpg,11,443,76,437,65,13,23,299,0.5859,0.4,0.5197,1.0,0.6402,0.2446,640.21
images---2022-08-07T114857-350_jpg.rf.xrkzbH6vPU5UVbZ42x67.jpg,12,393,84,374,60,39,48,1872,0.6049,0.58,0.4735,0.902,0.5581,0.1804,558.14
images---2022-08-07T114857-382_jpg.rf.pbvMrgj0it5oSNQMiFeV.jpg,1,267,495,255,478,24,34,816,0.5453,0.42,0.5492,1.0,0.061,0.3,61.04
images---2022-08-07T114857-382_jpg.rf.pbvMrgj0it5oSNQMiFeV.jpg,2,331,422,322,416,18,13,234,0.5073,0.22,0.5646,1.0,0.3265,0.6333,326.51
images---2022-08-07T114857-382_jpg.rf.pbvMrgj0it5oSNQMiFeV.jpg,3,252,51,247,44,11,14,154,0.4745,0.25,0.5055,1.0,0.1008,0.2742,100.78
images---2022-08-07T114857-453_jpg.rf.BLNY8HnQ1MVDI1hCSG8o.jpg,1,164,425,158,415,12,21,252,0.5456,0.39,0.475,1.0,0.4282,0.3359,428.2
images---2022-08-07T114857-453_jpg.rf.BLNY8HnQ1MVDI1hCSG8o.jpg,2,292,461,267,411,51,101,5151,0.5224,0.38,0.4986,1.0,0.1494,0.3698,149.39
images---2022-08-07T114857-453_jpg.rf.BLNY8HnQ1MVDI1hCSG8o.jpg,3,249,396,240,382,18,28,504,0.5549,0.37,0.5183,1.0,0.4398,0.2983,439.8
images---2022-08-07T114857-453_jpg.rf.BLNY8HnQ1MVDI1hCSG8o.jpg,4,337,415,314,368,47,94,4418,0.5518,0.37,0.5782,1.0,0.1992,0.2801,199.17
images---2022-08-07T114857-453_jpg.rf.BLNY8HnQ1MVDI1hCSG8o.jpg,5,157,379,136,360,42,38,1596,0.5497,0.4,0.4761,1.0,0.4309,0.337,430.85
images---2022-08-07T114857-453_jpg.rf.BLNY8HnQ1MVDI1hCSG8o.jpg,6,263,366,259,357,8,18,144,0.5527,0.38,0.455,1.0,0.6049,0.3183,604.93
images---2022-08-07T114857-453_jpg.rf.BLNY8HnQ1MVDI1hCSG8o.jpg,7,276,332,271,320,11,24,264,0.5822,0.4,0.5019,1.0,0.6654,0.2802,665.44
images---2022-08-07T114857-453_jpg.rf.BLNY8HnQ1MVDI1hCSG8o.jpg,8,42,306,32,294,21,25,525,0.4627,0.25,0.484,1.0,0.058,0.2105,57.96
images---2022-08-07T114857-453_jpg.rf.BLNY8HnQ1MVDI1hCSG8o.jpg,9,257,313,235,293,44,41,1804,0.5565,0.37,0.5333,1.0,0.4037,0.2355,403.66
images---2022-08-07T114857-453_jpg.rf.BLNY8HnQ1MVDI1hCSG8o.jpg,10,202,284,191,253,22,63,1386,0.5503,0.37,0.5159,1.0,0.4024,0.3157,402.41
images---2022-08-07T114857-453_jpg.rf.BLNY8HnQ1MVDI1hCSG8o.jpg,11,127,180,117,163,21,34,714,0.5293,0.35,0.5339,1.0,0.1993,0.3142,199.34
images---2022-08-07T114857-453_jpg.rf.BLNY8HnQ1MVDI1hCSG8o.jpg,12,18,27,0,0,36,55,1980,0.4801,0.28,0.51,1.0,0.0358,0.361,35.84
images---2022-08-07T114857-495_jpg.rf.VATpFyBCZ8Oyq8FtO27K.jpg,1,148,441,138,422,20,38,760,0.4657,0.31,0.4587,0.5406,0.8849,0.1081,884.87
images---2022-08-07T114857-495_jpg.rf.VATpFyBCZ8Oyq8FtO27K.jpg,2,477,398,443,349,68,99,6732,0.5733,0.49,0.5724,1.0,0.0147,0.2577,14.74
images---2022-08-07T114857-495_jpg.rf.VATpFyBCZ8Oyq8FtO27K.jpg,3,143,354,119,334,48,41,1968,0.4966,0.34,0.4985,1.0,0.0307,0.5632,30.66
images---2022-08-07T114857-495_jpg.rf.VATpFyBCZ8Oyq8FtO27K.jpg,4,296,19,288,9,17,21,357,0.5016,0.49,0.4927,0.7785,0.0195,0.1557,19.52
images---2022-08-07T114857-495_jpg.rf.VATpFyBCZ8Oyq8FtO27K.jpg,5,16,20,0,0,33,40,1320,0.5208,0.41,0.5048,1.0,0.0056,0.4872,5.61
images---2022-08-07T114857-575_jpg.rf.CkYEcyhYX7LrXbN69vNx.jpg,1,316,425,310,387,12,77,924,0.4747,0.44,0.501,0.6976,0.0584,0.1395,58.44
images---2022-08-07T114857-575_jpg.rf.CkYEcyhYX7LrXbN69vNx.jpg,2,270,329,248,307,45,44,1980,0.6377,0.53,0.6195,1.0,0.3539,0.4731,353.86
images---2022-08-07T114857-575_jpg.rf.CkYEcyhYX7LrXbN69vNx.jpg,3,364,320,340,306,48,28,1344,0.4925,0.2,0.5836,1.0,0.1825,0.3746,182.47
images---2022-08-07T114857-575_jpg.rf.CkYEcyhYX7LrXbN69vNx.jpg,4,351,229,310,177,83,105,8715,0.4939,0.23,0.5912,1.0,0.0645,0.503,64.46
images---2022-08-07T114857-575_jpg.rf.CkYEcyhYX7LrXbN69vNx.jpg,5,304,180,273,105,63,151,9513,0.5771,0.36,0.6383,1.0,0.2771,0.2966,277.12
images---2022-08-07T114857-987_jpg.rf.AIjAoOqGSxt3Amwkg3bi.jpg,1,399,441,365,371,69,141,9729,0.604,0.36,0.6286,1.0,0.5798,0.4123,579.84
images---2022-08-07T114857-987_jpg.rf.AIjAoOqGSxt3Amwkg3bi.jpg,2,508,342,504,335,8,14,112,0.49,0.26,0.497,0.6593,0.9321,0.1319,932.13
images---2022-08-07T114857-987_jpg.rf.AIjAoOqGSxt3Amwkg3bi.jpg,3,304,82,288,62,33,41,1353,0.4869,0.24,0.5166,1.0,0.221,0.2885,220.98
images---2022-08-07T114857-987_jpg.rf.AIjAoOqGSxt3Amwkg3bi.jpg,4,363,8,354,0,18,16,288,0.4713,0.26,0.515,0.9545,0.0917,0.1909,91.66
images---2022-08-07T114858-052_jpg.rf.piYj6Km9YDUp89FKUwMQ.jpg,1,244,489,228,466,32,46,1472,0.5303,0.33,0.5447,1.0,0.2416,0.4253,241.65
images---2022-08-07T114858-052_jpg.rf.piYj6Km9YDUp89FKUwMQ.jpg,2,34,450,20,411,28,79,2212,0.5229,0.32,0.555,1.0,0.1666,0.4266,166.57
images---2022-08-07T114858-052_jpg.rf.piYj6Km9YDUp89FKUwMQ.jpg,3,424,312,403,299,43,26,1118,0.4915,0.32,0.4893,1.0,0.0827,0.2952,82.7
images---2022-08-07T114858-052_jpg.rf.piYj6Km9YDUp89FKUwMQ.jpg,4,215,24,207,0,17,48,816,0.5785,0.54,0.5245,1.0,0.0592,0.3461,59.2
images---2022-08-07T114858-121_jpg.rf.GBHEH2CesNxhvWeHhL8C.jpg,1,500,506,489,500,23,12,276,0.6899,0.62,0.4939,1.0,1.0,0.4425,1157.59
images---2022-08-07T114858-121_jpg.rf.GBHEH2CesNxhvWeHhL8C.jpg,2,210,505,203,498,15,14,210,0.6318,0.45,0.4979,1.0,1.0,0.4667,1065.3
images---2022-08-07T114858-121_jpg.rf.GBHEH2CesNxhvWeHhL8C.jpg,3,463,488,454,482,19,13,247,0.6157,0.41,0.4919,1.0,1.0,0.2465,1348.79
images---2022-08-07T114858-121_jpg.rf.GBHEH2CesNxhvWeHhL8C.jpg,4,199,487,194,480,11,15,165,0.6157,0.41,0.4926,1.0,0.9978,0.3833,997.77
images---2022-08-07T114858-121_jpg.rf.GBHEH2CesNxhvWeHhL8C.jpg,5,236,483,221,470,30,27,810,0.7179,0.62,0.5741,1.0,1.0,0.3437,1149.15
images---2022-08-07T114858-121_jpg.rf.GBHEH2CesNxhvWeHhL8C.jpg,6,163,474,150,462,26,24,624,0.6314,0.43,0.5169,1.0,1.0,0.3735,1281.73
images---2022-08-07T114858-121_jpg.rf.GBHEH2CesNxhvWeHhL8C.jpg,7,388,458,378,448,21,20,420,0.6921,0.62,0.5443,1.0,0.8462,0.3807,846.19
images---2022-08-07T114858-121_jpg.rf.GBHEH2CesNxhvWeHhL8C.jpg,8,156,450,151,445,11,10,110,0.6146,0.41,0.5162,1.0,0.9048,0.2233,904.78
images---2022-08-07T114858-121_jpg.rf.GBHEH2CesNxhvWeHhL8C.jpg,9,191,453,179,444,24,18,432,0.7087,0.62,0.5478,1.0,1.0,0.2546,1081.29
images---2022-08-07T114858-121_jpg.rf.GBHEH2CesNxhvWeHhL8C.jpg,10,122,447,111,438,22,18,396,0.6148,0.4,0.4994,1.0,1.0,0.2873,1311.82
images---2022-08-07T114858-121_jpg.rf.GBHEH2CesNxhvWeHhL8C.jpg,11,338,441,330,428,16,27,432,0.5483,0.54,0.5329,0.7372,0.2531,0.1474,253.05
images---2022-08-07T114858-121_jpg.rf.GBHEH2CesNxhvWeHhL8C.jpg,12,220,377,210,371,21,12,252,0.6028,0.44,0.5378,1.0,0.6059,0.4482,605.91
images---2022-08-07T114858-121_jpg.rf.GBHEH2CesNxhvWeHhL8C.jpg,13,40,378,23,366,34,24,816,0.5724,0.41,0.5123,1.0,0.4962,0.2917,496.23
images---2022-08-07T114858-121_jpg.rf.GBHEH2CesNxhvWeHhL8C.jpg,14,98,317,91,312,15,11,165,0.5584,0.37,0.503,1.0,0.5282,0.2866,528.22
images---2022-08-07T114858-121_jpg.rf.GBHEH2CesNxhvWeHhL8C.jpg,15,136,302,124,295,24,14,336,0.5504,0.39,0.4663,1.0,0.507,0.3056,506.97
images---2022-08-07T114858-121_jpg.rf.GBHEH2CesNxhvWeHhL8C.jpg,16,169,286,164,278,10,17,170,0.5475,0.37,0.5166,1.0,0.372,0.3652,371.95
images---2022-08-07T114858-121_jpg.rf.GBHEH2CesNxhvWeHhL8C.jpg,17,162,204,157,194,10,21,210,0.5295,0.36,0.5244,1.0,0.1994,0.3554,199.39
images---2022-08-07T114858-121_jpg.rf.GBHEH2CesNxhvWeHhL8C.jpg,18,383,190,375,185,17,10,170,0.5533,0.5,0.4815,1.0,0.098,0.221,98.01
images---2022-08-07T114858-121_jpg.rf.GBHEH2CesNxhvWeHhL8C.jpg,19,195,120,186,112,18,17,306,0.4757,0.26,0.5203,1.0,0.0257,0.3161,25.66
images---2022-08-07T114858-121_jpg.rf.GBHEH2CesNxhvWeHhL8C.jpg,20,260,140,230,100,60,81,4860,0.4877,0.33,0.4768,1.0,0.0529,0.351,52.87
images---2022-08-07T114858-121_jpg.rf.GBHEH2CesNxhvWeHhL8C.jpg,21,303,95,288,74,31,42,1302,0.4803,0.28,0.5095,1.0,0.0401,0.4483,40.14
images---2022-08-07T114858-162_jpg.rf.lbM8IEHQtRy1Z4f8vJ4z.jpg,1,119,369,80,280,79,178,14062,0.4979,0.24,0.5454,1.0,0.23,0.3888,230.02
images---2022-08-07T114858-162_jpg.rf.lbM8IEHQtRy1Z4f8vJ4z.jpg,2,348,308,316,248,65,121,7865,0.5644,0.37,0.571,1.0,0.3503,0.4699,350.31
images---2022-08-07T114858-162_jpg.rf.lbM8IEHQtRy1Z4f8vJ4z.jpg,3,392,185,364,115,56,140,7840,0.5586,0.35,0.5818,1.0,0.3241,0.3211,324.15
images---2022-08-07T114858-162_jpg.rf.lbM8IEHQtRy1Z4f8vJ4z.jpg,4,277,80,256,44,43,73,3139,0.5505,0.33,0.6097,1.0,0.2164,0.3007,216.36
images---2022-08-07T114858-162_jpg.rf.lbM8IEHQtRy1Z4f8vJ4z.jpg,5,279,27,274,20,10,14,140,0.4588,0.16,0.5258,1.0,0.1879,0.5437,187.93
images---2022-08-07T114858-198_jpg.rf.PuguYGIHMkm8aICJyHnl.jpg,1,52,287,48,278,8,19,152,0.7666,0.83,0.5032,1.0,1.0,0.2113,1311.64
images---2022-08-07T114858-198_jpg.rf.PuguYGIHMkm8aICJyHnl.jpg,2,5,145,0,137,11,17,187,0.5477,0.44,0.5202,1.0,0.1168,0.3813,116.77
images---2022-08-07T114858-278_jpg.rf.DkCOvmRAupiKhNlA7VHy.jpg,1,193,241,184,224,18,34,612,0.5177,0.35,0.4927,1.0,0.2272,0.3217,227.15
images---2022-08-07T114858-278_jpg.rf.DkCOvmRAupiKhNlA7VHy.jpg,2,349,234,315,182,69,104,7176,0.5312,0.28,0.629,1.0,0.1301,0.3582,130.13
images---2022-08-07T114858-278_jpg.rf.DkCOvmRAupiKhNlA7VHy.jpg,3,195,193,188,164,15,58,870,0.57,0.31,0.6727,1.0,0.2609,0.5233,260.89
images---2022-08-07T114858-278_jpg.rf.DkCOvmRAupiKhNlA7VHy.jpg,4,388,141,370,109,37,65,2405,0.5126,0.33,0.5254,1.0,0.132,0.3212,131.99
images---2022-08-07T114858-703_jpg.rf.WGH2lsUoRYkUbqriKtJg.jpg,1,507,201,503,197,9,9,81,0.6289,0.6,0.517,1.0,0.3798,0.381,379.83
images---2022-08-07T114858-703_jpg.rf.WGH2lsUoRYkUbqriKtJg.jpg,2,503,72,494,64,18,17,306,0.5039,0.37,0.4412,1.0,0.2001,0.5489,200.14
images---2022-08-07T114858-703_jpg.rf.WGH2lsUoRYkUbqriKtJg.jpg,3,252,59,236,46,32,26,832,0.4988,0.32,0.5059,1.0,0.0968,0.4516,96.83
images---2022-08-07T114858-703_jpg.rf.WGH2lsUoRYkUbqriKtJg.jpg,4,457,59,438,15,38,88,3344,0.5095,0.38,0.4616,1.0,0.1489,0.2922,148.95
images---2022-08-07T114858-768_jpg.rf.F0WJ1uOlRkEXSWm4cOeL.jpg,1,81,465,74,456,14,18,252,0.5679,0.5,0.5318,1.0,0.0682,0.2064,68.18
images---2022-08-07T114858-768_jpg.rf.F0WJ1uOlRkEXSWm4cOeL.jpg,2,298,126,288,117,21,19,399,0.5654,0.46,0.4768,1.0,0.3753,0.3314,375.28
images---2022-08-07T114859-036_jpg.rf.MRKjSWac2Q9t7n7KMTaT.jpg,1,5,307,0,302,11,10,110,0.5425,0.46,0.4974,1.0,0.0743,0.4492,74.29
images---2022-08-07T114859-036_jpg.rf.MRKjSWac2Q9t7n7KMTaT.jpg,2,384,207,380,200,8,14,112,0.5177,0.26,0.53,1.0,0.4126,0.2038,412.61
images---2022-08-07T114859-036_jpg.rf.MRKjSWac2Q9t7n7KMTaT.jpg,3,20,189,14,180,12,19,228,0.5154,0.36,0.5065,1.0,0.1216,0.2823,121.58
images---2022-08-07T114859-036_jpg.rf.MRKjSWac2Q9t7n7KMTaT.jpg,4,388,158,383,146,11,25,275,0.5387,0.27,0.5222,1.0,0.6142,0.2444,614.2
images---2022-08-07T114859-277_jpg.rf.2oHyKA0pZX89IWHPFDEG.jpg,1,364,412,348,395,33,34,1122,0.5253,0.27,0.699,0.7633,0.3351,0.1527,335.08
images---2022-08-07T114859-277_jpg.rf.2oHyKA0pZX89IWHPFDEG.jpg,2,134,308,115,287,39,43,1677,0.4921,0.25,0.6763,0.7362,0.206,0.1472,206.04
images---2022-08-07T114859-277_jpg.rf.2oHyKA0pZX89IWHPFDEG.jpg,3,402,240,354,211,96,59,5664,0.4896,0.18,0.6212,1.0,0.0917,0.2542,91.66
images---2022-08-07T114859-277_jpg.rf.2oHyKA0pZX89IWHPFDEG.jpg,4,113,153,94,125,39,57,2223,0.4782,0.24,0.6312,0.7786,0.1753,0.1557,175.26
images---2022-08-07T114859-386_jpg.rf.qIRIP5c2NesErOU3QK5v.jpg,1,300,398,295,392,11,12,132,0.5535,0.53,0.5086,0.9149,0.0698,0.183,69.78
images---2022-08-07T114859-386_jpg.rf.qIRIP5c2NesErOU3QK5v.jpg,2,315,395,309,390,13,10,130,0.5198,0.49,0.5015,0.8273,0.0729,0.1655,72.89
images---2022-08-07T114859-481_jpg.rf.Ihy95Y6TZmu6FZIg1qvb.jpg,1,275,328,269,315,12,26,312,0.5553,0.33,0.6095,1.0,0.2644,0.2719,264.42
images---2022-08-07T114859-516_jpg.rf.c1cDDbkLcml2QFTa5Wyn.jpg,1,243,251,238,244,11,15,165,0.5021,0.19,0.5299,1.0,0.5009,0.4364,500.9
images---2022-08-07T114859-553_jpg.rf.tC8GoZxBgeuUXyHxJNsS.jpg,1,189,501,167,491,44,21,924,0.512,0.43,0.4991,0.9061,0.0565,0.1812,56.51
images---2022-08-07T114859-553_jpg.rf.tC8GoZxBgeuUXyHxJNsS.jpg,2,246,494,229,477,34,35,1190,0.5875,0.49,0.5788,1.0,0.1338,0.2667,133.75
images---2022-08-07T114859-553_jpg.rf.tC8GoZxBgeuUXyHxJNsS.jpg,3,452,492,433,473,39,39,1521,0.4971,0.45,0.5303,0.732,0.0754,0.1464,75.4
images---2022-08-07T114859-553_jpg.rf.tC8GoZxBgeuUXyHxJNsS.jpg,4,356,476,339,441,35,71,2485,0.5564,0.5,0.4873,1.0,0.1084,0.2818,108.39
images---2022-08-07T114859-553_jpg.rf.tC8GoZxBgeuUXyHxJNsS.jpg,5,399,472,382,432,35,80,2800,0.5658,0.51,0.5158,1.0,0.0677,0.2308,67.74
images---2022-08-07T114859-553_jpg.rf.tC8GoZxBgeuUXyHxJNsS.jpg,6,353,427,349,421,9,13,117,0.4515,0.51,0.542,0.381,0.0711,0.0762,71.09
images---2022-08-07T114859-553_jpg.rf.tC8GoZxBgeuUXyHxJNsS.jpg,7,118,347,106,325,25,44,1100,0.5449,0.49,0.484,1.0,0.0404,0.2756,40.38
images---2022-08-07T114859-553_jpg.rf.tC8GoZxBgeuUXyHxJNsS.jpg,8,26,340,0,324,52,33,1716,0.5163,0.39,0.5126,1.0,0.0041,0.318,4.14
images---2022-08-07T114859-553_jpg.rf.tC8GoZxBgeuUXyHxJNsS.jpg,9,317,298,311,291,12,15,180,0.4808,0.4,0.509,0.8025,0.0218,0.1605,21.82
images---2022-08-07T114859-553_jpg.rf.tC8GoZxBgeuUXyHxJNsS.jpg,10,298,256,290,242,17,29,493,0.5274,0.49,0.5655,0.7191,0.1416,0.1438,141.6
images---2022-08-07T114859-553_jpg.rf.tC8GoZxBgeuUXyHxJNsS.jpg,11,108,242,98,232,20,21,420,0.568,0.49,0.5444,1.0,0.0595,0.214,59.49
images---2022-08-07T114859-553_jpg.rf.tC8GoZxBgeuUXyHxJNsS.jpg,12,50,275,0,232,101,86,8686,0.5108,0.39,0.4926,1.0,0.0188,0.5284,18.84
images---2022-08-07T114859-553_jpg.rf.tC8GoZxBgeuUXyHxJNsS.jpg,13,345,251,337,223,17,57,969,0.5362,0.46,0.4856,1.0,0.0526,0.2449,52.58
images---2022-08-07T114859-587_jpg.rf.7rUkzNdvYDrbTlxrsPDR.jpg,1,51,505,39,499,24,13,312,0.5387,0.39,0.498,1.0,0.2791,0.4196,279.06
images---2022-08-07T114859-587_jpg.rf.7rUkzNdvYDrbTlxrsPDR.jpg,2,216,499,186,486,60,26,1560,0.5217,0.4,0.4491,1.0,0.2448,0.6836,244.82
images---2022-08-07T114859-587_jpg.rf.7rUkzNdvYDrbTlxrsPDR.jpg,3,258,477,234,458,48,38,1824,0.6243,0.58,0.505,1.0,0.4453,0.573,445.27
images---2022-08-07T114859-587_jpg.rf.7rUkzNdvYDrbTlxrsPDR.jpg,4,202,443,195,437,15,12,180,0.6814,0.6,0.5233,1.0,0.8824,0.2593,882.35
images---2022-08-07T114859-587_jpg.rf.7rUkzNdvYDrbTlxrsPDR.jpg,5,367,467,338,435,58,65,3770,0.572,0.53,0.486,1.0,0.1641,0.4291,164.14
images---2022-08-07T114859-587_jpg.rf.7rUkzNdvYDrbTlxrsPDR.jpg,6,495,418,484,411,23,14,322,0.6826,0.61,0.5135,1.0,0.8934,0.526,893.43
images---2022-08-07T114859-587_jpg.rf.7rUkzNdvYDrbTlxrsPDR.jpg,7,226,419,222,411,9,17,153,0.6892,0.61,0.5019,1.0,1.0,0.2906,1492.52
images---2022-08-07T114859-587_jpg.rf.7rUkzNdvYDrbTlxrsPDR.jpg,8,279,419,272,403,15,33,495,0.6468,0.59,0.534,1.0,0.5345,0.2807,534.49
images---2022-08-07T114859-587_jpg.rf.7rUkzNdvYDrbTlxrsPDR.jpg,9,257,419,246,398,22,42,924,0.6579,0.58,0.4841,1.0,0.8542,0.2783,854.23
images---2022-08-07T114859-587_jpg.rf.7rUkzNdvYDrbTlxrsPDR.jpg,10,432,412,410,397,44,30,1320,0.6164,0.42,0.4981,1.0,0.9511,0.5255,951.07
images---2022-08-07T114859-587_jpg.rf.7rUkzNdvYDrbTlxrsPDR.jpg,11,5,342,0,336,10,13,130,0.5195,0.35,0.5223,1.0,0.1422,0.7625,142.25
images---2022-08-07T114859-587_jpg.rf.7rUkzNdvYDrbTlxrsPDR.jpg,12,355,337,351,329,8,17,136,0.5571,0.43,0.5099,1.0,0.2819,0.4759,281.87
images---2022-08-07T114859-587_jpg.rf.7rUkzNdvYDrbTlxrsPDR.jpg,13,275,347,247,307,57,81,4617,0.537,0.37,0.4472,1.0,0.51,0.5411,510.05
images---2022-08-07T114859-587_jpg.rf.7rUkzNdvYDrbTlxrsPDR.jpg,14,49,243,44,233,11,21,231,0.5317,0.4,0.5182,1.0,0.1029,0.4611,102.87
images---2022-08-07T114859-587_jpg.rf.7rUkzNdvYDrbTlxrsPDR.jpg,15,234,224,227,218,14,12,168,0.5871,0.52,0.5099,1.0,0.2659,0.5817,265.92
images---2022-08-07T114859-587_jpg.rf.7rUkzNdvYDrbTlxrsPDR.jpg,16,9,226,0,210,19,32,608,0.495,0.32,0.5092,1.0,0.0483,0.7518,48.32
images---2022-08-07T114859-587_jpg.rf.7rUkzNdvYDrbTlxrsPDR.jpg,17,295,231,275,198,41,66,2706,0.6017,0.56,0.5034,1.0,0.2953,0.5576,295.26
images---2022-08-07T114859-587_jpg.rf.7rUkzNdvYDrbTlxrsPDR.jpg,18,498,175,493,164,11,22,242,0.5969,0.58,0.5243,1.0,0.1043,0.5038,104.34
images---2022-08-07T114859-587_jpg.rf.7rUkzNdvYDrbTlxrsPDR.jpg,19,23,146,9,127,28,39,1092,0.5356,0.45,0.4973,1.0,0.0409,0.4466,40.85
images---2022-08-07T114859-587_jpg.rf.7rUkzNdvYDrbTlxrsPDR.jpg,20,163,167,134,123,59,88,5192,0.5682,0.5,0.5155,1.0,0.1276,0.4803,127.56
images---2022-08-07T114859-587_jpg.rf.7rUkzNdvYDrbTlxrsPDR.jpg,21,391,148,376,106,30,84,2520,0.5316,0.45,0.4876,1.0,0.0344,0.374,34.39
images---2022-08-07T114859-587_jpg.rf.7rUkzNdvYDrbTlxrsPDR.jpg,22,292,91,284,71,16,40,640,0.4973,0.37,0.4727,1.0,0.0234,0.3929,23.37
images---2022-08-07T114859-587_jpg.rf.7rUkzNdvYDrbTlxrsPDR.jpg,23,507,13,502,7,10,13,130,0.5133,0.4,0.4936,1.0,0.0049,0.6275,4.92
images---2022-08-07T114859-828_jpg.rf.gUAe1QYllZQqqRJxrqNB.jpg,1,251,416,244,412,14,9,126,0.6504,0.63,0.5554,0.6777,1.0,0.1355,1284.98
images---2022-08-07T114859-828_jpg.rf.gUAe1QYllZQqqRJxrqNB.jpg,2,426,414,416,409,20,11,220,0.5964,0.61,0.4978,0.5435,1.0,0.1087,2141.71
images---2022-08-07T114859-828_jpg.rf.gUAe1QYllZQqqRJxrqNB.jpg,3,283,416,273,409,20,14,280,0.5912,0.4,0.5503,0.7933,1.0,0.1587,1251.75
images---2022-08-07T114859-828_jpg.rf.gUAe1QYllZQqqRJxrqNB.jpg,4,84,407,77,397,15,20,300,0.5765,0.39,0.4963,1.0,0.6632,0.2824,663.19
images---2022-08-07T114859-828_jpg.rf.gUAe1QYllZQqqRJxrqNB.jpg,5,220,380,215,374,10,12,120,0.7112,0.6,0.5749,1.0,1.0,0.2273,1118.83
images---2022-08-07T114859-828_jpg.rf.gUAe1QYllZQqqRJxrqNB.jpg,6,126,377,120,371,12,12,144,0.545,0.36,0.483,1.0,0.4993,0.283,499.28
images---2022-08-07T114859-828_jpg.rf.gUAe1QYllZQqqRJxrqNB.jpg,7,38,381,28,365,20,33,660,0.6976,0.62,0.516,1.0,1.0,0.2354,1057.16
images---2022-08-07T114859-828_jpg.rf.gUAe1QYllZQqqRJxrqNB.jpg,8,230,366,225,360,10,12,120,0.6322,0.37,0.5792,1.0,1.0,0.2633,1078.32
images---2022-08-07T114859-828_jpg.rf.gUAe1QYllZQqqRJxrqNB.jpg,9,337,386,286,353,102,67,6834,0.6548,0.59,0.4425,1.0,0.9346,0.267,934.61
images---2022-08-07T114859-828_jpg.rf.gUAe1QYllZQqqRJxrqNB.jpg,10,146,351,137,339,19,24,456,0.6002,0.39,0.5313,1.0,0.7773,0.2482,777.26
images---2022-08-07T114859-828_jpg.rf.gUAe1QYllZQqqRJxrqNB.jpg,11,497,375,482,335,30,80,2400,0.5832,0.39,0.4968,1.0,0.7286,0.3116,728.57
images---2022-08-07T114859-828_jpg.rf.gUAe1QYllZQqqRJxrqNB.jpg,12,106,342,100,335,13,14,182,0.6528,0.42,0.5881,1.0,1.0,0.3785,2150.69
images---2022-08-07T114859-828_jpg.rf.gUAe1QYllZQqqRJxrqNB.jpg,13,208,339,189,323,39,33,1287,0.606,0.39,0.5123,1.0,0.9015,0.2505,901.53
images---2022-08-07T114859-828_jpg.rf.gUAe1QYllZQqqRJxrqNB.jpg,14,167,308,158,299,18,18,324,0.5856,0.39,0.5045,1.0,0.7248,0.3611,724.84
images---2022-08-07T114859-828_jpg.rf.gUAe1QYllZQqqRJxrqNB.jpg,15,215,300,209,296,13,8,104,0.5674,0.37,0.4336,0.95,0.9611,0.19,961.12
images---2022-08-07T114859-828_jpg.rf.gUAe1QYllZQqqRJxrqNB.jpg,16,149,289,141,282,16,14,224,0.6135,0.38,0.5265,1.0,0.9625,0.6772,962.47
images---2022-08-07T114859-828_jpg.rf.gUAe1QYllZQqqRJxrqNB.jpg,17,503,289,494,278,18,22,396,0.6135,0.41,0.5177,1.0,0.8878,0.2598,887.78
images---2022-08-07T114859-828_jpg.rf.gUAe1QYllZQqqRJxrqNB.jpg,18,476,272,463,259,27,26,702,0.6361,0.61,0.4839,1.0,0.5321,0.2233,532.06
images---2022-08-07T114859-828_jpg.rf.gUAe1QYllZQqqRJxrqNB.jpg,19,165,264,160,250,11,28,308,0.6123,0.39,0.5022,1.0,1.0,0.5663,1381.18
images---2022-08-07T114859-828_jpg.rf.gUAe1QYllZQqqRJxrqNB.jpg,20,447,249,439,240,16,19,304,0.6737,0.59,0.6659,0.7604,0.8201,0.1521,820.08
images---2022-08-07T114859-828_jpg.rf.gUAe1QYllZQqqRJxrqNB.jpg,21,506,232,500,225,12,15,180,0.5621,0.61,0.5158,0.6996,0.2818,0.1399,281.81
images---2022-08-07T114859-828_jpg.rf.gUAe1QYllZQqqRJxrqNB.jpg,22,207,238,200,224,14,28,392,0.6158,0.4,0.5022,1.0,1.0,0.3846,1779.91
images---2022-08-07T114859-828_jpg.rf.gUAe1QYllZQqqRJxrqNB.jpg,23,119,259,99,224,41,70,2870,0.6549,0.39,0.6241,1.0,1.0,0.407,1324.01
images---2022-08-07T114859-828_jpg.rf.gUAe1QYllZQqqRJxrqNB.jpg,24,177,204,169,200,17,8,136,0.5829,0.37,0.4418,1.0,0.9878,0.269,987.75
images---2022-08-07T114859-828_jpg.rf.gUAe1QYllZQqqRJxrqNB.jpg,25,239,204,226,196,26,17,442,0.6099,0.4,0.5295,1.0,0.8457,0.3158,845.67
images---2022-08-07T114859-828_jpg.rf.gUAe1QYllZQqqRJxrqNB.jpg,26,471,194,466,190,10,9,90,0.5037,0.61,0.5248,0.0325,1.0,0.0065,1147.26
images---2022-08-07T114859-828_jpg.rf.gUAe1QYllZQqqRJxrqNB.jpg,27,500,187,488,176,24,23,552,0.66,0.61,0.5044,1.0,0.6997,0.2057,699.67
images---2022-08-07T114859-828_jpg.rf.gUAe1QYllZQqqRJxrqNB.jpg,28,216,175,208,171,17,8,136,0.5991,0.37,0.4908,1.0,0.9776,0.2914,977.61
images---2022-08-07T114859-828_jpg.rf.gUAe1QYllZQqqRJxrqNB.jpg,29,193,163,178,150,30,27,810,0.6207,0.39,0.5262,1.0,1.0,0.3803,1188.8
images---2022-08-07T114859-828_jpg.rf.gUAe1QYllZQqqRJxrqNB.jpg,30,254,144,248,138,12,12,144,0.6436,0.42,0.5618,1.0,1.0,0.2569,1335.83
images---2022-08-07T114859-828_jpg.rf.gUAe1QYllZQqqRJxrqNB.jpg,31,184,114,176,105,17,19,323,0.6253,0.39,0.5394,1.0,1.0,0.3404,1300.19
images---2022-08-07T114859-828_jpg.rf.gUAe1QYllZQqqRJxrqNB.jpg,32,137,107,133,101,9,13,117,0.6071,0.37,0.5073,1.0,1.0,0.3295,1112.29
images---2022-08-07T114859-828_jpg.rf.gUAe1QYllZQqqRJxrqNB.jpg,33,247,101,237,89,20,25,500,0.6261,0.4,0.5316,1.0,1.0,0.2238,1270.89
images---2022-08-07T114859-899_jpg.rf.VQrw4RVWDFsJ0d8W9Mnw.jpg,1,221,369,213,357,17,25,425,0.616,0.61,0.4936,1.0,0.2972,0.3747,297.15
images---2022-08-07T114859-899_jpg.rf.VQrw4RVWDFsJ0d8W9Mnw.jpg,2,294,354,281,333,27,42,1134,0.51,0.31,0.5446,1.0,0.1086,0.3561,108.55
images---2022-08-07T114859-899_jpg.rf.VQrw4RVWDFsJ0d8W9Mnw.jpg,3,188,368,177,333,23,70,1610,0.584,0.55,0.5195,1.0,0.0971,0.3411,97.08
images---2022-08-07T114859-899_jpg.rf.VQrw4RVWDFsJ0d8W9Mnw.jpg,4,243,354,235,331,17,47,799,0.6023,0.57,0.5074,1.0,0.2518,0.5038,251.81
images---2022-08-07T114859-899_jpg.rf.VQrw4RVWDFsJ0d8W9Mnw.jpg,5,183,312,173,300,21,25,525,0.5755,0.42,0.5269,1.0,0.4405,0.2981,440.46
images---2022-08-07T114859-899_jpg.rf.VQrw4RVWDFsJ0d8W9Mnw.jpg,6,243,261,195,198,96,126,12096,0.5335,0.36,0.5153,1.0,0.2709,0.4164,270.93
images---2022-08-07T114859-970_jpg.rf.JtNsOudCcoFm1NuWMR0V.jpg,1,178,207,153,176,50,63,3150,0.5288,0.31,0.4803,1.0,0.5222,0.4654,522.18
images---2022-08-07T114859-970_jpg.rf.JtNsOudCcoFm1NuWMR0V.jpg,2,257,112,235,97,44,30,1320,0.4899,0.28,0.4285,1.0,0.4187,0.3512,418.67
images---2022-08-07T114859-970_jpg.rf.JtNsOudCcoFm1NuWMR0V.jpg,3,285,86,278,76,14,20,280,0.5038,0.26,0.5166,1.0,0.3194,0.2055,319.44
images---2022-08-07T114859-970_jpg.rf.JtNsOudCcoFm1NuWMR0V.jpg,4,251,76,241,62,20,29,580,0.4949,0.27,0.4921,1.0,0.2818,0.2812,281.85
images---2022-08-07T114900-104_jpg.rf.BQfBoUb7D91ZZhmcStFi.jpg,1,156,429,152,423,9,13,117,0.451,0.17,0.5135,1.0,0.1179,0.4057,117.86
images---2022-08-07T114900-137_jpg.rf.axLnNLFLq17eETimdsbl.jpg,1,107,346,98,337,18,18,324,0.4975,0.31,0.5352,0.7667,0.4834,0.1533,483.43
images---2022-08-07T114900-137_jpg.rf.axLnNLFLq17eETimdsbl.jpg,2,376,261,371,255,10,12,120,0.4642,0.28,0.5157,0.6913,0.4747,0.1383,474.68
images---2022-08-07T114900-204_jpg.rf.evt3hG5PbBl73DgoQ5oI.jpg,1,317,266,282,164,70,204,14280,0.5256,0.32,0.5743,1.0,0.1261,0.4709,126.09
images---2022-08-07T114900-616_jpg.rf.CWqiaJoH3Y4HpQaKveFG.jpg,1,206,306,185,280,42,53,2226,0.5201,0.26,0.603,0.9373,0.3059,0.1875,305.94
images---2022-08-07T114900-712_jpg.rf.aI7srEtn40GXbu8LJupX.jpg,1,156,357,147,354,19,7,133,0.4565,0.22,0.4822,1.0,0.1076,0.2156,107.62
images---2022-08-07T114900-712_jpg.rf.aI7srEtn40GXbu8LJupX.jpg,2,103,343,92,336,22,15,330,0.5038,0.3,0.5376,0.9477,0.2112,0.1895,211.15
images---2022-08-07T114900-775_jpg.rf.qgqVkaVevB5jkskTEllS.jpg,1,160,506,149,500,23,12,276,0.5554,0.37,0.5448,1.0,0.3523,0.2984,352.31
images---2022-08-07T114900-775_jpg.rf.qgqVkaVevB5jkskTEllS.jpg,2,184,501,174,490,21,22,462,0.5492,0.37,0.5416,1.0,0.3019,0.2305,301.95
images---2022-08-07T114900-775_jpg.rf.qgqVkaVevB5jkskTEllS.jpg,3,45,490,0,469,90,43,3870,0.4951,0.21,0.6014,1.0,0.1116,0.5969,111.63
images---2022-08-07T114900-775_jpg.rf.qgqVkaVevB5jkskTEllS.jpg,4,33,382,0,300,67,165,11055,0.525,0.34,0.5604,1.0,0.0984,0.5356,98.41
images---2022-08-07T114900-775_jpg.rf.qgqVkaVevB5jkskTEllS.jpg,5,13,197,0,166,26,62,1612,0.5091,0.34,0.5208,1.0,0.0785,0.6613,78.48
images---2022-08-07T114901-171_jpg.rf.qcWSLcBnTRgnULg5wzdj.jpg,1,14,453,8,445,13,16,208,0.5215,0.47,0.5077,0.8786,0.0355,0.1757,35.54
images---2022-08-07T114901-171_jpg.rf.qcWSLcBnTRgnULg5wzdj.jpg,2,50,441,25,422,50,39,1950,0.497,0.48,0.5252,0.7179,0.0158,0.1436,15.8
images---2022-08-07T114901-171_jpg.rf.qcWSLcBnTRgnULg5wzdj.jpg,3,305,381,298,373,15,17,255,0.5508,0.52,0.4714,1.0,0.0384,0.2056,38.38
images---2022-08-07T114901-171_jpg.rf.qcWSLcBnTRgnULg5wzdj.jpg,4,300,304,292,295,17,18,306,0.4926,0.34,0.4422,1.0,0.188,0.4448,188.04
images---2022-08-07T114901-351_jpg.rf.oDhG6JaUDiorraYbjhfn.jpg,1,222,472,212,468,21,9,189,0.5181,0.41,0.4929,1.0,0.0205,0.2294,20.5
images---2022-08-07T114901-351_jpg.rf.oDhG6JaUDiorraYbjhfn.jpg,2,254,486,243,461,23,51,1173,0.5004,0.32,0.498,1.0,0.1408,0.5439,140.8
images---2022-08-07T114901-351_jpg.rf.oDhG6JaUDiorraYbjhfn.jpg,3,181,474,158,461,47,27,1269,0.5238,0.42,0.5009,1.0,0.0151,0.3507,15.14
images---2022-08-07T114901-351_jpg.rf.oDhG6JaUDiorraYbjhfn.jpg,4,446,461,438,452,16,18,288,0.4699,0.2,0.5337,1.0,0.131,0.2381,131.04
images---2022-08-07T114901-351_jpg.rf.oDhG6JaUDiorraYbjhfn.jpg,5,354,460,324,408,60,104,6240,0.46,0.26,0.4771,1.0,0.0197,0.4314,19.72
images---2022-08-07T114901-351_jpg.rf.oDhG6JaUDiorraYbjhfn.jpg,6,448,393,407,360,82,67,5494,0.4595,0.22,0.5043,1.0,0.0601,0.3022,60.08
images---2022-08-07T114901-351_jpg.rf.oDhG6JaUDiorraYbjhfn.jpg,7,310,356,297,341,27,31,837,0.4777,0.21,0.5712,1.0,0.043,0.2212,42.99
images---2022-08-07T114901-351_jpg.rf.oDhG6JaUDiorraYbjhfn.jpg,8,349,344,342,334,14,20,280,0.5034,0.34,0.5042,1.0,0.0789,0.3089,78.93
images---2022-08-07T114901-351_jpg.rf.oDhG6JaUDiorraYbjhfn.jpg,9,453,343,431,331,44,25,1100,0.4963,0.26,0.5556,1.0,0.1082,0.222,108.15
images---2022-08-07T114901-351_jpg.rf.oDhG6JaUDiorraYbjhfn.jpg,10,199,383,170,328,58,110,6380,0.5282,0.33,0.6054,0.9456,0.1169,0.1891,116.92
images---2022-08-07T114901-351_jpg.rf.oDhG6JaUDiorraYbjhfn.jpg,11,392,330,378,297,29,67,1943,0.5285,0.35,0.5658,1.0,0.08,0.2084,80.01
images---2022-08-07T114901-351_jpg.rf.oDhG6JaUDiorraYbjhfn.jpg,12,450,268,443,258,15,20,300,0.4759,0.53,0.5219,0.463,0.1512,0.0926,151.19
images---2022-08-07T114901-351_jpg.rf.oDhG6JaUDiorraYbjhfn.jpg,13,504,257,496,252,16,10,160,0.5374,0.44,0.5024,1.0,0.0761,0.2087,76.12
images---2022-08-07T114901-351_jpg.rf.oDhG6JaUDiorraYbjhfn.jpg,14,339,237,331,223,16,29,464,0.5393,0.45,0.5114,1.0,0.0282,0.2265,28.19
images---2022-08-07T114901-351_jpg.rf.oDhG6JaUDiorraYbjhfn.jpg,15,477,220,473,214,8,13,104,0.5515,0.47,0.5017,1.0,0.1138,0.286,113.83
images---2022-08-07T114901-351_jpg.rf.oDhG6JaUDiorraYbjhfn.jpg,16,292,205,283,193,19,25,475,0.5104,0.34,0.5131,1.0,0.1185,0.2581,118.53
images---2022-08-07T114901-351_jpg.rf.oDhG6JaUDiorraYbjhfn.jpg,17,452,197,443,186,19,22,418,0.5089,0.34,0.5097,1.0,0.1154,0.2989,115.44
images---2022-08-07T114901-351_jpg.rf.oDhG6JaUDiorraYbjhfn.jpg,18,407,198,381,175,53,47,2491,0.5389,0.45,0.5392,0.9465,0.0335,0.1893,33.51
images---2022-08-07T114901-351_jpg.rf.oDhG6JaUDiorraYbjhfn.jpg,19,207,176,202,163,11,26,286,0.4888,0.28,0.5092,1.0,0.1262,0.2037,126.16
images---2022-08-07T114901-351_jpg.rf.oDhG6JaUDiorraYbjhfn.jpg,20,241,159,225,151,32,17,544,0.5366,0.46,0.4738,1.0,0.0974,0.4365,97.42
images---2022-08-07T114901-351_jpg.rf.oDhG6JaUDiorraYbjhfn.jpg,21,119,164,96,138,47,52,2444,0.4902,0.27,0.5481,1.0,0.0387,0.2799,38.69
images---2022-08-07T114901-351_jpg.rf.oDhG6JaUDiorraYbjhfn.jpg,22,291,142,284,136,15,12,180,0.5208,0.41,0.5001,1.0,0.0227,0.3364,22.72
images---2022-08-07T114901-351_jpg.rf.oDhG6JaUDiorraYbjhfn.jpg,23,167,142,152,115,30,54,1620,0.4783,0.28,0.5087,1.0,0.0227,0.2478,22.74
images---2022-08-07T114901-351_jpg.rf.oDhG6JaUDiorraYbjhfn.jpg,24,256,130,237,111,39,38,1482,0.4833,0.28,0.519,1.0,0.0364,0.3243,36.37
images---2022-08-07T114901-351_jpg.rf.oDhG6JaUDiorraYbjhfn.jpg,25,74,154,44,109,61,90,5490,0.4893,0.27,0.5499,1.0,0.0235,0.4049,23.49
images---2022-08-07T114901-351_jpg.rf.oDhG6JaUDiorraYbjhfn.jpg,26,41,127,25,103,32,48,1536,0.4785,0.27,0.5198,1.0,0.0206,0.4246,20.64
images---2022-08-07T114901-351_jpg.rf.oDhG6JaUDiorraYbjhfn.jpg,27,214,98,186,68,56,60,3360,0.4868,0.27,0.5409,1.0,0.0299,0.3415,29.93
images---2022-08-07T114901-351_jpg.rf.oDhG6JaUDiorraYbjhfn.jpg,28,506,57,500,51,12,13,156,0.521,0.36,0.5079,1.0,0.1722,0.2556,172.16
images---2022-08-07T114901-351_jpg.rf.oDhG6JaUDiorraYbjhfn.jpg,29,452,53,443,44,18,18,324,0.4735,0.34,0.518,0.8389,0.0543,0.1678,54.26
images---2022-08-07T114901-351_jpg.rf.oDhG6JaUDiorraYbjhfn.jpg,30,62,52,53,39,19,26,494,0.4627,0.21,0.5227,1.0,0.0623,0.247,62.31
images---2022-08-07T114901-351_jpg.rf.oDhG6JaUDiorraYbjhfn.jpg,31,156,52,125,28,63,48,3024,0.4686,0.24,0.519,1.0,0.0295,0.3702,29.5
images---2022-08-07T114901-351_jpg.rf.oDhG6JaUDiorraYbjhfn.jpg,32,431,30,425,19,12,22,264,0.4683,0.27,0.4884,1.0,0.0282,0.3444,28.25
images---2022-08-07T114901-351_jpg.rf.oDhG6JaUDiorraYbjhfn.jpg,33,396,22,386,16,20,13,260,0.4693,0.25,0.5003,1.0,0.0673,0.2338,67.27
images---2022-08-07T114901-351_jpg.rf.oDhG6JaUDiorraYbjhfn.jpg,34,244,27,234,13,20,28,560,0.4759,0.26,0.519,1.0,0.0329,0.3187,32.94
images---2022-08-07T114901-351_jpg.rf.oDhG6JaUDiorraYbjhfn.jpg,35,476,6,469,0,14,12,168,0.4871,0.29,0.5116,1.0,0.0654,0.2821,65.42
images---2022-08-07T114901-351_jpg.rf.oDhG6JaUDiorraYbjhfn.jpg,36,205,18,190,0,31,37,1147,0.4667,0.23,0.5202,1.0,0.0414,0.3602,41.36
images---2022-08-07T114901-351_jpg.rf.oDhG6JaUDiorraYbjhfn.jpg,37,94,24,76,0,36,48,1728,0.4612,0.25,0.4871,1.0,0.0318,0.4684,31.84
images---2022-08-07T114901-351_jpg.rf.oDhG6JaUDiorraYbjhfn.jpg,38,29,19,0,0,59,39,2301,0.4558,0.22,0.506,1.0,0.0171,0.3874,17.05
images---2022-08-07T114901-596_jpg.rf.glnY8uKhMSiZv7rDbSgx.jpg,1,467,424,462,417,10,14,140,0.5783,0.42,0.5256,1.0,0.4731,0.4353,473.09
images---2022-08-07T114901-596_jpg.rf.glnY8uKhMSiZv7rDbSgx.jpg,2,83,418,75,404,16,28,448,0.5654,0.3,0.4584,1.0,1.0,0.3,1101.5
images---2022-08-07T114901-596_jpg.rf.glnY8uKhMSiZv7rDbSgx.jpg,3,401,454,320,397,162,115,18630,0.5989,0.57,0.5256,1.0,0.1546,0.4551,154.61
images---2022-08-07T114901-596_jpg.rf.glnY8uKhMSiZv7rDbSgx.jpg,4,413,362,392,350,42,25,1050,0.6295,0.62,0.5091,1.0,0.3433,0.2332,343.35
images---2022-08-07T114901-596_jpg.rf.glnY8uKhMSiZv7rDbSgx.jpg,5,349,346,328,302,42,89,3738,0.6365,0.57,0.6049,1.0,0.253,0.2283,252.98
images---2022-08-07T114901-596_jpg.rf.glnY8uKhMSiZv7rDbSgx.jpg,6,310,251,298,204,25,94,2350,0.6499,0.62,0.519,1.0,0.5127,0.3768,512.72
images---2022-08-07T114901-596_jpg.rf.glnY8uKhMSiZv7rDbSgx.jpg,7,331,114,314,91,34,46,1564,0.6213,0.63,0.5298,0.922,0.3094,0.1844,309.4
images---2022-08-07T114901-596_jpg.rf.glnY8uKhMSiZv7rDbSgx.jpg,8,31,83,25,75,12,16,192,0.6517,0.61,0.5069,1.0,0.6082,0.2753,608.19
images---2022-08-07T114901-596_jpg.rf.glnY8uKhMSiZv7rDbSgx.jpg,9,479,47,471,34,17,26,442,0.6072,0.4,0.4951,1.0,0.9387,0.3221,938.73
images---2022-08-07T114901-596_jpg.rf.glnY8uKhMSiZv7rDbSgx.jpg,10,268,49,251,31,35,36,1260,0.6034,0.61,0.5888,0.727,0.384,0.1454,384.02
images---2022-08-07T114901-886_jpg.rf.LKwYmf5v7XfVGoTiZH8q.jpg,1,300,467,290,461,20,12,240,0.5123,0.37,0.4249,1.0,0.3413,0.5,341.31
images---2022-08-07T114901-886_jpg.rf.LKwYmf5v7XfVGoTiZH8q.jpg,2,455,129,446,122,19,14,266,0.5055,0.36,0.4746,1.0,0.1335,0.3772,133.47
images---2022-08-07T114901-886_jpg.rf.LKwYmf5v7XfVGoTiZH8q.jpg,3,467,40,460,35,15,11,165,0.5444,0.37,0.498,1.0,0.4062,0.4332,406.15
images---2022-08-07T114902-037_jpg.rf.JqVPUzUvGuYoJvxmFpvZ.jpg,1,452,339,438,324,28,31,868,0.5406,0.34,0.4945,1.0,0.4854,0.4506,485.39
images---2022-08-07T114902-037_jpg.rf.JqVPUzUvGuYoJvxmFpvZ.jpg,2,404,302,386,278,37,49,1813,0.571,0.29,0.63,1.0,0.4896,0.4962,489.58
images---2022-08-07T114902-037_jpg.rf.JqVPUzUvGuYoJvxmFpvZ.jpg,3,31,293,0,264,62,58,3596,0.574,0.34,0.5679,1.0,0.5624,0.5387,562.4
images---2022-08-07T114902-037_jpg.rf.JqVPUzUvGuYoJvxmFpvZ.jpg,4,107,277,80,252,55,51,2805,0.5576,0.3,0.5584,1.0,0.5712,0.4037,571.19
images---2022-08-07T114902-037_jpg.rf.JqVPUzUvGuYoJvxmFpvZ.jpg,5,409,217,391,205,37,24,888,0.5411,0.28,0.5288,1.0,0.5801,0.4133,580.1
images---2022-08-07T114902-037_jpg.rf.JqVPUzUvGuYoJvxmFpvZ.jpg,6,167,215,157,201,20,28,560,0.5387,0.28,0.415,1.0,0.9547,0.3141,954.68
images---2022-08-07T114902-037_jpg.rf.JqVPUzUvGuYoJvxmFpvZ.jpg,7,179,181,163,167,33,29,957,0.5857,0.28,0.5577,1.0,0.9246,0.3745,924.59
images---2022-08-07T114902-037_jpg.rf.JqVPUzUvGuYoJvxmFpvZ.jpg,8,376,169,367,161,19,16,304,0.5445,0.28,0.5239,1.0,0.6311,0.3894,631.11
images---2022-08-07T114902-037_jpg.rf.JqVPUzUvGuYoJvxmFpvZ.jpg,9,221,135,206,126,31,18,558,0.5346,0.28,0.5055,1.0,0.5969,0.2884,596.88
images---2022-08-07T114902-037_jpg.rf.JqVPUzUvGuYoJvxmFpvZ.jpg,10,333,130,317,113,32,35,1120,0.5581,0.28,0.5357,1.0,0.726,0.31,726.04
images---2022-08-07T114902-338_jpg.rf.W5xkfmoyvatDySEWDFx7.jpg,1,266,493,240,474,53,38,2014,0.451,0.15,0.5565,1.0,0.0375,0.2129,37.53
images---2022-08-07T114902-338_jpg.rf.W5xkfmoyvatDySEWDFx7.jpg,2,184,469,178,459,13,20,260,0.5629,0.49,0.4867,1.0,0.211,0.2525,211.0
images---2022-08-07T114902-338_jpg.rf.W5xkfmoyvatDySEWDFx7.jpg,3,494,387,477,334,35,106,3710,0.4696,0.2,0.557,1.0,0.0468,0.3568,46.83
images---2022-08-07T114902-338_jpg.rf.W5xkfmoyvatDySEWDFx7.jpg,4,307,249,300,245,14,9,126,0.4779,0.26,0.4986,1.0,0.1242,0.3571,124.19
images---2022-08-07T114902-338_jpg.rf.W5xkfmoyvatDySEWDFx7.jpg,5,26,132,22,127,9,10,90,0.513,0.4,0.4917,1.0,0.0091,0.4264,9.14
images---2022-08-07T114902-338_jpg.rf.W5xkfmoyvatDySEWDFx7.jpg,6,246,118,233,108,27,20,540,0.4545,0.22,0.5051,1.0,0.0068,0.3806,6.79
images---2022-08-07T114902-338_jpg.rf.W5xkfmoyvatDySEWDFx7.jpg,7,268,89,239,78,58,23,1334,0.5227,0.41,0.5087,1.0,0.0118,0.3902,11.75
images---2022-08-07T114902-338_jpg.rf.W5xkfmoyvatDySEWDFx7.jpg,8,146,52,138,48,17,8,136,0.5135,0.4,0.4943,1.0,0.0051,0.2914,5.12
images---2022-08-07T114902-338_jpg.rf.W5xkfmoyvatDySEWDFx7.jpg,9,368,56,351,40,35,33,1155,0.5004,0.36,0.4967,1.0,0.0054,0.2889,5.4
images---2022-08-07T114902-338_jpg.rf.W5xkfmoyvatDySEWDFx7.jpg,10,90,42,84,29,12,26,312,0.5251,0.42,0.5034,1.0,0.0197,0.2599,19.66
images---2022-08-07T114902-338_jpg.rf.W5xkfmoyvatDySEWDFx7.jpg,11,11,32,0,19,22,27,594,0.4842,0.32,0.4872,1.0,0.0169,0.348,16.86
images---2022-08-07T114902-338_jpg.rf.W5xkfmoyvatDySEWDFx7.jpg,12,257,23,211,5,92,37,3404,0.5006,0.36,0.4959,1.0,0.0101,0.5367,10.1
images---2022-08-07T114902-786_jpg.rf.HhjUwIAfvBmyVGO3GbXg.jpg,1,496,500,481,489,31,23,713,0.5207,0.4,0.5053,1.0,0.0388,0.2516,38.83
images---2022-08-07T114902-786_jpg.rf.HhjUwIAfvBmyVGO3GbXg.jpg,2,137,279,118,249,39,61,2379,0.5323,0.41,0.4917,1.0,0.1669,0.2565,166.94
images---2022-08-07T114902-786_jpg.rf.HhjUwIAfvBmyVGO3GbXg.jpg,3,421,238,413,228,17,20,340,0.5298,0.46,0.4679,1.0,0.0502,0.32,50.17
images---2022-08-07T114902-786_jpg.rf.HhjUwIAfvBmyVGO3GbXg.jpg,4,440,196,433,187,14,19,266,0.4731,0.28,0.4879,1.0,0.0436,0.2122,43.6
images---2022-08-07T114902-786_jpg.rf.HhjUwIAfvBmyVGO3GbXg.jpg,5,363,149,357,143,12,13,156,0.53,0.52,0.5012,0.825,0.0756,0.165,75.55
images---2022-08-07T114902-786_jpg.rf.HhjUwIAfvBmyVGO3GbXg.jpg,6,140,6,111,0,58,13,754,0.5525,0.34,0.5746,1.0,0.3239,0.4489,323.93
images---2022-08-07T114902-851_jpg.rf.PVxErnLGtrsxfx8HBchN.jpg,1,92,494,85,489,14,11,154,0.5574,0.5,0.5036,1.0,0.0609,0.602,60.88
images---2022-08-07T114902-851_jpg.rf.PVxErnLGtrsxfx8HBchN.jpg,2,334,495,315,479,38,33,1254,0.5811,0.61,0.5534,0.6308,0.477,0.1262,476.96
images---2022-08-07T114902-851_jpg.rf.PVxErnLGtrsxfx8HBchN.jpg,3,63,490,51,468,25,44,1100,0.5637,0.54,0.4765,1.0,0.0789,0.453,78.89
images---2022-08-07T114902-851_jpg.rf.PVxErnLGtrsxfx8HBchN.jpg,4,9,473,0,467,19,13,247,0.5311,0.48,0.5109,0.896,0.0504,0.1792,50.38
images---2022-08-07T114902-851_jpg.rf.PVxErnLGtrsxfx8HBchN.jpg,5,481,471,471,458,21,27,567,0.6631,0.61,0.5127,1.0,0.701,0.4079,701.01
images---2022-08-07T114902-851_jpg.rf.PVxErnLGtrsxfx8HBchN.jpg,6,408,478,377,444,63,68,4284,0.6655,0.6,0.4997,1.0,0.8065,0.4132,806.46
images---2022-08-07T114902-851_jpg.rf.PVxErnLGtrsxfx8HBchN.jpg,7,254,456,237,438,34,37,1258,0.6393,0.61,0.4812,1.0,0.5741,0.2391,574.1
images---2022-08-07T114902-851_jpg.rf.PVxErnLGtrsxfx8HBchN.jpg,8,302,417,295,407,14,20,280,0.5927,0.42,0.4884,1.0,0.7473,0.4447,747.27
images---2022-08-07T114902-851_jpg.rf.PVxErnLGtrsxfx8HBchN.jpg,9,237,414,225,402,25,25,625,0.662,0.62,0.5038,1.0,0.6863,0.3134,686.33
images---2022-08-07T114902-851_jpg.rf.PVxErnLGtrsxfx8HBchN.jpg,10,116,399,109,393,14,13,182,0.6657,0.61,0.5466,1.0,0.6087,0.2215,608.71
images---2022-08-07T114902-851_jpg.rf.PVxErnLGtrsxfx8HBchN.jpg,11,266,394,258,387,16,15,240,0.5721,0.4,0.477,1.0,0.6517,0.4484,651.72
images---2022-08-07T114902-851_jpg.rf.PVxErnLGtrsxfx8HBchN.jpg,12,203,366,191,350,24,33,792,0.5325,0.39,0.4298,1.0,0.456,0.4506,456.04
images---2022-08-07T114902-851_jpg.rf.PVxErnLGtrsxfx8HBchN.jpg,13,349,350,341,336,16,29,464,0.6155,0.58,0.5631,1.0,0.1545,0.5244,154.46
images---2022-08-07T114902-851_jpg.rf.PVxErnLGtrsxfx8HBchN.jpg,14,508,336,504,324,8,25,200,0.5483,0.49,0.4994,1.0,0.0199,0.4923,19.93
images---2022-08-07T114902-851_jpg.rf.PVxErnLGtrsxfx8HBchN.jpg,15,477,297,473,288,9,18,162,0.5265,0.44,0.4902,1.0,0.0098,0.4698,9.83
images---2022-08-07T114902-851_jpg.rf.PVxErnLGtrsxfx8HBchN.jpg,16,114,296,77,231,75,131,9825,0.5313,0.37,0.4674,1.0,0.3827,0.4717,382.7
images---2022-08-07T114902-851_jpg.rf.PVxErnLGtrsxfx8HBchN.jpg,17,389,216,375,198,28,37,1036,0.5618,0.46,0.5043,1.0,0.243,0.3857,243.0
images---2022-08-07T114903-194_jpg.rf.X92bE1PwxtSf3nmU8nf9.jpg,1,333,462,296,443,74,38,2812,0.5306,0.32,0.5024,1.0,0.4278,0.316,427.83
images---2022-08-07T114903-416_jpg.rf.vAm6jHp53SeWeihHiGM7.jpg,1,383,389,317,340,132,98,12936,0.5447,0.27,0.6526,1.0,0.2176,0.3097,217.55
images---2022-08-07T114903-416_jpg.rf.vAm6jHp53SeWeihHiGM7.jpg,2,291,318,280,300,23,36,828,0.5273,0.27,0.5793,1.0,0.3006,0.2762,300.63
images---2022-08-07T114903-416_jpg.rf.vAm6jHp53SeWeihHiGM7.jpg,3,209,305,181,241,57,129,7353,0.5186,0.22,0.6438,1.0,0.1626,0.4625,162.57
images---2022-08-07T114903-416_jpg.rf.vAm6jHp53SeWeihHiGM7.jpg,4,159,249,124,208,71,82,5822,0.5085,0.27,0.5805,1.0,0.1085,0.3772,108.51
images---2022-08-07T114903-416_jpg.rf.vAm6jHp53SeWeihHiGM7.jpg,5,184,173,169,148,31,50,1550,0.4937,0.28,0.5239,1.0,0.1236,0.2944,123.62
images---2022-08-07T114903-416_jpg.rf.vAm6jHp53SeWeihHiGM7.jpg,6,106,33,96,19,21,28,588,0.5065,0.33,0.5026,1.0,0.1511,0.2947,151.07
images---2022-08-07T114903-553_jpg.rf.ICr0QXI3Rp5mauYepu2a.jpg,1,382,480,366,466,33,29,957,0.5773,0.5,0.557,1.0,0.0737,0.3566,73.72
images---2022-08-07T114903-553_jpg.rf.ICr0QXI3Rp5mauYepu2a.jpg,2,491,232,471,214,41,37,1517,0.4893,0.29,0.5119,1.0,0.0869,0.5584,86.86
images---2022-08-07T114903-553_jpg.rf.ICr0QXI3Rp5mauYepu2a.jpg,3,248,18,236,9,25,18,450,0.4673,0.25,0.5102,1.0,0.0125,0.2811,12.53
images---2022-08-07T114903-553_jpg.rf.ICr0QXI3Rp5mauYepu2a.jpg,4,23,22,0,0,46,45,2070,0.4515,0.17,0.545,1.0,0.0127,0.4551,12.66
images---2022-08-07T114903-943_jpg.rf.A9GFhf5WC8S3JgepMOuA.jpg,1,416,502,409,493,14,19,266,0.4995,0.36,0.4931,1.0,0.0092,0.3923,9.16
images---2022-08-07T114903-943_jpg.rf.A9GFhf5WC8S3JgepMOuA.jpg,2,478,499,468,486,20,26,520,0.5154,0.38,0.5126,1.0,0.0297,0.4336,29.74
images---2022-08-07T114903-943_jpg.rf.A9GFhf5WC8S3JgepMOuA.jpg,3,78,468,67,444,23,48,1104,0.4948,0.31,0.5214,1.0,0.0385,0.4786,38.54
images---2022-08-07T114903-943_jpg.rf.A9GFhf5WC8S3JgepMOuA.jpg,4,79,417,68,411,23,12,276,0.4717,0.28,0.4958,1.0,0.0015,0.4702,1.51
images---2022-08-07T114903-943_jpg.rf.A9GFhf5WC8S3JgepMOuA.jpg,5,381,447,371,403,21,89,1869,0.5061,0.42,0.5231,0.8746,0.0112,0.1749,11.2
images---2022-08-07T114903-943_jpg.rf.A9GFhf5WC8S3JgepMOuA.jpg,6,286,298,269,279,35,38,1330,0.5134,0.39,0.4895,1.0,0.0557,0.3391,55.67
images---2022-08-07T114903-943_jpg.rf.A9GFhf5WC8S3JgepMOuA.jpg,7,306,255,300,248,13,14,182,0.6028,0.59,0.529,1.0,0.1114,0.2769,111.37
images---2022-08-07T114903-943_jpg.rf.A9GFhf5WC8S3JgepMOuA.jpg,8,300,172,295,164,10,16,160,0.5029,0.37,0.4921,1.0,0.0122,0.2354,12.17
images---2022-08-07T114903-943_jpg.rf.A9GFhf5WC8S3JgepMOuA.jpg,9,284,135,275,118,18,35,630,0.4584,0.23,0.4983,1.0,0.0344,0.4837,34.43
images---2022-08-07T114904-322_jpg.rf.tK5XTRzzhDqTYKH531U1.jpg,1,344,503,336,495,16,17,272,0.5397,0.35,0.5196,1.0,0.353,0.2702,353.0
images---2022-08-07T114904-322_jpg.rf.tK5XTRzzhDqTYKH531U1.jpg,2,474,463,471,454,7,19,133,0.4982,0.53,0.5496,0.4754,0.253,0.0951,253.0
images---2022-08-07T114904-322_jpg.rf.tK5XTRzzhDqTYKH531U1.jpg,3,438,448,427,440,23,16,368,0.6013,0.52,0.5792,1.0,0.1656,0.2051,165.63
images---2022-08-07T114904-322_jpg.rf.tK5XTRzzhDqTYKH531U1.jpg,4,354,432,346,426,16,12,192,0.5868,0.52,0.5431,1.0,0.1467,0.2932,146.66
images---2022-08-07T114904-322_jpg.rf.tK5XTRzzhDqTYKH531U1.jpg,5,318,438,308,426,21,25,525,0.5658,0.45,0.5459,1.0,0.1721,0.2899,172.15
images---2022-08-07T114904-322_jpg.rf.tK5XTRzzhDqTYKH531U1.jpg,6,351,397,345,387,13,20,260,0.5441,0.5,0.6235,0.6375,0.2333,0.1275,233.3
images---2022-08-07T114904-322_jpg.rf.tK5XTRzzhDqTYKH531U1.jpg,7,498,393,485,386,27,15,405,0.593,0.53,0.504,1.0,0.3106,0.2323,310.65
images---2022-08-07T114904-322_jpg.rf.tK5XTRzzhDqTYKH531U1.jpg,8,230,416,211,386,39,60,2340,0.5817,0.53,0.4861,1.0,0.2608,0.2824,260.75
images---2022-08-07T114904-322_jpg.rf.tK5XTRzzhDqTYKH531U1.jpg,9,49,404,28,372,42,64,2688,0.5216,0.37,0.4914,1.0,0.2009,0.3757,200.95
images---2022-08-07T114904-322_jpg.rf.tK5XTRzzhDqTYKH531U1.jpg,10,306,379,291,362,31,35,1085,0.4952,0.28,0.5263,1.0,0.1297,0.2425,129.72
images---2022-08-07T114904-322_jpg.rf.tK5XTRzzhDqTYKH531U1.jpg,11,118,366,112,356,13,20,260,0.5028,0.34,0.4728,1.0,0.1829,0.2387,182.87
images---2022-08-07T114904-322_jpg.rf.tK5XTRzzhDqTYKH531U1.jpg,12,47,360,40,355,15,11,165,0.557,0.37,0.577,1.0,0.2559,0.2576,255.85
images---2022-08-07T114904-322_jpg.rf.tK5XTRzzhDqTYKH531U1.jpg,13,290,309,280,297,20,25,500,0.5297,0.31,0.551,1.0,0.2841,0.2525,284.08
images---2022-08-07T114904-322_jpg.rf.tK5XTRzzhDqTYKH531U1.jpg,14,51,282,47,274,8,16,128,0.5047,0.32,0.4991,1.0,0.1798,0.3161,179.79
images---2022-08-07T114904-322_jpg.rf.tK5XTRzzhDqTYKH531U1.jpg,15,374,250,364,244,21,13,273,0.5101,0.29,0.5537,1.0,0.1485,0.2921,148.52
images---2022-08-07T114904-322_jpg.rf.tK5XTRzzhDqTYKH531U1.jpg,16,38,240,31,233,15,15,225,0.4927,0.34,0.5716,0.7133,0.3101,0.1427,310.14
images---2022-08-07T114904-322_jpg.rf.tK5XTRzzhDqTYKH531U1.jpg,17,218,237,209,221,19,33,627,0.5164,0.37,0.4612,1.0,0.255,0.2057,254.96
images---2022-08-07T114904-322_jpg.rf.tK5XTRzzhDqTYKH531U1.jpg,18,366,227,356,218,21,19,399,0.5109,0.35,0.5043,1.0,0.1189,0.2356,118.91
images---2022-08-07T114904-322_jpg.rf.tK5XTRzzhDqTYKH531U1.jpg,19,317,235,281,206,72,58,4176,0.5776,0.38,0.6322,1.0,0.2329,0.266,232.89
images---2022-08-07T114904-322_jpg.rf.tK5XTRzzhDqTYKH531U1.jpg,20,449,233,409,191,80,85,6800,0.5034,0.33,0.4979,1.0,0.1362,0.3617,136.17
images---2022-08-07T114904-322_jpg.rf.tK5XTRzzhDqTYKH531U1.jpg,21,261,196,252,188,18,17,306,0.5095,0.31,0.5091,1.0,0.2283,0.3092,228.26
images---2022-08-07T114904-322_jpg.rf.tK5XTRzzhDqTYKH531U1.jpg,22,352,136,347,131,10,11,110,0.5812,0.37,0.5259,1.0,0.6766,0.2688,676.63
images---2022-08-07T114904-322_jpg.rf.tK5XTRzzhDqTYKH531U1.jpg,23,251,124,245,115,12,19,228,0.5367,0.36,0.5481,1.0,0.1884,0.2984,188.43
images---2022-08-07T114904-322_jpg.rf.tK5XTRzzhDqTYKH531U1.jpg,24,128,122,123,113,10,18,180,0.5278,0.34,0.5263,1.0,0.246,0.3061,246.04
images---2022-08-07T114904-322_jpg.rf.tK5XTRzzhDqTYKH531U1.jpg,25,456,101,443,91,26,21,546,0.4739,0.36,0.541,0.7177,0.1506,0.1435,150.56
images---2022-08-07T114904-322_jpg.rf.tK5XTRzzhDqTYKH531U1.jpg,26,114,95,106,85,17,20,340,0.548,0.36,0.5617,1.0,0.2546,0.2694,254.63
images---2022-08-07T114904-322_jpg.rf.tK5XTRzzhDqTYKH531U1.jpg,27,163,65,151,59,25,12,300,0.4732,0.28,0.4722,1.0,0.0998,0.3007,99.84
images---2022-08-07T114904-322_jpg.rf.tK5XTRzzhDqTYKH531U1.jpg,28,172,35,162,27,20,17,340,0.5159,0.33,0.5155,1.0,0.1998,0.2101,199.79
images---2022-08-07T114904-322_jpg.rf.tK5XTRzzhDqTYKH531U1.jpg,29,322,57,297,5,51,104,5304,0.5514,0.38,0.5539,1.0,0.245,0.269,245.03
images---2022-08-07T114904-322_jpg.rf.tK5XTRzzhDqTYKH531U1.jpg,30,490,5,482,0,16,11,176,0.5938,0.37,0.504,1.0,0.8791,0.2269,879.14
images---2022-08-07T114904-322_jpg.rf.tK5XTRzzhDqTYKH531U1.jpg,31,57,37,19,0,77,74,5698,0.5064,0.35,0.4732,1.0,0.1824,0.5265,182.42
images---2022-08-07T114904-451_jpg.rf.GlXlskW8XrJzrPirS9AW.jpg,1,242,364,230,338,25,53,1325,0.5855,0.34,0.5448,1.0,0.7579,0.2823,757.91
images---2022-08-07T114904-627_jpg.rf.jarfOTgwY3ZMLfmd57XT.jpg,1,223,264,214,243,19,42,798,0.6857,0.55,0.6333,1.0,0.7158,0.2497,715.81
images---2022-08-07T114904-627_jpg.rf.jarfOTgwY3ZMLfmd57XT.jpg,2,5,149,0,140,11,19,209,0.643,0.53,0.584,1.0,0.5306,0.2903,530.57
images---2022-08-07T114904-627_jpg.rf.jarfOTgwY3ZMLfmd57XT.jpg,3,166,23,119,0,95,46,4370,0.5542,0.37,0.5112,1.0,0.4578,0.5279,457.79
images---2022-08-07T114904-725_jpg.rf.mlyqLycou4EwFAj055Mb.jpg,1,134,274,126,268,16,12,192,0.5844,0.34,0.5156,1.0,0.8494,0.5833,849.42
images---2022-08-07T114904-725_jpg.rf.mlyqLycou4EwFAj055Mb.jpg,2,162,254,149,242,27,24,648,0.5031,0.25,0.5225,1.0,0.3273,0.9074,327.27
images---2022-08-07T114904-725_jpg.rf.mlyqLycou4EwFAj055Mb.jpg,3,10,246,0,236,20,20,400,0.511,0.28,0.5097,1.0,0.3464,0.8101,346.37
images---2022-08-07T114904-725_jpg.rf.mlyqLycou4EwFAj055Mb.jpg,4,310,186,304,180,13,12,156,0.4704,0.25,0.5111,1.0,0.0402,0.6967,40.21
images---2022-08-07T114904-725_jpg.rf.mlyqLycou4EwFAj055Mb.jpg,5,472,208,433,156,79,104,8216,0.5305,0.34,0.5236,1.0,0.2828,0.7026,282.76
images---2022-08-07T114904-725_jpg.rf.mlyqLycou4EwFAj055Mb.jpg,6,507,144,503,138,9,12,108,0.5821,0.34,0.4786,1.0,0.9555,0.5389,955.52
images---2022-08-07T114904-725_jpg.rf.mlyqLycou4EwFAj055Mb.jpg,7,360,149,345,135,30,29,870,0.458,0.24,0.4954,1.0,0.0067,0.2642,6.72
images---2022-08-07T114904-725_jpg.rf.mlyqLycou4EwFAj055Mb.jpg,8,25,151,0,134,51,35,1785,0.4538,0.19,0.4977,1.0,0.1316,0.7663,131.56
images---2022-08-07T114904-725_jpg.rf.mlyqLycou4EwFAj055Mb.jpg,9,128,104,110,86,37,37,1369,0.4604,0.23,0.5086,1.0,0.0187,0.4656,18.7
images---2022-08-07T114904-725_jpg.rf.mlyqLycou4EwFAj055Mb.jpg,10,255,81,188,19,134,124,16616,0.4794,0.22,0.5756,1.0,0.0096,0.5705,9.6
images---2022-08-07T114904-794_jpg.rf.k3lkCcgbooumkpJxPHMv.jpg,1,275,331,267,325,16,13,208,0.6531,0.65,0.5081,1.0,0.4777,0.2614,477.67
images---2022-08-07T114904-899_jpg.rf.QyzK89peefONplusACL3.jpg,1,265,503,255,495,21,17,357,0.5058,0.37,0.4904,1.0,0.047,0.3452,47.03
images---2022-08-07T114904-936_jpg.rf.CEMLzJ9yJQCxJK10EX0d.jpg,1,190,219,184,210,13,18,234,0.4844,0.25,0.5103,1.0,0.1831,0.2067,183.12
images---2022-08-07T114904-936_jpg.rf.CEMLzJ9yJQCxJK10EX0d.jpg,2,294,13,286,7,16,13,208,0.5034,0.27,0.5764,0.5357,1.0,0.1071,1288.42
images---2022-08-07T114905-036_jpg.rf.vVRrWCBlqFJTDXURsYJ8.jpg,1,261,185,257,181,9,9,81,0.5908,0.52,0.5429,1.0,0.1874,0.3401,187.44
images---2022-08-07T114905-203_jpg.rf.jH6RaMIhO552NCKetDBV.jpg,1,334,269,313,244,43,51,2193,0.4556,0.15,0.5591,1.0,0.0739,0.217,73.93
images---2022-08-07T114905-203_jpg.rf.jH6RaMIhO552NCKetDBV.jpg,2,282,93,257,37,51,112,5712,0.4909,0.19,0.6199,1.0,0.0743,0.3643,74.27
images---2022-08-07T114905-448_jpg.rf.TKlsyCNq5K5AUZ3lbEUQ.jpg,1,412,450,406,446,13,8,104,0.5221,0.36,0.5043,1.0,0.1962,0.38,196.2
images---2022-08-07T114905-448_jpg.rf.TKlsyCNq5K5AUZ3lbEUQ.jpg,2,500,451,488,443,24,17,408,0.5756,0.49,0.5264,1.0,0.1983,0.2908,198.26
images---2022-08-07T114905-448_jpg.rf.TKlsyCNq5K5AUZ3lbEUQ.jpg,3,466,441,452,425,28,32,896,0.5993,0.59,0.5108,1.0,0.1398,0.3557,139.77
images---2022-08-07T114905-448_jpg.rf.TKlsyCNq5K5AUZ3lbEUQ.jpg,4,434,439,423,424,22,30,660,0.5293,0.37,0.5238,1.0,0.1651,0.4125,165.06
images---2022-08-07T114905-448_jpg.rf.TKlsyCNq5K5AUZ3lbEUQ.jpg,5,258,438,241,420,34,37,1258,0.5494,0.41,0.5198,1.0,0.2396,0.4321,239.56
images---2022-08-07T114905-448_jpg.rf.TKlsyCNq5K5AUZ3lbEUQ.jpg,6,53,434,16,409,75,50,3750,0.572,0.32,0.4986,1.0,0.8551,0.5232,855.1
images---2022-08-07T114905-448_jpg.rf.TKlsyCNq5K5AUZ3lbEUQ.jpg,7,295,431,280,407,31,49,1519,0.5937,0.42,0.5847,1.0,0.4208,0.2566,420.76
images---2022-08-07T114905-448_jpg.rf.TKlsyCNq5K5AUZ3lbEUQ.jpg,8,380,408,375,403,10,10,100,0.5263,0.36,0.5177,1.0,0.1913,0.2314,191.32
images---2022-08-07T114905-448_jpg.rf.TKlsyCNq5K5AUZ3lbEUQ.jpg,9,133,431,102,400,63,63,3969,0.5488,0.36,0.5157,1.0,0.423,0.318,422.96
images---2022-08-07T114905-448_jpg.rf.TKlsyCNq5K5AUZ3lbEUQ.jpg,10,481,391,472,378,18,26,468,0.6525,0.61,0.5375,1.0,0.5089,0.4026,508.89
images---2022-08-07T114905-448_jpg.rf.TKlsyCNq5K5AUZ3lbEUQ.jpg,11,344,417,317,378,55,79,4345,0.581,0.4,0.5744,1.0,0.3998,0.3684,399.76
images---2022-08-07T114905-448_jpg.rf.TKlsyCNq5K5AUZ3lbEUQ.jpg,12,416,383,397,365,39,37,1443,0.6404,0.61,0.4805,1.0,0.5873,0.427,587.33
images---2022-08-07T114905-448_jpg.rf.TKlsyCNq5K5AUZ3lbEUQ.jpg,13,88,372,83,360,11,24,264,0.553,0.38,0.518,1.0,0.3875,0.2911,387.51
images---2022-08-07T114905-448_jpg.rf.TKlsyCNq5K5AUZ3lbEUQ.jpg,14,215,380,203,345,24,71,1704,0.6388,0.57,0.5278,1.0,0.5456,0.2734,545.61
images---2022-08-07T114905-448_jpg.rf.TKlsyCNq5K5AUZ3lbEUQ.jpg,15,499,355,486,344,26,22,572,0.555,0.38,0.5129,1.0,0.4251,0.4228,425.07
images---2022-08-07T114905-448_jpg.rf.TKlsyCNq5K5AUZ3lbEUQ.jpg,16,361,348,356,343,10,11,110,0.5296,0.61,0.5445,0.4249,0.4053,0.085,405.31
images---2022-08-07T114905-448_jpg.rf.TKlsyCNq5K5AUZ3lbEUQ.jpg,17,326,346,312,332,29,29,841,0.6146,0.59,0.4945,1.0,0.3502,0.2219,350.18
images---2022-08-07T114905-448_jpg.rf.TKlsyCNq5K5AUZ3lbEUQ.jpg,18,419,341,404,329,30,24,720,0.5368,0.41,0.4943,1.0,0.2027,0.3538,202.69
images---2022-08-07T114905-448_jpg.rf.TKlsyCNq5K5AUZ3lbEUQ.jpg,19,387,305,380,298,14,14,196,0.6228,0.6,0.5283,1.0,0.2785,0.2322,278.5
images---2022-08-07T114905-448_jpg.rf.TKlsyCNq5K5AUZ3lbEUQ.jpg,20,423,309,415,297,17,24,408,0.5472,0.39,0.5227,1.0,0.278,0.341,277.98
images---2022-08-07T114905-448_jpg.rf.TKlsyCNq5K5AUZ3lbEUQ.jpg,21,424,261,420,252,9,18,162,0.6095,0.59,0.5019,1.0,0.2732,0.2508,273.19
images---2022-08-07T114905-448_jpg.rf.TKlsyCNq5K5AUZ3lbEUQ.jpg,22,153,267,142,247,23,40,920,0.5831,0.52,0.5,1.0,0.2612,0.4143,261.18
images---2022-08-07T114905-448_jpg.rf.TKlsyCNq5K5AUZ3lbEUQ.jpg,23,340,259,313,233,55,53,2915,0.5298,0.39,0.4937,1.0,0.2056,0.5153,205.62
images---2022-08-07T114905-448_jpg.rf.TKlsyCNq5K5AUZ3lbEUQ.jpg,24,57,227,52,220,10,14,140,0.5111,0.36,0.4935,0.9528,0.2185,0.1906,218.51
images---2022-08-07T114905-448_jpg.rf.TKlsyCNq5K5AUZ3lbEUQ.jpg,25,348,217,341,209,15,17,255,0.4717,0.26,0.5127,1.0,0.012,0.3155,12.03
images---2022-08-07T114905-448_jpg.rf.TKlsyCNq5K5AUZ3lbEUQ.jpg,26,379,194,372,187,14,15,210,0.5093,0.33,0.532,1.0,0.0759,0.2208,75.86
images---2022-08-07T114905-448_jpg.rf.TKlsyCNq5K5AUZ3lbEUQ.jpg,27,370,116,362,98,16,36,576,0.481,0.27,0.5135,1.0,0.0678,0.2031,67.82
images---2022-08-07T114905-448_jpg.rf.TKlsyCNq5K5AUZ3lbEUQ.jpg,28,320,49,308,32,24,35,840,0.5588,0.37,0.5175,1.0,0.4823,0.3706,482.3
images---2022-08-07T114905-448_jpg.rf.TKlsyCNq5K5AUZ3lbEUQ.jpg,29,453,64,421,0,64,128,8192,0.5514,0.36,0.5936,1.0,0.1764,0.4352,176.42
images---2022-08-07T114905-448_jpg.rf.TKlsyCNq5K5AUZ3lbEUQ.jpg,30,222,12,210,0,25,25,625,0.5298,0.24,0.6501,1.0,0.1828,0.313,182.76
images---2022-08-07T114905-581_jpg.rf.FNyrsXB94cbyxNoDxQOp.jpg,1,338,459,331,455,15,9,135,0.6395,0.54,0.5322,0.9083,0.8258,0.1817,825.78
images---2022-08-07T114905-581_jpg.rf.FNyrsXB94cbyxNoDxQOp.jpg,2,436,452,427,445,19,15,285,0.4539,0.57,0.5069,0.233,0.3037,0.0466,303.73
images---2022-08-07T114905-581_jpg.rf.FNyrsXB94cbyxNoDxQOp.jpg,3,369,443,363,436,12,15,180,0.5649,0.48,0.5424,1.0,0.0703,0.3133,70.34
images---2022-08-07T114905-581_jpg.rf.FNyrsXB94cbyxNoDxQOp.jpg,4,402,440,394,434,16,13,208,0.5249,0.47,0.4888,0.9214,0.0505,0.1843,50.47
images---2022-08-07T114905-581_jpg.rf.FNyrsXB94cbyxNoDxQOp.jpg,5,429,431,422,424,14,14,196,0.5198,0.55,0.5266,0.5104,0.4092,0.1021,409.17
images---2022-08-07T114905-581_jpg.rf.FNyrsXB94cbyxNoDxQOp.jpg,6,341,429,327,414,28,31,868,0.5727,0.52,0.5274,1.0,0.0614,0.2192,61.4
images---2022-08-07T114905-581_jpg.rf.FNyrsXB94cbyxNoDxQOp.jpg,7,88,405,77,401,22,9,198,0.4808,0.47,0.5028,0.6793,0.0442,0.1359,44.25
images---2022-08-07T114905-581_jpg.rf.FNyrsXB94cbyxNoDxQOp.jpg,8,399,402,390,391,19,23,437,0.5279,0.5,0.5265,0.8249,0.0367,0.165,36.69
images---2022-08-07T114905-581_jpg.rf.FNyrsXB94cbyxNoDxQOp.jpg,9,486,425,461,390,51,70,3570,0.597,0.51,0.5137,1.0,0.3869,0.4979,386.89
images---2022-08-07T114905-581_jpg.rf.FNyrsXB94cbyxNoDxQOp.jpg,10,283,387,271,373,25,28,700,0.5989,0.59,0.4805,1.0,0.2423,0.2061,242.33
images---2022-08-07T114905-581_jpg.rf.FNyrsXB94cbyxNoDxQOp.jpg,11,440,384,400,360,80,48,3840,0.5612,0.48,0.5368,1.0,0.0533,0.2031,53.32
images---2022-08-07T114905-581_jpg.rf.FNyrsXB94cbyxNoDxQOp.jpg,12,272,306,265,300,15,13,195,0.553,0.37,0.4898,1.0,0.5209,0.2993,520.89
images---2022-08-07T114905-581_jpg.rf.FNyrsXB94cbyxNoDxQOp.jpg,13,494,286,476,274,36,24,864,0.5519,0.47,0.5286,1.0,0.0234,0.2374,23.45
images---2022-08-07T114905-581_jpg.rf.FNyrsXB94cbyxNoDxQOp.jpg,14,351,284,342,272,19,25,475,0.5394,0.48,0.4825,1.0,0.025,0.4377,24.96
images---2022-08-07T114905-581_jpg.rf.FNyrsXB94cbyxNoDxQOp.jpg,15,292,319,272,269,41,101,4141,0.6088,0.6,0.4949,1.0,0.2562,0.3101,256.17
images---2022-08-07T114905-581_jpg.rf.FNyrsXB94cbyxNoDxQOp.jpg,16,141,280,116,263,50,34,1700,0.4787,0.48,0.5196,0.6206,0.0471,0.1241,47.06
images---2022-08-07T114905-581_jpg.rf.FNyrsXB94cbyxNoDxQOp.jpg,17,433,275,417,256,32,38,1216,0.5003,0.5,0.5054,0.7091,0.0659,0.1418,65.92
images---2022-08-07T114905-581_jpg.rf.FNyrsXB94cbyxNoDxQOp.jpg,18,35,280,0,252,71,57,4047,0.4666,0.47,0.5091,0.5995,0.0407,0.1199,40.7
images---2022-08-07T114905-581_jpg.rf.FNyrsXB94cbyxNoDxQOp.jpg,19,135,252,125,244,21,16,336,0.4841,0.47,0.5714,0.5682,0.0595,0.1136,59.51
images---2022-08-07T114905-581_jpg.rf.FNyrsXB94cbyxNoDxQOp.jpg,20,318,246,299,233,38,27,1026,0.5622,0.54,0.528,0.7923,0.2992,0.1585,299.21
images---2022-08-07T114905-581_jpg.rf.FNyrsXB94cbyxNoDxQOp.jpg,21,475,239,469,228,13,22,286,0.4733,0.47,0.4995,0.6588,0.0215,0.1318,21.47
images---2022-08-07T114905-581_jpg.rf.FNyrsXB94cbyxNoDxQOp.jpg,22,35,234,30,226,11,16,176,0.548,0.47,0.5106,1.0,0.0481,0.2904,48.06
images---2022-08-07T114905-581_jpg.rf.FNyrsXB94cbyxNoDxQOp.jpg,23,359,216,351,203,17,26,442,0.4974,0.47,0.5227,0.6171,0.2656,0.1234,265.57
images---2022-08-07T114905-581_jpg.rf.FNyrsXB94cbyxNoDxQOp.jpg,24,222,217,203,194,39,46,1794,0.5566,0.28,0.6147,1.0,0.4344,0.3421,434.42
images---2022-08-07T114905-581_jpg.rf.FNyrsXB94cbyxNoDxQOp.jpg,25,367,196,355,188,25,16,400,0.4847,0.5,0.5305,0.5019,0.2364,0.1004,236.36
images---2022-08-07T114905-581_jpg.rf.FNyrsXB94cbyxNoDxQOp.jpg,26,3,167,0,159,7,17,119,0.4869,0.46,0.4952,0.756,0.0136,0.1512,13.6
images---2022-08-07T114905-581_jpg.rf.FNyrsXB94cbyxNoDxQOp.jpg,27,403,193,390,158,26,71,1846,0.4697,0.58,0.4615,0.4328,0.1866,0.0866,186.59
images---2022-08-07T114905-581_jpg.rf.FNyrsXB94cbyxNoDxQOp.jpg,28,230,149,226,143,9,13,117,0.5263,0.46,0.4987,0.9429,0.0214,0.1886,21.39
images---2022-08-07T114905-581_jpg.rf.FNyrsXB94cbyxNoDxQOp.jpg,29,298,180,254,133,88,94,8272,0.5531,0.36,0.5387,1.0,0.3855,0.4417,385.49
images---2022-08-07T114905-581_jpg.rf.FNyrsXB94cbyxNoDxQOp.jpg,30,245,120,232,111,27,18,486,0.5343,0.47,0.5698,0.8376,0.0284,0.1675,28.44
images---2022-08-07T114905-581_jpg.rf.FNyrsXB94cbyxNoDxQOp.jpg,31,480,120,465,108,31,24,744,0.5457,0.47,0.5139,1.0,0.0136,0.3146,13.62
images---2022-08-07T114905-581_jpg.rf.FNyrsXB94cbyxNoDxQOp.jpg,32,148,107,137,98,22,19,418,0.5595,0.5,0.5088,1.0,0.0645,0.3188,64.47
images---2022-08-07T114905-581_jpg.rf.FNyrsXB94cbyxNoDxQOp.jpg,33,290,108,259,91,62,35,2170,0.5476,0.46,0.5174,1.0,0.0549,0.291,54.9
images---2022-08-07T114905-581_jpg.rf.FNyrsXB94cbyxNoDxQOp.jpg,34,453,102,440,78,27,49,1323,0.5463,0.47,0.5152,1.0,0.0144,0.2253,14.39
images---2022-08-07T114905-581_jpg.rf.FNyrsXB94cbyxNoDxQOp.jpg,35,502,87,492,77,20,21,420,0.5749,0.5,0.5379,1.0,0.1161,0.2005,116.11
images---2022-08-07T114905-581_jpg.rf.FNyrsXB94cbyxNoDxQOp.jpg,36,306,76,296,65,21,23,483,0.5516,0.47,0.5281,1.0,0.0226,0.2511,22.65
images---2022-08-07T114905-581_jpg.rf.FNyrsXB94cbyxNoDxQOp.jpg,37,462,57,450,46,24,22,528,0.5324,0.47,0.5471,0.8701,0.024,0.174,23.96
images---2022-08-07T114905-581_jpg.rf.FNyrsXB94cbyxNoDxQOp.jpg,38,227,57,204,43,47,28,1316,0.5505,0.48,0.5349,0.964,0.0249,0.1928,24.9
images---2022-08-07T114905-581_jpg.rf.FNyrsXB94cbyxNoDxQOp.jpg,39,378,35,373,30,10,11,110,0.5277,0.34,0.549,1.0,0.166,0.336,166.02
images---2022-08-07T114905-581_jpg.rf.FNyrsXB94cbyxNoDxQOp.jpg,40,193,35,183,27,20,16,320,0.5949,0.58,0.5026,1.0,0.1599,0.3906,159.86
images---2022-08-07T114905-581_jpg.rf.FNyrsXB94cbyxNoDxQOp.jpg,41,457,13,449,5,16,17,272,0.4906,0.48,0.5168,0.6952,0.0266,0.139,26.56
images---2022-08-07T114905-581_jpg.rf.FNyrsXB94cbyxNoDxQOp.jpg,42,162,14,151,5,23,18,414,0.5746,0.51,0.5343,1.0,0.0911,0.2246,91.09
images---2022-08-07T114905-581_jpg.rf.FNyrsXB94cbyxNoDxQOp.jpg,43,384,8,379,0,11,16,176,0.5405,0.46,0.5041,1.0,0.0313,0.3577,31.26
images---2022-08-07T114905-581_jpg.rf.FNyrsXB94cbyxNoDxQOp.jpg,44,341,10,325,0,32,21,672,0.5659,0.48,0.553,1.0,0.0432,0.2163,43.18
images---2022-08-07T114905-581_jpg.rf.FNyrsXB94cbyxNoDxQOp.jpg,45,243,10,223,0,40,20,800,0.5498,0.5,0.4926,1.0,0.024,0.6213,23.98
images---2022-08-07T114905-692_jpg.rf.o9wGVqt93EOspqVgMgrt.jpg,1,274,246,264,237,21,19,399,0.507,0.27,0.5293,1.0,0.2727,0.2581,272.69
images---2022-08-07T114905-692_jpg.rf.o9wGVqt93EOspqVgMgrt.jpg,2,157,65,142,50,30,31,930,0.5902,0.38,0.5225,1.0,0.7432,0.2403,743.22
images---2022-08-07T114905-692_jpg.rf.o9wGVqt93EOspqVgMgrt.jpg,3,200,53,185,39,31,29,899,0.5551,0.43,0.4777,1.0,0.3737,0.2876,373.67
images---2022-08-07T114905-692_jpg.rf.o9wGVqt93EOspqVgMgrt.jpg,4,184,13,162,0,44,26,1144,0.5818,0.52,0.5043,1.0,0.2329,0.202,232.93
images---2022-08-07T114905-875_jpg.rf.sbQVieV5Fq8nuKpB8MuF.jpg,1,276,329,269,302,14,55,770,0.6329,0.55,0.5395,1.0,0.5154,0.2428,515.36
images---2022-08-07T114906-050_jpg.rf.cYDqeqtId9Xyx0bhyuMC.jpg,1,245,498,238,485,14,27,378,0.5693,0.54,0.4895,1.0,0.0898,0.4347,89.78
images---2022-08-07T114906-050_jpg.rf.cYDqeqtId9Xyx0bhyuMC.jpg,2,360,415,353,403,14,24,336,0.5042,0.34,0.5182,1.0,0.0385,0.5449,38.45
images---2022-08-07T114906-050_jpg.rf.cYDqeqtId9Xyx0bhyuMC.jpg,3,294,456,265,401,59,111,6549,0.5663,0.53,0.4837,1.0,0.1151,0.4357,115.08
images---2022-08-07T114906-050_jpg.rf.cYDqeqtId9Xyx0bhyuMC.jpg,4,374,385,365,371,18,29,522,0.5108,0.34,0.5302,1.0,0.0623,0.4504,62.29
images---2022-08-07T114906-050_jpg.rf.cYDqeqtId9Xyx0bhyuMC.jpg,5,218,301,205,262,26,79,2054,0.5514,0.46,0.5145,1.0,0.103,0.2817,102.97
images---2022-08-07T114906-050_jpg.rf.cYDqeqtId9Xyx0bhyuMC.jpg,6,407,29,397,21,21,16,336,0.5386,0.38,0.5505,1.0,0.1296,0.2348,129.64
images---2022-08-07T114906-086_jpg.rf.DWfp5j1atT2RHaDTPGtN.jpg,1,451,454,446,445,11,19,209,0.5938,0.35,0.4894,1.0,1.0,0.4362,1169.24
images---2022-08-07T114906-086_jpg.rf.DWfp5j1atT2RHaDTPGtN.jpg,2,161,452,130,439,63,26,1638,0.5949,0.37,0.5436,1.0,0.751,0.4404,750.99
images---2022-08-07T114906-086_jpg.rf.DWfp5j1atT2RHaDTPGtN.jpg,3,435,425,406,384,59,82,4838,0.5607,0.36,0.5299,1.0,0.4924,0.4122,492.37
images---2022-08-07T114906-086_jpg.rf.DWfp5j1atT2RHaDTPGtN.jpg,4,317,396,260,327,115,139,15985,0.5529,0.37,0.5069,1.0,0.4598,0.4863,459.81
images---2022-08-07T114906-086_jpg.rf.DWfp5j1atT2RHaDTPGtN.jpg,5,359,272,353,264,12,16,192,0.6159,0.6,0.4806,0.9375,0.5018,0.1875,501.77
images---2022-08-07T114906-086_jpg.rf.DWfp5j1atT2RHaDTPGtN.jpg,6,112,211,106,204,12,14,168,0.5891,0.37,0.5819,0.9135,0.7324,0.1827,732.44
images---2022-08-07T114906-086_jpg.rf.DWfp5j1atT2RHaDTPGtN.jpg,7,179,212,169,186,20,52,1040,0.581,0.39,0.5397,1.0,0.5558,0.2808,555.83
images---2022-08-07T114906-086_jpg.rf.DWfp5j1atT2RHaDTPGtN.jpg,8,78,188,74,170,8,36,288,0.5631,0.28,0.4718,1.0,1.0,0.2198,1009.28
images---2022-08-07T114906-086_jpg.rf.DWfp5j1atT2RHaDTPGtN.jpg,9,100,106,85,75,31,62,1922,0.5481,0.29,0.5247,1.0,0.6294,0.3331,629.41
images---2022-08-07T114906-086_jpg.rf.DWfp5j1atT2RHaDTPGtN.jpg,10,69,109,50,66,38,86,3268,0.5459,0.28,0.5358,1.0,0.6033,0.369,603.27
images---2022-08-07T114906-086_jpg.rf.DWfp5j1atT2RHaDTPGtN.jpg,11,46,23,39,12,15,22,330,0.5664,0.36,0.6349,1.0,0.1814,0.2908,181.36
images---2022-08-07T114906-086_jpg.rf.DWfp5j1atT2RHaDTPGtN.jpg,12,483,42,454,10,58,64,3712,0.5325,0.35,0.5379,1.0,0.2177,0.3908,217.72
images---2022-08-07T114906-189_jpg.rf.lgBZx4e1kDyhu9c5pfTq.jpg,1,422,456,417,450,10,12,120,0.5373,0.54,0.5036,0.483,0.754,0.0966,754.0
images---2022-08-07T114906-189_jpg.rf.lgBZx4e1kDyhu9c5pfTq.jpg,2,500,452,488,439,24,26,624,0.6704,0.59,0.5559,1.0,0.6938,0.2474,693.76
images---2022-08-07T114906-189_jpg.rf.lgBZx4e1kDyhu9c5pfTq.jpg,3,371,450,361,437,21,27,567,0.5313,0.28,0.4947,1.0,0.6017,0.3147,601.68
images---2022-08-07T114906-189_jpg.rf.lgBZx4e1kDyhu9c5pfTq.jpg,4,148,430,143,425,11,11,121,0.5446,0.58,0.5233,0.7372,0.1105,0.1474,110.52
images---2022-08-07T114906-189_jpg.rf.lgBZx4e1kDyhu9c5pfTq.jpg,5,446,434,432,422,29,24,696,0.5553,0.58,0.4998,0.5928,0.5876,0.1186,587.57
images---2022-08-07T114906-189_jpg.rf.lgBZx4e1kDyhu9c5pfTq.jpg,6,503,417,497,412,12,10,120,0.6129,0.6,0.5298,0.8333,0.5079,0.1667,507.88
images---2022-08-07T114906-189_jpg.rf.lgBZx4e1kDyhu9c5pfTq.jpg,7,348,379,327,368,43,22,946,0.4523,0.53,0.4641,0.4358,0.172,0.0872,171.97
images---2022-08-07T114906-189_jpg.rf.lgBZx4e1kDyhu9c5pfTq.jpg,8,45,218,41,213,9,11,99,0.5182,0.51,0.5449,0.7039,0.0819,0.1408,81.86
images---2022-08-07T114906-189_jpg.rf.lgBZx4e1kDyhu9c5pfTq.jpg,9,83,119,71,111,24,17,408,0.5296,0.52,0.5138,0.8046,0.0688,0.1609,68.79
images---2022-08-07T114906-223_jpg.rf.07FYWWR1zkJpuSnatlGb.jpg,1,91,409,73,399,37,21,777,0.5944,0.53,0.5684,1.0,0.0995,0.2059,99.47
images---2022-08-07T114906-223_jpg.rf.07FYWWR1zkJpuSnatlGb.jpg,2,205,416,191,387,28,58,1624,0.5132,0.42,0.466,1.0,0.0312,0.2089,31.22
images---2022-08-07T114906-333_jpg.rf.bLAjhzgfe0cZHDNfwdWn.jpg,1,347,418,295,390,104,57,5928,0.5282,0.43,0.5015,1.0,0.0219,0.4402,21.91
images---2022-08-07T114906-333_jpg.rf.bLAjhzgfe0cZHDNfwdWn.jpg,2,191,374,181,368,20,12,240,0.5372,0.3,0.5291,0.9961,0.4782,0.1992,478.22
images---2022-08-07T114906-333_jpg.rf.bLAjhzgfe0cZHDNfwdWn.jpg,3,154,346,130,306,48,80,3840,0.5654,0.37,0.4957,1.0,0.6246,0.3438,624.64
images---2022-08-07T114906-333_jpg.rf.bLAjhzgfe0cZHDNfwdWn.jpg,4,445,275,439,267,12,17,204,0.4698,0.27,0.4737,0.9483,0.1984,0.1897,198.43
images---2022-08-07T114906-333_jpg.rf.bLAjhzgfe0cZHDNfwdWn.jpg,5,331,215,322,207,19,16,304,0.5703,0.52,0.5022,1.0,0.1255,0.3744,125.55
images---2022-08-07T114906-333_jpg.rf.bLAjhzgfe0cZHDNfwdWn.jpg,6,362,187,336,167,52,40,2080,0.5037,0.36,0.4461,1.0,0.2158,0.3678,215.83
images---2022-08-07T114906-333_jpg.rf.bLAjhzgfe0cZHDNfwdWn.jpg,7,4,160,0,149,8,22,176,0.5326,0.34,0.5074,1.0,0.3597,0.2941,359.72
images---2022-08-07T114906-333_jpg.rf.bLAjhzgfe0cZHDNfwdWn.jpg,8,53,145,23,120,61,50,3050,0.535,0.34,0.5611,1.0,0.1962,0.236,196.15
images---2022-08-07T114906-333_jpg.rf.bLAjhzgfe0cZHDNfwdWn.jpg,9,4,106,0,98,9,16,144,0.5299,0.35,0.5262,1.0,0.2317,0.3976,231.72
images---2022-08-07T114906-333_jpg.rf.bLAjhzgfe0cZHDNfwdWn.jpg,10,5,83,0,78,10,11,110,0.5176,0.34,0.5087,1.0,0.2053,0.3859,205.31
images---2022-08-07T114906-333_jpg.rf.bLAjhzgfe0cZHDNfwdWn.jpg,11,415,63,398,42,34,43,1462,0.5393,0.52,0.527,0.7569,0.2147,0.1514,214.7
images---2022-08-07T114906-333_jpg.rf.bLAjhzgfe0cZHDNfwdWn.jpg,12,47,46,19,21,57,51,2907,0.4939,0.32,0.4827,1.0,0.1296,0.3918,129.64
images---2022-08-07T114906-333_jpg.rf.bLAjhzgfe0cZHDNfwdWn.jpg,13,144,18,134,6,21,24,504,0.4996,0.32,0.4943,1.0,0.146,0.4158,146.05
images---2022-08-07T114906-453_jpg.rf.p1JaQqCksZXve6jcZTRU.jpg,1,476,439,472,433,9,13,117,0.5801,0.38,0.5277,1.0,0.624,0.221,623.97
images---2022-08-07T114906-453_jpg.rf.p1JaQqCksZXve6jcZTRU.jpg,2,331,344,321,337,21,14,294,0.4832,0.23,0.5507,1.0,0.0999,0.3007,99.93
images---2022-08-07T114906-453_jpg.rf.p1JaQqCksZXve6jcZTRU.jpg,3,507,247,503,240,9,15,135,0.6868,0.61,0.4951,1.0,1.0,0.2914,1307.37
images---2022-08-07T114906-453_jpg.rf.p1JaQqCksZXve6jcZTRU.jpg,4,48,265,0,239,97,52,5044,0.509,0.37,0.5091,1.0,0.0128,0.2242,12.76
images---2022-08-07T114906-453_jpg.rf.p1JaQqCksZXve6jcZTRU.jpg,5,470,134,465,130,11,8,88,0.5609,0.6,0.5273,0.6196,0.4242,0.1239,424.23
images---2022-08-07T114906-453_jpg.rf.p1JaQqCksZXve6jcZTRU.jpg,6,282,114,237,90,91,48,4368,0.5304,0.34,0.5342,1.0,0.2445,0.3173,244.48
images--12-_jpg.rf.136vDLJADP8rRQcjGv4Q.jpg,1,323,495,305,479,36,33,1188,0.5577,0.47,0.5475,1.0,0.0159,0.4225,15.91
images--12-_jpg.rf.136vDLJADP8rRQcjGv4Q.jpg,2,377,414,372,409,10,11,110,0.5056,0.39,0.5511,0.6818,0.399,0.1364,398.99
images--13-_jpg.rf.4QgqNQkkgvx6PPJs3YgB.jpg,1,308,396,290,385,37,23,851,0.6139,0.41,0.4867,1.0,1.0,0.2921,1190.87
images--14-_jpg.rf.QFwSzL3pqt96ggktD0CK.jpg,1,413,371,408,361,11,20,220,0.5704,0.39,0.4992,1.0,0.5919,0.2758,591.89
images--14-_jpg.rf.QFwSzL3pqt96ggktD0CK.jpg,2,467,364,423,292,89,145,12905,0.5533,0.37,0.5093,1.0,0.4555,0.4575,455.45
images--2-_jpg.rf.MecO9sjynMF7SCobDRtc.jpg,1,246,394,242,389,9,10,90,0.5554,0.29,0.5198,1.0,0.7194,0.2814,719.42
images--2-_jpg.rf.MecO9sjynMF7SCobDRtc.jpg,2,275,328,254,278,43,100,4300,0.5399,0.35,0.5368,1.0,0.2951,0.4193,295.06
images--2-_jpg.rf.MecO9sjynMF7SCobDRtc.jpg,3,319,269,281,175,77,188,14476,0.5499,0.35,0.5926,1.0,0.2003,0.4517,200.32
images--2-_jpg.rf.MecO9sjynMF7SCobDRtc.jpg,4,239,175,233,163,13,24,312,0.5627,0.33,0.5411,1.0,0.578,0.2467,578.01
images--20-_jpg.rf.NyXwNZu8MdnVtisMreiH.jpg,1,18,502,0,493,36,19,684,0.5215,0.4,0.5153,1.0,0.0113,0.4962,11.28
images--20-_jpg.rf.NyXwNZu8MdnVtisMreiH.jpg,2,25,456,0,431,51,50,2550,0.527,0.4,0.5301,1.0,0.0142,0.4884,14.21
images--20-_jpg.rf.NyXwNZu8MdnVtisMreiH.jpg,3,213,115,205,111,17,9,153,0.4704,0.49,0.5081,0.5911,0.0279,0.1182,27.86
images--20-_jpg.rf.NyXwNZu8MdnVtisMreiH.jpg,4,362,121,343,100,39,42,1638,0.5069,0.3,0.568,1.0,0.0307,0.4346,30.69
images--20-_jpg.rf.NyXwNZu8MdnVtisMreiH.jpg,5,157,81,146,74,23,15,345,0.4761,0.24,0.5462,0.9947,0.0196,0.1989,19.6
images--33-_jpg.rf.IqE3mWPW6890Hr8j8Tc7.jpg,1,31,215,0,195,63,41,2583,0.4942,0.26,0.564,1.0,0.0581,0.2286,58.06
images--35-_jpg.rf.gJy4ZbJVu3eJUDpZUETx.jpg,1,276,323,253,264,46,118,5428,0.5543,0.37,0.5456,1.0,0.3386,0.4361,338.65
images--35-_jpg.rf.gJy4ZbJVu3eJUDpZUETx.jpg,2,318,265,278,153,81,225,18225,0.5374,0.36,0.5025,1.0,0.3555,0.4453,355.52
images--35-_jpg.rf.gJy4ZbJVu3eJUDpZUETx.jpg,3,242,183,223,151,38,64,2432,0.5713,0.37,0.5249,1.0,0.5811,0.2108,581.12
images--37-_jpg.rf.Z23qsOT6flVyKyeFITtA.jpg,1,472,400,433,288,79,224,17696,0.4657,0.19,0.5595,1.0,0.0338,0.3623,33.85
images--37-_jpg.rf.Z23qsOT6flVyKyeFITtA.jpg,2,394,300,382,278,24,44,1056,0.4831,0.27,0.5237,1.0,0.0533,0.3041,53.33
images--37-_jpg.rf.Z23qsOT6flVyKyeFITtA.jpg,3,87,259,79,227,17,65,1105,0.5447,0.49,0.4854,1.0,0.0325,0.3296,32.5
images--37-_jpg.rf.Z23qsOT6flVyKyeFITtA.jpg,4,126,215,122,209,9,13,117,0.5255,0.42,0.4972,1.0,0.0448,0.2133,44.83
images--37-_jpg.rf.Z23qsOT6flVyKyeFITtA.jpg,5,161,210,150,198,23,24,552,0.5586,0.48,0.5244,1.0,0.0705,0.3984,70.49
images--37-_jpg.rf.Z23qsOT6flVyKyeFITtA.jpg,6,137,177,130,163,15,28,420,0.5448,0.45,0.5292,1.0,0.0211,0.3454,21.1
images--37-_jpg.rf.Z23qsOT6flVyKyeFITtA.jpg,7,100,191,84,163,32,56,1792,0.5925,0.5,0.5507,1.0,0.2471,0.2219,247.09
images--37-_jpg.rf.Z23qsOT6flVyKyeFITtA.jpg,8,352,84,344,74,17,20,340,0.5209,0.28,0.5775,1.0,0.2074,0.2306,207.41
images--40-_jpg.rf.GtBh22szSuNzwakXEVsz.jpg,1,270,480,264,474,13,12,156,0.6442,0.59,0.542,0.8333,0.8137,0.1667,813.73
images--40-_jpg.rf.GtBh22szSuNzwakXEVsz.jpg,2,297,446,287,434,20,24,480,0.5658,0.38,0.4929,1.0,0.6027,0.2231,602.71
images--40-_jpg.rf.GtBh22szSuNzwakXEVsz.jpg,3,252,424,214,373,77,102,7854,0.5937,0.37,0.4691,1.0,1.0,0.3885,1064.92
images--40-_jpg.rf.GtBh22szSuNzwakXEVsz.jpg,4,272,347,264,338,16,19,304,0.6116,0.43,0.4604,1.0,1.0,0.394,1157.74
images--40-_jpg.rf.GtBh22szSuNzwakXEVsz.jpg,5,350,254,326,211,48,87,4176,0.6081,0.29,0.5901,1.0,1.0,0.2251,1577.92
images--40-_jpg.rf.GtBh22szSuNzwakXEVsz.jpg,6,168,220,113,158,111,125,13875,0.5924,0.29,0.6088,1.0,0.7785,0.425,778.51
images--40-_jpg.rf.GtBh22szSuNzwakXEVsz.jpg,7,351,94,305,28,92,133,12236,0.5845,0.28,0.5768,1.0,0.8464,0.3414,846.4
images--43-_jpg.rf.Zjz6Iw7Z13lSJcDi1ZTF.jpg,1,443,42,436,37,14,10,140,0.5124,0.26,0.5529,1.0,0.2784,0.3287,278.35
images--44-_jpg.rf.XBSp56vzLaDRL9cesFgI.jpg,1,472,327,468,319,9,17,153,0.4707,0.23,0.5143,1.0,0.1023,0.2085,102.26
images--44-_jpg.rf.XBSp56vzLaDRL9cesFgI.jpg,2,462,170,449,154,27,33,891,0.5044,0.34,0.4405,0.9715,0.3695,0.1943,369.47
images--46-_jpg.rf.wVyUS6RuvjkPidUUP9p4.jpg,1,395,505,390,498,10,14,140,0.5899,0.38,0.524,1.0,0.7346,0.3705,734.64
images--46-_jpg.rf.wVyUS6RuvjkPidUUP9p4.jpg,2,463,244,453,231,20,26,520,0.6195,0.6,0.511,1.0,0.3068,0.3191,306.77
images--46-_jpg.rf.wVyUS6RuvjkPidUUP9p4.jpg,3,3,110,0,103,6,14,84,0.5666,0.5,0.5131,1.0,0.1197,0.3846,119.74
images--46-_jpg.rf.wVyUS6RuvjkPidUUP9p4.jpg,4,506,60,500,11,12,98,1176,0.5999,0.5,0.607,1.0,0.1247,0.4273,124.73
images--46-_jpg.rf.wVyUS6RuvjkPidUUP9p4.jpg,5,211,23,203,9,17,29,493,0.58,0.55,0.5137,1.0,0.0773,0.2944,77.28
images--46-_jpg.rf.wVyUS6RuvjkPidUUP9p4.jpg,6,23,12,18,5,11,14,154,0.6033,0.61,0.528,0.9478,0.1541,0.1896,154.07
images--46-_jpg.rf.wVyUS6RuvjkPidUUP9p4.jpg,7,409,48,360,0,99,96,9504,0.5527,0.48,0.5049,1.0,0.08,0.3567,80.0
images--46-_jpg.rf.wVyUS6RuvjkPidUUP9p4.jpg,8,64,9,57,0,14,19,266,0.6025,0.59,0.5868,0.8923,0.1215,0.1785,121.53
images--50-_jpg.rf.LrbFPq5Iu7Qc3pl8Kbcr.jpg,1,400,502,395,496,11,12,132,0.5818,0.42,0.5612,0.6917,1.0,0.1383,1051.55
images--50-_jpg.rf.LrbFPq5Iu7Qc3pl8Kbcr.jpg,2,40,494,33,485,14,19,266,0.6182,0.62,0.4986,0.7754,0.7157,0.1551,715.74
images--50-_jpg.rf.LrbFPq5Iu7Qc3pl8Kbcr.jpg,3,142,458,137,452,11,13,143,0.7033,0.6,0.5522,1.0,1.0,0.3009,1081.86
images--50-_jpg.rf.LrbFPq5Iu7Qc3pl8Kbcr.jpg,4,241,412,230,405,23,15,345,0.5666,0.4,0.5411,1.0,0.3722,0.2709,372.22
images--50-_jpg.rf.LrbFPq5Iu7Qc3pl8Kbcr.jpg,5,117,342,96,330,43,24,1032,0.4534,0.17,0.6073,0.7348,0.3437,0.147,343.68
images--50-_jpg.rf.LrbFPq5Iu7Qc3pl8Kbcr.jpg,6,53,87,46,80,14,15,210,0.5717,0.38,0.5297,1.0,0.5326,0.3447,532.62
images--50-_jpg.rf.LrbFPq5Iu7Qc3pl8Kbcr.jpg,7,475,62,468,55,15,14,210,0.5659,0.39,0.5129,1.0,0.4994,0.2037,499.38
images--50-_jpg.rf.LrbFPq5Iu7Qc3pl8Kbcr.jpg,8,415,58,405,52,20,12,240,0.5186,0.38,0.4739,0.9505,0.2967,0.1901,296.65
images--50-_jpg.rf.LrbFPq5Iu7Qc3pl8Kbcr.jpg,9,424,24,420,18,8,13,104,0.5154,0.38,0.5223,0.8,0.396,0.16,395.96
images--52-_jpg.rf.r4mHPRvCqJE5Bj1mIEUc.jpg,1,345,175,339,168,12,15,180,0.5332,0.36,0.4859,1.0,0.3717,0.4414,371.69
images--56-_jpg.rf.dWbZqVZcwKVZyFImk6kJ.jpg,1,13,507,7,502,12,10,120,0.5367,0.46,0.4905,1.0,0.0408,0.276,40.76
images--56-_jpg.rf.dWbZqVZcwKVZyFImk6kJ.jpg,2,407,506,403,500,8,12,96,0.6253,0.42,0.5093,1.0,1.0,0.3389,1264.86
images--56-_jpg.rf.dWbZqVZcwKVZyFImk6kJ.jpg,3,131,504,125,496,12,16,192,0.5734,0.59,0.5213,0.5303,0.7839,0.1061,783.9
images--56-_jpg.rf.dWbZqVZcwKVZyFImk6kJ.jpg,4,165,501,145,490,40,22,880,0.6903,0.64,0.5281,1.0,0.8148,0.2864,814.81
images--56-_jpg.rf.dWbZqVZcwKVZyFImk6kJ.jpg,5,25,483,16,477,19,13,247,0.6129,0.58,0.5108,1.0,0.3107,0.2194,310.71
images--56-_jpg.rf.dWbZqVZcwKVZyFImk6kJ.jpg,6,103,482,73,459,60,47,2820,0.6422,0.62,0.4895,1.0,0.539,0.2189,539.05
images--56-_jpg.rf.dWbZqVZcwKVZyFImk6kJ.jpg,7,7,460,0,453,14,15,210,0.6815,0.62,0.508,1.0,0.8671,0.2574,867.07
images--56-_jpg.rf.dWbZqVZcwKVZyFImk6kJ.jpg,8,29,437,21,420,16,34,544,0.585,0.41,0.5758,1.0,0.3997,0.3106,399.67
images--56-_jpg.rf.dWbZqVZcwKVZyFImk6kJ.jpg,9,4,407,0,395,8,24,192,0.5994,0.35,0.6113,1.0,0.6294,0.2877,629.35
images--56-_jpg.rf.dWbZqVZcwKVZyFImk6kJ.jpg,10,484,429,457,347,55,165,9075,0.5285,0.37,0.4605,1.0,0.3787,0.5761,378.71
images--56-_jpg.rf.dWbZqVZcwKVZyFImk6kJ.jpg,11,11,300,0,277,23,46,1058,0.4817,0.3,0.4955,1.0,0.0323,0.3145,32.35
images--56-_jpg.rf.dWbZqVZcwKVZyFImk6kJ.jpg,12,20,51,0,7,40,88,3520,0.5639,0.5,0.5311,1.0,0.0297,0.3704,29.68
images--56-_jpg.rf.dWbZqVZcwKVZyFImk6kJ.jpg,13,486,29,460,0,52,58,3016,0.4899,0.34,0.4711,1.0,0.0604,0.6988,60.41
images--56-_jpg.rf.dWbZqVZcwKVZyFImk6kJ.jpg,14,387,50,363,0,49,101,4949,0.6653,0.78,0.4712,1.0,0.2739,0.3988,273.89
images--56-_jpg.rf.dWbZqVZcwKVZyFImk6kJ.jpg,15,132,33,101,0,62,66,4092,0.5191,0.53,0.4686,0.8277,0.0405,0.1655,40.48
images--57-_jpg.rf.9YHsj5FigI1EXyl8tfCk.jpg,1,183,378,177,373,13,11,143,0.4687,0.17,0.5016,1.0,0.3365,0.4017,336.54
images--57-_jpg.rf.9YHsj5FigI1EXyl8tfCk.jpg,2,370,231,364,220,12,23,276,0.4885,0.31,0.487,1.0,0.0953,0.2512,95.26
images--57-_jpg.rf.9YHsj5FigI1EXyl8tfCk.jpg,3,327,135,324,126,7,18,126,0.4682,0.16,0.5278,1.0,0.2752,0.3,275.18
images--57-_jpg.rf.9YHsj5FigI1EXyl8tfCk.jpg,4,344,123,341,116,7,15,105,0.4533,0.14,0.5154,1.0,0.2393,0.3002,239.29
images--57-_jpg.rf.9YHsj5FigI1EXyl8tfCk.jpg,5,80,125,49,94,62,63,3906,0.5653,0.27,0.7313,1.0,0.1481,0.2414,148.11
images--57-_jpg.rf.9YHsj5FigI1EXyl8tfCk.jpg,6,160,99,157,91,7,17,119,0.5503,0.26,0.6386,1.0,0.3576,0.2269,357.61
images--57-_jpg.rf.9YHsj5FigI1EXyl8tfCk.jpg,7,111,90,105,82,13,16,208,0.469,0.22,0.4967,1.0,0.1819,0.3129,181.89
images--58-_jpg.rf.9mokESG7yWTouF3BWgUS.jpg,1,102,355,76,331,52,49,2548,0.6078,0.41,0.527,1.0,0.798,0.46,797.97
images--58-_jpg.rf.9mokESG7yWTouF3BWgUS.jpg,2,431,138,420,127,23,22,506,0.5238,0.26,0.5484,1.0,0.409,0.2345,408.96
images--63-_jpg.rf.rTclOKwv8CGwC6OFIP1K.jpg,1,204,505,200,499,8,13,104,0.5862,0.3,0.5176,1.0,1.0,0.2947,1098.74
images--63-_jpg.rf.rTclOKwv8CGwC6OFIP1K.jpg,2,96,463,83,447,27,32,864,0.5222,0.26,0.4702,0.8333,1.0,0.1667,1205.88
images--63-_jpg.rf.rTclOKwv8CGwC6OFIP1K.jpg,3,58,250,52,242,12,17,204,0.5327,0.27,0.4753,1.0,0.7185,0.25,718.53
images--68-_jpg.rf.aRjR0r0TiiT3xjIUIoy1.jpg,1,193,479,168,468,51,23,1173,0.533,0.31,0.5846,1.0,0.1985,0.4027,198.52
images--70-_jpg.rf.eOZY0lmdwAaZYLgUfk3e.jpg,1,382,477,365,442,35,70,2450,0.4964,0.22,0.6055,1.0,0.0748,0.3673,74.81
images--70-_jpg.rf.eOZY0lmdwAaZYLgUfk3e.jpg,2,336,310,324,293,24,34,816,0.5222,0.21,0.6578,1.0,0.1845,0.2325,184.48
images--74-_jpg.rf.TdgF0myI8z7qZzxeXGPT.jpg,1,243,506,227,501,33,11,363,0.625,0.61,0.4999,0.8693,0.6273,0.1739,627.26
images--74-_jpg.rf.TdgF0myI8z7qZzxeXGPT.jpg,2,420,500,400,489,40,23,920,0.4605,0.59,0.5272,0.1691,0.3569,0.0338,356.9
images--74-_jpg.rf.TdgF0myI8z7qZzxeXGPT.jpg,3,79,497,68,482,23,30,690,0.5807,0.39,0.4121,1.0,1.0,0.3992,1149.59
images--74-_jpg.rf.TdgF0myI8z7qZzxeXGPT.jpg,4,463,478,455,465,17,27,459,0.6842,0.61,0.5871,0.9593,0.7333,0.1919,733.25
images--74-_jpg.rf.TdgF0myI8z7qZzxeXGPT.jpg,5,196,451,192,445,9,12,108,0.7046,0.61,0.5649,1.0,0.9334,0.3333,933.38
images--74-_jpg.rf.TdgF0myI8z7qZzxeXGPT.jpg,6,31,458,16,442,30,32,960,0.701,0.61,0.5358,1.0,1.0,0.2246,1147.83
images--74-_jpg.rf.TdgF0myI8z7qZzxeXGPT.jpg,7,221,448,215,441,12,15,180,0.6179,0.43,0.5624,1.0,0.706,0.2423,706.04
images--74-_jpg.rf.TdgF0myI8z7qZzxeXGPT.jpg,8,501,442,490,425,22,34,748,0.629,0.39,0.5828,1.0,0.885,0.3781,884.97
images--74-_jpg.rf.TdgF0myI8z7qZzxeXGPT.jpg,9,225,424,215,415,20,19,380,0.6146,0.39,0.5089,1.0,1.0,0.2278,1155.47
images--74-_jpg.rf.TdgF0myI8z7qZzxeXGPT.jpg,10,331,462,274,412,115,100,11500,0.6453,0.61,0.5089,1.0,0.5365,0.3043,536.47
images--74-_jpg.rf.TdgF0myI8z7qZzxeXGPT.jpg,11,411,414,399,405,25,19,475,0.5201,0.28,0.7602,0.6146,0.3315,0.1229,331.48
images--74-_jpg.rf.TdgF0myI8z7qZzxeXGPT.jpg,12,233,400,227,395,12,11,132,0.6175,0.4,0.5143,0.9873,1.0,0.1975,1035.37
images--74-_jpg.rf.TdgF0myI8z7qZzxeXGPT.jpg,13,104,391,97,386,15,10,150,0.5988,0.38,0.4736,1.0,1.0,0.3384,1739.85
images--74-_jpg.rf.TdgF0myI8z7qZzxeXGPT.jpg,14,4,394,0,385,8,18,144,0.6706,0.62,0.5681,1.0,0.5479,0.2524,547.91
images--74-_jpg.rf.TdgF0myI8z7qZzxeXGPT.jpg,15,499,394,487,373,25,42,1050,0.6057,0.39,0.4973,1.0,0.952,0.3333,951.96
images--74-_jpg.rf.TdgF0myI8z7qZzxeXGPT.jpg,16,76,372,57,351,39,42,1638,0.6194,0.39,0.5227,1.0,1.0,0.2745,1455.8
images--74-_jpg.rf.TdgF0myI8z7qZzxeXGPT.jpg,17,27,358,15,340,24,37,888,0.6346,0.4,0.5559,1.0,1.0,0.3753,1216.36
images--74-_jpg.rf.TdgF0myI8z7qZzxeXGPT.jpg,18,173,354,156,339,35,31,1085,0.5975,0.39,0.5268,1.0,0.7662,0.3671,766.19
images--74-_jpg.rf.TdgF0myI8z7qZzxeXGPT.jpg,19,221,363,198,336,46,54,2484,0.6291,0.39,0.5524,1.0,0.9929,0.2743,992.91
images--74-_jpg.rf.TdgF0myI8z7qZzxeXGPT.jpg,20,205,336,194,326,23,21,483,0.583,0.39,0.5232,1.0,0.6339,0.2199,633.93
images--74-_jpg.rf.TdgF0myI8z7qZzxeXGPT.jpg,21,49,330,39,320,20,20,400,0.6175,0.43,0.4772,1.0,1.0,0.4404,1315.9
images--74-_jpg.rf.TdgF0myI8z7qZzxeXGPT.jpg,22,506,312,501,292,11,41,451,0.607,0.39,0.4871,1.0,1.0,0.3296,1151.92
images--74-_jpg.rf.TdgF0myI8z7qZzxeXGPT.jpg,23,187,294,179,286,17,17,289,0.5957,0.39,0.455,1.0,1.0,0.4304,1060.55
images--74-_jpg.rf.TdgF0myI8z7qZzxeXGPT.jpg,24,461,288,452,283,18,10,180,0.6473,0.61,0.5003,1.0,0.587,0.2333,586.99
images--74-_jpg.rf.TdgF0myI8z7qZzxeXGPT.jpg,25,482,288,473,282,18,13,234,0.6729,0.62,0.4833,1.0,0.8675,0.2307,867.55
images--74-_jpg.rf.TdgF0myI8z7qZzxeXGPT.jpg,26,126,300,115,281,23,38,874,0.6292,0.39,0.5507,1.0,1.0,0.328,1475.56
images--74-_jpg.rf.TdgF0myI8z7qZzxeXGPT.jpg,27,105,266,99,261,12,11,132,0.6032,0.37,0.4963,1.0,1.0,0.5,2464.38
images--74-_jpg.rf.TdgF0myI8z7qZzxeXGPT.jpg,28,474,266,465,259,18,15,270,0.6133,0.61,0.51,0.8642,0.4847,0.1728,484.75
images--74-_jpg.rf.TdgF0myI8z7qZzxeXGPT.jpg,29,131,251,126,246,11,11,121,0.6174,0.37,0.5367,1.0,1.0,0.3176,1205.8
images--74-_jpg.rf.TdgF0myI8z7qZzxeXGPT.jpg,30,445,244,437,229,17,30,510,0.7352,0.58,0.6635,1.0,1.0,0.2365,1054.29
images--74-_jpg.rf.TdgF0myI8z7qZzxeXGPT.jpg,31,173,247,159,228,29,39,1131,0.6124,0.39,0.529,1.0,0.9077,0.3821,907.69
images--74-_jpg.rf.TdgF0myI8z7qZzxeXGPT.jpg,32,128,224,119,212,19,25,475,0.6068,0.39,0.4865,1.0,1.0,0.367,1396.67
images--74-_jpg.rf.TdgF0myI8z7qZzxeXGPT.jpg,33,201,233,190,208,22,51,1122,0.6484,0.4,0.5956,1.0,1.0,0.388,1097.11
images--74-_jpg.rf.TdgF0myI8z7qZzxeXGPT.jpg,34,107,212,102,207,10,10,100,0.6154,0.37,0.5312,1.0,1.0,0.2438,1286.76
images--74-_jpg.rf.TdgF0myI8z7qZzxeXGPT.jpg,35,501,217,491,205,21,24,504,0.6472,0.61,0.5266,1.0,0.4943,0.2263,494.32
images--74-_jpg.rf.TdgF0myI8z7qZzxeXGPT.jpg,36,232,179,209,167,46,25,1150,0.6269,0.4,0.556,1.0,0.9228,0.342,922.76
images--74-_jpg.rf.TdgF0myI8z7qZzxeXGPT.jpg,37,488,157,464,138,48,38,1824,0.6706,0.6,0.5131,0.9259,0.9582,0.1852,958.22
images--74-_jpg.rf.TdgF0myI8z7qZzxeXGPT.jpg,38,202,131,177,124,50,14,700,0.5906,0.39,0.4403,1.0,1.0,0.4237,1125.28
images--74-_jpg.rf.TdgF0myI8z7qZzxeXGPT.jpg,39,322,128,316,119,13,18,234,0.6259,0.36,0.5711,1.0,1.0,0.204,1125.91
images--74-_jpg.rf.TdgF0myI8z7qZzxeXGPT.jpg,40,200,105,190,94,20,22,440,0.6074,0.39,0.5176,1.0,0.898,0.3162,897.97
images--74-_jpg.rf.TdgF0myI8z7qZzxeXGPT.jpg,41,182,89,176,82,13,14,182,0.5827,0.38,0.4738,1.0,0.8392,0.3231,839.21
images--74-_jpg.rf.TdgF0myI8z7qZzxeXGPT.jpg,42,253,87,250,79,6,17,102,0.5955,0.39,0.5004,0.9195,1.0,0.1839,1422.59
images--74-_jpg.rf.TdgF0myI8z7qZzxeXGPT.jpg,43,154,81,148,70,12,22,264,0.5982,0.39,0.4943,1.0,0.8871,0.2855,887.08
images--74-_jpg.rf.TdgF0myI8z7qZzxeXGPT.jpg,44,177,50,172,44,11,12,132,0.5756,0.37,0.4175,1.0,1.0,0.3388,1451.48
images--74-_jpg.rf.TdgF0myI8z7qZzxeXGPT.jpg,45,202,21,196,13,13,17,221,0.6121,0.39,0.5019,1.0,1.0,0.3048,1048.81
images--74-_jpg.rf.TdgF0myI8z7qZzxeXGPT.jpg,46,137,13,128,8,19,11,209,0.62,0.38,0.5433,1.0,0.9678,0.2819,967.83
images--74-_jpg.rf.TdgF0myI8z7qZzxeXGPT.jpg,47,247,17,236,0,23,35,805,0.6196,0.39,0.5557,1.0,0.8862,0.2557,886.16
images--86-_jpg.rf.qJSLyv5J0ilTteuPKFbw.jpg,1,237,366,195,325,85,83,7055,0.5768,0.37,0.5943,1.0,0.393,0.4351,393.01
images--86-_jpg.rf.qJSLyv5J0ilTteuPKFbw.jpg,2,280,152,259,116,42,72,3024,0.5649,0.28,0.5284,1.0,0.8196,0.3155,819.65
images--86-_jpg.rf.qJSLyv5J0ilTteuPKFbw.jpg,3,219,96,143,25,152,143,21736,0.5209,0.26,0.5271,1.0,0.4547,0.3795,454.71
images--97-_jpg.rf.LwoLcgzeHUm8sCjIhBsv.jpg,1,141,239,88,197,106,84,8904,0.4944,0.27,0.4744,1.0,0.3382,0.3842,338.18
images--99-_jpg.rf.vCJsZibFNBQUQCkv6X9s.jpg,1,486,457,476,450,20,14,280,0.6377,0.55,0.5395,1.0,0.5637,0.345,563.72
img-5845_jpg.rf.rNKruYtu0XRbLiKe7dlB.jpg,1,475,462,468,458,14,9,126,0.5773,0.57,0.4925,1.0,0.0544,0.2601,54.39
img-5845_jpg.rf.rNKruYtu0XRbLiKe7dlB.jpg,2,25,43,17,38,17,10,170,0.513,0.41,0.4693,1.0,0.0529,0.3762,52.93
img-5845_jpg.rf.rNKruYtu0XRbLiKe7dlB.jpg,3,8,30,0,27,17,6,102,0.5428,0.46,0.4992,1.0,0.0704,0.3213,70.35
istockphoto-1125327566-612x612_jpg.rf.7RKxyvMeoxCRiYMiOmsu.jpg,1,312,466,295,460,34,12,408,0.4897,0.24,0.4897,1.0,0.3433,0.231,343.33
istockphoto-1125327566-612x612_jpg.rf.7RKxyvMeoxCRiYMiOmsu.jpg,2,171,433,167,424,8,19,152,0.4902,0.27,0.4793,1.0,0.2792,0.2194,279.15
istockphoto-1125327566-612x612_jpg.rf.7RKxyvMeoxCRiYMiOmsu.jpg,3,397,363,386,359,23,8,184,0.5892,0.28,0.5748,0.95,1.0,0.19,1183.41
istockphoto-1125327566-612x612_jpg.rf.7RKxyvMeoxCRiYMiOmsu.jpg,4,414,326,400,313,29,27,783,0.5206,0.27,0.5074,0.9193,0.647,0.1839,646.96
istockphoto-1125327566-612x612_jpg.rf.7RKxyvMeoxCRiYMiOmsu.jpg,5,327,228,288,180,79,96,7584,0.4637,0.34,0.363,1.0,0.1769,0.2212,176.87
istockphoto-1355381836-612x612_jpg.rf.NFWlqKEZ0OO9NV6xZFqA.jpg,1,491,446,486,441,11,10,110,0.4737,0.25,0.5104,1.0,0.0754,0.2055,75.38
istockphoto-1355381836-612x612_jpg.rf.NFWlqKEZ0OO9NV6xZFqA.jpg,2,504,420,496,415,16,11,176,0.4748,0.25,0.5135,1.0,0.076,0.3024,75.95
istockphoto-1414838613-612x612_jpg.rf.tgnUmPIVgCtNF5J8E7J8.jpg,1,367,450,296,388,143,124,17732,0.4782,0.25,0.542,1.0,0.0099,0.4346,9.92
istockphoto-1414838613-612x612_jpg.rf.tgnUmPIVgCtNF5J8E7J8.jpg,2,393,298,386,291,14,15,210,0.505,0.35,0.4703,1.0,0.1784,0.2664,178.37
k9w7hg726my71_jpg.rf.tCCbacBAMQaGGTsoomsk.jpg,1,381,496,354,480,55,32,1760,0.5909,0.41,0.5756,1.0,0.4597,0.4152,459.73
k9w7hg726my71_jpg.rf.tCCbacBAMQaGGTsoomsk.jpg,2,36,413,31,407,10,13,130,0.6112,0.38,0.5093,1.0,1.0,0.3036,2414.96
k9w7hg726my71_jpg.rf.tCCbacBAMQaGGTsoomsk.jpg,3,344,349,336,344,16,11,176,0.6187,0.4,0.5105,1.0,1.0,0.25,1876.71
k9w7hg726my71_jpg.rf.tCCbacBAMQaGGTsoomsk.jpg,4,466,414,420,316,92,196,18032,0.6253,0.42,0.5094,1.0,1.0,0.425,1639.01
k9w7hg726my71_jpg.rf.tCCbacBAMQaGGTsoomsk.jpg,5,51,95,36,79,30,32,960,0.5183,0.4,0.4411,1.0,0.2397,0.2608,239.72
krokus-5114410__340_jpg.rf.8ch7xOwOk186D8SADyUy.jpg,1,81,362,71,354,20,16,320,0.5825,0.58,0.4879,1.0,0.0875,0.3493,87.51
krokus-5114410__340_jpg.rf.8ch7xOwOk186D8SADyUy.jpg,2,119,358,96,343,47,30,1410,0.6018,0.59,0.4975,1.0,0.2124,0.456,212.36
krokus-5114410__340_jpg.rf.8ch7xOwOk186D8SADyUy.jpg,3,13,329,5,322,16,14,224,0.5285,0.42,0.5086,1.0,0.0348,0.5356,34.78
krokus-5114410__340_jpg.rf.8ch7xOwOk186D8SADyUy.jpg,4,290,312,282,308,16,9,144,0.4998,0.3,0.5462,0.8929,0.2507,0.1786,250.66
krokus-5114410__340_jpg.rf.8ch7xOwOk186D8SADyUy.jpg,5,41,303,36,298,11,10,110,0.5069,0.29,0.5186,1.0,0.2393,0.3834,239.28
krokus-5114410__340_jpg.rf.8ch7xOwOk186D8SADyUy.jpg,6,121,311,101,289,40,44,1760,0.5479,0.5,0.4752,1.0,0.0656,0.5886,65.62
krokus-5114410__340_jpg.rf.8ch7xOwOk186D8SADyUy.jpg,7,96,240,87,236,18,8,144,0.5454,0.46,0.5178,1.0,0.0318,0.5117,31.79
krokus-5114410__340_jpg.rf.8ch7xOwOk186D8SADyUy.jpg,8,501,172,490,147,22,50,1100,0.4697,0.29,0.4371,1.0,0.1523,0.3669,152.33
krokus-5114410__340_jpg.rf.8ch7xOwOk186D8SADyUy.jpg,9,317,123,305,110,24,26,624,0.4523,0.19,0.5278,0.9978,0.0152,0.1996,15.24
krokus-5114410__340_jpg.rf.8ch7xOwOk186D8SADyUy.jpg,10,468,124,447,109,42,31,1302,0.4759,0.23,0.5532,1.0,0.018,0.2795,18.0
krokus-5114410__340_jpg.rf.vRprm0PqQDQkpDkUxmAx.jpg,1,81,362,71,354,20,16,320,0.5825,0.58,0.4879,1.0,0.0875,0.3493,87.51
krokus-5114410__340_jpg.rf.vRprm0PqQDQkpDkUxmAx.jpg,2,119,358,96,343,47,30,1410,0.6018,0.59,0.4975,1.0,0.2124,0.456,212.36
krokus-5114410__340_jpg.rf.vRprm0PqQDQkpDkUxmAx.jpg,3,13,329,5,322,16,14,224,0.5285,0.42,0.5086,1.0,0.0348,0.5356,34.78
krokus-5114410__340_jpg.rf.vRprm0PqQDQkpDkUxmAx.jpg,4,290,312,282,308,16,9,144,0.5052,0.3,0.5468,0.9184,0.251,0.1837,250.99
krokus-5114410__340_jpg.rf.vRprm0PqQDQkpDkUxmAx.jpg,5,41,303,36,298,11,10,110,0.5069,0.29,0.5186,1.0,0.2393,0.3834,239.28
krokus-5114410__340_jpg.rf.vRprm0PqQDQkpDkUxmAx.jpg,6,121,311,101,289,40,44,1760,0.5479,0.5,0.4752,1.0,0.0656,0.5886,65.62
krokus-5114410__340_jpg.rf.vRprm0PqQDQkpDkUxmAx.jpg,7,96,240,87,236,18,8,144,0.5454,0.46,0.5178,1.0,0.0318,0.5117,31.79
krokus-5114410__340_jpg.rf.vRprm0PqQDQkpDkUxmAx.jpg,8,501,172,490,147,22,50,1100,0.4697,0.29,0.4371,1.0,0.1523,0.3669,152.33
krokus-5114410__340_jpg.rf.vRprm0PqQDQkpDkUxmAx.jpg,9,317,123,305,110,24,26,624,0.4526,0.19,0.5273,1.0,0.0154,0.2061,15.38
krokus-5114410__340_jpg.rf.vRprm0PqQDQkpDkUxmAx.jpg,10,468,123,447,105,42,36,1512,0.4693,0.23,0.5344,1.0,0.0174,0.2562,17.38
main-qimg-baf5477ed6aab961e6b4c4d60ff2bb09-lq_jpg.rf.rxQUilm1KvTU8bSETGLa.jpg,1,303,483,298,478,10,11,110,0.4521,0.46,0.4937,0.583,0.0167,0.1166,16.71
main-qimg-baf5477ed6aab961e6b4c4d60ff2bb09-lq_jpg.rf.rxQUilm1KvTU8bSETGLa.jpg,2,321,473,316,465,10,16,160,0.5099,0.48,0.4955,0.836,0.0127,0.1672,12.72
main-qimg-baf5477ed6aab961e6b4c4d60ff2bb09-lq_jpg.rf.rxQUilm1KvTU8bSETGLa.jpg,3,210,474,158,437,105,75,7875,0.5714,0.49,0.5067,1.0,0.2259,0.2882,225.92
main-qimg-baf5477ed6aab961e6b4c4d60ff2bb09-lq_jpg.rf.rxQUilm1KvTU8bSETGLa.jpg,4,508,424,505,417,7,15,105,0.5012,0.36,0.498,1.0,0.0094,0.9715,9.37
main-qimg-baf5477ed6aab961e6b4c4d60ff2bb09-lq_jpg.rf.rxQUilm1KvTU8bSETGLa.jpg,5,30,72,0,32,60,80,4800,0.5241,0.43,0.4921,1.0,0.014,0.472,13.96
mountains-5185251__340_jpg.rf.2FAOL1pOawSmtrD3oSHz.jpg,1,476,499,467,493,18,13,234,0.5993,0.42,0.435,1.0,1.0,0.4987,1796.0
mountains-5185251__340_jpg.rf.2FAOL1pOawSmtrD3oSHz.jpg,2,356,458,347,449,18,18,324,0.5852,0.59,0.5582,0.4167,1.0,0.0833,1067.62
mountains-5185251__340_jpg.rf.2FAOL1pOawSmtrD3oSHz.jpg,3,340,423,334,419,13,8,104,0.6727,0.62,0.5078,0.89,1.0,0.178,1128.39
mountains-5185251__340_jpg.rf.2FAOL1pOawSmtrD3oSHz.jpg,4,317,398,306,384,22,28,616,0.6295,0.59,0.5303,0.8897,0.5943,0.1779,594.25
mountains-5185251__340_jpg.rf.2FAOL1pOawSmtrD3oSHz.jpg,5,326,365,315,361,23,9,207,0.5872,0.42,0.4694,1.0,0.7589,0.2054,758.93
mountains-5185251__340_jpg.rf.2FAOL1pOawSmtrD3oSHz.jpg,6,385,367,373,355,25,25,625,0.5661,0.39,0.4905,1.0,0.5789,0.2593,578.92
mountains-5185251__340_jpg.rf.2FAOL1pOawSmtrD3oSHz.jpg,7,487,354,483,349,9,11,99,0.5499,0.41,0.4893,1.0,0.3517,0.2692,351.7
mountains-5185251__340_jpg.rf.2FAOL1pOawSmtrD3oSHz.jpg,8,385,340,373,328,25,25,625,0.5537,0.41,0.5265,1.0,0.2595,0.3083,259.53
mountains-5185251__340_jpg.rf.2FAOL1pOawSmtrD3oSHz.jpg,9,352,313,344,307,17,13,221,0.5272,0.42,0.4471,1.0,0.2375,0.2276,237.46
mountains-5185251__340_jpg.rf.3SSNz9T6WJZFvxYvFEkH.jpg,1,476,499,467,493,18,13,234,0.6025,0.43,0.4342,1.0,1.0,0.5,1796.14
mountains-5185251__340_jpg.rf.3SSNz9T6WJZFvxYvFEkH.jpg,2,356,457,347,449,18,16,288,0.5859,0.59,0.5432,0.4464,1.0,0.0893,1129.51
mountains-5185251__340_jpg.rf.3SSNz9T6WJZFvxYvFEkH.jpg,3,340,423,334,419,13,8,104,0.6726,0.62,0.5073,0.89,1.0,0.178,1128.39
mountains-5185251__340_jpg.rf.3SSNz9T6WJZFvxYvFEkH.jpg,4,317,398,306,384,22,28,616,0.6295,0.59,0.5303,0.8897,0.5943,0.1779,594.25
mountains-5185251__340_jpg.rf.3SSNz9T6WJZFvxYvFEkH.jpg,5,326,365,315,361,23,9,207,0.5889,0.42,0.4746,1.0,0.7583,0.2014,758.25
mountains-5185251__340_jpg.rf.3SSNz9T6WJZFvxYvFEkH.jpg,6,385,367,373,355,25,25,625,0.5661,0.39,0.4905,1.0,0.5789,0.2593,578.92
mountains-5185251__340_jpg.rf.3SSNz9T6WJZFvxYvFEkH.jpg,7,487,354,483,349,9,11,99,0.5499,0.41,0.4893,1.0,0.3517,0.2692,351.7
mountains-5185251__340_jpg.rf.3SSNz9T6WJZFvxYvFEkH.jpg,8,384,340,373,328,23,25,575,0.5548,0.41,0.5303,1.0,0.2573,0.3251,257.31
mountains-5185251__340_jpg.rf.3SSNz9T6WJZFvxYvFEkH.jpg,9,352,313,344,307,17,13,221,0.527,0.42,0.4462,1.0,0.2377,0.2262,237.74
nurserylive-bulbs-crocus-sativus-kesar-saffron-flower-bulbs_jpg.rf.lKkJsGg1GG1gpKCoasGJ.jpg,1,13,459,0,454,27,10,270,0.4995,0.26,0.4752,1.0,0.4221,0.2355,422.09
nurserylive-bulbs-crocus-sativus-kesar-saffron-flower-bulbs_jpg.rf.lKkJsGg1GG1gpKCoasGJ.jpg,2,288,452,226,404,125,96,12000,0.6215,0.41,0.5085,1.0,1.0,0.5182,1158.22
nurserylive-bulbs-crocus-sativus-kesar-saffron-flower-bulbs_jpg.rf.lKkJsGg1GG1gpKCoasGJ.jpg,3,307,403,296,395,23,17,391,0.608,0.39,0.4899,1.0,1.0,0.3547,1974.11
nurserylive-bulbs-crocus-sativus-kesar-saffron-flower-bulbs_jpg.rf.lKkJsGg1GG1gpKCoasGJ.jpg,4,498,40,492,34,12,12,144,0.5416,0.37,0.4944,1.0,0.3909,0.2153,390.88
pexels-photo-10161285_jpeg.rf.IbRyzXdY4Ciz05yVBFkg.jpg,1,410,443,401,433,19,21,399,0.5728,0.56,0.4776,1.0,0.0959,0.2336,95.93
pexels-photo-10161285_jpeg.rf.IbRyzXdY4Ciz05yVBFkg.jpg,2,441,391,435,386,13,11,143,0.6486,0.6,0.6064,1.0,0.263,0.4087,263.04
pexels-photo-10161285_jpeg.rf.IbRyzXdY4Ciz05yVBFkg.jpg,3,472,389,462,382,21,15,315,0.6091,0.6,0.4756,1.0,0.3268,0.2548,326.76
pexels-photo-10161285_jpeg.rf.IbRyzXdY4Ciz05yVBFkg.jpg,4,203,372,194,359,19,26,494,0.6072,0.6,0.5229,1.0,0.142,0.2445,141.95
pexels-photo-10161285_jpeg.rf.IbRyzXdY4Ciz05yVBFkg.jpg,5,183,347,170,342,27,10,270,0.6059,0.61,0.4713,1.0,0.2751,0.3765,275.06
pexels-photo-10161285_jpeg.rf.IbRyzXdY4Ciz05yVBFkg.jpg,6,300,328,293,319,14,18,252,0.5376,0.35,0.5687,1.0,0.1605,0.2731,160.52
pexels-photo-10161285_jpeg.rf.IbRyzXdY4Ciz05yVBFkg.jpg,7,153,322,146,317,15,11,165,0.5884,0.59,0.4704,1.0,0.1723,0.2077,172.33
pexels-photo-10161285_jpeg.rf.IbRyzXdY4Ciz05yVBFkg.jpg,8,449,328,443,314,12,28,336,0.5724,0.59,0.4803,0.8958,0.186,0.1792,185.99
pexels-photo-10161285_jpeg.rf.IbRyzXdY4Ciz05yVBFkg.jpg,9,344,330,334,311,20,38,760,0.5463,0.38,0.5487,1.0,0.2121,0.235,212.11
pexels-photo-10161285_jpeg.rf.IbRyzXdY4Ciz05yVBFkg.jpg,10,391,320,381,305,21,30,630,0.5836,0.56,0.5107,0.9993,0.0899,0.1999,89.92
pexels-photo-10161285_jpeg.rf.IbRyzXdY4Ciz05yVBFkg.jpg,11,489,309,467,287,45,45,2025,0.5856,0.57,0.4993,1.0,0.1129,0.3615,112.94
pexels-photo-10161285_jpeg.rf.IbRyzXdY4Ciz05yVBFkg.jpg,12,479,271,472,266,14,10,140,0.5653,0.53,0.4997,1.0,0.0492,0.549,49.17
pexels-photo-10161285_jpeg.rf.IbRyzXdY4Ciz05yVBFkg.jpg,13,502,255,493,243,19,24,456,0.5549,0.5,0.5095,1.0,0.0157,0.5156,15.71
pexels-photo-10161285_jpeg.rf.IbRyzXdY4Ciz05yVBFkg.jpg,14,473,122,451,110,45,24,1080,0.5179,0.4,0.5066,1.0,0.0063,0.2558,6.31
pexels-photo-10161285_jpeg.rf.IbRyzXdY4Ciz05yVBFkg.jpg,15,494,81,483,76,22,10,220,0.4903,0.4,0.4943,0.8824,0.0084,0.1765,8.45
pexels-photo-10161285_jpeg.rf.IbRyzXdY4Ciz05yVBFkg.jpg,16,447,60,417,46,60,29,1740,0.5241,0.4,0.524,1.0,0.0067,0.2107,6.66
pexels-photo-10161285_jpeg_jpg.rf.ZERobLp2NQa83UKR01Lb.jpg,1,410,443,401,433,19,21,399,0.5728,0.56,0.4776,1.0,0.0959,0.2336,95.93
pexels-photo-10161285_jpeg_jpg.rf.ZERobLp2NQa83UKR01Lb.jpg,2,441,391,435,386,13,11,143,0.6486,0.6,0.6064,1.0,0.263,0.4087,263.04
pexels-photo-10161285_jpeg_jpg.rf.ZERobLp2NQa83UKR01Lb.jpg,3,472,389,462,382,21,15,315,0.6091,0.6,0.4756,1.0,0.3268,0.2548,326.76
pexels-photo-10161285_jpeg_jpg.rf.ZERobLp2NQa83UKR01Lb.jpg,4,203,372,194,359,19,26,494,0.6072,0.6,0.5229,1.0,0.142,0.2445,141.95
pexels-photo-10161285_jpeg_jpg.rf.ZERobLp2NQa83UKR01Lb.jpg,5,183,347,170,342,27,10,270,0.6059,0.61,0.4713,1.0,0.2751,0.3765,275.06
pexels-photo-10161285_jpeg_jpg.rf.ZERobLp2NQa83UKR01Lb.jpg,6,149,365,123,342,52,46,2392,0.5898,0.59,0.4845,1.0,0.1377,0.4515,137.72
pexels-photo-10161285_jpeg_jpg.rf.ZERobLp2NQa83UKR01Lb.jpg,7,61,362,0,335,123,54,6642,0.5873,0.59,0.4777,1.0,0.1357,0.4073,135.69
pexels-photo-10161285_jpeg_jpg.rf.ZERobLp2NQa83UKR01Lb.jpg,8,300,328,293,319,14,18,252,0.5376,0.35,0.5687,1.0,0.1605,0.2731,160.52
pexels-photo-10161285_jpeg_jpg.rf.ZERobLp2NQa83UKR01Lb.jpg,9,153,322,146,317,15,11,165,0.5884,0.59,0.4704,1.0,0.1723,0.2077,172.33
pexels-photo-10161285_jpeg_jpg.rf.ZERobLp2NQa83UKR01Lb.jpg,10,449,328,443,314,12,28,336,0.5724,0.59,0.4803,0.8958,0.186,0.1792,185.99
pexels-photo-10161285_jpeg_jpg.rf.ZERobLp2NQa83UKR01Lb.jpg,11,344,330,334,311,20,38,760,0.5463,0.38,0.5487,1.0,0.2121,0.235,212.11
pexels-photo-10161285_jpeg_jpg.rf.ZERobLp2NQa83UKR01Lb.jpg,12,391,320,381,305,21,30,630,0.5836,0.56,0.5107,0.9993,0.0899,0.1999,89.92
pexels-photo-10161285_jpeg_jpg.rf.ZERobLp2NQa83UKR01Lb.jpg,13,489,309,467,287,45,45,2025,0.5856,0.57,0.4993,1.0,0.1129,0.3615,112.94
pexels-photo-10161285_jpeg_jpg.rf.ZERobLp2NQa83UKR01Lb.jpg,14,479,271,472,266,14,10,140,0.5653,0.53,0.4997,1.0,0.0492,0.549,49.17
pexels-photo-10161285_jpeg_jpg.rf.ZERobLp2NQa83UKR01Lb.jpg,15,502,255,493,243,19,24,456,0.5549,0.5,0.5095,1.0,0.0157,0.5156,15.71
pexels-photo-10161285_jpeg_jpg.rf.ZERobLp2NQa83UKR01Lb.jpg,16,473,122,451,110,45,24,1080,0.5179,0.4,0.5066,1.0,0.0063,0.2558,6.31
pexels-photo-10161285_jpeg_jpg.rf.ZERobLp2NQa83UKR01Lb.jpg,17,494,81,483,76,22,10,220,0.4903,0.4,0.4943,0.8824,0.0084,0.1765,8.45
pexels-photo-10161285_jpeg_jpg.rf.ZERobLp2NQa83UKR01Lb.jpg,18,447,60,417,46,60,29,1740,0.5241,0.4,0.524,1.0,0.0067,0.2107,6.66
pexels-photo-7100594_jpeg.rf.UMeuBom0RQ6q4v0xkUz3.jpg,1,26,238,0,205,53,66,3498,0.5353,0.35,0.548,1.0,0.2096,0.4644,209.61
pexels-photo-7100594_jpeg.rf.UMeuBom0RQ6q4v0xkUz3.jpg,2,244,191,225,174,38,35,1330,0.5942,0.33,0.5932,1.0,0.7102,0.2272,710.23
pexels-photo-7100594_jpeg_jpg.rf.8BRxaeyGbGyTASvSF0n1.jpg,1,26,238,0,205,52,66,3432,0.5324,0.35,0.5397,1.0,0.21,0.4666,210.0
pexels-photo-7100594_jpeg_jpg.rf.8BRxaeyGbGyTASvSF0n1.jpg,2,244,191,225,174,38,34,1292,0.597,0.32,0.609,1.0,0.7187,0.2278,718.67
pexels-photo-7290379_jpeg.rf.5bi7P9Ne2QTSptOCk5MX.jpg,1,203,289,196,282,14,14,196,0.549,0.33,0.5811,1.0,0.3012,0.2367,301.25
pexels-photo-7290379_jpeg.rf.5bi7P9Ne2QTSptOCk5MX.jpg,2,381,276,337,246,88,60,5280,0.4941,0.21,0.6239,1.0,0.0219,0.2565,21.9
pexels-photo-7290379_jpeg.rf.5bi7P9Ne2QTSptOCk5MX.jpg,3,161,265,84,214,155,102,15810,0.5213,0.27,0.5994,1.0,0.1707,0.3526,170.71
pexels-photo-7290379_jpeg_jpg.rf.eiRapMDAqG4sPJ6AAnwl.jpg,1,203,289,196,282,14,14,196,0.5428,0.33,0.5636,1.0,0.3,0.2293,300.03
pexels-photo-7290379_jpeg_jpg.rf.eiRapMDAqG4sPJ6AAnwl.jpg,2,382,275,339,246,86,59,5074,0.4969,0.21,0.6318,1.0,0.0224,0.2588,22.38
pexels-photo-7290379_jpeg_jpg.rf.eiRapMDAqG4sPJ6AAnwl.jpg,3,161,265,84,214,155,102,15810,0.5219,0.27,0.6009,1.0,0.1712,0.3492,171.19
pngtree-crocus-vernus-flower-png-image_10197901_png.rf.rxoERvA3i8OzEDhIjdz4.jpg,1,240,384,201,342,78,85,6630,0.5052,0.19,0.6337,0.705,0.759,0.141,759.04
pngtree-crocus-vernus-flower-png-image_10197901_png.rf.rxoERvA3i8OzEDhIjdz4.jpg,2,422,328,409,315,26,27,702,0.5253,0.18,0.559,0.8333,1.0,0.1667,1231.02
pngtree-crocus-vernus-flower-png-image_10197901_png.rf.rxoERvA3i8OzEDhIjdz4.jpg,3,367,271,334,261,67,20,1340,0.4832,0.16,0.5375,0.9256,0.5389,0.1851,538.88
pngtree-crocus-vernus-flower-png-image_10197901_png.rf.rxoERvA3i8OzEDhIjdz4.jpg,4,72,291,42,254,60,74,4440,0.526,0.18,0.5532,1.0,0.6936,0.3965,693.58
pngtree-crocus-vernus-flower-png-image_10197901_png.rf.rxoERvA3i8OzEDhIjdz4.jpg,5,129,119,106,88,47,62,2914,0.4812,0.17,0.527,0.7765,0.8197,0.1553,819.68
pngtree-crocus-vernus-flower-png-image_10197901_png.rf.rxoERvA3i8OzEDhIjdz4.jpg,6,300,79,281,53,38,52,1976,0.4998,0.17,0.4953,1.0,0.67,0.2394,669.97
s-l1200-1-_jpg.rf.m9ML1bHKEaPdsaNL4FUf.jpg,1,28,442,0,418,57,49,2793,0.5101,0.22,0.5919,1.0,0.2593,0.4736,259.33
s-l1200-1-_jpg.rf.m9ML1bHKEaPdsaNL4FUf.jpg,2,481,306,451,261,61,91,5551,0.507,0.34,0.5291,1.0,0.0278,0.4194,27.85
s-l1200-1-_jpg.rf.m9ML1bHKEaPdsaNL4FUf.jpg,3,69,154,64,148,11,12,132,0.4514,0.23,0.514,0.788,0.3342,0.1576,334.21
s-l1200-1-_jpg.rf.m9ML1bHKEaPdsaNL4FUf.jpg,4,119,99,106,92,27,14,378,0.5445,0.46,0.5153,1.0,0.032,0.3511,32.05
s_jpg.rf.EFSUxReq9jtl0AQQ9PSz.jpg,1,141,320,123,298,36,45,1620,0.4603,0.21,0.5239,1.0,0.0346,0.3695,34.61
saffron-1136779__340--1-_jpg.rf.xoxSZllbEc62LaBlcw5Q.jpg,1,61,499,44,487,34,25,850,0.5934,0.36,0.4898,1.0,0.9592,0.4369,959.2
saffron-1136779__340--1-_jpg.rf.xoxSZllbEc62LaBlcw5Q.jpg,2,290,458,286,452,9,12,108,0.5891,0.58,0.5496,0.506,0.9249,0.1012,924.92
saffron-1136779__340--1-_jpg.rf.xoxSZllbEc62LaBlcw5Q.jpg,3,509,311,506,304,6,15,90,0.5478,0.46,0.5131,1.0,0.0716,0.5525,71.6
saffron-1785083__340_jpg.rf.7jJ0eNCqU8in0K6WMSSu.jpg,1,234,488,203,465,63,47,2961,0.5015,0.28,0.5134,1.0,0.238,0.436,238.0
saffron-1785083__340_jpg.rf.ticmDiIoJSqKFF11McZv.jpg,1,234,488,203,465,63,47,2961,0.5042,0.29,0.5113,1.0,0.2378,0.4362,237.77
saffron-2824330__340--1-_jpg.rf.SjPHLWWfxGmFaWwql4mx.jpg,1,344,463,337,456,15,14,210,0.5977,0.39,0.5293,1.0,0.7589,0.3476,758.88
saffron-2824330__340--1-_jpg.rf.SjPHLWWfxGmFaWwql4mx.jpg,2,244,446,230,435,28,22,616,0.6177,0.4,0.5078,1.0,1.0,0.3713,1002.01
saffron-2824330__340--1-_jpg.rf.SjPHLWWfxGmFaWwql4mx.jpg,3,174,439,165,431,18,17,306,0.6366,0.41,0.5518,1.0,1.0,0.254,1550.1
saffron-2824330__340--1-_jpg.rf.SjPHLWWfxGmFaWwql4mx.jpg,4,131,435,123,427,16,16,256,0.6919,0.6,0.5196,1.0,1.0,0.2615,1256.63
saffron-2824330__340--1-_jpg.rf.SjPHLWWfxGmFaWwql4mx.jpg,5,249,395,243,390,12,11,132,0.6577,0.62,0.4706,1.0,0.76,0.2446,760.03
saffron-2825065__340_jpg.rf.UXoLVjm35aPORyV0eywu.jpg,1,239,506,223,501,33,11,363,0.6091,0.4,0.483,1.0,1.0,0.3268,1460.01
saffron-2825065__340_jpg.rf.UXoLVjm35aPORyV0eywu.jpg,2,282,502,274,496,16,13,208,0.6618,0.61,0.5003,0.9334,0.8654,0.1867,865.39
saffron-2825065__340_jpg.rf.UXoLVjm35aPORyV0eywu.jpg,3,466,502,450,492,32,20,640,0.727,0.62,0.6218,0.9615,1.0,0.1923,1498.37
saffron-2825065__340_jpg.rf.UXoLVjm35aPORyV0eywu.jpg,4,114,501,105,491,18,21,378,0.6967,0.61,0.5233,1.0,1.0,0.263,2433.44
saffron-2825065__340_jpg.rf.UXoLVjm35aPORyV0eywu.jpg,5,197,466,170,452,54,29,1566,0.6736,0.61,0.5193,0.9497,0.8839,0.1899,883.89
saffron-2825065__340_jpg.rf.UXoLVjm35aPORyV0eywu.jpg,6,316,453,310,447,12,12,144,0.62,0.41,0.5044,1.0,1.0,0.2587,1207.59
saffron-2825065__340_jpg.rf.UXoLVjm35aPORyV0eywu.jpg,7,364,456,348,443,33,26,858,0.7131,0.6,0.5802,1.0,1.0,0.2339,1005.85
saffron-2825065__340_jpg.rf.UXoLVjm35aPORyV0eywu.jpg,8,178,424,166,414,24,21,504,0.5334,0.58,0.5146,0.4588,0.5858,0.0918,585.75
saffron-2825065__340_jpg.rf.UXoLVjm35aPORyV0eywu.jpg,9,432,405,428,398,8,14,112,0.6151,0.61,0.4968,0.7596,0.7577,0.1519,757.73
saffron-2825065__340_jpg.rf.UXoLVjm35aPORyV0eywu.jpg,10,76,402,68,397,16,10,160,0.6365,0.61,0.6215,0.5276,1.0,0.1055,1115.68
saffron-2825065__340_jpg.rf.UXoLVjm35aPORyV0eywu.jpg,11,262,419,245,396,34,47,1598,0.6252,0.37,0.5813,1.0,0.9226,0.2019,922.59
saffron-2825065__340_jpg.rf.UXoLVjm35aPORyV0eywu.jpg,12,183,397,176,388,15,19,285,0.6871,0.6,0.5625,1.0,0.8027,0.2174,802.67
saffron-2825065__340_jpg.rf.UXoLVjm35aPORyV0eywu.jpg,13,484,397,469,379,31,36,1116,0.7292,0.62,0.6353,1.0,0.8984,0.2088,898.41
saffron-2825065__340_jpg.rf.UXoLVjm35aPORyV0eywu.jpg,14,34,375,29,370,11,11,121,0.5936,0.56,0.5173,1.0,0.1658,0.2155,165.76
saffron-2825065__340_jpg.rf.UXoLVjm35aPORyV0eywu.jpg,15,155,361,151,351,9,20,180,0.6002,0.61,0.5186,0.8705,0.3102,0.1741,310.22
saffron-2825065__340_jpg.rf.UXoLVjm35aPORyV0eywu.jpg,16,456,340,452,334,9,13,117,0.6237,0.62,0.5343,1.0,0.1973,0.2133,197.25
saffron-2825065__340_jpg.rf.UXoLVjm35aPORyV0eywu.jpg,17,425,340,419,332,13,17,221,0.6287,0.62,0.502,1.0,0.3602,0.3007,360.19
saffron-2825065__340_jpg.rf.UXoLVjm35aPORyV0eywu.jpg,18,313,335,310,329,7,13,91,0.5752,0.57,0.5513,0.4842,0.859,0.0968,859.01
saffron-2825065__340_jpg.rf.UXoLVjm35aPORyV0eywu.jpg,19,61,324,44,308,35,33,1155,0.5731,0.55,0.4656,1.0,0.1766,0.2099,176.56
saffron-2825065__340_jpg.rf.UXoLVjm35aPORyV0eywu.jpg,20,124,308,106,295,36,26,936,0.5181,0.39,0.4773,1.0,0.1451,0.3163,145.13
saffron-2825065__340_jpg.rf.UXoLVjm35aPORyV0eywu.jpg,21,384,244,379,237,10,14,140,0.5951,0.58,0.488,1.0,0.2134,0.3269,213.44
saffron-2825065__340_jpg.rf.UXoLVjm35aPORyV0eywu.jpg,22,32,244,9,222,46,45,2070,0.5426,0.41,0.5373,1.0,0.111,0.3052,110.96
saffron-2825065__340_jpg.rf.UXoLVjm35aPORyV0eywu.jpg,23,482,230,453,207,59,47,2773,0.5298,0.39,0.5075,1.0,0.1563,0.4316,156.3
saffron-2825065__340_jpg.rf.UXoLVjm35aPORyV0eywu.jpg,24,461,195,445,185,33,20,660,0.5199,0.37,0.498,1.0,0.1607,0.2403,160.73
saffron-2825065__340_jpg.rf.UXoLVjm35aPORyV0eywu.jpg,25,420,226,400,184,40,84,3360,0.5256,0.39,0.4989,1.0,0.1451,0.4167,145.12
saffron-2825065__340_jpg.rf.UXoLVjm35aPORyV0eywu.jpg,26,19,184,15,178,8,13,104,0.5714,0.56,0.481,1.0,0.0706,0.304,70.62
saffron-2825065__340_jpg.rf.UXoLVjm35aPORyV0eywu.jpg,27,500,178,488,149,24,59,1416,0.5746,0.47,0.5776,1.0,0.0797,0.3296,79.74
saffron-2825065__340_jpg.rf.UXoLVjm35aPORyV0eywu.jpg,28,284,130,268,114,33,33,1089,0.5598,0.49,0.5317,1.0,0.0218,0.3062,21.8
saffron-2825065__340_jpg.rf.UXoLVjm35aPORyV0eywu.jpg,29,105,108,97,96,17,25,425,0.5119,0.35,0.5229,1.0,0.0642,0.3383,64.25
saffron-2825065__340_jpg.rf.UXoLVjm35aPORyV0eywu.jpg,30,329,94,324,89,11,11,121,0.5535,0.5,0.5024,1.0,0.0264,0.2344,26.37
saffron-2825065__340_jpg.rf.UXoLVjm35aPORyV0eywu.jpg,31,19,102,5,86,29,33,957,0.5148,0.36,0.5221,1.0,0.0609,0.3511,60.91
saffron-2825065__340_jpg.rf.UXoLVjm35aPORyV0eywu.jpg,32,483,64,470,54,27,21,567,0.5588,0.48,0.5298,1.0,0.0533,0.2836,53.33
saffron-2825065__340_jpg.rf.UXoLVjm35aPORyV0eywu.jpg,33,395,55,386,48,18,15,270,0.5373,0.45,0.5099,1.0,0.0135,0.2617,13.5
saffron-2825065__340_jpg.rf.UXoLVjm35aPORyV0eywu.jpg,34,318,49,313,44,11,10,110,0.5748,0.56,0.4964,1.0,0.0504,0.2372,50.4
saffron-2825065__340_jpg.rf.UXoLVjm35aPORyV0eywu.jpg,35,489,13,469,0,40,27,1080,0.4672,0.29,0.4589,1.0,0.0511,0.4824,51.09
saffron-2825065__340_jpg.rf.UXoLVjm35aPORyV0eywu.jpg,36,434,25,419,0,30,50,1500,0.4932,0.28,0.5196,1.0,0.1334,0.3852,133.4
saffron-2825065__340_jpg.rf.UXoLVjm35aPORyV0eywu.jpg,37,336,4,328,0,17,9,153,0.5434,0.49,0.4802,1.0,0.0379,0.2736,37.86
saffron-2825065__340_jpg.rf.UXoLVjm35aPORyV0eywu.jpg,38,17,37,0,0,34,74,2516,0.5032,0.33,0.5242,1.0,0.0423,0.5584,42.28
saffron-2825065__340_jpg.rf.nKVJeJxaRjoXOZNakxYf.jpg,1,239,506,223,501,33,11,363,0.6085,0.4,0.4813,1.0,1.0,0.3359,1459.69
saffron-2825065__340_jpg.rf.nKVJeJxaRjoXOZNakxYf.jpg,2,282,502,274,496,17,13,221,0.6585,0.61,0.4859,0.9483,0.8534,0.1897,853.37
saffron-2825065__340_jpg.rf.nKVJeJxaRjoXOZNakxYf.jpg,3,466,502,450,492,32,20,640,0.7245,0.62,0.6198,0.9528,1.0,0.1906,1495.88
saffron-2825065__340_jpg.rf.nKVJeJxaRjoXOZNakxYf.jpg,4,114,501,105,491,18,21,378,0.6962,0.61,0.5219,1.0,1.0,0.2654,2433.1
saffron-2825065__340_jpg.rf.nKVJeJxaRjoXOZNakxYf.jpg,5,197,467,170,453,54,28,1512,0.6869,0.61,0.5403,0.9697,0.9035,0.1939,903.55
saffron-2825065__340_jpg.rf.nKVJeJxaRjoXOZNakxYf.jpg,6,316,453,310,447,12,12,144,0.62,0.41,0.5044,1.0,1.0,0.2587,1207.59
saffron-2825065__340_jpg.rf.nKVJeJxaRjoXOZNakxYf.jpg,7,364,456,348,443,33,26,858,0.7176,0.61,0.583,1.0,1.0,0.2333,1006.96
saffron-2825065__340_jpg.rf.nKVJeJxaRjoXOZNakxYf.jpg,8,183,420,177,414,13,13,169,0.5945,0.58,0.5085,0.712,0.7113,0.1424,711.33
saffron-2825065__340_jpg.rf.nKVJeJxaRjoXOZNakxYf.jpg,9,432,405,428,398,8,14,112,0.6151,0.61,0.4968,0.7596,0.7577,0.1519,757.73
saffron-2825065__340_jpg.rf.nKVJeJxaRjoXOZNakxYf.jpg,10,76,404,68,397,16,14,224,0.6344,0.62,0.5811,0.5701,1.0,0.114,1127.55
saffron-2825065__340_jpg.rf.nKVJeJxaRjoXOZNakxYf.jpg,11,262,419,245,395,34,48,1632,0.6211,0.37,0.5731,1.0,0.91,0.2058,910.02
saffron-2825065__340_jpg.rf.nKVJeJxaRjoXOZNakxYf.jpg,12,183,397,176,388,15,19,285,0.6872,0.6,0.5632,1.0,0.8012,0.2282,801.18
saffron-2825065__340_jpg.rf.nKVJeJxaRjoXOZNakxYf.jpg,13,484,397,469,379,31,36,1116,0.7234,0.61,0.6289,1.0,0.898,0.2108,897.99
saffron-2825065__340_jpg.rf.nKVJeJxaRjoXOZNakxYf.jpg,14,35,374,29,368,12,13,156,0.6136,0.57,0.5594,1.0,0.1834,0.2,183.41
saffron-2825065__340_jpg.rf.nKVJeJxaRjoXOZNakxYf.jpg,15,155,360,151,351,8,19,152,0.5905,0.61,0.5065,0.871,0.2556,0.1742,255.64
saffron-2825065__340_jpg.rf.nKVJeJxaRjoXOZNakxYf.jpg,16,456,340,452,334,9,13,117,0.6237,0.62,0.5343,1.0,0.1973,0.2133,197.25
saffron-2825065__340_jpg.rf.nKVJeJxaRjoXOZNakxYf.jpg,17,425,340,419,332,13,17,221,0.6287,0.62,0.502,1.0,0.3602,0.3007,360.19
saffron-2825065__340_jpg.rf.nKVJeJxaRjoXOZNakxYf.jpg,18,313,335,310,329,7,13,91,0.5752,0.57,0.5513,0.4842,0.859,0.0968,859.01
saffron-2825065__340_jpg.rf.nKVJeJxaRjoXOZNakxYf.jpg,19,61,324,44,308,35,33,1155,0.5731,0.55,0.4656,1.0,0.1766,0.2099,176.56
saffron-2825065__340_jpg.rf.nKVJeJxaRjoXOZNakxYf.jpg,20,124,308,106,295,36,26,936,0.5179,0.39,0.4769,1.0,0.1452,0.3169,145.24
saffron-2825065__340_jpg.rf.nKVJeJxaRjoXOZNakxYf.jpg,21,384,244,379,237,10,14,140,0.5949,0.58,0.4875,1.0,0.2124,0.3269,212.44
saffron-2825065__340_jpg.rf.nKVJeJxaRjoXOZNakxYf.jpg,22,32,244,9,222,46,45,2070,0.5418,0.41,0.5348,1.0,0.111,0.3061,110.98
saffron-2825065__340_jpg.rf.nKVJeJxaRjoXOZNakxYf.jpg,23,482,230,453,207,59,47,2773,0.5267,0.39,0.4987,1.0,0.1568,0.4362,156.82
saffron-2825065__340_jpg.rf.nKVJeJxaRjoXOZNakxYf.jpg,24,461,195,445,185,33,20,660,0.5199,0.37,0.498,1.0,0.1607,0.2403,160.73
saffron-2825065__340_jpg.rf.nKVJeJxaRjoXOZNakxYf.jpg,25,420,226,400,184,40,84,3360,0.526,0.39,0.5,1.0,0.1451,0.4233,145.07
saffron-2825065__340_jpg.rf.nKVJeJxaRjoXOZNakxYf.jpg,26,19,184,15,178,8,13,104,0.5714,0.56,0.481,1.0,0.0706,0.304,70.62
saffron-2825065__340_jpg.rf.nKVJeJxaRjoXOZNakxYf.jpg,27,500,178,488,149,24,59,1416,0.5746,0.47,0.5776,1.0,0.0797,0.3296,79.74
saffron-2825065__340_jpg.rf.nKVJeJxaRjoXOZNakxYf.jpg,28,284,130,268,114,33,33,1089,0.5596,0.49,0.5312,1.0,0.0217,0.3057,21.68
saffron-2825065__340_jpg.rf.nKVJeJxaRjoXOZNakxYf.jpg,29,105,108,97,96,17,25,425,0.5119,0.35,0.5229,1.0,0.0642,0.3383,64.25
saffron-2825065__340_jpg.rf.nKVJeJxaRjoXOZNakxYf.jpg,30,329,94,324,89,11,11,121,0.5535,0.5,0.5024,1.0,0.0264,0.2344,26.37
saffron-2825065__340_jpg.rf.nKVJeJxaRjoXOZNakxYf.jpg,31,19,102,5,86,29,33,957,0.5148,0.36,0.5221,1.0,0.0609,0.3511,60.91
saffron-2825065__340_jpg.rf.nKVJeJxaRjoXOZNakxYf.jpg,32,483,64,470,54,27,21,567,0.5588,0.48,0.5298,1.0,0.0533,0.2836,53.33
saffron-2825065__340_jpg.rf.nKVJeJxaRjoXOZNakxYf.jpg,33,395,55,386,48,18,15,270,0.5373,0.45,0.5099,1.0,0.0135,0.2617,13.5
saffron-2825065__340_jpg.rf.nKVJeJxaRjoXOZNakxYf.jpg,34,318,49,313,44,11,10,110,0.5748,0.56,0.4964,1.0,0.0504,0.2372,50.4
saffron-2825065__340_jpg.rf.nKVJeJxaRjoXOZNakxYf.jpg,35,489,13,469,0,40,27,1080,0.4672,0.29,0.4589,1.0,0.0511,0.4824,51.09
saffron-2825065__340_jpg.rf.nKVJeJxaRjoXOZNakxYf.jpg,36,336,4,328,0,17,9,153,0.5434,0.49,0.4802,1.0,0.0379,0.2736,37.86
saffron-2825065__340_jpg.rf.nKVJeJxaRjoXOZNakxYf.jpg,37,17,37,0,0,34,74,2516,0.5032,0.33,0.5242,1.0,0.0423,0.5584,42.28
saffron-2825066__340_jpg.rf.LR4zapkRSViMrrLDiN8R.jpg,1,365,497,354,492,22,10,220,0.623,0.46,0.534,0.8757,1.0,0.1751,2276.5
saffron-2825066__340_jpg.rf.LR4zapkRSViMrrLDiN8R.jpg,2,5,486,0,481,10,10,100,0.6227,0.46,0.569,1.0,0.6256,0.3125,625.61
saffron-2825066__340_jpg.rf.LR4zapkRSViMrrLDiN8R.jpg,3,506,474,501,470,11,9,99,0.6328,0.44,0.5108,1.0,1.0,0.2325,1425.22
saffron-2825066__340_jpg.rf.LR4zapkRSViMrrLDiN8R.jpg,4,243,463,237,457,13,12,156,0.6935,0.62,0.5043,1.0,1.0,0.46,3085.55
saffron-2825066__340_jpg.rf.LR4zapkRSViMrrLDiN8R.jpg,5,173,462,168,456,10,12,120,0.6342,0.39,0.5648,1.0,1.0,0.2462,2256.23
saffron-2825066__340_jpg.rf.LR4zapkRSViMrrLDiN8R.jpg,6,367,469,344,455,47,28,1316,0.6176,0.41,0.5326,0.9386,1.0,0.1877,2352.05
saffron-2825066__340_jpg.rf.LR4zapkRSViMrrLDiN8R.jpg,7,196,449,188,439,16,21,336,0.6115,0.4,0.4899,1.0,1.0,0.2554,2480.29
saffron-2825066__340_jpg.rf.LR4zapkRSViMrrLDiN8R.jpg,8,21,455,9,439,25,33,825,0.5676,0.45,0.5204,0.985,0.3098,0.197,309.78
saffron-2825066__340_jpg.rf.LR4zapkRSViMrrLDiN8R.jpg,9,340,432,333,426,14,13,182,0.6925,0.58,0.5413,1.0,1.0,0.3185,1144.81
saffron-2825066__340_jpg.rf.LR4zapkRSViMrrLDiN8R.jpg,10,217,424,213,418,8,12,96,0.6946,0.6,0.5276,1.0,1.0,0.3479,1814.47
saffron-2825066__340_jpg.rf.LR4zapkRSViMrrLDiN8R.jpg,11,73,405,67,398,12,15,180,0.6116,0.38,0.5415,1.0,0.8906,0.2593,890.6
saffron-2825066__340_jpg.rf.LR4zapkRSViMrrLDiN8R.jpg,12,492,294,483,288,19,13,247,0.5617,0.4,0.5276,1.0,0.3707,0.2813,370.66
saffron-2825066__340_jpg.rf.LR4zapkRSViMrrLDiN8R.jpg,13,457,270,452,265,10,10,100,0.583,0.56,0.5056,1.0,0.1001,0.3636,100.08
saffron-2825066__340_jpg.rf.LR4zapkRSViMrrLDiN8R.jpg,14,289,252,285,246,9,12,108,0.5611,0.41,0.5245,1.0,0.3397,0.4008,339.71
saffron-2825066__340_jpg.rf.LR4zapkRSViMrrLDiN8R.jpg,15,251,197,244,193,15,8,120,0.5871,0.56,0.5071,1.0,0.1361,0.3222,136.06
saffron-2825066__340_jpg.rf.LR4zapkRSViMrrLDiN8R.jpg,16,215,80,209,73,13,15,195,0.481,0.27,0.524,1.0,0.0308,0.2548,30.81
saffron-2825066__340_jpg.rf.LR4zapkRSViMrrLDiN8R.jpg,17,508,63,504,51,8,24,192,0.4682,0.23,0.5202,1.0,0.0559,0.3194,55.92
saffron-2825066__340_jpg.rf.LR4zapkRSViMrrLDiN8R.jpg,18,100,46,72,19,57,54,3078,0.4534,0.27,0.4457,1.0,0.0292,0.3531,29.22
saffron-2825066__340_jpg.rf.LR4zapkRSViMrrLDiN8R.jpg,19,238,24,224,4,29,40,1160,0.4742,0.25,0.5261,1.0,0.0257,0.4532,25.74
saffron-2825066__340_jpg.rf.ZYeqr03gOi6c8l0elsQh.jpg,1,157,502,153,496,9,12,108,0.6501,0.42,0.5803,1.0,1.0,0.4134,4409.84
saffron-2825066__340_jpg.rf.ZYeqr03gOi6c8l0elsQh.jpg,2,365,497,354,492,22,10,220,0.6207,0.46,0.5313,0.869,1.0,0.1738,2277.59
saffron-2825066__340_jpg.rf.ZYeqr03gOi6c8l0elsQh.jpg,3,5,486,0,481,10,10,100,0.6227,0.46,0.569,1.0,0.6256,0.3125,625.61
saffron-2825066__340_jpg.rf.ZYeqr03gOi6c8l0elsQh.jpg,4,506,474,501,470,11,9,99,0.633,0.44,0.5113,1.0,1.0,0.2325,1426.82
saffron-2825066__340_jpg.rf.ZYeqr03gOi6c8l0elsQh.jpg,5,173,462,168,457,10,11,110,0.6316,0.39,0.5574,1.0,1.0,0.2431,2305.35
saffron-2825066__340_jpg.rf.ZYeqr03gOi6c8l0elsQh.jpg,6,367,467,344,455,47,25,1175,0.6162,0.41,0.5127,0.9666,1.0,0.1933,2365.59
saffron-2825066__340_jpg.rf.ZYeqr03gOi6c8l0elsQh.jpg,7,242,458,235,448,15,21,315,0.7062,0.61,0.5505,1.0,1.0,0.3468,2758.19
saffron-2825066__340_jpg.rf.ZYeqr03gOi6c8l0elsQh.jpg,8,195,449,187,439,17,21,357,0.6136,0.4,0.496,1.0,1.0,0.2403,2418.54
saffron-2825066__340_jpg.rf.ZYeqr03gOi6c8l0elsQh.jpg,9,21,455,9,439,25,33,825,0.5676,0.45,0.5204,0.985,0.3098,0.197,309.78
saffron-2825066__340_jpg.rf.ZYeqr03gOi6c8l0elsQh.jpg,10,217,424,213,418,8,12,96,0.6946,0.6,0.5276,1.0,1.0,0.3479,1814.47
saffron-2825066__340_jpg.rf.ZYeqr03gOi6c8l0elsQh.jpg,11,73,405,67,398,12,15,180,0.6115,0.38,0.5414,1.0,0.8902,0.2593,890.24
saffron-2825066__340_jpg.rf.ZYeqr03gOi6c8l0elsQh.jpg,12,492,294,483,288,19,13,247,0.5612,0.4,0.5259,1.0,0.371,0.2839,370.97
saffron-2825066__340_jpg.rf.ZYeqr03gOi6c8l0elsQh.jpg,13,457,270,452,265,10,10,100,0.583,0.56,0.5056,1.0,0.1001,0.3636,100.08
saffron-2825066__340_jpg.rf.ZYeqr03gOi6c8l0elsQh.jpg,14,289,252,285,246,9,12,108,0.5609,0.41,0.5243,1.0,0.3392,0.4008,339.18
saffron-2825066__340_jpg.rf.ZYeqr03gOi6c8l0elsQh.jpg,15,251,197,244,193,15,8,120,0.5871,0.56,0.5071,1.0,0.1361,0.3222,136.06
saffron-2825066__340_jpg.rf.ZYeqr03gOi6c8l0elsQh.jpg,16,215,80,209,73,13,15,195,0.481,0.27,0.524,1.0,0.0308,0.2548,30.81
saffron-2825066__340_jpg.rf.ZYeqr03gOi6c8l0elsQh.jpg,17,508,63,504,51,8,24,192,0.4682,0.23,0.5202,1.0,0.0559,0.3194,55.92
saffron-2825066__340_jpg.rf.ZYeqr03gOi6c8l0elsQh.jpg,18,100,46,72,19,57,54,3078,0.4537,0.27,0.4465,1.0,0.0293,0.3524,29.27
saffron-2825066__340_jpg.rf.ZYeqr03gOi6c8l0elsQh.jpg,19,237,23,221,3,32,40,1280,0.4637,0.25,0.4977,1.0,0.0195,0.4634,19.51
saffron-2828539__340_jpg.rf.Q7fI9vlVyRhMrnDfT0Z9.jpg,1,153,504,146,497,15,15,225,0.5209,0.38,0.5296,1.0,0.0254,0.5026,25.42
saffron-2828539__340_jpg.rf.Q7fI9vlVyRhMrnDfT0Z9.jpg,2,459,482,449,473,21,18,378,0.5366,0.45,0.5062,1.0,0.0198,0.2152,19.77
saffron-2828539__340_jpg.rf.Q7fI9vlVyRhMrnDfT0Z9.jpg,3,105,485,98,473,14,24,336,0.4742,0.28,0.4982,1.0,0.0177,0.4989,17.68
saffron-2828539__340_jpg.rf.Q7fI9vlVyRhMrnDfT0Z9.jpg,4,82,472,75,466,15,12,180,0.4773,0.29,0.4983,1.0,0.014,0.409,14.03
saffron-2828539__340_jpg.rf.Q7fI9vlVyRhMrnDfT0Z9.jpg,5,173,461,169,455,9,12,108,0.5578,0.35,0.5847,1.0,0.3062,0.4187,306.18
saffron-2828539__340_jpg.rf.Q7fI9vlVyRhMrnDfT0Z9.jpg,6,129,467,123,454,12,27,324,0.4905,0.29,0.5248,1.0,0.0534,0.3665,53.41
saffron-2828539__340_jpg.rf.Q7fI9vlVyRhMrnDfT0Z9.jpg,7,103,431,85,416,37,30,1110,0.4667,0.23,0.5295,1.0,0.0092,0.6331,9.2
saffron-2828539__340_jpg.rf.Q7fI9vlVyRhMrnDfT0Z9.jpg,8,456,423,448,414,16,18,288,0.4829,0.29,0.5108,1.0,0.0262,0.5893,26.16
saffron-2828539__340_jpg.rf.Q7fI9vlVyRhMrnDfT0Z9.jpg,9,8,412,0,405,17,14,238,0.5359,0.45,0.505,1.0,0.0165,0.4498,16.5
saffron-2828539__340_jpg.rf.Q7fI9vlVyRhMrnDfT0Z9.jpg,10,70,419,60,399,20,40,800,0.4737,0.26,0.5186,1.0,0.0123,0.509,12.27
saffron-2828539__340_jpg.rf.Q7fI9vlVyRhMrnDfT0Z9.jpg,11,359,403,351,397,16,12,192,0.4646,0.25,0.5014,1.0,0.0166,0.2589,16.55
saffron-2828539__340_jpg.rf.Q7fI9vlVyRhMrnDfT0Z9.jpg,12,130,405,124,396,12,19,228,0.5011,0.36,0.4978,1.0,0.0087,0.8589,8.7
saffron-2828539__340_jpg.rf.Q7fI9vlVyRhMrnDfT0Z9.jpg,13,28,396,21,388,14,16,224,0.5392,0.46,0.497,1.0,0.0421,0.4396,42.12
saffron-2828539__340_jpg.rf.Q7fI9vlVyRhMrnDfT0Z9.jpg,14,338,339,328,325,20,29,580,0.4749,0.28,0.5036,1.0,0.0068,0.468,6.85
saffron-2828539__340_jpg.rf.Q7fI9vlVyRhMrnDfT0Z9.jpg,15,422,287,416,280,13,15,195,0.5339,0.45,0.5009,1.0,0.0105,0.2444,10.48
saffron-2828539__340_jpg.rf.Q7fI9vlVyRhMrnDfT0Z9.jpg,16,495,289,478,272,34,35,1190,0.5184,0.4,0.5079,1.0,0.0067,0.4622,6.74
saffron-2828539__340_jpg.rf.Q7fI9vlVyRhMrnDfT0Z9.jpg,17,334,250,314,236,41,28,1148,0.506,0.36,0.5126,1.0,0.0063,0.4269,6.26
saffron-2828539__340_jpg.rf.Q7fI9vlVyRhMrnDfT0Z9.jpg,18,412,237,402,231,21,13,273,0.5179,0.41,0.4949,1.0,0.0124,0.2655,12.36
saffron-2828539__340_jpg.rf.Q7fI9vlVyRhMrnDfT0Z9.jpg,19,15,225,0,204,31,43,1333,0.4864,0.31,0.496,1.0,0.0433,0.4084,43.3
saffron-2828539__340_jpg.rf.bzSjdlIyNQEReIUErpdV.jpg,1,153,504,146,497,15,15,225,0.519,0.38,0.5242,1.0,0.0254,0.5026,25.4
saffron-2828539__340_jpg.rf.bzSjdlIyNQEReIUErpdV.jpg,2,459,482,449,473,21,18,378,0.5366,0.45,0.5062,1.0,0.0198,0.2152,19.77
saffron-2828539__340_jpg.rf.bzSjdlIyNQEReIUErpdV.jpg,3,105,485,98,473,14,24,336,0.4742,0.28,0.4982,1.0,0.0177,0.4989,17.68
saffron-2828539__340_jpg.rf.bzSjdlIyNQEReIUErpdV.jpg,4,82,472,75,466,15,12,180,0.4773,0.29,0.4983,1.0,0.014,0.409,14.03
saffron-2828539__340_jpg.rf.bzSjdlIyNQEReIUErpdV.jpg,5,173,461,169,455,9,12,108,0.5578,0.35,0.5844,1.0,0.3079,0.4008,307.88
saffron-2828539__340_jpg.rf.bzSjdlIyNQEReIUErpdV.jpg,6,129,467,123,454,12,27,324,0.4898,0.29,0.5227,1.0,0.0533,0.3632,53.35
saffron-2828539__340_jpg.rf.bzSjdlIyNQEReIUErpdV.jpg,7,103,431,85,416,37,30,1110,0.4667,0.23,0.5295,1.0,0.0092,0.6331,9.2
saffron-2828539__340_jpg.rf.bzSjdlIyNQEReIUErpdV.jpg,8,456,423,448,414,16,18,288,0.4829,0.29,0.5108,1.0,0.0262,0.5893,26.16
saffron-2828539__340_jpg.rf.bzSjdlIyNQEReIUErpdV.jpg,9,8,412,0,405,17,14,238,0.5359,0.45,0.505,1.0,0.0165,0.4498,16.5
saffron-2828539__340_jpg.rf.bzSjdlIyNQEReIUErpdV.jpg,10,70,419,60,399,20,40,800,0.4737,0.26,0.5186,1.0,0.0123,0.509,12.27
saffron-2828539__340_jpg.rf.bzSjdlIyNQEReIUErpdV.jpg,11,359,403,351,397,16,12,192,0.4646,0.25,0.5014,1.0,0.0166,0.2589,16.55
saffron-2828539__340_jpg.rf.bzSjdlIyNQEReIUErpdV.jpg,12,130,405,124,396,12,19,228,0.5011,0.36,0.4978,1.0,0.0087,0.8589,8.7
saffron-2828539__340_jpg.rf.bzSjdlIyNQEReIUErpdV.jpg,13,28,396,21,388,14,16,224,0.5392,0.46,0.497,1.0,0.0421,0.4396,42.12
saffron-2828539__340_jpg.rf.bzSjdlIyNQEReIUErpdV.jpg,14,338,339,328,325,20,29,580,0.4749,0.28,0.5036,1.0,0.0068,0.468,6.85
saffron-2828539__340_jpg.rf.bzSjdlIyNQEReIUErpdV.jpg,15,422,287,416,280,13,15,195,0.5339,0.45,0.5009,1.0,0.0105,0.2444,10.48
saffron-2828539__340_jpg.rf.bzSjdlIyNQEReIUErpdV.jpg,16,495,289,478,272,34,35,1190,0.5184,0.4,0.5079,1.0,0.0067,0.4622,6.74
saffron-2828539__340_jpg.rf.bzSjdlIyNQEReIUErpdV.jpg,17,334,250,314,236,41,28,1148,0.506,0.36,0.5126,1.0,0.0063,0.4269,6.26
saffron-2828539__340_jpg.rf.bzSjdlIyNQEReIUErpdV.jpg,18,412,237,402,231,21,13,273,0.5179,0.41,0.4949,1.0,0.0124,0.2655,12.36
saffron-2828539__340_jpg.rf.bzSjdlIyNQEReIUErpdV.jpg,19,15,225,0,204,31,43,1333,0.4864,0.31,0.496,1.0,0.0433,0.4084,43.3
saffron-3289363__340_jpg.rf.Y8SABFHVJoFVaMd1H7Ml.jpg,1,78,442,49,419,58,46,2668,0.5176,0.27,0.4939,1.0,0.5024,0.4222,502.41
saffron-3289363__340_jpg.rf.Y8SABFHVJoFVaMd1H7Ml.jpg,2,221,348,207,320,28,57,1596,0.6007,0.28,0.6242,1.0,0.8428,0.2725,842.84
saffron-3289363__340_jpg.rf.Y8SABFHVJoFVaMd1H7Ml.jpg,3,6,80,0,70,13,21,273,0.5107,0.38,0.5011,1.0,0.0227,0.437,22.71
saffron-3289363__340_jpg.rf.Y8SABFHVJoFVaMd1H7Ml.jpg,4,14,55,9,49,11,12,132,0.4796,0.29,0.5038,1.0,0.018,0.2917,18.01
saffron-3289363__340_jpg.rf.Y8SABFHVJoFVaMd1H7Ml.jpg,5,90,60,81,42,18,36,648,0.452,0.2,0.515,1.0,0.0178,0.3361,17.82
saffron-3289363__340_jpg.rf.zLW5EfLM2Ce81fDDgOUr.jpg,1,78,442,49,419,58,46,2668,0.5176,0.27,0.4939,1.0,0.5024,0.4222,502.41
saffron-3289363__340_jpg.rf.zLW5EfLM2Ce81fDDgOUr.jpg,2,220,349,207,321,27,56,1512,0.6051,0.28,0.6394,1.0,0.8333,0.2794,833.27
saffron-3289363__340_jpg.rf.zLW5EfLM2Ce81fDDgOUr.jpg,3,6,80,0,70,13,21,273,0.5107,0.38,0.5011,1.0,0.0227,0.437,22.71
saffron-3289363__340_jpg.rf.zLW5EfLM2Ce81fDDgOUr.jpg,4,14,55,9,49,11,12,132,0.4796,0.29,0.5038,1.0,0.018,0.2917,18.01
saffron-3289363__340_jpg.rf.zLW5EfLM2Ce81fDDgOUr.jpg,5,90,60,81,42,18,36,648,0.452,0.2,0.515,1.0,0.0178,0.3361,17.82
saffron-4020289__340_jpg.rf.8Kq35lm8MwWRw5PCOxgj.jpg,1,80,380,61,337,38,87,3306,0.5172,0.33,0.5101,1.0,0.2316,0.499,231.57
saffron-4020289__340_jpg.rf.8Kq35lm8MwWRw5PCOxgj.jpg,2,372,259,351,211,43,97,4171,0.513,0.34,0.4704,1.0,0.294,0.4897,293.98
saffron-4020289__340_jpg.rf.8Kq35lm8MwWRw5PCOxgj.jpg,3,187,206,166,148,42,117,4914,0.5617,0.31,0.5615,1.0,0.5664,0.3519,566.42
saffron-4020289__340_jpg.rf.PDci9KvKdPxdujRq5ONG.jpg,1,80,381,61,337,38,89,3382,0.5162,0.33,0.507,1.0,0.2323,0.4917,232.33
saffron-4020289__340_jpg.rf.PDci9KvKdPxdujRq5ONG.jpg,2,372,259,351,211,43,97,4171,0.5122,0.34,0.4683,1.0,0.2928,0.4904,292.83
saffron-4020289__340_jpg.rf.PDci9KvKdPxdujRq5ONG.jpg,3,187,207,166,148,42,118,4956,0.5656,0.32,0.5642,1.0,0.5618,0.3563,561.76
saffron-566689__340--1-_jpg.rf.EcQMgXSDrbcBilkGoKED.jpg,1,270,410,258,363,24,95,2280,0.5217,0.37,0.5366,1.0,0.0444,0.29,44.4
saffron-566689__340--1-_jpg.rf.IkcHAdUcUl7aEiePZdc1.jpg,1,270,410,258,363,24,95,2280,0.5223,0.37,0.538,1.0,0.0445,0.29,44.47
saffron-998004__340_jpg.rf.lnM1yO6VLMUkBgZQ1Z30.jpg,1,434,489,424,473,21,32,672,0.5797,0.37,0.429,1.0,1.0,0.3602,2512.7
saffron-998004__340_jpg.rf.lnM1yO6VLMUkBgZQ1Z30.jpg,2,442,453,432,439,20,29,580,0.6084,0.37,0.5112,1.0,1.0,0.3552,2289.38
saffron-998004__340_jpg.rf.lnM1yO6VLMUkBgZQ1Z30.jpg,3,232,412,218,379,29,67,1943,0.6384,0.37,0.5968,1.0,1.0,0.3331,3294.11
saffron-998004__340_jpg.rf.lnM1yO6VLMUkBgZQ1Z30.jpg,4,198,396,182,367,32,58,1856,0.5891,0.37,0.4561,1.0,1.0,0.201,3055.93
saffron-998004__340_jpg.rf.lnM1yO6VLMUkBgZQ1Z30.jpg,5,84,407,70,367,29,80,2320,0.5981,0.37,0.4818,1.0,1.0,0.3616,2218.02
saffron-998004__340_jpg.rf.lnM1yO6VLMUkBgZQ1Z30.jpg,6,137,417,109,352,56,130,7280,0.5911,0.37,0.4618,1.0,1.0,0.339,2683.28
saffron-998004__340_jpg.rf.lnM1yO6VLMUkBgZQ1Z30.jpg,7,384,406,350,346,69,121,8349,0.5932,0.37,0.4679,1.0,1.0,0.3797,2156.53
saffron-998004__340_jpg.rf.lnM1yO6VLMUkBgZQ1Z30.jpg,8,108,341,101,324,14,34,476,0.5993,0.37,0.4851,1.0,1.0,0.2609,3454.78
saffron-998004__340_jpg.rf.lnM1yO6VLMUkBgZQ1Z30.jpg,9,49,338,35,301,28,74,2072,0.6082,0.37,0.5104,1.0,1.0,0.3209,2538.44
saffron-998004__340_jpg.rf.lnM1yO6VLMUkBgZQ1Z30.jpg,10,270,303,264,297,13,13,169,0.6054,0.36,0.5124,1.0,1.0,0.2832,3500.07
saffron-998004__340_jpg.rf.lnM1yO6VLMUkBgZQ1Z30.jpg,11,137,311,129,286,17,50,850,0.6064,0.37,0.5055,1.0,1.0,0.2536,2748.65
saffron-998004__340_jpg.rf.lnM1yO6VLMUkBgZQ1Z30.jpg,12,290,291,285,280,11,23,253,0.6009,0.37,0.4898,1.0,1.0,0.2149,2668.53
saffron-998004__340_jpg.rf.lnM1yO6VLMUkBgZQ1Z30.jpg,13,199,312,179,270,41,84,3444,0.6038,0.37,0.4979,1.0,1.0,0.2807,2466.07
saffron-998004__340_jpg.rf.lnM1yO6VLMUkBgZQ1Z30.jpg,14,101,290,85,267,32,47,1504,0.58,0.37,0.4908,0.8937,1.0,0.1787,3638.95
saffron-998004__340_jpg.rf.lnM1yO6VLMUkBgZQ1Z30.jpg,15,400,304,382,260,37,89,3293,0.6019,0.37,0.4927,1.0,1.0,0.3182,1935.79
saffron-998004__340_jpg.rf.lnM1yO6VLMUkBgZQ1Z30.jpg,16,268,264,265,257,7,14,98,0.591,0.35,0.4813,1.0,1.0,0.2105,1809.22
saffron-998004__340_jpg.rf.lnM1yO6VLMUkBgZQ1Z30.jpg,17,473,280,464,256,19,48,912,0.626,0.37,0.5614,1.0,1.0,0.2446,2184.27
saffron-998004__340_jpg.rf.lnM1yO6VLMUkBgZQ1Z30.jpg,18,295,252,292,245,6,14,84,0.5873,0.35,0.4928,0.9615,1.0,0.1923,2193.47
saffron-998004__340_jpg.rf.lnM1yO6VLMUkBgZQ1Z30.jpg,19,507,159,503,141,9,37,333,0.6773,0.55,0.5281,1.0,1.0,0.3864,1451.12
saffron-998004__340_jpg.rf.lnM1yO6VLMUkBgZQ1Z30.jpg,20,8,142,0,114,16,57,912,0.6174,0.4,0.5068,1.0,1.0,0.3762,2180.77
saffron-998004__340_jpg.rf.lnM1yO6VLMUkBgZQ1Z30.jpg,21,29,84,5,61,49,47,2303,0.5907,0.37,0.4606,1.0,1.0,0.2924,2620.41
saffron-998004__340_jpg.rf.lnM1yO6VLMUkBgZQ1Z30.jpg,22,466,86,459,54,14,65,910,0.5961,0.37,0.4759,1.0,1.0,0.2972,1532.29
saffron-998004__340_jpg.rf.lnM1yO6VLMUkBgZQ1Z30.jpg,23,305,67,294,33,22,69,1518,0.6077,0.37,0.5092,1.0,1.0,0.2647,2421.98
saffron-998004__340_jpg.rf.lnM1yO6VLMUkBgZQ1Z30.jpg,24,496,54,480,29,32,50,1600,0.612,0.37,0.5213,1.0,1.0,0.3188,2275.86
saffron-998004__340_jpg.rf.lnM1yO6VLMUkBgZQ1Z30.jpg,25,30,39,19,25,22,28,616,0.6252,0.37,0.5591,1.0,1.0,0.2662,1366.77
saffron-998004__340_jpg.rf.lnM1yO6VLMUkBgZQ1Z30.jpg,26,463,30,452,24,23,12,276,0.6127,0.37,0.5234,1.0,1.0,0.2536,4375.94
saffron-998004__340_jpg.rf.lnM1yO6VLMUkBgZQ1Z30.jpg,27,80,34,62,20,37,29,1073,0.5818,0.37,0.4352,1.0,1.0,0.3524,1645.7
saffron-998004__340_jpg.rf.lnM1yO6VLMUkBgZQ1Z30.jpg,28,469,4,457,0,24,9,216,0.6035,0.35,0.5173,1.0,1.0,0.2574,1969.81
saffron-998004__340_jpg.rf.lnM1yO6VLMUkBgZQ1Z30.jpg,29,354,56,321,0,67,113,7571,0.6038,0.37,0.498,1.0,1.0,0.3365,2097.61
saffron-998004__340_jpg.rf.lnM1yO6VLMUkBgZQ1Z30.jpg,30,282,13,270,0,24,26,624,0.5955,0.37,0.4743,1.0,1.0,0.388,2251.26
saffron-998004__340_jpg.rf.lnM1yO6VLMUkBgZQ1Z30.jpg,31,66,7,63,0,7,15,105,0.6206,0.35,0.566,1.0,1.0,0.2581,1065.32
saffron-and-flower-of-the-crocus-sativus_webp.rf.Nvg6E1Is7BxBNCWWRP8F.jpg,1,391,421,382,407,18,29,522,0.5542,0.28,0.4463,1.0,1.0,0.2301,1269.5
saffron-crocus-how-to-pick_webp.rf.8jUIZLr39LGk0oBVcCfu.jpg,1,481,349,465,311,32,76,2432,0.5833,0.57,0.4798,1.0,0.1591,0.3099,159.06
saffron-crocus-how-to-pick_webp.rf.8jUIZLr39LGk0oBVcCfu.jpg,2,144,84,118,52,52,65,3380,0.5691,0.6,0.4234,1.0,0.1085,0.3425,108.51
saffron-crocus-how-to-pick_webp.rf.8jUIZLr39LGk0oBVcCfu.jpg,3,89,14,80,5,19,19,361,0.5796,0.58,0.4568,1.0,0.1671,0.4226,167.07
saffron-crocus-sativus-in-bloom-pink-1-_webp.rf.Q4s5Vo4kphXKkniDTHG3.jpg,1,476,487,459,462,34,50,1700,0.5332,0.47,0.472,1.0,0.0355,0.422,35.46
saffron-crocus-sativus-in-bloom-pink-1-_webp.rf.Q4s5Vo4kphXKkniDTHG3.jpg,2,175,478,150,445,51,67,3417,0.5355,0.47,0.5843,0.8208,0.0231,0.1642,23.14
saffron-crocus-sativus-in-bloom-pink-1-_webp.rf.Q4s5Vo4kphXKkniDTHG3.jpg,3,285,468,253,425,64,87,5568,0.5065,0.48,0.5149,0.7859,0.0108,0.1572,10.8
saffron-crocus-sativus-in-bloom-pink-1-_webp.rf.Q4s5Vo4kphXKkniDTHG3.jpg,4,501,422,498,415,6,14,84,0.6842,0.61,0.5549,1.0,0.7643,0.2265,764.35
saffron-crocus-sativus-in-bloom-pink-1-_webp.rf.Q4s5Vo4kphXKkniDTHG3.jpg,5,159,411,153,402,12,19,228,0.5269,0.33,0.4959,1.0,0.3781,0.328,378.06
saffron-crocus-sativus-in-bloom-pink-1-_webp.rf.Q4s5Vo4kphXKkniDTHG3.jpg,6,312,379,308,372,8,14,112,0.4939,0.55,0.5173,0.2212,0.761,0.0442,761.02
saffron-crocus-sativus-in-bloom-pink-1-_webp.rf.Q4s5Vo4kphXKkniDTHG3.jpg,7,276,373,269,358,14,30,420,0.5046,0.47,0.5055,0.8013,0.0294,0.1603,29.36
saffron10_jpg.rf.D0YR0Q95X7BTG84mqJn2.jpg,1,352,169,340,152,24,34,816,0.525,0.36,0.5004,1.0,0.2385,0.2373,238.51
saffron10_jpg.rf.D0YR0Q95X7BTG84mqJn2.jpg,2,503,140,495,134,17,12,204,0.4863,0.32,0.4952,1.0,0.0093,0.4257,9.32
saffron12_jpg.rf.QPBhI4h77q1fAVfZsXfG.jpg,1,389,417,384,408,11,18,198,0.5442,0.47,0.5105,0.9783,0.0538,0.1957,53.85
saffron13_jpg.rf.aVhKDRJTn4O96s7xvG9Z.jpg,1,240,495,211,479,58,33,1914,0.602,0.29,0.6936,1.0,0.5775,0.378,577.48
saffron13_jpg.rf.aVhKDRJTn4O96s7xvG9Z.jpg,2,413,119,398,103,31,32,992,0.5598,0.47,0.5318,1.0,0.0916,0.3007,91.64
saffron14_jpg.rf.l4GowkGsFeNzifUXt56C.jpg,1,437,385,431,380,12,11,132,0.5359,0.41,0.5148,1.0,0.1219,0.2264,121.91
saffron14_jpg.rf.l4GowkGsFeNzifUXt56C.jpg,2,92,321,79,312,27,18,486,0.5274,0.35,0.49,1.0,0.3337,0.4145,333.74
saffron14_jpg.rf.l4GowkGsFeNzifUXt56C.jpg,3,303,218,297,208,13,21,273,0.5002,0.65,0.5093,0.4182,0.1078,0.0836,107.84
saffron14_jpg.rf.l4GowkGsFeNzifUXt56C.jpg,4,309,189,298,182,23,14,322,0.5559,0.71,0.4706,0.6593,0.1078,0.1319,107.85
saffron15_jpg.rf.mxbzEaamJI9Aq28h5fp4.jpg,1,45,487,0,463,90,49,4410,0.509,0.4,0.4792,1.0,0.0129,0.2617,12.9
saffron15_jpg.rf.mxbzEaamJI9Aq28h5fp4.jpg,2,504,352,496,337,16,30,480,0.5183,0.41,0.4957,1.0,0.0131,0.4286,13.14
saffron15_jpg.rf.mxbzEaamJI9Aq28h5fp4.jpg,3,199,33,171,11,56,44,2464,0.5312,0.39,0.5145,1.0,0.1466,0.3175,146.57
saffron16_jpg.rf.TSyU4Sc5yJq45CpomvSH.jpg,1,15,503,0,494,30,18,540,0.49,0.44,0.505,0.7812,0.0302,0.1562,30.23
saffron16_jpg.rf.TSyU4Sc5yJq45CpomvSH.jpg,2,59,470,52,461,15,19,285,0.5107,0.36,0.5136,1.0,0.0496,0.4946,49.57
saffron16_jpg.rf.TSyU4Sc5yJq45CpomvSH.jpg,3,474,438,465,429,19,18,342,0.6167,0.59,0.5642,1.0,0.1271,0.2796,127.14
saffron16_jpg.rf.TSyU4Sc5yJq45CpomvSH.jpg,4,49,434,43,414,13,40,520,0.5084,0.35,0.5117,1.0,0.0684,0.4185,68.36
saffron16_jpg.rf.TSyU4Sc5yJq45CpomvSH.jpg,5,21,411,15,400,13,23,299,0.4974,0.32,0.506,1.0,0.0829,0.3611,82.87
saffron16_jpg.rf.TSyU4Sc5yJq45CpomvSH.jpg,6,67,283,63,277,8,12,96,0.4875,0.4,0.4919,0.7917,0.1702,0.1583,170.16
saffron16_jpg.rf.TSyU4Sc5yJq45CpomvSH.jpg,7,24,282,18,274,12,16,192,0.512,0.37,0.4984,1.0,0.0805,0.244,80.52
saffron16_jpg.rf.TSyU4Sc5yJq45CpomvSH.jpg,8,118,21,104,12,29,19,551,0.4767,0.25,0.5164,0.9835,0.1179,0.1967,117.92
saffron17_jpg.rf.P25VYFrYVvBpIi74VNXL.jpg,1,244,499,238,493,12,13,156,0.4887,0.33,0.5263,0.8833,0.1231,0.1767,123.13
saffron17_jpg.rf.P25VYFrYVvBpIi74VNXL.jpg,2,306,494,298,488,17,13,221,0.5667,0.53,0.4564,1.0,0.2149,0.4441,214.91
saffron17_jpg.rf.P25VYFrYVvBpIi74VNXL.jpg,3,471,495,462,478,19,34,646,0.5167,0.35,0.5055,1.0,0.1732,0.2516,173.17
saffron17_jpg.rf.P25VYFrYVvBpIi74VNXL.jpg,4,166,419,160,381,13,77,1001,0.4985,0.29,0.5372,1.0,0.0897,0.3173,89.74
saffron18_jpg.rf.DGg2acg5jsmr024OJDvM.jpg,1,53,453,20,433,66,41,2706,0.7007,0.6,0.5447,1.0,1.0,0.4037,1251.49
saffron18_jpg.rf.DGg2acg5jsmr024OJDvM.jpg,2,154,437,145,430,18,15,270,0.6432,0.45,0.5307,1.0,1.0,0.3827,1867.02
saffron18_jpg.rf.DGg2acg5jsmr024OJDvM.jpg,3,98,404,91,400,15,9,135,0.6326,0.4,0.5502,1.0,1.0,0.3351,1059.15
saffron18_jpg.rf.DGg2acg5jsmr024OJDvM.jpg,4,363,401,348,377,30,48,1440,0.6843,0.55,0.5582,1.0,0.9639,0.3357,963.95
saffron18_jpg.rf.DGg2acg5jsmr024OJDvM.jpg,5,399,363,395,357,9,12,108,0.7094,0.69,0.5692,0.8433,1.0,0.1687,1099.81
saffron18_jpg.rf.DGg2acg5jsmr024OJDvM.jpg,6,177,170,169,158,16,25,400,0.5288,0.29,0.5508,1.0,0.3449,0.4653,344.93
saffron1image.jpg,1,376,381,352,362,48,39,1872,0.6625,0.55,0.4857,1.0,1.0,0.2458,1826.04
saffron1image.jpg,2,386,216,374,204,24,25,600,0.6145,0.41,0.4885,1.0,1.0,0.3416,2457.6
saffron20_jpg.rf.21q8zZzmVsJqqXu32meg.jpg,1,302,77,292,63,21,28,588,0.5769,0.27,0.5212,1.0,1.0,0.2879,1915.93
saffron21_jpg.rf.2xGkhMZVAK7t2W17RA0U.jpg,1,213,77,196,63,35,29,1015,0.5453,0.38,0.5216,1.0,0.297,0.425,296.98
saffron21_jpg.rf.2xGkhMZVAK7t2W17RA0U.jpg,2,237,60,201,27,73,66,4818,0.5372,0.38,0.5238,1.0,0.2081,0.4594,208.05
saffron23_jpg.rf.qJgGda4i6BOi6XSdmDou.jpg,1,223,493,218,487,11,13,143,0.4786,0.3,0.4955,1.0,0.002,0.2261,2.03
saffron23_jpg.rf.qJgGda4i6BOi6XSdmDou.jpg,2,50,247,33,232,35,31,1085,0.5628,0.33,0.564,0.9599,0.5792,0.192,579.22
saffron24_jpg.rf.q70QXhT5VKpKBmdg47Wk.jpg,1,19,449,0,443,38,12,456,0.6289,0.59,0.4944,1.0,0.4931,0.3911,493.13
saffron24_jpg.rf.q70QXhT5VKpKBmdg47Wk.jpg,2,9,319,0,303,18,33,594,0.4982,0.34,0.4917,1.0,0.0707,0.3778,70.7
saffron24_jpg.rf.q70QXhT5VKpKBmdg47Wk.jpg,3,12,264,0,252,24,25,600,0.5525,0.36,0.4993,1.0,0.5171,0.4703,517.15
saffron25_jpg.rf.uo5sS602nRzky6uU2pGT.jpg,1,202,428,195,419,14,18,252,0.4774,0.24,0.45,0.6795,1.0,0.1359,1377.04
saffron25_jpg.rf.uo5sS602nRzky6uU2pGT.jpg,2,65,313,61,305,8,17,136,0.5766,0.31,0.4804,1.0,1.0,0.2397,2416.74
saffron26_jpg.rf.lhjqsIWIniM4WCdWJ9xI.jpg,1,372,426,364,419,17,15,255,0.6412,0.41,0.5649,1.0,1.0,0.2337,1177.58
saffron26_jpg.rf.lhjqsIWIniM4WCdWJ9xI.jpg,2,492,350,477,334,30,33,990,0.6302,0.44,0.5043,1.0,0.9973,0.4509,997.34
saffron26_jpg.rf.lhjqsIWIniM4WCdWJ9xI.jpg,3,485,228,475,220,20,16,320,0.6121,0.39,0.5481,0.9598,0.9182,0.192,918.2
saffron26_jpg.rf.lhjqsIWIniM4WCdWJ9xI.jpg,4,460,174,447,158,26,33,858,0.6539,0.44,0.5711,1.0,1.0,0.445,1453.8
saffron26_jpg.rf.lhjqsIWIniM4WCdWJ9xI.jpg,5,427,168,411,157,33,23,759,0.6454,0.44,0.5467,1.0,1.0,0.3778,1229.15
saffron26_jpg.rf.lhjqsIWIniM4WCdWJ9xI.jpg,6,265,149,259,144,13,10,130,0.5987,0.38,0.4734,1.0,1.0,0.4218,1163.41
saffron26_jpg.rf.lhjqsIWIniM4WCdWJ9xI.jpg,7,418,133,409,125,18,17,306,0.5585,0.39,0.4628,1.0,0.6008,0.431,600.79
saffron26_jpg.rf.lhjqsIWIniM4WCdWJ9xI.jpg,8,235,122,217,117,36,11,396,0.576,0.39,0.5013,1.0,0.6404,0.3542,640.38
saffron26_jpg.rf.lhjqsIWIniM4WCdWJ9xI.jpg,9,470,65,452,54,36,22,792,0.6265,0.4,0.5329,1.0,1.0,0.3536,1095.87
saffron27_jpg.rf.m4hQaEojuIkCtvqZ5LF3.jpg,1,285,504,267,496,37,16,592,0.5476,0.45,0.5207,1.0,0.0787,0.3071,78.74
saffron27_jpg.rf.m4hQaEojuIkCtvqZ5LF3.jpg,2,163,484,151,457,25,55,1375,0.5295,0.47,0.4497,1.0,0.0755,0.5047,75.53
saffron27_jpg.rf.m4hQaEojuIkCtvqZ5LF3.jpg,3,384,236,377,204,14,64,896,0.4606,0.16,0.5586,1.0,0.0905,0.3755,90.52
saffron27_jpg.rf.m4hQaEojuIkCtvqZ5LF3.jpg,4,497,132,483,101,29,62,1798,0.5591,0.35,0.6328,1.0,0.1509,0.5089,150.87
saffron27_jpg.rf.m4hQaEojuIkCtvqZ5LF3.jpg,5,244,112,230,64,28,97,2716,0.5199,0.2,0.6111,1.0,0.3606,0.4156,360.57
saffron27_jpg.rf.m4hQaEojuIkCtvqZ5LF3.jpg,6,178,47,135,0,87,95,8265,0.522,0.33,0.5399,1.0,0.1751,0.2592,175.11
saffron27_jpg.rf.m4hQaEojuIkCtvqZ5LF3.jpg,7,90,5,82,0,17,10,170,0.522,0.38,0.5232,1.0,0.0583,0.2759,58.29
saffron28_jpg.rf.FyLDFuVnPaBqWkOqRVRR.jpg,1,289,382,272,375,35,14,490,0.5763,0.28,0.5094,1.0,1.0,0.2218,2332.48
saffron29_jpg.rf.P95RY5TeeBUpOxwQEnZG.jpg,1,503,420,495,413,17,15,255,0.4643,0.24,0.4923,1.0,0.0799,0.3317,79.93
saffron29_jpg.rf.P95RY5TeeBUpOxwQEnZG.jpg,2,27,362,16,350,23,25,575,0.4953,0.31,0.5694,0.8263,0.2222,0.1653,222.24
saffron29_jpg.rf.P95RY5TeeBUpOxwQEnZG.jpg,3,8,333,0,325,17,16,272,0.554,0.36,0.5809,0.986,0.2744,0.1972,274.41
saffron29_jpg.rf.P95RY5TeeBUpOxwQEnZG.jpg,4,36,173,31,168,11,11,121,0.5966,0.5,0.5401,1.0,0.3255,0.6673,325.47
saffron2_jpg.rf.1cjvm5wdT9hVWp1qWlEe.jpg,1,309,484,295,473,29,22,638,0.4702,0.48,0.4961,0.6313,0.0232,0.1263,23.16
saffron2_jpg.rf.1cjvm5wdT9hVWp1qWlEe.jpg,2,287,469,283,461,9,17,153,0.4712,0.45,0.4988,0.6897,0.0114,0.1379,11.43
saffron2_jpg.rf.1cjvm5wdT9hVWp1qWlEe.jpg,3,208,479,156,447,105,65,6825,0.5342,0.44,0.51,1.0,0.0167,0.2892,16.68
saffron2_jpg.rf.1cjvm5wdT9hVWp1qWlEe.jpg,4,338,451,334,442,8,19,152,0.5408,0.47,0.4986,1.0,0.0182,0.321,18.21
saffron2_jpg.rf.1cjvm5wdT9hVWp1qWlEe.jpg,5,505,434,498,426,14,17,238,0.5297,0.42,0.5103,1.0,0.041,0.8845,41.03
saffron2_jpg.rf.1cjvm5wdT9hVWp1qWlEe.jpg,6,284,421,272,396,25,51,1275,0.456,0.47,0.4681,0.5298,0.2167,0.106,216.65
saffron2_jpg.rf.1cjvm5wdT9hVWp1qWlEe.jpg,7,509,350,507,338,5,24,120,0.5364,0.46,0.494,1.0,0.0251,0.5859,25.06
saffron2_jpg.rf.1cjvm5wdT9hVWp1qWlEe.jpg,8,11,145,0,138,23,15,345,0.5067,0.37,0.5024,1.0,0.0135,0.2848,13.51
saffron2_jpg.rf.1cjvm5wdT9hVWp1qWlEe.jpg,9,28,105,0,77,56,57,3192,0.5187,0.39,0.5095,1.0,0.0389,0.5853,38.85
saffron2_jpg.rf.1cjvm5wdT9hVWp1qWlEe.jpg,10,167,34,162,22,11,24,264,0.5307,0.43,0.4908,0.9722,0.1396,0.1944,139.64
saffron2_jpg.rf.1cjvm5wdT9hVWp1qWlEe.jpg,11,327,26,313,11,29,30,870,0.5353,0.41,0.5195,1.0,0.1002,0.3961,100.21
saffron2_jpg.rf.1cjvm5wdT9hVWp1qWlEe.jpg,12,4,15,0,0,8,31,248,0.4815,0.49,0.5265,0.5502,0.1567,0.11,156.71
saffron30_jpg.rf.BTl59XIIz6KpO4zKOSdk.jpg,1,478,488,445,468,67,40,2680,0.5112,0.27,0.5679,1.0,0.1789,0.2545,178.93
saffron30_jpg.rf.BTl59XIIz6KpO4zKOSdk.jpg,2,14,473,0,461,29,25,725,0.4502,0.21,0.4956,1.0,0.0319,0.2981,31.95
saffron30_jpg.rf.BTl59XIIz6KpO4zKOSdk.jpg,3,492,210,473,183,39,54,2106,0.4819,0.23,0.5628,1.0,0.0444,0.2741,44.44
saffron31_jpg.rf.hpZ0CssKkODmwxVdXZqK.jpg,1,365,503,355,494,21,18,378,0.6336,0.44,0.5131,1.0,1.0,0.5253,2539.19
saffron31_jpg.rf.hpZ0CssKkODmwxVdXZqK.jpg,2,277,497,266,486,23,22,506,0.6233,0.4,0.5237,1.0,1.0,0.4348,2275.27
saffron31_jpg.rf.hpZ0CssKkODmwxVdXZqK.jpg,3,145,498,126,485,38,27,1026,0.6336,0.41,0.5431,1.0,1.0,0.3479,1846.79
saffron31_jpg.rf.hpZ0CssKkODmwxVdXZqK.jpg,4,367,485,362,479,11,12,132,0.6194,0.42,0.4924,1.0,1.0,0.5109,2815.17
saffron31_jpg.rf.hpZ0CssKkODmwxVdXZqK.jpg,5,307,469,301,460,13,19,247,0.7058,0.61,0.5495,1.0,1.0,0.3458,2617.45
saffron31_jpg.rf.hpZ0CssKkODmwxVdXZqK.jpg,6,413,467,407,459,12,17,204,0.6198,0.39,0.5238,1.0,1.0,0.5259,2866.2
saffron31_jpg.rf.hpZ0CssKkODmwxVdXZqK.jpg,7,383,461,373,446,20,31,620,0.6339,0.41,0.5441,1.0,1.0,0.4135,2503.61
saffron31_jpg.rf.hpZ0CssKkODmwxVdXZqK.jpg,8,405,437,390,429,31,17,527,0.6375,0.46,0.5043,1.0,1.0,0.4852,2695.92
saffron31_jpg.rf.hpZ0CssKkODmwxVdXZqK.jpg,9,438,434,434,428,9,13,117,0.6542,0.44,0.5721,1.0,1.0,0.3733,2345.26
saffron31_jpg.rf.hpZ0CssKkODmwxVdXZqK.jpg,10,332,443,318,423,28,40,1120,0.6977,0.62,0.5163,1.0,1.0,0.3918,2207.9
saffron31_jpg.rf.hpZ0CssKkODmwxVdXZqK.jpg,11,377,424,373,417,9,15,135,0.6173,0.42,0.4866,1.0,1.0,0.388,2026.3
saffron31_jpg.rf.hpZ0CssKkODmwxVdXZqK.jpg,12,73,417,69,408,8,19,152,0.6414,0.44,0.5353,1.0,1.0,0.2613,1826.59
saffron31_jpg.rf.hpZ0CssKkODmwxVdXZqK.jpg,13,429,405,424,400,11,11,121,0.6388,0.38,0.588,1.0,1.0,0.4442,1362.72
saffron31_jpg.rf.hpZ0CssKkODmwxVdXZqK.jpg,14,334,398,329,392,11,13,143,0.6198,0.39,0.5238,1.0,1.0,0.5113,1910.99
saffron31_jpg.rf.hpZ0CssKkODmwxVdXZqK.jpg,15,363,366,352,357,23,18,414,0.6431,0.44,0.5404,1.0,1.0,0.399,1975.13
saffron31_jpg.rf.hpZ0CssKkODmwxVdXZqK.jpg,16,466,298,459,294,15,9,135,0.6418,0.43,0.5466,1.0,1.0,0.3404,1388.09
saffron31_jpg.rf.hpZ0CssKkODmwxVdXZqK.jpg,17,415,310,396,279,39,63,2457,0.6112,0.41,0.4792,1.0,1.0,0.2607,1302.03
saffron31_jpg.rf.hpZ0CssKkODmwxVdXZqK.jpg,18,20,286,13,272,14,29,406,0.6429,0.44,0.5398,1.0,1.0,0.4053,1714.7
saffron31_jpg.rf.hpZ0CssKkODmwxVdXZqK.jpg,19,370,267,341,238,59,59,3481,0.5596,0.37,0.4511,1.0,0.7223,0.418,722.33
saffron31_jpg.rf.hpZ0CssKkODmwxVdXZqK.jpg,20,301,212,296,203,10,18,180,0.5412,0.36,0.5064,1.0,0.3793,0.4091,379.28
saffron31_jpg.rf.hpZ0CssKkODmwxVdXZqK.jpg,21,245,201,226,186,39,31,1209,0.5847,0.37,0.5605,1.0,0.5901,0.363,590.06
saffron31_jpg.rf.hpZ0CssKkODmwxVdXZqK.jpg,22,46,186,39,180,14,12,168,0.5185,0.37,0.5069,1.0,0.1156,0.2372,115.62
saffron31_jpg.rf.hpZ0CssKkODmwxVdXZqK.jpg,23,32,182,26,176,12,13,156,0.554,0.38,0.5409,1.0,0.3173,0.3017,317.29
saffron31_jpg.rf.hpZ0CssKkODmwxVdXZqK.jpg,24,370,204,325,167,90,74,6660,0.5707,0.37,0.5532,1.0,0.4757,0.3635,475.69
saffron31_jpg.rf.hpZ0CssKkODmwxVdXZqK.jpg,25,215,164,206,156,18,16,288,0.5364,0.28,0.5362,1.0,0.5068,0.3083,506.82
saffron31_jpg.rf.hpZ0CssKkODmwxVdXZqK.jpg,26,67,170,43,152,48,36,1728,0.529,0.39,0.5072,1.0,0.1501,0.276,150.11
saffron31_jpg.rf.hpZ0CssKkODmwxVdXZqK.jpg,27,12,136,0,112,25,49,1225,0.4981,0.28,0.5123,1.0,0.2078,0.3152,207.76
saffron31_jpg.rf.hpZ0CssKkODmwxVdXZqK.jpg,28,44,127,32,109,24,36,864,0.4937,0.28,0.5219,1.0,0.1301,0.2436,130.07
saffron33_jpg.rf.q2DRVDkNGUcedCkgATxK.jpg,1,434,479,426,446,17,66,1122,0.4574,0.19,0.5132,1.0,0.113,0.3865,112.98
saffron33_jpg.rf.q2DRVDkNGUcedCkgATxK.jpg,2,131,473,103,439,56,68,3808,0.4584,0.23,0.5205,0.9754,0.0059,0.1951,5.92
saffron33_jpg.rf.q2DRVDkNGUcedCkgATxK.jpg,3,100,209,90,200,20,19,380,0.5081,0.38,0.4985,1.0,0.0059,0.3327,5.91
saffron33_jpg.rf.q2DRVDkNGUcedCkgATxK.jpg,4,94,66,84,56,21,20,420,0.5287,0.4,0.5323,1.0,0.0237,0.3277,23.69
saffron33_jpg.rf.q2DRVDkNGUcedCkgATxK.jpg,5,455,15,447,11,17,9,153,0.4788,0.3,0.4956,1.0,0.0032,0.3481,3.23
saffron33_jpg.rf.q2DRVDkNGUcedCkgATxK.jpg,6,328,22,326,8,5,29,145,0.4529,0.22,0.5011,1.0,0.0048,0.3013,4.83
saffron34_jpg.rf.sPngeKsEgNTFuLViS4I6.jpg,1,191,495,174,478,34,34,1156,0.5373,0.47,0.4833,1.0,0.0367,0.3614,36.68
saffron34_jpg.rf.sPngeKsEgNTFuLViS4I6.jpg,2,412,90,403,84,18,13,234,0.6067,0.39,0.4863,1.0,1.0,0.2187,1275.71
saffron36_jpg.rf.I0Uydt3IzYCewDE2ZdyE.jpg,1,158,419,145,412,26,15,390,0.6268,0.54,0.4769,1.0,0.7089,0.3041,708.86
saffron3_jpg.rf.SdVhMKHWCyqDN2ECsiu3.jpg,1,73,396,67,388,12,16,192,0.5369,0.36,0.5223,1.0,0.2811,0.2946,281.12
saffron3_jpg.rf.SdVhMKHWCyqDN2ECsiu3.jpg,2,143,389,138,378,10,22,220,0.6065,0.41,0.4656,1.0,1.0,0.2874,2408.8
saffron3_jpg.rf.SdVhMKHWCyqDN2ECsiu3.jpg,3,168,380,162,374,12,13,156,0.6076,0.35,0.5288,1.0,1.0,0.295,5439.22
saffron3_jpg.rf.SdVhMKHWCyqDN2ECsiu3.jpg,4,184,386,177,368,15,36,540,0.6812,0.56,0.5292,1.0,1.0,0.2361,5090.9
saffron3_jpg.rf.SdVhMKHWCyqDN2ECsiu3.jpg,5,6,309,0,303,12,12,144,0.5087,0.32,0.53,1.0,0.1123,0.3796,112.33
saffron3_jpg.rf.SdVhMKHWCyqDN2ECsiu3.jpg,6,493,278,474,230,38,97,3686,0.5128,0.35,0.5002,1.0,0.1519,0.3503,151.94
saffron3_jpg.rf.SdVhMKHWCyqDN2ECsiu3.jpg,7,54,131,42,114,25,35,875,0.5195,0.33,0.5618,1.0,0.0733,0.3876,73.27
saffron3_jpg.rf.SdVhMKHWCyqDN2ECsiu3.jpg,8,35,92,25,78,20,29,580,0.4932,0.29,0.5331,1.0,0.0511,0.3498,51.11
saffron3_jpg.rf.SdVhMKHWCyqDN2ECsiu3.jpg,9,429,87,421,77,17,21,357,0.4921,0.27,0.5377,1.0,0.0938,0.3668,93.78
saffron3_jpg.rf.SdVhMKHWCyqDN2ECsiu3.jpg,10,5,69,0,51,10,36,360,0.5392,0.41,0.5437,1.0,0.0542,0.5065,54.25
saffron3_jpg.rf.SdVhMKHWCyqDN2ECsiu3.jpg,11,49,59,31,48,37,23,851,0.5513,0.47,0.5195,1.0,0.0495,0.4443,49.52
saffron3_jpg.rf.SdVhMKHWCyqDN2ECsiu3.jpg,12,447,56,438,45,18,23,414,0.5868,0.56,0.5204,1.0,0.0864,0.3705,86.42
saffron3_jpg.rf.SdVhMKHWCyqDN2ECsiu3.jpg,13,465,32,460,26,11,12,132,0.5958,0.58,0.5185,1.0,0.1133,0.3496,113.26
saffron3_jpg.rf.SdVhMKHWCyqDN2ECsiu3.jpg,14,431,34,427,25,8,18,144,0.4608,0.46,0.5183,0.5583,0.0672,0.1117,67.24
saffron3_jpg.rf.SdVhMKHWCyqDN2ECsiu3.jpg,15,22,35,8,18,29,35,1015,0.5646,0.5,0.5226,1.0,0.0673,0.5854,67.34
saffron3_jpg.rf.SdVhMKHWCyqDN2ECsiu3.jpg,16,487,25,477,10,21,30,630,0.5275,0.39,0.5223,1.0,0.0823,0.3369,82.27
saffron40_jpg.rf.PAqw20vTDQj2hGAsDJcL.jpg,1,340,476,331,462,19,28,532,0.6176,0.4,0.5075,1.0,1.0,0.2976,1335.78
saffron40_jpg.rf.PAqw20vTDQj2hGAsDJcL.jpg,2,62,381,55,376,14,10,140,0.6153,0.38,0.5207,1.0,1.0,0.3147,1358.91
saffron40_jpg.rf.PAqw20vTDQj2hGAsDJcL.jpg,3,63,324,58,318,11,12,132,0.5711,0.38,0.4882,1.0,0.6726,0.2101,672.55
saffron40_jpg.rf.PAqw20vTDQj2hGAsDJcL.jpg,4,280,77,257,17,46,121,5566,0.589,0.31,0.5157,1.0,1.0,0.2594,1618.98
saffron42_jpg.rf.iJN6ermJ8K7SORBbe6cy.jpg,1,294,505,285,498,18,14,252,0.5741,0.3,0.5687,1.0,0.7006,0.54,700.59
saffron42_jpg.rf.iJN6ermJ8K7SORBbe6cy.jpg,2,194,504,183,497,23,15,345,0.5942,0.56,0.5813,0.8367,0.2737,0.1673,273.65
saffron42_jpg.rf.iJN6ermJ8K7SORBbe6cy.jpg,3,401,504,396,496,11,16,176,0.6415,0.59,0.4879,1.0,0.6422,0.4526,642.16
saffron42_jpg.rf.iJN6ermJ8K7SORBbe6cy.jpg,4,436,503,424,494,24,18,432,0.5538,0.46,0.5374,1.0,0.0472,0.8484,47.25
saffron42_jpg.rf.iJN6ermJ8K7SORBbe6cy.jpg,5,247,501,238,491,19,21,399,0.5023,0.23,0.5739,1.0,0.2097,0.644,209.74
saffron42_jpg.rf.iJN6ermJ8K7SORBbe6cy.jpg,6,503,500,494,488,18,24,432,0.5739,0.5,0.5271,1.0,0.1442,0.4014,144.16
saffron42_jpg.rf.iJN6ermJ8K7SORBbe6cy.jpg,7,87,494,72,485,31,18,558,0.6781,0.6,0.6433,1.0,0.4294,0.3194,429.38
saffron42_jpg.rf.iJN6ermJ8K7SORBbe6cy.jpg,8,411,476,400,459,22,34,748,0.5667,0.52,0.4932,1.0,0.1212,0.3593,121.2
saffron42_jpg.rf.iJN6ermJ8K7SORBbe6cy.jpg,9,436,464,424,456,24,16,384,0.5921,0.59,0.4905,1.0,0.1397,0.248,139.68
saffron42_jpg.rf.iJN6ermJ8K7SORBbe6cy.jpg,10,165,462,145,451,41,23,943,0.6002,0.4,0.4937,1.0,0.8738,0.4625,873.82
saffron42_jpg.rf.iJN6ermJ8K7SORBbe6cy.jpg,11,72,455,57,439,30,33,990,0.6374,0.6,0.5532,1.0,0.3381,0.2349,338.12
saffron42_jpg.rf.iJN6ermJ8K7SORBbe6cy.jpg,12,35,427,29,421,12,13,156,0.6707,0.61,0.5347,1.0,0.701,0.2867,700.98
saffron42_jpg.rf.iJN6ermJ8K7SORBbe6cy.jpg,13,472,397,444,378,57,38,2166,0.5968,0.6,0.5517,0.7551,0.4268,0.151,426.76
saffron42_jpg.rf.iJN6ermJ8K7SORBbe6cy.jpg,14,489,354,484,348,11,13,143,0.66,0.61,0.5532,1.0,0.5289,0.2191,528.91
saffron42_jpg.rf.iJN6ermJ8K7SORBbe6cy.jpg,15,90,359,59,328,63,63,3969,0.5813,0.34,0.5718,1.0,0.6214,0.4562,621.4
saffron42_jpg.rf.iJN6ermJ8K7SORBbe6cy.jpg,16,503,320,494,312,18,16,288,0.4929,0.62,0.5464,0.253,0.3406,0.0506,340.63
saffron42_jpg.rf.iJN6ermJ8K7SORBbe6cy.jpg,17,501,263,490,250,22,27,594,0.5636,0.35,0.6145,1.0,0.2597,0.3425,259.72
saffron42_jpg.rf.iJN6ermJ8K7SORBbe6cy.jpg,18,251,224,246,218,11,13,143,0.5449,0.26,0.5503,1.0,0.6124,0.3757,612.43
saffron42_jpg.rf.iJN6ermJ8K7SORBbe6cy.jpg,19,93,253,73,218,41,70,2870,0.5448,0.29,0.6053,1.0,0.3147,0.6088,314.74
saffron42_jpg.rf.iJN6ermJ8K7SORBbe6cy.jpg,20,58,187,49,175,19,25,475,0.6355,0.33,0.6394,1.0,0.9616,0.2903,961.57
saffron42_jpg.rf.iJN6ermJ8K7SORBbe6cy.jpg,21,252,165,247,159,10,13,130,0.5814,0.49,0.5265,1.0,0.2563,0.2,256.29
saffron42_jpg.rf.iJN6ermJ8K7SORBbe6cy.jpg,22,27,165,16,158,23,15,345,0.5936,0.48,0.5636,1.0,0.2831,0.2074,283.1
saffron42_jpg.rf.iJN6ermJ8K7SORBbe6cy.jpg,23,111,191,77,148,68,86,5848,0.5488,0.33,0.5543,1.0,0.393,0.5107,392.95
saffron42_jpg.rf.iJN6ermJ8K7SORBbe6cy.jpg,24,203,155,171,116,64,79,5056,0.5627,0.33,0.5501,1.0,0.5464,0.4644,546.45
saffron42_jpg.rf.iJN6ermJ8K7SORBbe6cy.jpg,25,66,123,52,109,28,28,784,0.626,0.58,0.5721,1.0,0.2276,0.27,227.65
saffron42_jpg.rf.iJN6ermJ8K7SORBbe6cy.jpg,26,454,108,446,103,17,10,170,0.6498,0.58,0.6029,1.0,0.3583,0.2414,358.34
saffron42_jpg.rf.iJN6ermJ8K7SORBbe6cy.jpg,27,20,102,0,87,41,31,1271,0.6029,0.57,0.5093,1.0,0.2519,0.2301,251.94
saffron42_jpg.rf.iJN6ermJ8K7SORBbe6cy.jpg,28,296,122,249,51,94,142,13348,0.5345,0.35,0.4903,1.0,0.404,0.4748,403.95
saffron42_jpg.rf.iJN6ermJ8K7SORBbe6cy.jpg,29,17,57,0,34,34,47,1598,0.506,0.49,0.5242,0.7076,0.0946,0.1415,94.58
saffron42_jpg.rf.iJN6ermJ8K7SORBbe6cy.jpg,30,151,22,136,8,30,28,840,0.5208,0.25,0.5596,1.0,0.3748,0.5321,374.8
saffron42_jpg.rf.iJN6ermJ8K7SORBbe6cy.jpg,31,326,8,321,0,11,16,176,0.6161,0.6,0.5642,0.8597,0.3665,0.1719,366.55
saffron42_jpg.rf.iJN6ermJ8K7SORBbe6cy.jpg,32,21,13,8,0,27,26,702,0.4957,0.55,0.5127,0.5569,0.1242,0.1114,124.24
saffron43_jpg.rf.SIpEGc8ksZOxstGeny8q.jpg,1,260,500,207,488,107,24,2568,0.621,0.65,0.418,1.0,0.4723,0.3039,472.32
saffron43_jpg.rf.SIpEGc8ksZOxstGeny8q.jpg,2,73,499,41,487,64,25,1600,0.5718,0.43,0.4774,1.0,0.5422,0.2649,542.23
saffron43_jpg.rf.SIpEGc8ksZOxstGeny8q.jpg,3,336,491,320,480,32,23,736,0.6601,0.64,0.5724,1.0,0.3573,0.263,357.34
saffron43_jpg.rf.SIpEGc8ksZOxstGeny8q.jpg,4,401,482,387,474,28,16,448,0.5906,0.6,0.5812,0.6339,0.504,0.1268,504.0
saffron43_jpg.rf.SIpEGc8ksZOxstGeny8q.jpg,5,385,449,364,425,43,49,2107,0.4631,0.56,0.5036,0.3532,0.202,0.0706,201.98
saffron43_jpg.rf.SIpEGc8ksZOxstGeny8q.jpg,6,103,451,62,420,82,62,5084,0.7018,0.58,0.6875,1.0,0.5816,0.3232,581.6
saffron43_jpg.rf.SIpEGc8ksZOxstGeny8q.jpg,7,67,427,54,419,27,16,432,0.6837,0.53,0.5662,1.0,1.0,0.37,1159.2
saffron43_jpg.rf.SIpEGc8ksZOxstGeny8q.jpg,8,485,413,473,405,24,16,384,0.648,0.61,0.5171,1.0,0.5356,0.4177,535.58
saffron43_jpg.rf.SIpEGc8ksZOxstGeny8q.jpg,9,88,409,76,403,24,12,288,0.6777,0.62,0.5406,1.0,0.7145,0.3194,714.51
saffron43_jpg.rf.SIpEGc8ksZOxstGeny8q.jpg,10,506,392,500,387,12,10,120,0.6594,0.61,0.5254,1.0,0.6201,0.2803,620.13
saffron43_jpg.rf.SIpEGc8ksZOxstGeny8q.jpg,11,453,398,445,386,16,25,400,0.6008,0.54,0.5631,0.7046,0.7383,0.1409,738.29
saffron43_jpg.rf.SIpEGc8ksZOxstGeny8q.jpg,12,505,370,499,361,13,18,234,0.6004,0.61,0.5367,0.7018,0.5868,0.1404,586.85
saffron43_jpg.rf.SIpEGc8ksZOxstGeny8q.jpg,13,57,329,43,306,29,47,1363,0.6498,0.54,0.5645,1.0,0.6326,0.2621,632.64
saffron43_jpg.rf.SIpEGc8ksZOxstGeny8q.jpg,14,492,317,472,296,40,42,1680,0.61,0.56,0.5407,1.0,0.2474,0.3257,247.42
saffron43_jpg.rf.SIpEGc8ksZOxstGeny8q.jpg,15,325,245,309,234,33,22,726,0.6516,0.37,0.6346,1.0,1.0,0.4549,1098.16
saffron43_jpg.rf.SIpEGc8ksZOxstGeny8q.jpg,16,289,203,283,198,12,10,120,0.5875,0.26,0.5615,1.0,1.0,0.3409,1035.0
saffron43_jpg.rf.SIpEGc8ksZOxstGeny8q.jpg,17,421,180,414,173,15,15,225,0.5765,0.35,0.5663,1.0,0.5584,0.4472,558.44
saffron43_jpg.rf.SIpEGc8ksZOxstGeny8q.jpg,18,5,155,0,132,11,46,506,0.5032,0.32,0.4829,1.0,0.2217,0.4919,221.7
saffron43_jpg.rf.SIpEGc8ksZOxstGeny8q.jpg,19,181,60,176,55,10,10,100,0.526,0.58,0.4545,0.6715,0.2963,0.1343,296.33
saffron43_jpg.rf.SIpEGc8ksZOxstGeny8q.jpg,20,432,46,425,42,15,9,135,0.4502,0.2,0.4998,1.0,0.0525,0.3086,52.47
saffron43_jpg.rf.SIpEGc8ksZOxstGeny8q.jpg,21,404,40,398,36,12,9,108,0.4953,0.25,0.5372,0.9425,0.3131,0.1885,313.13
saffron43_jpg.rf.SIpEGc8ksZOxstGeny8q.jpg,22,264,38,253,32,22,13,286,0.5841,0.79,0.5133,0.5588,0.162,0.1118,161.98
saffron43_jpg.rf.SIpEGc8ksZOxstGeny8q.jpg,23,453,35,441,25,24,20,480,0.5206,0.36,0.5153,1.0,0.1423,0.2674,142.33
saffron43_jpg.rf.SIpEGc8ksZOxstGeny8q.jpg,24,502,38,493,18,19,40,760,0.5688,0.57,0.4501,1.0,0.1179,0.4908,117.86
saffron43_jpg.rf.SIpEGc8ksZOxstGeny8q.jpg,25,377,23,358,14,38,18,684,0.616,0.56,0.5288,1.0,0.3493,0.2587,349.25
saffron43_jpg.rf.SIpEGc8ksZOxstGeny8q.jpg,26,484,4,478,0,13,8,104,0.541,0.45,0.5013,1.0,0.0802,0.56,80.21
saffron46_jpg.rf.0wO7fNCD6FXZgokMyhIY.jpg,1,505,457,499,444,13,27,351,0.546,0.49,0.49,1.0,0.0299,0.637,29.88
saffron46_jpg.rf.0wO7fNCD6FXZgokMyhIY.jpg,2,484,422,456,351,56,143,8008,0.4787,0.27,0.5208,1.0,0.0198,0.5092,19.76
saffron46_jpg.rf.0wO7fNCD6FXZgokMyhIY.jpg,3,504,172,497,141,15,62,930,0.5271,0.47,0.5058,0.9041,0.0471,0.1808,47.14
saffron46_jpg.rf.0wO7fNCD6FXZgokMyhIY.jpg,4,55,28,0,0,110,56,6160,0.5519,0.45,0.548,1.0,0.0263,0.2415,26.31
saffron47_jpg.rf.UqhFckizgWwc9QzySoPF.jpg,1,347,455,341,450,13,11,143,0.5193,0.37,0.512,1.0,0.1058,0.3548,105.8
saffron47_jpg.rf.UqhFckizgWwc9QzySoPF.jpg,2,162,420,147,413,30,14,420,0.5132,0.34,0.5372,1.0,0.0619,0.2756,61.92
saffron47_jpg.rf.UqhFckizgWwc9QzySoPF.jpg,3,422,373,399,369,46,9,414,0.493,0.31,0.5042,1.0,0.0802,0.3309,80.24
saffron47_jpg.rf.UqhFckizgWwc9QzySoPF.jpg,4,440,289,431,280,19,19,361,0.5599,0.5,0.5049,1.0,0.0822,0.2882,82.23
saffron47_jpg.rf.UqhFckizgWwc9QzySoPF.jpg,5,496,288,481,277,31,22,682,0.6239,0.55,0.5715,1.0,0.3135,0.2719,313.52
saffron47_jpg.rf.UqhFckizgWwc9QzySoPF.jpg,6,483,274,470,268,27,12,324,0.6419,0.6,0.5673,0.9615,0.4102,0.1923,410.25
saffron47_jpg.rf.UqhFckizgWwc9QzySoPF.jpg,7,474,166,455,159,39,14,546,0.5032,0.25,0.5754,1.0,0.1429,0.23,142.9
saffron47_jpg.rf.UqhFckizgWwc9QzySoPF.jpg,8,192,4,182,0,21,8,168,0.4757,0.29,0.496,1.0,0.0057,0.2359,5.69
saffron48_jpg.rf.uRcXlwo1DNNtWgIASQiJ.jpg,1,99,504,86,497,26,15,390,0.5877,0.59,0.5117,0.8835,0.2539,0.1767,253.85
saffron48_jpg.rf.uRcXlwo1DNNtWgIASQiJ.jpg,2,240,496,227,480,26,32,832,0.6073,0.58,0.5398,1.0,0.1534,0.2784,153.41
saffron48_jpg.rf.uRcXlwo1DNNtWgIASQiJ.jpg,3,83,480,77,475,13,11,143,0.473,0.52,0.5317,0.4522,0.1452,0.0904,145.22
saffron48_jpg.rf.uRcXlwo1DNNtWgIASQiJ.jpg,4,412,424,401,413,23,23,529,0.5962,0.5,0.5951,1.0,0.1288,0.4098,128.85
saffron48_jpg.rf.uRcXlwo1DNNtWgIASQiJ.jpg,5,421,329,412,324,19,11,209,0.5569,0.49,0.5148,0.9748,0.103,0.195,102.99
saffron48_jpg.rf.uRcXlwo1DNNtWgIASQiJ.jpg,6,457,328,444,312,26,33,858,0.5732,0.52,0.5281,1.0,0.0632,0.5673,63.16
saffron48_jpg.rf.uRcXlwo1DNNtWgIASQiJ.jpg,7,484,316,478,306,12,20,240,0.5445,0.47,0.4957,1.0,0.0654,0.3086,65.45
saffron48_jpg.rf.uRcXlwo1DNNtWgIASQiJ.jpg,8,500,291,490,280,21,23,483,0.5477,0.47,0.5105,1.0,0.0453,0.5857,45.27
saffron48_jpg.rf.uRcXlwo1DNNtWgIASQiJ.jpg,9,505,259,498,249,14,20,280,0.5652,0.52,0.5051,1.0,0.0643,0.2703,64.26
saffron48_jpg.rf.uRcXlwo1DNNtWgIASQiJ.jpg,10,434,241,419,223,30,36,1080,0.5537,0.48,0.519,1.0,0.0407,0.3358,40.71
saffron48_jpg.rf.uRcXlwo1DNNtWgIASQiJ.jpg,11,497,227,483,216,29,23,667,0.5519,0.48,0.5153,1.0,0.0355,0.3437,35.48
saffron48_jpg.rf.uRcXlwo1DNNtWgIASQiJ.jpg,12,392,216,375,200,34,32,1088,0.5666,0.5,0.5317,1.0,0.0551,0.461,55.07
saffron48_jpg.rf.uRcXlwo1DNNtWgIASQiJ.jpg,13,372,194,367,189,10,10,100,0.5576,0.47,0.5317,1.0,0.0698,0.3223,69.81
saffron48_jpg.rf.uRcXlwo1DNNtWgIASQiJ.jpg,14,490,189,484,183,13,13,169,0.5549,0.5,0.5048,1.0,0.0322,0.6064,32.24
saffron48_jpg.rf.uRcXlwo1DNNtWgIASQiJ.jpg,15,469,180,464,174,10,13,130,0.4667,0.46,0.5225,0.5727,0.0827,0.1145,82.66
saffron48_jpg.rf.uRcXlwo1DNNtWgIASQiJ.jpg,16,427,161,416,144,22,35,770,0.5702,0.49,0.547,1.0,0.0724,0.3173,72.36
saffron48_jpg.rf.uRcXlwo1DNNtWgIASQiJ.jpg,17,384,82,372,73,24,18,432,0.522,0.42,0.4969,1.0,0.0113,0.9556,11.34
saffron48_jpg.rf.uRcXlwo1DNNtWgIASQiJ.jpg,18,14,85,0,59,29,53,1537,0.5334,0.45,0.5184,0.9604,0.0239,0.1921,23.89
saffron48_jpg.rf.uRcXlwo1DNNtWgIASQiJ.jpg,19,5,31,0,23,11,17,187,0.6471,0.58,0.5592,1.0,0.484,0.2333,483.97
saffron48_jpg.rf.uRcXlwo1DNNtWgIASQiJ.jpg,20,46,30,38,18,17,25,425,0.4635,0.5,0.5157,0.424,0.2318,0.0848,231.76
saffron48_jpg.rf.uRcXlwo1DNNtWgIASQiJ.jpg,21,361,24,352,10,18,28,504,0.5592,0.48,0.4587,0.9458,0.4148,0.1892,414.85
saffron48_jpg.rf.uRcXlwo1DNNtWgIASQiJ.jpg,22,274,24,265,8,19,32,608,0.5701,0.5,0.5218,0.9751,0.174,0.195,174.04
saffron48_jpg.rf.uRcXlwo1DNNtWgIASQiJ.jpg,23,436,5,433,0,7,11,77,0.5372,0.46,0.497,1.0,0.0231,0.4706,23.06
saffron48_jpg.rf.uRcXlwo1DNNtWgIASQiJ.jpg,24,407,17,394,0,27,35,945,0.5546,0.5,0.5064,1.0,0.023,0.6323,22.99
saffron48_jpg.rf.uRcXlwo1DNNtWgIASQiJ.jpg,25,215,11,202,0,26,23,598,0.5458,0.47,0.4922,1.0,0.0908,0.2759,90.77
saffron51_jpg.rf.2hvK5ZX8CPcc8MvBYvQg.jpg,1,19,287,11,281,16,12,192,0.6026,0.53,0.5057,1.0,0.4015,0.3065,401.55
saffron51_jpg.rf.2hvK5ZX8CPcc8MvBYvQg.jpg,2,50,222,46,216,9,13,117,0.5766,0.37,0.5416,0.9333,0.7093,0.1867,709.26
saffron51_jpg.rf.2hvK5ZX8CPcc8MvBYvQg.jpg,3,22,82,14,78,17,8,136,0.5445,0.41,0.5198,1.0,0.191,0.2466,191.05
saffron52_jpg.rf.G5MpiBJpyGIY3rd3Tk4V.jpg,1,6,366,0,352,13,28,364,0.6296,0.61,0.4681,1.0,0.5223,0.4566,522.33
saffron52_jpg.rf.G5MpiBJpyGIY3rd3Tk4V.jpg,2,10,316,0,306,20,20,400,0.5809,0.51,0.5246,1.0,0.1883,0.3486,188.32
saffron52_jpg.rf.G5MpiBJpyGIY3rd3Tk4V.jpg,3,489,201,480,191,19,20,380,0.5962,0.56,0.5338,1.0,0.1333,0.4849,133.32
saffron52_jpg.rf.G5MpiBJpyGIY3rd3Tk4V.jpg,4,43,25,24,11,38,28,1064,0.5485,0.49,0.4862,1.0,0.0678,0.3795,67.77
saffron533_jpg.rf.VUBrvR4B0VPfWoZWMuD2.jpg,1,399,504,394,497,10,15,150,0.6908,0.58,0.5365,1.0,1.0,0.2294,1989.96
saffron533_jpg.rf.VUBrvR4B0VPfWoZWMuD2.jpg,2,496,503,490,495,12,17,204,0.661,0.6,0.5623,1.0,0.5423,0.2319,542.27
saffron533_jpg.rf.VUBrvR4B0VPfWoZWMuD2.jpg,3,275,484,265,462,20,45,900,0.6791,0.59,0.593,1.0,0.6502,0.231,650.23
saffron533_jpg.rf.VUBrvR4B0VPfWoZWMuD2.jpg,4,399,456,392,450,14,12,168,0.6137,0.38,0.5229,1.0,0.9768,0.4712,976.75
saffron533_jpg.rf.VUBrvR4B0VPfWoZWMuD2.jpg,5,455,389,446,380,18,19,342,0.686,0.61,0.5026,1.0,0.966,0.2183,966.0
saffron533_jpg.rf.VUBrvR4B0VPfWoZWMuD2.jpg,6,202,382,197,377,10,10,100,0.5716,0.38,0.5436,1.0,0.4833,0.5145,483.29
saffron533_jpg.rf.VUBrvR4B0VPfWoZWMuD2.jpg,7,147,368,140,360,15,16,240,0.5074,0.37,0.5099,0.8929,0.2088,0.1786,208.85
saffron533_jpg.rf.VUBrvR4B0VPfWoZWMuD2.jpg,8,508,346,504,341,8,11,88,0.6302,0.58,0.4741,1.0,0.6122,0.2236,612.19
saffron533_jpg.rf.VUBrvR4B0VPfWoZWMuD2.jpg,9,410,356,377,335,66,43,2838,0.5704,0.37,0.4939,1.0,0.6808,0.3559,680.76
saffron533_jpg.rf.VUBrvR4B0VPfWoZWMuD2.jpg,10,162,269,156,265,13,9,117,0.551,0.36,0.5161,1.0,0.4431,0.2876,443.08
saffron533_jpg.rf.VUBrvR4B0VPfWoZWMuD2.jpg,11,489,243,479,233,20,20,400,0.5537,0.4,0.4989,1.0,0.3912,0.4961,391.24
saffron533_jpg.rf.VUBrvR4B0VPfWoZWMuD2.jpg,12,467,222,460,216,15,12,180,0.5519,0.39,0.5267,1.0,0.3105,0.2963,310.51
saffron533_jpg.rf.VUBrvR4B0VPfWoZWMuD2.jpg,13,241,215,235,210,13,11,143,0.5641,0.35,0.544,1.0,0.5123,0.3826,512.33
saffron533_jpg.rf.VUBrvR4B0VPfWoZWMuD2.jpg,14,463,136,457,131,13,11,143,0.5302,0.38,0.5153,1.0,0.1688,0.32,168.85
saffron533_jpg.rf.VUBrvR4B0VPfWoZWMuD2.jpg,15,497,44,482,17,30,54,1620,0.4747,0.37,0.5054,0.7681,0.1472,0.1536,147.24
saffron54_jpg.rf.ysLSqULUk03AetVfbPJ9.jpg,1,236,507,225,502,23,10,230,0.6238,0.6,0.5158,1.0,0.3331,0.2554,333.09
saffron54_jpg.rf.ysLSqULUk03AetVfbPJ9.jpg,2,346,491,335,484,23,14,322,0.6533,0.61,0.5222,1.0,0.5703,0.3209,570.27
saffron54_jpg.rf.ysLSqULUk03AetVfbPJ9.jpg,3,276,463,269,455,15,16,240,0.6169,0.59,0.5018,0.9987,0.3499,0.1997,349.93
saffron54_jpg.rf.ysLSqULUk03AetVfbPJ9.jpg,4,274,436,266,431,17,11,187,0.594,0.51,0.56,0.8996,0.3954,0.1799,395.37
saffron54_jpg.rf.ysLSqULUk03AetVfbPJ9.jpg,5,101,413,92,401,19,25,475,0.5882,0.56,0.5091,1.0,0.1407,0.2319,140.65
saffron56_jpg.rf.SO6CX6zjrrKTfA7CaqyE.jpg,1,197,191,192,181,11,20,220,0.5149,0.32,0.5005,0.8016,0.6737,0.1603,673.65
saffron56_jpg.rf.SO6CX6zjrrKTfA7CaqyE.jpg,2,25,168,0,123,51,90,4590,0.5387,0.27,0.5339,1.0,0.5732,0.6046,573.24
saffron57_jpg.rf.8AJf3CS5rmeWZlfTn7Ia.jpg,1,74,412,66,401,17,22,374,0.4847,0.27,0.4844,0.6034,1.0,0.1207,3464.81
saffron58_jpg.rf.cWlkzWTrrVJ0RoifE0Ax.jpg,1,340,488,277,464,126,48,6048,0.6252,0.55,0.4686,1.0,0.6865,0.485,686.49
saffron58_jpg.rf.cWlkzWTrrVJ0RoifE0Ax.jpg,2,285,463,280,456,10,14,140,0.6562,0.55,0.5134,1.0,0.8402,0.2745,840.23
saffron58_jpg.rf.cWlkzWTrrVJ0RoifE0Ax.jpg,3,57,230,54,223,7,14,98,0.6141,0.48,0.5108,1.0,0.6736,0.4453,673.57
saffron58_jpg.rf.cWlkzWTrrVJ0RoifE0Ax.jpg,4,340,182,336,169,9,27,243,0.666,0.55,0.5509,1.0,0.8066,0.3822,806.59
saffron58_jpg.rf.cWlkzWTrrVJ0RoifE0Ax.jpg,5,315,151,310,143,11,16,176,0.5781,0.3,0.5021,1.0,0.9741,0.3835,974.08
saffron58_jpg.rf.cWlkzWTrrVJ0RoifE0Ax.jpg,6,148,137,141,130,15,15,225,0.6559,0.48,0.5428,1.0,0.9794,0.2401,979.36
saffron58_jpg.rf.cWlkzWTrrVJ0RoifE0Ax.jpg,7,484,121,467,105,35,33,1155,0.6664,0.53,0.5168,1.0,1.0,0.2728,1227.68
saffron58_jpg.rf.cWlkzWTrrVJ0RoifE0Ax.jpg,8,246,156,209,99,75,115,8625,0.629,0.4,0.5399,1.0,1.0,0.3076,1010.08
saffron58_jpg.rf.cWlkzWTrrVJ0RoifE0Ax.jpg,9,454,105,445,93,19,24,456,0.6399,0.49,0.4886,1.0,0.9738,0.353,973.79
saffron58_jpg.rf.cWlkzWTrrVJ0RoifE0Ax.jpg,10,69,72,62,66,14,12,168,0.6561,0.51,0.5074,1.0,1.0,0.2372,1103.92
saffron58_jpg.rf.cWlkzWTrrVJ0RoifE0Ax.jpg,11,106,67,97,57,19,21,399,0.6219,0.46,0.5349,1.0,0.7369,0.303,736.93
saffron58_jpg.rf.cWlkzWTrrVJ0RoifE0Ax.jpg,12,421,69,414,55,15,28,420,0.6124,0.37,0.5225,1.0,1.0,0.4787,1462.76
saffron58_jpg.rf.cWlkzWTrrVJ0RoifE0Ax.jpg,13,478,72,465,53,26,38,988,0.5927,0.3,0.5364,1.0,1.0,0.3747,2063.74
saffron59_jpg.rf.62AnemRUCcxbZr7CEVIO.jpg,1,322,33,303,0,38,66,2508,0.5327,0.43,0.5049,1.0,0.0551,0.4122,55.15
saffron5_jpg.rf.cWKKibsndZHEQUrfh39g.jpg,1,15,503,0,494,30,18,540,0.4891,0.45,0.5166,0.7407,0.0263,0.1481,26.26
saffron5_jpg.rf.cWKKibsndZHEQUrfh39g.jpg,2,55,459,44,436,23,46,1058,0.5102,0.33,0.5425,1.0,0.0486,0.3498,48.6
saffron5_jpg.rf.cWKKibsndZHEQUrfh39g.jpg,3,474,438,465,430,19,16,304,0.6157,0.56,0.5865,1.0,0.1447,0.273,144.69
saffron5_jpg.rf.cWKKibsndZHEQUrfh39g.jpg,4,51,424,46,415,10,18,180,0.5399,0.42,0.5345,1.0,0.0578,0.3,57.84
saffron5_jpg.rf.cWKKibsndZHEQUrfh39g.jpg,5,21,416,16,409,10,14,140,0.4933,0.32,0.5014,1.0,0.0576,0.3077,57.65
saffron5_jpg.rf.cWKKibsndZHEQUrfh39g.jpg,6,5,373,0,364,10,19,190,0.4556,0.21,0.5011,1.0,0.0668,0.3185,66.84
saffron5_jpg.rf.cWKKibsndZHEQUrfh39g.jpg,7,28,321,17,309,23,25,575,0.4962,0.33,0.5059,1.0,0.0358,0.2309,35.84
saffron5_jpg.rf.cWKKibsndZHEQUrfh39g.jpg,8,120,23,108,13,25,21,525,0.4749,0.26,0.4985,1.0,0.0946,0.208,94.6
saffron61_jpg.rf.4fndqY9fhRo4ruxQY0Bu.jpg,1,447,508,439,504,17,8,136,0.5728,0.54,0.5011,1.0,0.0847,0.4729,84.71
saffron61_jpg.rf.4fndqY9fhRo4ruxQY0Bu.jpg,2,14,498,0,485,29,27,783,0.5491,0.39,0.4849,1.0,0.4287,0.4139,428.68
saffron61_jpg.rf.4fndqY9fhRo4ruxQY0Bu.jpg,3,82,470,63,458,39,24,936,0.5614,0.41,0.4633,1.0,0.5569,0.3796,556.94
saffron61_jpg.rf.4fndqY9fhRo4ruxQY0Bu.jpg,4,38,472,0,439,76,67,5092,0.5702,0.44,0.4938,1.0,0.4332,0.3537,433.17
saffron61_jpg.rf.4fndqY9fhRo4ruxQY0Bu.jpg,5,44,61,27,49,35,24,840,0.5189,0.44,0.4576,1.0,0.047,0.4775,47.02
saffron61_jpg.rf.4fndqY9fhRo4ruxQY0Bu.jpg,6,11,54,1,49,20,11,220,0.5456,0.48,0.4962,1.0,0.0396,0.2593,39.6
saffron61_jpg.rf.4fndqY9fhRo4ruxQY0Bu.jpg,7,105,45,96,29,18,33,594,0.5505,0.49,0.5019,1.0,0.0335,0.3496,33.5
saffron61_jpg.rf.4fndqY9fhRo4ruxQY0Bu.jpg,8,35,26,17,20,36,13,468,0.5283,0.43,0.4948,1.0,0.0466,0.3017,46.57
saffron61_jpg.rf.4fndqY9fhRo4ruxQY0Bu.jpg,9,85,16,78,10,15,13,195,0.4954,0.43,0.4979,0.837,0.032,0.1674,31.99
saffron62_jpg.rf.bg0o3hh0KpgZu2haTPNH.jpg,1,384,491,362,471,45,41,1845,0.5483,0.42,0.5586,1.0,0.0578,0.2568,57.78
saffron62_jpg.rf.bg0o3hh0KpgZu2haTPNH.jpg,2,350,444,339,435,23,19,437,0.5043,0.33,0.5072,1.0,0.1128,0.2627,112.8
saffron62_jpg.rf.bg0o3hh0KpgZu2haTPNH.jpg,3,229,97,218,93,22,9,198,0.5527,0.2,0.587,1.0,0.7722,0.2829,772.2
saffron62_jpg.rf.bg0o3hh0KpgZu2haTPNH.jpg,4,49,85,43,78,12,15,180,0.5672,0.53,0.4953,1.0,0.083,0.3503,83.03
saffron65_jpg.rf.dakWufRuWFPq0xPVjmL5.jpg,1,198,504,189,497,18,15,270,0.65,0.6,0.4865,1.0,0.6971,0.2238,697.12
saffron65_jpg.rf.dakWufRuWFPq0xPVjmL5.jpg,2,93,487,81,478,24,18,432,0.5076,0.59,0.5202,0.4491,0.2918,0.0898,291.79
saffron65_jpg.rf.dakWufRuWFPq0xPVjmL5.jpg,3,35,446,23,431,24,31,744,0.6692,0.58,0.4748,1.0,1.0,0.2448,1396.64
saffron65_jpg.rf.dakWufRuWFPq0xPVjmL5.jpg,4,509,227,507,217,5,20,100,0.5171,0.42,0.508,0.8807,0.162,0.1761,162.04
saffron66_jpg.rf.eaqqlC62XoSa3vgStq8s.jpg,1,385,504,379,496,12,16,192,0.494,0.55,0.5055,0.5492,0.1471,0.1098,147.07
saffron66_jpg.rf.eaqqlC62XoSa3vgStq8s.jpg,2,504,474,497,469,14,11,154,0.5791,0.55,0.5112,0.9213,0.2345,0.1843,234.52
saffron66_jpg.rf.eaqqlC62XoSa3vgStq8s.jpg,3,386,441,378,425,17,33,561,0.5221,0.4,0.5047,1.0,0.0547,0.2322,54.73
saffron66_jpg.rf.eaqqlC62XoSa3vgStq8s.jpg,4,416,354,411,349,11,10,110,0.5649,0.57,0.5364,0.7016,0.3736,0.1403,373.57
saffron66_jpg.rf.eaqqlC62XoSa3vgStq8s.jpg,5,507,340,502,335,10,10,100,0.5569,0.32,0.564,1.0,0.4749,0.2869,474.89
saffron66_jpg.rf.eaqqlC62XoSa3vgStq8s.jpg,6,435,215,424,205,22,21,462,0.5834,0.55,0.5024,1.0,0.1506,0.2077,150.65
saffron66_jpg.rf.eaqqlC62XoSa3vgStq8s.jpg,7,438,123,422,118,32,10,320,0.6201,0.58,0.5485,1.0,0.2512,0.2097,251.2
saffron66_jpg.rf.eaqqlC62XoSa3vgStq8s.jpg,8,496,82,481,69,31,26,806,0.5905,0.56,0.5207,1.0,0.1228,0.3969,122.75
saffron66_jpg.rf.eaqqlC62XoSa3vgStq8s.jpg,9,356,87,332,69,49,37,1813,0.4594,0.47,0.4513,0.649,0.0718,0.1298,71.78
saffron66_jpg.rf.eaqqlC62XoSa3vgStq8s.jpg,10,415,65,402,41,27,48,1296,0.4642,0.5,0.5191,0.4872,0.101,0.0974,101.03
saffron67_jpg.rf.HBAIUWZqiKcWlPrtCyym.jpg,1,260,454,257,448,7,13,91,0.5286,0.39,0.5111,1.0,0.1322,0.4232,132.24
saffron67_jpg.rf.HBAIUWZqiKcWlPrtCyym.jpg,2,271,397,260,361,22,73,1606,0.5081,0.36,0.5085,1.0,0.0407,0.346,40.67
saffron68_jpg.rf.48wBFZ6aNudaMotDumaN.jpg,1,143,501,129,491,28,21,588,0.5962,0.4,0.5595,1.0,0.6037,0.488,603.7
saffron68_jpg.rf.48wBFZ6aNudaMotDumaN.jpg,2,493,363,475,336,37,55,2035,0.5235,0.25,0.5535,1.0,0.4233,0.4026,423.29
saffron68_jpg.rf.48wBFZ6aNudaMotDumaN.jpg,3,506,282,500,247,12,70,840,0.5435,0.26,0.6096,1.0,0.3919,0.3184,391.88
saffron6_jpg.rf.2r2OtPisNOqLgfEFSUZX.jpg,1,121,508,115,505,13,7,91,0.5919,0.58,0.5163,1.0,0.0821,0.3538,82.07
saffron6_jpg.rf.2r2OtPisNOqLgfEFSUZX.jpg,2,85,507,77,503,17,9,153,0.5383,0.41,0.505,1.0,0.1803,0.5494,180.34
saffron6_jpg.rf.2r2OtPisNOqLgfEFSUZX.jpg,3,185,504,182,497,7,15,105,0.512,0.52,0.499,0.7018,0.1504,0.1404,150.35
saffron6_jpg.rf.2r2OtPisNOqLgfEFSUZX.jpg,4,268,501,255,490,27,22,594,0.6264,0.61,0.519,1.0,0.312,0.3599,312.0
saffron6_jpg.rf.2r2OtPisNOqLgfEFSUZX.jpg,5,486,496,461,480,51,32,1632,0.5972,0.57,0.5367,1.0,0.0985,0.5536,98.49
saffron6_jpg.rf.2r2OtPisNOqLgfEFSUZX.jpg,6,59,482,49,469,20,27,540,0.5282,0.4,0.4914,1.0,0.1626,0.4303,162.59
saffron6_jpg.rf.2r2OtPisNOqLgfEFSUZX.jpg,7,199,472,183,456,32,33,1056,0.5965,0.58,0.5243,1.0,0.1003,0.2687,100.34
saffron6_jpg.rf.2r2OtPisNOqLgfEFSUZX.jpg,8,503,460,495,453,17,15,255,0.6078,0.59,0.5349,1.0,0.1405,0.4879,140.49
saffron6_jpg.rf.2r2OtPisNOqLgfEFSUZX.jpg,9,468,465,450,452,36,26,936,0.5946,0.59,0.5033,1.0,0.119,0.3564,118.99
saffron6_jpg.rf.2r2OtPisNOqLgfEFSUZX.jpg,10,255,466,245,450,20,32,640,0.584,0.54,0.5276,1.0,0.1036,0.3054,103.58
saffron6_jpg.rf.2r2OtPisNOqLgfEFSUZX.jpg,11,93,463,65,449,57,29,1653,0.5761,0.57,0.4654,1.0,0.137,0.4486,136.98
saffron6_jpg.rf.2r2OtPisNOqLgfEFSUZX.jpg,12,219,439,210,431,19,17,323,0.595,0.58,0.4921,1.0,0.1973,0.3593,197.31
saffron6_jpg.rf.2r2OtPisNOqLgfEFSUZX.jpg,13,75,412,65,407,21,11,231,0.6136,0.54,0.5122,1.0,0.4538,0.3043,453.84
saffron6_jpg.rf.2r2OtPisNOqLgfEFSUZX.jpg,14,24,415,0,405,49,21,1029,0.51,0.35,0.5011,1.0,0.1213,0.3956,121.3
saffron6_jpg.rf.2r2OtPisNOqLgfEFSUZX.jpg,15,155,393,147,386,16,15,240,0.5899,0.57,0.4975,1.0,0.1622,0.3082,162.25
saffron6_jpg.rf.2r2OtPisNOqLgfEFSUZX.jpg,16,126,391,117,385,18,12,216,0.5051,0.46,0.5148,0.7708,0.0977,0.1542,97.67
saffron6_jpg.rf.2r2OtPisNOqLgfEFSUZX.jpg,17,54,371,43,367,22,9,198,0.5245,0.37,0.5055,1.0,0.1811,0.2297,181.05
saffron6_jpg.rf.2r2OtPisNOqLgfEFSUZX.jpg,18,73,367,66,361,14,12,168,0.4969,0.37,0.5272,0.8494,0.1297,0.1699,129.67
saffron6_jpg.rf.2r2OtPisNOqLgfEFSUZX.jpg,19,28,129,22,123,12,13,156,0.5537,0.49,0.4927,1.0,0.0972,0.4633,97.23
saffron6_jpg.rf.2r2OtPisNOqLgfEFSUZX.jpg,20,10,111,0,96,20,31,620,0.5818,0.51,0.5123,1.0,0.2398,0.5197,239.81
saffron6_jpg.rf.2r2OtPisNOqLgfEFSUZX.jpg,21,80,91,75,86,11,11,121,0.56,0.5,0.5007,1.0,0.0981,0.4329,98.05
saffron6_jpg.rf.2r2OtPisNOqLgfEFSUZX.jpg,22,242,87,236,80,12,14,168,0.5362,0.45,0.5052,1.0,0.0184,0.3798,18.37
saffron6_jpg.rf.2r2OtPisNOqLgfEFSUZX.jpg,23,35,74,20,67,30,15,450,0.5894,0.57,0.4959,1.0,0.1638,0.2787,163.8
saffron6_jpg.rf.2r2OtPisNOqLgfEFSUZX.jpg,24,119,69,108,59,23,21,483,0.5923,0.51,0.5728,1.0,0.1329,0.2035,132.94
saffron6_jpg.rf.2r2OtPisNOqLgfEFSUZX.jpg,25,436,61,423,38,26,46,1196,0.4975,0.31,0.5202,1.0,0.069,0.3652,69.03
saffron6_jpg.rf.2r2OtPisNOqLgfEFSUZX.jpg,26,278,54,263,36,30,37,1110,0.5255,0.39,0.5167,1.0,0.0812,0.345,81.23
saffron6_jpg.rf.2r2OtPisNOqLgfEFSUZX.jpg,27,236,41,213,28,46,27,1242,0.5686,0.49,0.5434,1.0,0.0694,0.2918,69.43
saffron6_jpg.rf.2r2OtPisNOqLgfEFSUZX.jpg,28,252,5,246,0,12,10,120,0.4752,0.26,0.5066,1.0,0.0688,0.2161,68.83
saffron6_jpg.rf.2r2OtPisNOqLgfEFSUZX.jpg,29,195,6,183,0,24,12,288,0.4598,0.21,0.5239,1.0,0.0291,0.3503,29.11
saffron6_jpg.rf.2r2OtPisNOqLgfEFSUZX.jpg,30,78,8,70,0,16,17,272,0.5096,0.32,0.5258,1.0,0.1354,0.2717,135.36
saffron6_jpg.rf.2r2OtPisNOqLgfEFSUZX.jpg,31,32,19,0,0,65,39,2535,0.4867,0.32,0.4832,1.0,0.0562,0.4238,56.2
saffron70_jpg.rf.mLYK7KTZhVzsjDwqK5OG.jpg,1,165,506,162,500,7,12,84,0.5558,0.49,0.5004,1.0,0.092,0.4474,92.02
saffron70_jpg.rf.mLYK7KTZhVzsjDwqK5OG.jpg,2,437,503,427,494,20,18,360,0.5003,0.49,0.5113,0.7227,0.0533,0.1445,53.32
saffron70_jpg.rf.mLYK7KTZhVzsjDwqK5OG.jpg,3,291,497,283,485,16,24,384,0.575,0.39,0.5535,1.0,0.448,0.3626,448.04
saffron70_jpg.rf.mLYK7KTZhVzsjDwqK5OG.jpg,4,503,456,494,447,18,19,342,0.5939,0.59,0.5139,1.0,0.0749,0.5901,74.89
saffron70_jpg.rf.mLYK7KTZhVzsjDwqK5OG.jpg,5,506,420,501,414,11,13,143,0.5205,0.41,0.501,1.0,0.0164,0.2871,16.35
saffron70_jpg.rf.mLYK7KTZhVzsjDwqK5OG.jpg,6,496,388,481,375,30,26,780,0.5352,0.45,0.4669,1.0,0.1433,0.3442,143.26
saffron70_jpg.rf.mLYK7KTZhVzsjDwqK5OG.jpg,7,497,355,483,341,29,28,812,0.5488,0.47,0.4984,1.0,0.0983,0.4443,98.3
saffron70_jpg.rf.mLYK7KTZhVzsjDwqK5OG.jpg,8,139,345,129,329,20,33,660,0.568,0.33,0.5837,1.0,0.4825,0.3132,482.55
saffron70_jpg.rf.mLYK7KTZhVzsjDwqK5OG.jpg,9,361,318,353,312,17,12,204,0.5467,0.3,0.5959,1.0,0.3311,0.2615,331.11
saffron70_jpg.rf.mLYK7KTZhVzsjDwqK5OG.jpg,10,431,303,417,282,29,43,1247,0.5187,0.32,0.5538,1.0,0.1292,0.3787,129.15
saffron70_jpg.rf.mLYK7KTZhVzsjDwqK5OG.jpg,11,486,289,470,271,33,37,1221,0.5527,0.45,0.5342,1.0,0.0826,0.2222,82.58
saffron70_jpg.rf.mLYK7KTZhVzsjDwqK5OG.jpg,12,6,240,0,230,12,20,240,0.5142,0.38,0.5033,1.0,0.0503,0.2413,50.25
saffron70_jpg.rf.mLYK7KTZhVzsjDwqK5OG.jpg,13,358,217,343,199,31,36,1116,0.4813,0.28,0.4915,1.0,0.1125,0.4578,112.54
saffron70_jpg.rf.mLYK7KTZhVzsjDwqK5OG.jpg,14,13,198,7,186,13,25,325,0.5076,0.38,0.485,1.0,0.0484,0.3341,48.42
saffron70_jpg.rf.mLYK7KTZhVzsjDwqK5OG.jpg,15,116,183,111,175,10,17,170,0.6106,0.33,0.636,1.0,0.7248,0.2335,724.75
saffron70_jpg.rf.mLYK7KTZhVzsjDwqK5OG.jpg,16,508,172,504,166,8,12,96,0.5865,0.29,0.5286,1.0,1.0,0.3333,1654.55
saffron70_jpg.rf.mLYK7KTZhVzsjDwqK5OG.jpg,17,258,101,254,94,8,14,112,0.5689,0.35,0.5656,1.0,0.4842,0.2481,484.25
saffron70_jpg.rf.mLYK7KTZhVzsjDwqK5OG.jpg,18,80,99,48,76,64,47,3008,0.5745,0.49,0.5519,1.0,0.0982,0.3238,98.2
saffron70_jpg.rf.mLYK7KTZhVzsjDwqK5OG.jpg,19,374,39,361,34,26,10,260,0.5233,0.41,0.5006,1.0,0.0463,0.4187,46.3
saffron70_jpg.rf.mLYK7KTZhVzsjDwqK5OG.jpg,20,6,40,0,12,12,57,684,0.5535,0.37,0.5179,1.0,0.4275,0.2939,427.47
saffron70_jpg.rf.mLYK7KTZhVzsjDwqK5OG.jpg,21,389,12,379,6,20,12,240,0.5312,0.4,0.5211,1.0,0.0881,0.2826,88.07
saffron71_jpg.rf.etU442isiiBO0J4sAcMf.jpg,1,332,405,319,388,26,34,884,0.5578,0.41,0.442,0.7981,1.0,0.1596,2644.98
saffron71_jpg.rf.etU442isiiBO0J4sAcMf.jpg,2,102,359,96,355,13,8,104,0.5332,0.27,0.4936,0.83,1.0,0.166,1055.89
saffron71_jpg.rf.etU442isiiBO0J4sAcMf.jpg,3,59,357,45,347,29,21,609,0.622,0.48,0.5259,0.9941,0.7111,0.1988,711.14
saffron71_jpg.rf.etU442isiiBO0J4sAcMf.jpg,4,349,307,342,304,14,7,98,0.5116,0.41,0.5454,0.6883,0.3956,0.1377,395.64
saffron71_jpg.rf.etU442isiiBO0J4sAcMf.jpg,5,44,248,36,240,17,16,272,0.4541,0.28,0.4614,0.548,0.8502,0.1096,850.17
saffron71_jpg.rf.etU442isiiBO0J4sAcMf.jpg,6,449,272,387,227,125,90,11250,0.5732,0.37,0.5054,1.0,0.6676,0.5316,667.57
saffron71_jpg.rf.etU442isiiBO0J4sAcMf.jpg,7,40,225,33,213,15,24,360,0.5445,0.28,0.5648,1.0,0.4884,0.2757,488.39
saffron71_jpg.rf.etU442isiiBO0J4sAcMf.jpg,8,478,200,471,196,14,9,126,0.5201,0.26,0.5352,0.9249,0.5683,0.185,568.33
saffron71_jpg.rf.etU442isiiBO0J4sAcMf.jpg,9,312,148,270,130,84,36,3024,0.526,0.34,0.5231,1.0,0.2394,0.2064,239.41
saffron71_jpg.rf.etU442isiiBO0J4sAcMf.jpg,10,222,123,184,110,77,27,2079,0.4971,0.27,0.5041,1.0,0.2612,0.3019,261.21
saffron71_jpg.rf.etU442isiiBO0J4sAcMf.jpg,11,56,98,45,85,22,27,594,0.4627,0.27,0.5029,0.8824,0.1577,0.1765,157.72
saffron72_jpg.rf.5YtLY7DNnttBc4JoJVia.jpg,1,160,464,152,454,16,21,336,0.6168,0.59,0.5346,1.0,0.2319,0.4351,231.87
saffron72_jpg.rf.5YtLY7DNnttBc4JoJVia.jpg,2,176,445,172,439,9,13,117,0.5886,0.6,0.5162,0.8667,0.2466,0.1733,246.55
saffron72_jpg.rf.5YtLY7DNnttBc4JoJVia.jpg,3,397,383,391,377,13,12,156,0.4988,0.31,0.5003,1.0,0.1525,0.5583,152.5
saffron72_jpg.rf.5YtLY7DNnttBc4JoJVia.jpg,4,431,329,421,324,20,11,220,0.4775,0.27,0.5128,1.0,0.0355,0.4891,35.54
saffron72_jpg.rf.5YtLY7DNnttBc4JoJVia.jpg,5,405,173,386,162,38,22,836,0.5065,0.35,0.5116,1.0,0.0489,0.4082,48.86
saffron72_jpg.rf.5YtLY7DNnttBc4JoJVia.jpg,6,149,36,136,12,26,48,1248,0.4769,0.26,0.5219,1.0,0.0325,0.3737,32.45
saffron73_jpg.rf.ycjP9szM5lMHJy5zm1ZH.jpg,1,364,467,358,460,12,14,168,0.5979,0.4,0.5403,1.0,0.6884,0.2804,688.4
saffron73_jpg.rf.ycjP9szM5lMHJy5zm1ZH.jpg,2,54,409,46,401,17,16,272,0.5778,0.5,0.513,1.0,0.2322,0.4618,232.16
saffron73_jpg.rf.ycjP9szM5lMHJy5zm1ZH.jpg,3,24,348,19,342,11,12,132,0.5831,0.47,0.5271,1.0,0.3415,0.2464,341.54
saffron73_jpg.rf.ycjP9szM5lMHJy5zm1ZH.jpg,4,91,236,80,228,23,16,368,0.5723,0.51,0.4903,1.0,0.222,0.4643,222.02
saffron74_jpg.rf.xo7kD0PAJvCTNjlrBJ3W.jpg,1,16,215,5,205,22,20,440,0.5246,0.3,0.5989,1.0,0.0998,0.2983,99.78
saffron74_jpg.rf.xo7kD0PAJvCTNjlrBJ3W.jpg,2,250,137,241,130,18,14,252,0.4861,0.24,0.6352,0.8718,0.0538,0.1744,53.8
saffron75_jpg.rf.aepOMnWp2sGCl1zaHFML.jpg,1,429,509,422,506,14,6,84,0.4673,0.26,0.4934,1.0,0.0356,0.3494,35.55
saffron75_jpg.rf.aepOMnWp2sGCl1zaHFML.jpg,2,486,473,473,462,26,23,598,0.5346,0.3,0.455,1.0,0.7037,0.212,703.7
saffron75_jpg.rf.aepOMnWp2sGCl1zaHFML.jpg,3,208,118,201,115,14,6,84,0.6099,0.57,0.4708,1.0,0.4561,0.235,456.08
saffron76_jpg.rf.tqNdTXJUvXqlvqFQPEOO.jpg,1,17,104,7,85,21,38,798,0.4515,0.21,0.5054,1.0,0.011,0.6679,11.0
saffron77_jpg.rf.lCQZOW0ug5HXqmqHVTIw.jpg,1,106,498,99,484,15,28,420,0.5941,0.6,0.5145,0.9967,0.0466,0.1993,46.57
saffron78_jpg.rf.8UGvwF7kJcPmQxf2ISLm.jpg,1,232,420,227,413,11,15,165,0.4898,0.29,0.5198,1.0,0.0638,0.3768,63.76
saffron78_jpg.rf.8UGvwF7kJcPmQxf2ISLm.jpg,2,501,284,490,259,22,50,1100,0.4506,0.17,0.539,1.0,0.024,0.4297,24.01
saffron78_jpg.rf.8UGvwF7kJcPmQxf2ISLm.jpg,3,343,123,337,115,12,17,204,0.4834,0.27,0.5275,1.0,0.0427,0.2687,42.75
saffron7_jpg.rf.ZHlprS3iOxVVd3eUEjer.jpg,1,3,450,0,443,7,15,105,0.5435,0.48,0.4952,1.0,0.0222,0.8575,22.17
saffron7_jpg.rf.ZHlprS3iOxVVd3eUEjer.jpg,2,28,422,0,350,57,144,8208,0.478,0.27,0.5187,1.0,0.0197,0.4937,19.71
saffron7_jpg.rf.ZHlprS3iOxVVd3eUEjer.jpg,3,6,174,0,142,13,64,832,0.5706,0.53,0.5155,1.0,0.047,0.2008,46.99
saffron7_jpg.rf.ZHlprS3iOxVVd3eUEjer.jpg,4,455,29,398,0,114,58,6612,0.5525,0.45,0.5422,1.0,0.0524,0.2402,52.41
saffron81_jpg.rf.tEoYJItYjoFhjQYBUk0H.jpg,1,2,8,0,0,5,17,85,0.4899,0.29,0.4925,1.0,0.1603,0.3636,160.26
saffron82_jpg.rf.KXn9Me0qUB1xHpe1X18h.jpg,1,342,10,330,3,24,15,360,0.4924,0.39,0.4898,0.6597,0.5249,0.1319,524.86
saffron83_jpg.rf.2iBFLcWoK8b45foc5YiV.jpg,1,303,503,299,494,9,18,162,0.5571,0.39,0.5655,1.0,0.2263,0.494,226.3
saffron83_jpg.rf.2iBFLcWoK8b45foc5YiV.jpg,2,367,449,362,442,10,15,150,0.6945,0.61,0.5171,1.0,1.0,0.298,1545.68
saffron83_jpg.rf.2iBFLcWoK8b45foc5YiV.jpg,3,361,364,354,352,15,25,375,0.6372,0.55,0.5264,1.0,0.6044,0.2442,604.43
saffron84_jpg.rf.tmKkN6GOVEGHmroQTy87.jpg,1,145,363,122,331,46,64,2944,0.599,0.56,0.4938,1.0,0.3021,0.3029,302.13
saffron9_jpg.rf.xe6oy8eB7gjjNTY5tlbW.jpg,1,93,304,88,299,11,10,110,0.6087,0.38,0.5585,1.0,0.8021,0.4763,802.11
saffron9_jpg.rf.xe6oy8eB7gjjNTY5tlbW.jpg,2,478,73,464,59,29,28,812,0.5213,0.35,0.5622,0.8598,0.3008,0.172,300.78
saffron_jpg.rf.XQKkjAi6PPTvm1jZlAFO.jpg,1,93,443,82,425,22,36,792,0.5097,0.4,0.4662,1.0,0.0657,0.2561,65.66
saffron_jpg.rf.XQKkjAi6PPTvm1jZlAFO.jpg,2,30,215,19,205,22,20,440,0.59,0.56,0.5143,1.0,0.1404,0.2243,140.42
saffron_jpg.rf.XQKkjAi6PPTvm1jZlAFO.jpg,3,417,141,407,126,21,30,630,0.585,0.37,0.5748,1.0,0.5429,0.3874,542.92
saffron_jpg.rf.XQKkjAi6PPTvm1jZlAFO.jpg,4,12,122,0,116,25,13,325,0.4917,0.5,0.4996,0.6387,0.1413,0.1277,141.25
saffron_jpg.rf.XQKkjAi6PPTvm1jZlAFO.jpg,5,124,84,112,76,24,17,408,0.5131,0.48,0.52,0.7854,0.0599,0.1571,59.89
saffron_jpg.rf.XQKkjAi6PPTvm1jZlAFO.jpg,6,488,61,481,56,15,11,165,0.5114,0.3,0.5438,1.0,0.1611,0.4815,161.08
saffron_jpg.rf.XQKkjAi6PPTvm1jZlAFO.jpg,7,44,61,36,56,16,10,160,0.5965,0.55,0.4983,1.0,0.2954,0.2857,295.39
saffron_jpg.rf.XQKkjAi6PPTvm1jZlAFO.jpg,8,264,26,253,11,23,30,690,0.5436,0.35,0.5412,1.0,0.3167,0.2993,316.65
saffroncrocusgrowingguide2_jpg.rf.CuG3QdZVs7gcFVvtJTrY.jpg,1,250,506,245,501,10,11,110,0.5005,0.32,0.5197,1.0,0.0659,0.2139,65.95
saffroncrocusgrowingguide2_jpg.rf.CuG3QdZVs7gcFVvtJTrY.jpg,2,495,500,490,489,11,23,253,0.4915,0.31,0.5097,1.0,0.0463,0.3658,46.27
saffroncrocusgrowingguide2_jpg.rf.CuG3QdZVs7gcFVvtJTrY.jpg,3,169,426,163,387,13,78,1014,0.4838,0.29,0.5063,1.0,0.0509,0.3293,50.92
saffroncrocusgrowingguide2_jpg.rf.CuG3QdZVs7gcFVvtJTrY.jpg,4,89,379,66,341,47,77,3619,0.473,0.39,0.509,0.7646,0.0542,0.1529,54.23
saffroncrocusgrowingguide2_jpg.rf.CuG3QdZVs7gcFVvtJTrY.jpg,5,36,324,14,310,45,29,1305,0.5131,0.37,0.5192,1.0,0.0186,0.3192,18.61
saffroncrocusgrowingguide2_jpg.rf.CuG3QdZVs7gcFVvtJTrY.jpg,6,480,322,465,307,31,30,930,0.5143,0.37,0.5149,1.0,0.046,0.3577,46.0
shafran_jpg.rf.HLsDtXXfddo6QAIqqQaf.jpg,1,19,159,13,155,12,9,108,0.4749,0.28,0.496,1.0,0.0333,0.5496,33.26
shafran_jpg.rf.HLsDtXXfddo6QAIqqQaf.jpg,2,36,45,0,0,73,90,6570,0.4795,0.26,0.5333,1.0,0.0186,0.3977,18.6
thrgfd_jpg.rf.Zpn9OEvEbRpr77ddamIZ.jpg,1,367,496,358,487,18,19,342,0.5669,0.4,0.5412,1.0,0.3746,0.2925,374.56
thrgfd_jpg.rf.Zpn9OEvEbRpr77ddamIZ.jpg,2,390,490,382,476,16,29,464,0.5763,0.43,0.5567,1.0,0.3096,0.3476,309.59
thrgfd_jpg.rf.Zpn9OEvEbRpr77ddamIZ.jpg,3,148,458,137,441,23,34,782,0.554,0.42,0.5169,1.0,0.2607,0.4062,260.7
thrgfd_jpg.rf.Zpn9OEvEbRpr77ddamIZ.jpg,4,95,437,91,430,9,14,126,0.5229,0.38,0.5165,1.0,0.0914,0.3388,91.36
thrgfd_jpg.rf.Zpn9OEvEbRpr77ddamIZ.jpg,5,312,434,307,429,11,11,121,0.5518,0.4,0.4809,1.0,0.4353,0.2495,435.34
thrgfd_jpg.rf.Zpn9OEvEbRpr77ddamIZ.jpg,6,280,426,269,398,23,57,1311,0.6199,0.61,0.465,1.0,0.4368,0.3395,436.76
thrgfd_jpg.rf.Zpn9OEvEbRpr77ddamIZ.jpg,7,155,412,142,394,27,36,972,0.5354,0.37,0.5471,1.0,0.1439,0.3515,143.9
thrgfd_jpg.rf.Zpn9OEvEbRpr77ddamIZ.jpg,8,232,396,224,373,17,47,799,0.6445,0.55,0.5425,1.0,0.6216,0.2425,621.64
thrgfd_jpg.rf.Zpn9OEvEbRpr77ddamIZ.jpg,9,34,361,26,355,17,12,204,0.5054,0.36,0.4855,1.0,0.0944,0.4497,94.43
thrgfd_jpg.rf.Zpn9OEvEbRpr77ddamIZ.jpg,10,476,360,463,351,26,18,468,0.5509,0.42,0.4762,1.0,0.3721,0.3561,372.09
thrgfd_jpg.rf.Zpn9OEvEbRpr77ddamIZ.jpg,11,354,341,343,326,22,30,660,0.581,0.54,0.5094,1.0,0.1369,0.271,136.94
thrgfd_jpg.rf.Zpn9OEvEbRpr77ddamIZ.jpg,12,480,300,473,292,15,16,240,0.5791,0.55,0.4991,1.0,0.1191,0.2778,119.15
thrgfd_jpg.rf.Zpn9OEvEbRpr77ddamIZ.jpg,13,378,260,366,241,25,38,950,0.5204,0.37,0.5222,1.0,0.0815,0.24,81.51
thrgfd_jpg.rf.Zpn9OEvEbRpr77ddamIZ.jpg,14,36,222,7,213,58,19,1102,0.4862,0.33,0.4751,1.0,0.0443,0.312,44.33
thrgfd_jpg.rf.Zpn9OEvEbRpr77ddamIZ.jpg,15,169,210,165,204,9,13,117,0.541,0.46,0.5059,1.0,0.0292,0.2686,29.15
thrgfd_jpg.rf.Zpn9OEvEbRpr77ddamIZ.jpg,16,225,50,219,41,13,18,234,0.4829,0.29,0.5056,1.0,0.0441,0.284,44.11
thrgfd_jpg.rf.Zpn9OEvEbRpr77ddamIZ.jpg,17,332,18,322,9,20,18,360,0.4816,0.29,0.5046,1.0,0.0345,0.4521,34.47
thrgfd_jpg.rf.Zpn9OEvEbRpr77ddamIZ.jpg,18,7,16,0,0,15,32,480,0.4657,0.25,0.503,1.0,0.0218,0.5501,21.78
wild-wisdom-saffron_jpg.rf.0pmeJSDT5hRdcyHmrF6O.jpg,1,140,492,130,482,21,20,420,0.5719,0.45,0.521,1.0,0.3205,0.3428,320.54
wild-wisdom-saffron_jpg.rf.0pmeJSDT5hRdcyHmrF6O.jpg,2,139,83,134,75,10,16,160,0.5415,0.35,0.5657,1.0,0.2101,0.211,210.1
wild-wisdom-saffron_jpg.rf.0pmeJSDT5hRdcyHmrF6O.jpg,3,144,33,103,0,82,66,5412,0.5206,0.35,0.5296,1.0,0.1275,0.6195,127.46
