scene,det_id,cx,cy,bbox,area,score,rf,cnn,hsv,depth,clip,hsv_frac,lap_var
0054e9d129bd325d0e31ce4feb005727_jpg.rf.Tn5RxfAo0VhfWUSLwm2m.jpg,1,61,491,"(41, 471, 40, 41)",1640,0.6706,1.0,0.5014,0.7222,0.0064,0.5263,0.1444,6.3817
0054e9d129bd325d0e31ce4feb005727_jpg.rf.Tn5RxfAo0VhfWUSLwm2m.jpg,2,3,421,"(0, 409, 7, 24)",168,0.7262,1.0,0.5018,1.0,0.0058,0.5116,0.5662,5.7901
0054e9d129bd325d0e31ce4feb005727_jpg.rf.Tn5RxfAo0VhfWUSLwm2m.jpg,3,7,262,"(1, 258, 12, 9)",108,0.5631,1.0,0.4986,0.188,0.0099,0.5126,0.0376,9.9048
024d7bdf1579333810b17ba225597556_jpg.rf.wC6gRKMscShDjB3IC7gY.jpg,1,194,455,"(179, 438, 31, 34)",1054,0.6243,0.6665,0.4893,1.0,0.1975,0.5282,0.3205,197.4837
024d7bdf1579333810b17ba225597556_jpg.rf.wC6gRKMscShDjB3IC7gY.jpg,2,313,321,"(298, 304, 30, 34)",1020,0.5168,0.3151,0.5272,1.0,0.2198,0.5135,0.6335,219.7578
024d7bdf1579333810b17ba225597556_jpg.rf.wC6gRKMscShDjB3IC7gY.jpg,3,6,298,"(0, 293, 13, 10)",130,0.7413,0.9444,0.4876,1.0,0.4012,0.5258,0.4282,401.1568
024d7bdf1579333810b17ba225597556_jpg.rf.wC6gRKMscShDjB3IC7gY.jpg,4,377,242,"(314, 205, 127, 75)",9525,0.5084,0.2985,0.4619,1.0,0.4224,0.512,0.3627,422.3877
024d7bdf1579333810b17ba225597556_jpg.rf.wC6gRKMscShDjB3IC7gY.jpg,5,492,196,"(485, 191, 15, 11)",165,0.5095,0.2985,0.4786,1.0,0.3759,0.4995,0.4718,375.8541
024d7bdf1579333810b17ba225597556_jpg.rf.wC6gRKMscShDjB3IC7gY.jpg,6,316,163,"(308, 145, 16, 36)",576,0.4907,0.3037,0.4767,1.0,0.1754,0.5076,0.5513,175.4028
024d7bdf1579333810b17ba225597556_jpg.rf.wC6gRKMscShDjB3IC7gY.jpg,7,392,91,"(376, 82, 32, 19)",608,0.7168,0.9684,0.4863,1.0,0.0771,0.5093,0.6694,77.1118
024d7bdf1579333810b17ba225597556_jpg.rf.wC6gRKMscShDjB3IC7gY.jpg,8,367,85,"(362, 80, 10, 11)",110,0.7321,0.9684,0.5348,1.0,0.0606,0.4995,0.8676,60.5967
0725F-3749A-1540x800_jpg.rf.1xB19avAy8rHMPHxO9nz.jpg,1,233,407,"(229, 400, 9, 14)",126,0.4876,0.3078,0.483,1.0,0.1085,0.5048,0.6374,108.4597
0725F-3749A-1540x800_jpg.rf.1xB19avAy8rHMPHxO9nz.jpg,2,263,406,"(259, 390, 8, 32)",256,0.5221,0.3735,0.5264,1.0,0.0718,0.525,0.3807,71.7686
0725F-3749A-1540x800_jpg.rf.1xB19avAy8rHMPHxO9nz.jpg,3,367,225,"(350, 194, 34, 62)",2108,0.5755,0.5468,0.4678,1.0,0.2033,0.5209,0.441,203.2829
0725F-3749A-1540x800_jpg.rf.1xB19avAy8rHMPHxO9nz.jpg,4,162,123,"(158, 113, 9, 20)",180,0.4736,0.0271,0.4953,1.0,0.9074,0.4956,0.4836,907.3541
0725F-3749A-1540x800_jpg.rf.1xB19avAy8rHMPHxO9nz.jpg,5,372,74,"(355, 66, 34, 17)",578,0.5127,0.3864,0.4638,1.0,0.1516,0.5049,0.4963,151.6226
0725F-3749A-1540x800_jpg.rf.1xB19avAy8rHMPHxO9nz.jpg,6,403,46,"(395, 33, 16, 27)",432,0.5151,0.3857,0.4985,1.0,0.0558,0.5027,0.6777,55.7954
0725F-3749A-1540x800_jpg.rf.1xB19avAy8rHMPHxO9nz.jpg,7,295,23,"(273, 0, 45, 47)",2115,0.4965,0.3127,0.5267,1.0,0.027,0.515,0.7709,27.0488
0cc16d4f80bf162bbe502bff7e768418_jpg.rf.XAnzrw3PfUYE1KKuLLAu.jpg,1,455,457,"(448, 452, 14, 11)",154,0.5146,0.2985,0.4819,1.0,0.4154,0.5084,0.6672,415.354
0cc16d4f80bf162bbe502bff7e768418_jpg.rf.XAnzrw3PfUYE1KKuLLAu.jpg,2,426,440,"(415, 435, 23, 11)",253,0.5244,0.3037,0.5156,0.8634,0.6501,0.5138,0.1727,650.0844
0cc16d4f80bf162bbe502bff7e768418_jpg.rf.XAnzrw3PfUYE1KKuLLAu.jpg,3,504,456,"(496, 414, 16, 84)",1344,0.5304,0.3037,0.5272,1.0,0.3954,0.5173,0.6151,395.4385
0cc16d4f80bf162bbe502bff7e768418_jpg.rf.XAnzrw3PfUYE1KKuLLAu.jpg,4,74,54,"(59, 25, 30, 58)",1740,0.7163,0.9684,0.5026,1.0,0.0142,0.5034,0.5395,14.2209
0f_jpg.rf.B5OcBVW1HBdMy9wFtBFi.jpg,1,406,503,"(399, 494, 15, 18)",270,0.6458,0.7024,0.5505,1.0,0.0732,0.5169,0.8657,73.2299
0f_jpg.rf.B5OcBVW1HBdMy9wFtBFi.jpg,2,497,493,"(483, 475, 29, 37)",1073,0.7211,0.9435,0.5016,1.0,0.1531,0.5236,0.7608,153.1105
1000_F_195195148_PX9B9rE8TasfHa4l8WtmucoTHOEDok13_jpg.rf.tEBwlg9qt4BLCXCLaBTN.jpg,1,178,399,"(162, 385, 32, 29)",928,0.487,0.2882,0.4916,1.0,0.1409,0.5125,0.7245,140.9286
1000_F_195195148_PX9B9rE8TasfHa4l8WtmucoTHOEDok13_jpg.rf.tEBwlg9qt4BLCXCLaBTN.jpg,2,194,327,"(186, 320, 17, 14)",238,0.6325,0.7102,0.5126,1.0,0.0456,0.5103,0.7135,45.6014
1000_F_195195148_PX9B9rE8TasfHa4l8WtmucoTHOEDok13_jpg.rf.tEBwlg9qt4BLCXCLaBTN.jpg,3,329,315,"(322, 310, 14, 10)",140,0.6601,0.7182,0.5014,1.0,0.3321,0.5196,0.3566,332.0693
1000_F_195195148_PX9B9rE8TasfHa4l8WtmucoTHOEDok13_jpg.rf.tEBwlg9qt4BLCXCLaBTN.jpg,4,198,300,"(193, 294, 10, 13)",130,0.6297,0.7102,0.4951,1.0,0.0788,0.5132,0.62,78.7672
1000_F_195195148_PX9B9rE8TasfHa4l8WtmucoTHOEDok13_jpg.rf.tEBwlg9qt4BLCXCLaBTN.jpg,5,128,316,"(66, 251, 125, 130)",16250,0.5108,0.3087,0.5109,1.0,0.2392,0.5283,0.64,239.2328
1000_F_195195148_PX9B9rE8TasfHa4l8WtmucoTHOEDok13_jpg.rf.tEBwlg9qt4BLCXCLaBTN.jpg,6,138,227,"(129, 222, 19, 11)",209,0.4823,0.2882,0.4741,1.0,0.1554,0.5031,0.6143,155.3763
1000_F_195195148_PX9B9rE8TasfHa4l8WtmucoTHOEDok13_jpg.rf.tEBwlg9qt4BLCXCLaBTN.jpg,7,191,170,"(151, 95, 80, 151)",12080,0.4888,0.2944,0.4526,1.0,0.2736,0.5087,0.5856,273.6278
1000_F_621213903_SBHsy38t0vJNK8TZVz1utyO75eRRiIyT_jpg.rf.vOj7pvuXCbzoLLTVcZ8y.jpg,1,235,421,"(230, 406, 10, 31)",310,0.4842,0.2841,0.4935,1.0,0.1196,0.5022,0.6744,119.6463
1000_F_621213903_SBHsy38t0vJNK8TZVz1utyO75eRRiIyT_jpg.rf.vOj7pvuXCbzoLLTVcZ8y.jpg,2,209,351,"(175, 320, 69, 63)",4347,0.4801,0.2825,0.4813,1.0,0.1273,0.5045,0.4079,127.308
1000_F_621213903_SBHsy38t0vJNK8TZVz1utyO75eRRiIyT_jpg.rf.vOj7pvuXCbzoLLTVcZ8y.jpg,3,224,274,"(220, 263, 9, 23)",207,0.5291,0.2964,0.4747,0.7959,1.0,0.5239,0.1592,1071.2957
1000_F_621213903_SBHsy38t0vJNK8TZVz1utyO75eRRiIyT_jpg.rf.vOj7pvuXCbzoLLTVcZ8y.jpg,4,135,249,"(127, 243, 17, 13)",221,0.5318,0.2985,0.4893,1.0,0.5604,0.5163,0.6234,560.3554
1000_F_621213903_SBHsy38t0vJNK8TZVz1utyO75eRRiIyT_jpg.rf.vOj7pvuXCbzoLLTVcZ8y.jpg,5,154,128,"(125, 98, 58, 60)",3480,0.4973,0.2968,0.4935,1.0,0.2066,0.5065,0.6024,206.5575
1000_F_621213903_SBHsy38t0vJNK8TZVz1utyO75eRRiIyT_jpg.rf.vOj7pvuXCbzoLLTVcZ8y.jpg,6,315,91,"(293, 70, 44, 42)",1848,0.5741,0.3037,0.4962,1.0,0.9412,0.5338,0.5185,941.2043
1000_F_621213903_SBHsy38t0vJNK8TZVz1utyO75eRRiIyT_jpg.rf.vOj7pvuXCbzoLLTVcZ8y.jpg,7,317,57,"(309, 49, 17, 16)",272,0.52,0.3037,0.4975,1.0,0.3953,0.5048,0.4963,395.2717
1000_F_621213903_SBHsy38t0vJNK8TZVz1utyO75eRRiIyT_jpg.rf.vOj7pvuXCbzoLLTVcZ8y.jpg,8,264,48,"(252, 36, 25, 24)",600,0.5743,0.2997,0.484,1.0,1.0,0.5276,0.3131,1219.3731
10_jpg.rf.sXFJUhU0cV4b77QEPCBX.jpg,1,357,333,"(270, 282, 174, 102)",17748,0.481,0.0271,0.49,1.0,1.0,0.5054,0.5367,2950.8154
10_jpg.rf.sXFJUhU0cV4b77QEPCBX.jpg,2,243,219,"(228, 202, 30, 34)",1020,0.4967,0.1445,0.5245,0.8126,1.0,0.4736,0.1625,5824.8556
10_jpg.rf.sXFJUhU0cV4b77QEPCBX.jpg,3,312,190,"(257, 149, 111, 83)",9213,0.5033,0.1094,0.4715,1.0,1.0,0.4973,0.3355,5366.7939
11_jpg.rf.C58jddHuOPd2SLmFzDeX.jpg,1,257,254,"(250, 249, 15, 10)",150,0.5811,0.3037,0.4994,1.0,1.0,0.522,0.3182,1499.744
11_jpg.rf.C58jddHuOPd2SLmFzDeX.jpg,2,88,253,"(81, 245, 15, 17)",255,0.7098,0.6641,0.5066,1.0,1.0,0.5056,0.2618,3230.1124
11_jpg.rf.C58jddHuOPd2SLmFzDeX.jpg,3,179,199,"(165, 192, 28, 15)",420,0.5914,0.3868,0.5037,1.0,0.7968,0.5105,0.5065,796.8449
11_jpg.rf.C58jddHuOPd2SLmFzDeX.jpg,4,136,174,"(125, 165, 23, 18)",414,0.5817,0.3179,0.509,1.0,0.9226,0.5063,0.4962,922.5987
11_jpg.rf.C58jddHuOPd2SLmFzDeX.jpg,5,247,146,"(230, 131, 35, 31)",1085,0.8015,0.9516,0.4812,1.0,1.0,0.5078,0.3825,1840.8532
11_jpg.rf.C58jddHuOPd2SLmFzDeX.jpg,6,186,121,"(153, 88, 66, 67)",4422,0.8165,0.9591,0.5167,1.0,1.0,0.5033,0.4805,1135.6888
11_jpg.rf.j79DUMrF25y2bDRtBgjR.jpg,1,328,391,"(293, 359, 71, 65)",4615,0.7944,0.9544,0.4988,1.0,0.8582,0.5054,0.5516,858.235
11_jpg.rf.j79DUMrF25y2bDRtBgjR.jpg,2,264,362,"(248, 342, 33, 40)",1320,0.7253,0.725,0.4902,1.0,1.0,0.511,0.4385,1457.6172
11_jpg.rf.j79DUMrF25y2bDRtBgjR.jpg,3,378,340,"(365, 329, 27, 22)",594,0.5187,0.3127,0.5047,1.0,0.3264,0.5067,0.4563,326.4299
11_jpg.rf.j79DUMrF25y2bDRtBgjR.jpg,4,293,323,"(288, 312, 11, 23)",253,0.8027,0.9544,0.482,1.0,1.0,0.5241,0.4224,2309.0345
11_jpg.rf.j79DUMrF25y2bDRtBgjR.jpg,5,334,314,"(320, 306, 28, 16)",448,0.5474,0.3816,0.5027,1.0,0.3787,0.5143,0.508,378.7446
11_jpg.rf.rBZ45MMHsDF3q7kduQEn.jpg,1,473,242,"(466, 234, 15, 16)",240,0.7686,0.96,0.4729,1.0,0.6703,0.4991,0.582,670.2815
11_jpg.rf.rBZ45MMHsDF3q7kduQEn.jpg,2,293,238,"(286, 231, 14, 14)",196,0.5959,0.3179,0.5275,1.0,1.0,0.5201,0.5015,1797.1845
11_jpg.rf.rBZ45MMHsDF3q7kduQEn.jpg,3,348,273,"(268, 199, 161, 149)",23989,0.5746,0.3037,0.481,1.0,1.0,0.5137,0.3539,2124.3316
11_jpg.rf.rBZ45MMHsDF3q7kduQEn.jpg,4,335,199,"(324, 193, 23, 12)",276,0.5915,0.3179,0.5149,1.0,1.0,0.5058,0.4262,1483.8782
1200px-Saffron8_jpg.rf.CsB0w7kpqOcw4VoRlc0k.jpg,1,94,307,"(87, 302, 14, 11)",154,0.5578,0.5174,0.4868,1.0,0.0636,0.4996,0.2876,63.5859
1200px-Saffron8_jpg.rf.CsB0w7kpqOcw4VoRlc0k.jpg,2,262,8,"(252, 0, 21, 16)",336,0.5017,0.2992,0.514,1.0,0.1709,0.4982,0.2107,170.8609
1200px-Saffron8_jpg.rf.CsB0w7kpqOcw4VoRlc0k.jpg,3,10,16,"(0, 0, 21, 32)",672,0.566,0.5146,0.5221,1.0,0.0318,0.4995,0.3197,31.803
12_jpg.rf.eQkezFdpF2AHymA2BaRI.jpg,1,444,500,"(436, 489, 16, 23)",368,0.6669,0.5549,0.4934,1.0,1.0,0.5082,0.7241,3947.8322
12_jpg.rf.eQkezFdpF2AHymA2BaRI.jpg,2,418,494,"(411, 486, 15, 16)",240,0.6679,0.5549,0.4962,1.0,1.0,0.5098,0.5516,2837.7561
12_jpg.rf.eQkezFdpF2AHymA2BaRI.jpg,3,485,494,"(459, 477, 53, 35)",1855,0.6322,0.4415,0.5076,1.0,1.0,0.5043,0.7429,2413.8551
12_jpg.rf.eQkezFdpF2AHymA2BaRI.jpg,4,54,492,"(16, 472, 77, 40)",3080,0.5834,0.3179,0.4917,1.0,1.0,0.5056,0.8063,1896.1829
12_jpg.rf.eQkezFdpF2AHymA2BaRI.jpg,5,202,436,"(195, 427, 14, 19)",266,0.5234,0.3127,0.5249,1.0,0.3027,0.5062,0.8486,302.6797
12_jpg.rf.eQkezFdpF2AHymA2BaRI.jpg,6,15,417,"(9, 413, 12, 9)",108,0.5867,0.5535,0.5118,1.0,0.1379,0.5044,0.7857,137.9066
12_jpg.rf.eQkezFdpF2AHymA2BaRI.jpg,7,100,414,"(91, 409, 19, 10)",190,0.5926,0.5524,0.522,1.0,0.1658,0.507,0.9076,165.7629
12_jpg.rf.eQkezFdpF2AHymA2BaRI.jpg,8,328,416,"(321, 408, 14, 17)",238,0.5393,0.3167,0.5425,1.0,0.3864,0.5079,0.8568,386.3572
12_jpg.rf.eQkezFdpF2AHymA2BaRI.jpg,9,23,378,"(17, 373, 13, 10)",130,0.5951,0.5485,0.5048,1.0,0.2644,0.5059,0.4291,264.42
12_jpg.rf.eQkezFdpF2AHymA2BaRI.jpg,10,282,349,"(278, 338, 9, 23)",207,0.46,0.1445,0.5224,1.0,0.2661,0.4875,0.449,266.0735
12_jpg.rf.eQkezFdpF2AHymA2BaRI.jpg,11,160,286,"(151, 276, 18, 20)",360,0.6166,0.5455,0.5356,1.0,0.3825,0.4989,0.576,382.4574
12_jpg.rf.eQkezFdpF2AHymA2BaRI.jpg,12,491,243,"(484, 239, 14, 9)",126,0.5724,0.54,0.5025,1.0,0.0755,0.5044,0.3864,75.5147
12_jpg.rf.eQkezFdpF2AHymA2BaRI.jpg,13,435,230,"(431, 224, 9, 13)",117,0.5743,0.54,0.5136,1.0,0.0553,0.5066,0.3829,55.3298
12_jpg.rf.eQkezFdpF2AHymA2BaRI.jpg,14,103,228,"(96, 222, 14, 12)",168,0.4586,0.536,0.508,0.4407,0.0506,0.5073,0.0881,50.5674
12_jpg.rf.eQkezFdpF2AHymA2BaRI.jpg,15,461,143,"(455, 139, 12, 8)",96,0.5691,0.5242,0.5115,1.0,0.0655,0.5075,0.3292,65.5416
12_jpg.rf.eQkezFdpF2AHymA2BaRI.jpg,16,287,94,"(278, 90, 18, 9)",162,0.4987,0.5151,0.4891,0.6905,0.091,0.4988,0.1381,91.03
12_jpg.rf.eQkezFdpF2AHymA2BaRI.jpg,17,314,103,"(300, 89, 29, 29)",841,0.5686,0.531,0.5031,1.0,0.067,0.4977,0.2017,66.9677
13_jpg.rf.6PfPe4Q5FcM3WU69wARp.jpg,1,47,496,"(0, 481, 95, 31)",2945,0.6337,0.7136,0.5156,1.0,0.0349,0.5176,0.9162,34.8794
13_jpg.rf.6PfPe4Q5FcM3WU69wARp.jpg,2,417,58,"(407, 51, 21, 14)",294,0.5782,0.5289,0.5231,1.0,0.0994,0.5096,0.6445,99.4499
13_jpg.rf.h4j3M6EJALR5YZeS2C3g.jpg,1,417,452,"(407, 444, 20, 16)",320,0.6656,0.5224,0.5221,1.0,1.0,0.5103,0.4989,1072.7151
13_jpg.rf.h4j3M6EJALR5YZeS2C3g.jpg,2,507,292,"(502, 287, 10, 10)",100,0.4992,0.3077,0.5294,1.0,0.0619,0.5021,0.8977,61.9446
13_jpg.rf.h4j3M6EJALR5YZeS2C3g.jpg,3,489,172,"(466, 154, 46, 37)",1702,0.492,0.0249,0.5469,1.0,0.9191,0.5055,0.8607,919.0591
13_jpg.rf.h4j3M6EJALR5YZeS2C3g.jpg,4,222,96,"(207, 76, 31, 40)",1240,0.8195,1.0,0.4843,1.0,1.0,0.5334,0.53,2420.4265
13_jpg.rf.h4j3M6EJALR5YZeS2C3g.jpg,5,206,50,"(195, 29, 23, 43)",989,0.6829,0.9659,0.471,0.4,1.0,0.5175,0.08,1202.7202
13_jpg.rf.h4j3M6EJALR5YZeS2C3g.jpg,6,49,16,"(0, 0, 99, 32)",3168,0.737,0.7264,0.5222,1.0,1.0,0.5174,0.8955,1328.7232
1478859980_105980_0_jpg.rf.gMLRlfGgBWEETxKFuNjU.jpg,1,96,114,"(78, 73, 36, 82)",2952,0.4919,0.2985,0.4732,1.0,0.2181,0.5099,0.6436,218.0859
1478859980_105980_0_jpg.rf.gMLRlfGgBWEETxKFuNjU.jpg,2,99,68,"(90, 61, 18, 15)",270,0.5126,0.3127,0.4903,1.0,0.3159,0.5098,0.6951,315.8922
1478859980_105980_0_jpg.rf.gMLRlfGgBWEETxKFuNjU.jpg,3,202,53,"(157, 10, 90, 86)",7740,0.477,0.3127,0.4424,1.0,0.1277,0.5061,0.6564,127.6534
1478859980_105980_0_jpg.rf.gMLRlfGgBWEETxKFuNjU.jpg,4,261,23,"(250, 6, 23, 35)",805,0.5062,0.2985,0.5072,1.0,0.2416,0.5131,0.2736,241.6428
1478859980_105980_0_jpg.rf.gMLRlfGgBWEETxKFuNjU.jpg,5,141,43,"(106, 0, 70, 87)",6090,0.4971,0.3127,0.4967,1.0,0.1379,0.4996,0.7182,137.9123
14_jpg.rf.Ie3lfICCvQrk35bICAX3.jpg,1,370,377,"(353, 363, 35, 28)",980,0.5295,0.1445,0.5111,1.0,1.0,0.4931,0.3697,2058.5164
14_jpg.rf.Ie3lfICCvQrk35bICAX3.jpg,2,385,218,"(374, 206, 23, 24)",552,0.6804,0.6227,0.464,1.0,1.0,0.5343,0.3619,2540.2313
14_jpg.rf.VpBCTCV39Y1aQr1GPg4q.jpg,1,227,428,"(218, 414, 18, 29)",522,0.6865,0.6227,0.4817,1.0,1.0,0.5303,0.3675,2063.5149
14_jpg.rf.VpBCTCV39Y1aQr1GPg4q.jpg,2,344,403,"(335, 388, 18, 30)",540,0.4805,0.0316,0.4841,1.0,1.0,0.4979,0.4111,2747.5417
14_jpg.rf.VpBCTCV39Y1aQr1GPg4q.jpg,3,260,386,"(245, 362, 31, 48)",1488,0.5535,0.3037,0.4849,0.8876,1.0,0.5128,0.1775,1393.3788
15_jpg.rf.GFuly0eQ0Sww19YTb3Mq.jpg,1,138,340,"(111, 320, 54, 40)",2160,0.4829,0.0271,0.4953,1.0,1.0,0.4766,0.2281,2242.6882
15_jpg.rf.GFuly0eQ0Sww19YTb3Mq.jpg,2,336,194,"(326, 180, 20, 29)",580,0.474,0.0271,0.4699,1.0,1.0,0.4937,0.6738,2861.2508
15_jpg.rf.GFuly0eQ0Sww19YTb3Mq.jpg,3,295,189,"(274, 157, 42, 64)",2688,0.5163,0.0996,0.5182,1.0,1.0,0.48,0.4754,1555.3863
15_jpg.rf.GFuly0eQ0Sww19YTb3Mq.jpg,4,219,171,"(188, 154, 62, 34)",2108,0.4805,0.0271,0.4887,1.0,1.0,0.4966,0.6237,2439.1538
15_jpg.rf.mQLj2Ldr6LWqv7GP1Aju.jpg,1,375,340,"(348, 321, 54, 39)",2106,0.4869,0.0271,0.5069,1.0,1.0,0.4842,0.2344,2791.3175
15_jpg.rf.mQLj2Ldr6LWqv7GP1Aju.jpg,2,271,295,"(189, 272, 165, 46)",7590,0.6594,0.5509,0.4761,1.0,1.0,0.5157,0.6355,2077.1647
15_jpg.rf.mQLj2Ldr6LWqv7GP1Aju.jpg,3,352,246,"(300, 219, 105, 54)",5670,0.5149,0.0996,0.5145,1.0,1.0,0.5011,0.5048,1698.1989
15_jpg.rf.mQLj2Ldr6LWqv7GP1Aju.jpg,4,180,188,"(173, 180, 15, 16)",240,0.4786,0.0271,0.4831,1.0,1.0,0.492,0.5529,2149.1671
15_jpg.rf.mQLj2Ldr6LWqv7GP1Aju.jpg,5,194,235,"(109, 157, 171, 157)",26847,0.5762,0.3179,0.4712,1.0,1.0,0.5195,0.5403,2267.8949
15_jpg.rf.mQLj2Ldr6LWqv7GP1Aju.jpg,6,293,172,"(264, 153, 59, 39)",2301,0.477,0.0271,0.4785,1.0,1.0,0.4952,0.652,2366.0239
16_jpg.rf.6DAvm25nW55gQV2vTIKH.jpg,1,346,207,"(329, 199, 35, 17)",595,0.6436,0.5549,0.5266,0.8254,1.0,0.5086,0.1651,2205.7689
16_jpg.rf.BPxUp4onx3Jb9vuciPKZ.jpg,1,346,207,"(330, 200, 33, 15)",495,0.6632,0.5373,0.5004,1.0,1.0,0.5124,0.2288,3458.1326
16_jpg.rf.h3dQQdJlrp8ucXQKz5ua.jpg,1,304,345,"(296, 328, 16, 35)",560,0.6617,0.5483,0.4852,1.0,1.0,0.5086,0.2264,3515.5422
17_jpg.rf.jv43NxzWuTZXHQ9BROuN.jpg,1,311,489,"(300, 477, 22, 24)",528,0.7259,0.9627,0.5071,1.0,0.115,0.5001,0.4338,115.0479
17_jpg.rf.jv43NxzWuTZXHQ9BROuN.jpg,2,392,483,"(382, 471, 21, 25)",525,0.7074,0.9568,0.4708,1.0,0.0776,0.4968,0.6372,77.5674
17_jpg.rf.jv43NxzWuTZXHQ9BROuN.jpg,3,283,422,"(277, 411, 13, 23)",299,0.5265,0.3037,0.5142,1.0,0.4027,0.5068,0.6731,402.6702
17_jpg.rf.jv43NxzWuTZXHQ9BROuN.jpg,4,491,307,"(487, 299, 9, 17)",153,0.7186,0.9444,0.5058,1.0,0.1107,0.4948,0.2184,110.7077
17_jpg.rf.jv43NxzWuTZXHQ9BROuN.jpg,5,193,205,"(186, 194, 14, 22)",308,0.5868,0.3179,0.5014,1.0,1.0,0.5167,0.7952,2007.0105
17_jpg.rf.jv43NxzWuTZXHQ9BROuN.jpg,6,205,136,"(171, 85, 69, 103)",7107,0.5839,0.3179,0.4932,1.0,1.0,0.5142,0.7635,1497.9711
17b208a4c291ddcfaf24be6f93448f16_jpg.rf.QtGBPhHTGP4svYCGw9nR.jpg,1,466,344,"(461, 338, 11, 12)",132,0.5795,0.5308,0.4968,1.0,0.1982,0.5095,0.2862,198.231
17b208a4c291ddcfaf24be6f93448f16_jpg.rf.QtGBPhHTGP4svYCGw9nR.jpg,2,449,324,"(440, 320, 18, 9)",162,0.4723,0.5308,0.497,0.4841,0.1573,0.5014,0.0968,157.3279
17b208a4c291ddcfaf24be6f93448f16_jpg.rf.QtGBPhHTGP4svYCGw9nR.jpg,3,486,203,"(474, 190, 25, 26)",650,0.6218,0.6613,0.4542,1.0,0.3142,0.5094,0.798,314.2462
17b208a4c291ddcfaf24be6f93448f16_jpg.rf.QtGBPhHTGP4svYCGw9nR.jpg,4,416,169,"(408, 165, 16, 8)",128,0.4809,0.0264,0.4904,1.0,1.0,0.498,0.6446,1023.9735
17b208a4c291ddcfaf24be6f93448f16_jpg.rf.QtGBPhHTGP4svYCGw9nR.jpg,5,213,129,"(210, 119, 6, 21)",126,0.4794,0.0278,0.4849,1.0,1.0,0.5087,0.4444,1085.3238
17b208a4c291ddcfaf24be6f93448f16_jpg.rf.QtGBPhHTGP4svYCGw9nR.jpg,6,445,129,"(438, 118, 14, 23)",322,0.5794,0.5485,0.4936,1.0,0.1468,0.5036,0.2385,146.8104
17b208a4c291ddcfaf24be6f93448f16_jpg.rf.QtGBPhHTGP4svYCGw9nR.jpg,7,16,91,"(3, 87, 26, 9)",234,0.5995,0.5549,0.4963,1.0,0.3155,0.5007,0.3401,315.5438
17b208a4c291ddcfaf24be6f93448f16_jpg.rf.QtGBPhHTGP4svYCGw9nR.jpg,8,369,64,"(360, 50, 19, 28)",532,0.4939,0.5445,0.521,0.5444,0.121,0.5126,0.1089,121.0129
17b208a4c291ddcfaf24be6f93448f16_jpg.rf.QtGBPhHTGP4svYCGw9nR.jpg,9,34,53,"(24, 40, 21, 27)",567,0.609,0.5538,0.4991,1.0,0.4052,0.499,0.3481,405.2321
17b208a4c291ddcfaf24be6f93448f16_jpg.rf.QtGBPhHTGP4svYCGw9nR.jpg,10,86,25,"(76, 20, 20, 11)",220,0.4509,0.0264,0.5005,1.0,0.6653,0.503,0.5122,665.3425
18_jpg.rf.bIbjfifvfq6cg6ihN4Gz.jpg,1,494,461,"(477, 454, 35, 15)",525,0.6534,0.5498,0.4892,1.0,0.8975,0.5131,0.2918,897.4938
18_jpg.rf.bIbjfifvfq6cg6ihN4Gz.jpg,2,477,7,"(473, 0, 9, 15)",135,0.4987,0.3037,0.4858,0.8503,0.5229,0.4927,0.1701,522.9028
18_jpg.rf.fKduN09BlVIKGKgrSo7P.jpg,1,153,340,"(145, 331, 16, 18)",288,0.5801,0.3179,0.4823,1.0,1.0,0.5133,0.2786,1834.2988
18_jpg.rf.fKduN09BlVIKGKgrSo7P.jpg,2,224,176,"(216, 167, 16, 18)",288,0.528,0.1445,0.5069,1.0,1.0,0.503,0.394,2207.7265
195e4ad0af195a9b1bcf9ddf2749c954_jpg.rf.Dta8nxZdoexHik7PHHRe.jpg,1,496,486,"(480, 460, 32, 52)",1664,0.5919,0.6467,0.4621,1.0,0.0387,0.5087,0.9424,38.6588
195e4ad0af195a9b1bcf9ddf2749c954_jpg.rf.Dta8nxZdoexHik7PHHRe.jpg,2,79,11,"(72, 0, 15, 22)",330,0.621,0.7199,0.4823,1.0,0.0027,0.5039,1.0,2.699
19_jpg.rf.79H9zYqpvEHkBUmIsL4r.jpg,1,402,434,"(396, 428, 12, 13)",156,0.5938,0.2894,0.5501,1.0,1.0,0.502,0.765,1876.3463
19_jpg.rf.79H9zYqpvEHkBUmIsL4r.jpg,2,351,436,"(325, 398, 53, 77)",4081,0.4771,0.0316,0.4744,1.0,1.0,0.5045,0.9174,1702.6898
19_jpg.rf.79H9zYqpvEHkBUmIsL4r.jpg,3,288,411,"(272, 381, 33, 61)",2013,0.4808,0.0316,0.485,1.0,1.0,0.4929,0.702,1398.0318
19_jpg.rf.79H9zYqpvEHkBUmIsL4r.jpg,4,369,321,"(315, 246, 109, 151)",16459,0.5853,0.3179,0.4972,1.0,1.0,0.518,0.5164,1992.4246
19_jpg.rf.79H9zYqpvEHkBUmIsL4r.jpg,5,201,270,"(192, 240, 19, 60)",1140,0.4904,0.0271,0.5169,1.0,1.0,0.4931,0.6904,1580.0174
19_jpg.rf.79H9zYqpvEHkBUmIsL4r.jpg,6,278,276,"(247, 223, 62, 106)",6572,0.478,0.0271,0.4814,1.0,1.0,0.4896,0.6887,1757.6261
19_jpg.rf.79H9zYqpvEHkBUmIsL4r.jpg,7,223,222,"(218, 216, 10, 13)",130,0.4692,0.0239,0.4595,1.0,1.0,0.503,0.9382,1346.7941
19_jpg.rf.79H9zYqpvEHkBUmIsL4r.jpg,8,240,128,"(208, 71, 65, 114)",7410,0.5743,0.3179,0.4658,1.0,1.0,0.509,0.6756,2034.7348
19_jpg.rf.Px3ba8IURgg8AapnTZIw.jpg,1,272,383,"(241, 328, 63, 111)",6993,0.5748,0.3037,0.4814,1.0,1.0,0.5169,0.5643,2080.4965
19_jpg.rf.Px3ba8IURgg8AapnTZIw.jpg,2,243,213,"(221, 184, 44, 59)",2596,0.5827,0.3037,0.504,1.0,1.0,0.4973,0.6396,1148.2497
19_jpg.rf.Px3ba8IURgg8AapnTZIw.jpg,3,113,79,"(99, 59, 28, 40)",1120,0.4652,0.1329,0.5182,1.0,0.373,0.4991,0.7014,373.0139
1_jpg.rf.y3SzQJA2JqfPYvGUTJvj.jpg,1,482,472,"(452, 432, 60, 80)",4800,0.486,0.1253,0.5245,1.0,0.5862,0.4998,0.4607,586.2244
1_jpg.rf.y3SzQJA2JqfPYvGUTJvj.jpg,2,487,414,"(463, 396, 49, 37)",1813,0.4503,0.027,0.5062,1.0,0.637,0.4891,0.4609,636.9582
1_jpg.rf.y3SzQJA2JqfPYvGUTJvj.jpg,3,35,292,"(18, 277, 34, 30)",1020,0.7496,0.8942,0.5357,0.7453,1.0,0.4881,0.1491,1853.1107
1_jpg.rf.y3SzQJA2JqfPYvGUTJvj.jpg,4,505,99,"(498, 91, 14, 17)",238,0.8181,0.9544,0.5258,1.0,1.0,0.5085,0.3483,1697.7809
1_jpg.rf.y3SzQJA2JqfPYvGUTJvj.jpg,5,390,2,"(382, 0, 17, 5)",85,0.8085,0.9532,0.4998,1.0,1.0,0.5103,0.6583,1817.1847
1_jpg.rf.y3SzQJA2JqfPYvGUTJvj.jpg,6,99,7,"(91, 0, 17, 15)",255,0.7842,0.9544,0.4858,1.0,0.8015,0.4942,0.3875,801.4779
1_jpg.rf.y3SzQJA2JqfPYvGUTJvj.jpg,7,70,10,"(60, 0, 20, 20)",400,0.8192,0.9544,0.5304,0.9976,1.0,0.4888,0.1995,1053.1852
1_psHOo97OjWfxX7CTem7-eg_jpg.rf.KEh5NkLvQzMlVZ4zseDe.jpg,1,393,506,"(387, 500, 13, 12)",156,0.6526,0.7387,0.483,1.0,0.2504,0.502,0.4511,250.4168
1bea407d4e72a3a8f333f88d154718a0_jpg.rf.FYNa5ahxOMokkCmJtvLr.jpg,1,300,442,"(295, 426, 11, 33)",363,0.5425,0.2978,0.532,1.0,0.5206,0.5241,0.2667,520.6267
1bea407d4e72a3a8f333f88d154718a0_jpg.rf.FYNa5ahxOMokkCmJtvLr.jpg,2,186,371,"(172, 355, 29, 33)",957,0.5141,0.2985,0.4904,0.9946,0.3905,0.5288,0.1989,390.498
1caf29808967ab5438fb27983fa8f347_jpg.rf.ZoRoIBXRZt9CLLzeoOGz.jpg,1,139,359,"(132, 349, 15, 21)",315,0.5887,0.5485,0.5401,1.0,0.0771,0.4962,0.3996,77.0509
1caf29808967ab5438fb27983fa8f347_jpg.rf.ZoRoIBXRZt9CLLzeoOGz.jpg,2,387,300,"(364, 289, 47, 22)",1034,0.5694,0.5313,0.4864,1.0,0.1316,0.51,0.5633,131.6033
1caf29808967ab5438fb27983fa8f347_jpg.rf.ZoRoIBXRZt9CLLzeoOGz.jpg,3,354,278,"(347, 274, 15, 9)",135,0.4751,0.2827,0.4834,1.0,0.0701,0.5019,0.716,70.1355
1caf29808967ab5438fb27983fa8f347_jpg.rf.ZoRoIBXRZt9CLLzeoOGz.jpg,4,383,276,"(370, 268, 27, 16)",432,0.4998,0.3127,0.4859,1.0,0.2033,0.4997,0.5156,203.3071
1caf29808967ab5438fb27983fa8f347_jpg.rf.ZoRoIBXRZt9CLLzeoOGz.jpg,5,134,273,"(123, 267, 23, 13)",299,0.4942,0.3127,0.4926,1.0,0.1232,0.5075,0.76,123.2195
1caf29808967ab5438fb27983fa8f347_jpg.rf.ZoRoIBXRZt9CLLzeoOGz.jpg,6,47,207,"(32, 194, 30, 27)",810,0.5146,0.3061,0.4913,1.0,0.3549,0.5004,0.6361,354.9162
1f766e58c42fc7527944a51c4c657abc_jpg.rf.caDyayk2CKLykZUejNM4.jpg,1,290,435,"(277, 428, 26, 15)",390,0.7089,0.9544,0.4761,0.5409,1.0,0.5252,0.1082,12032.8998
1f766e58c42fc7527944a51c4c657abc_jpg.rf.caDyayk2CKLykZUejNM4.jpg,2,259,361,"(211, 293, 97, 137)",13289,0.7279,0.7182,0.5043,1.0,1.0,0.5254,0.4059,2211.0242
1f766e58c42fc7527944a51c4c657abc_jpg.rf.caDyayk2CKLykZUejNM4.jpg,3,133,315,"(94, 245, 79, 141)",11139,0.5261,0.2964,0.5175,1.0,0.4121,0.5262,0.4575,412.12
1fbe294e8a11cd79a45a6cc80043ffa4_jpg.rf.zi8LFhglfkFs3iNFOMJK.jpg,1,281,330,"(275, 324, 12, 12)",144,0.5651,0.3037,0.4862,1.0,0.8859,0.5138,0.5069,885.8706
1fbe294e8a11cd79a45a6cc80043ffa4_jpg.rf.zi8LFhglfkFs3iNFOMJK.jpg,2,260,96,"(256, 89, 9, 15)",135,0.5812,0.3227,0.4807,1.0,1.0,0.499,0.7319,1184.8504
201022_SAFRAN_-83-_jpg.rf.cSYtNaHZbe6OHcLF4LE9.jpg,1,174,438,"(164, 412, 21, 52)",1092,0.7155,0.8911,0.5421,1.0,0.139,0.5144,0.2348,138.9876
20_jpg.rf.UEnOAK6x1dUjcbdSFbtN.jpg,1,144,121,"(136, 116, 16, 10)",160,0.6087,0.3876,0.4944,1.0,1.0,0.529,0.3036,5539.9281
20_jpg.rf.jeoFs2PYIEie1avgc4Ob.jpg,1,95,350,"(89, 340, 13, 20)",260,0.4775,0.0271,0.5014,1.0,0.9254,0.4928,0.6112,925.4047
20d74057c9104f1836819a9ca40fb910_jpg.rf.y0R5ym2zagcujPoLKrik.jpg,1,163,500,"(142, 489, 42, 23)",966,0.5718,0.3127,0.4807,1.0,0.9413,0.5298,0.3506,941.2782
20d74057c9104f1836819a9ca40fb910_jpg.rf.y0R5ym2zagcujPoLKrik.jpg,2,108,488,"(90, 484, 36, 9)",324,0.5459,0.2985,0.4819,1.0,0.7271,0.5177,0.2927,727.1262
20d74057c9104f1836819a9ca40fb910_jpg.rf.y0R5ym2zagcujPoLKrik.jpg,3,49,470,"(39, 464, 21, 12)",252,0.5162,0.2985,0.4742,1.0,0.4576,0.5217,0.2551,457.6141
20d74057c9104f1836819a9ca40fb910_jpg.rf.y0R5ym2zagcujPoLKrik.jpg,4,443,482,"(431, 458, 24, 48)",1152,0.6957,0.8989,0.5127,1.0,0.0165,0.511,0.9032,16.4648
20d74057c9104f1836819a9ca40fb910_jpg.rf.y0R5ym2zagcujPoLKrik.jpg,5,60,440,"(50, 437, 21, 7)",147,0.5582,0.2944,0.4989,1.0,0.8052,0.5268,0.2424,805.2184
20d74057c9104f1836819a9ca40fb910_jpg.rf.y0R5ym2zagcujPoLKrik.jpg,6,127,452,"(80, 427, 95, 51)",4845,0.5815,0.3804,0.4891,1.0,0.7711,0.5522,0.4922,771.1458
20d74057c9104f1836819a9ca40fb910_jpg.rf.y0R5ym2zagcujPoLKrik.jpg,7,258,432,"(249, 424, 19, 16)",304,0.486,0.2841,0.5114,1.0,0.0755,0.5091,0.9021,75.5049
20d74057c9104f1836819a9ca40fb910_jpg.rf.y0R5ym2zagcujPoLKrik.jpg,8,61,415,"(35, 404, 52, 23)",1196,0.5871,0.3804,0.501,1.0,0.7856,0.531,0.4098,785.5898
20d74057c9104f1836819a9ca40fb910_jpg.rf.y0R5ym2zagcujPoLKrik.jpg,9,211,372,"(179, 347, 64, 51)",3264,0.5213,0.3127,0.5142,1.0,0.3183,0.5368,0.755,318.3333
20d74057c9104f1836819a9ca40fb910_jpg.rf.y0R5ym2zagcujPoLKrik.jpg,10,94,313,"(81, 308, 27, 11)",297,0.6969,0.6641,0.4855,1.0,0.9457,0.5149,0.5474,945.7374
20d74057c9104f1836819a9ca40fb910_jpg.rf.y0R5ym2zagcujPoLKrik.jpg,11,427,203,"(415, 200, 24, 7)",168,0.4785,0.2912,0.4374,1.0,0.2349,0.5254,0.2558,234.8786
20d74057c9104f1836819a9ca40fb910_jpg.rf.y0R5ym2zagcujPoLKrik.jpg,12,413,158,"(401, 150, 24, 17)",408,0.5362,0.3037,0.4937,1.0,0.5714,0.517,0.2912,571.4159
20d74057c9104f1836819a9ca40fb910_jpg.rf.y0R5ym2zagcujPoLKrik.jpg,13,385,147,"(380, 142, 10, 10)",100,0.6876,0.9367,0.5006,0.8058,0.2338,0.5079,0.1612,233.7714
20d74057c9104f1836819a9ca40fb910_jpg.rf.y0R5ym2zagcujPoLKrik.jpg,14,403,88,"(390, 74, 27, 28)",756,0.5146,0.3186,0.4959,1.0,0.2951,0.5109,0.4237,295.0575
20d74057c9104f1836819a9ca40fb910_jpg.rf.y0R5ym2zagcujPoLKrik.jpg,15,301,70,"(296, 64, 10, 12)",120,0.5273,0.3037,0.5404,1.0,0.3185,0.5159,0.6136,318.453
20d74057c9104f1836819a9ca40fb910_jpg.rf.y0R5ym2zagcujPoLKrik.jpg,16,371,66,"(360, 46, 22, 40)",880,0.5444,0.3037,0.5005,1.0,0.6295,0.5299,0.4842,629.4973
20d74057c9104f1836819a9ca40fb910_jpg.rf.y0R5ym2zagcujPoLKrik.jpg,17,122,27,"(104, 14, 37, 26)",962,0.5707,0.3179,0.5062,1.0,0.8224,0.5287,0.3668,822.359
21_jpg.rf.dceZtkeKRKhSdrwQvRir.jpg,1,7,370,"(0, 360, 14, 21)",294,0.6456,0.553,0.5056,1.0,0.7512,0.502,0.5333,751.2061
21_jpg.rf.dceZtkeKRKhSdrwQvRir.jpg,2,385,414,"(323, 356, 124, 117)",14508,0.5335,0.311,0.4717,1.0,0.5957,0.4911,0.6902,595.7157
21_jpg.rf.dceZtkeKRKhSdrwQvRir.jpg,3,209,363,"(202, 353, 14, 20)",280,0.6749,0.5572,0.514,1.0,1.0,0.5095,0.2212,4838.363
21_jpg.rf.dceZtkeKRKhSdrwQvRir.jpg,4,80,294,"(76, 288, 8, 13)",104,0.6673,0.5549,0.4946,1.0,1.0,0.5036,0.338,2715.4815
21_jpg.rf.dceZtkeKRKhSdrwQvRir.jpg,5,15,317,"(0, 281, 31, 72)",2232,0.5757,0.5535,0.5086,1.0,0.039,0.5118,0.5885,39.0203
21_jpg.rf.dceZtkeKRKhSdrwQvRir.jpg,6,342,201,"(330, 196, 25, 11)",275,0.6695,0.5477,0.508,1.0,1.0,0.5077,0.3337,1910.7287
21_jpg.rf.dceZtkeKRKhSdrwQvRir.jpg,7,225,34,"(200, 12, 51, 44)",2244,0.669,0.5533,0.5009,1.0,1.0,0.505,0.4011,3189.1228
21_jpg.rf.o9pLKVsvRGAPNHCe5aE8.jpg,1,340,78,"(325, 62, 30, 33)",990,0.5654,0.3179,0.4707,1.0,0.8944,0.5092,0.7582,894.4013
21_jpg.rf.o9pLKVsvRGAPNHCe5aE8.jpg,2,280,38,"(274, 34, 13, 9)",117,0.5832,0.3179,0.4913,1.0,1.0,0.5031,0.4095,4371.3418
23_jpg.rf.FXUPtvsqPUHX22AkyW6w.jpg,1,229,205,"(212, 191, 34, 28)",952,0.4997,0.0271,0.5434,1.0,1.0,0.4924,0.55,1495.1367
23_jpg.rf.FXUPtvsqPUHX22AkyW6w.jpg,2,308,65,"(285, 23, 47, 84)",3948,0.5789,0.3179,0.479,1.0,1.0,0.5026,0.2142,2836.8233
23_jpg.rf.JFZUENibgP9mFXUwaYkT.jpg,1,204,446,"(179, 401, 50, 91)",4550,0.5803,0.3179,0.4829,1.0,1.0,0.5162,0.2042,2395.9223
23_jpg.rf.JFZUENibgP9mFXUwaYkT.jpg,2,285,307,"(262, 294, 46, 27)",1242,0.4711,0.0219,0.5262,1.0,0.7923,0.4952,0.6154,792.3295
23_jpg.rf.JFZUENibgP9mFXUwaYkT.jpg,3,331,274,"(322, 267, 18, 15)",270,0.58,0.3037,0.4964,1.0,1.0,0.4995,0.7988,1374.6741
23_jpg.rf.JFZUENibgP9mFXUwaYkT.jpg,4,347,183,"(340, 176, 14, 14)",196,0.5714,0.3037,0.4718,1.0,1.0,0.4917,0.426,2383.8173
23_jpg.rf.ZuT6Nf4fJcvi01kXlBI5.jpg,1,205,444,"(181, 403, 48, 82)",3936,0.5766,0.3037,0.4865,1.0,1.0,0.5089,0.2051,2643.8909
23_jpg.rf.ZuT6Nf4fJcvi01kXlBI5.jpg,2,289,303,"(275, 295, 29, 17)",493,0.4901,0.0271,0.5161,1.0,1.0,0.4963,0.4786,1190.2576
240_F_103197649_5OFYo0Ir2HmOmCFUIpGXtuvpbe7dcNvX_jpg.rf.BZFrpfcD2HrsGH80U1vD.jpg,1,487,478,"(479, 469, 16, 18)",288,0.6476,0.6779,0.4969,1.0,0.3638,0.5146,0.831,363.8162
240_F_103197649_5OFYo0Ir2HmOmCFUIpGXtuvpbe7dcNvX_jpg.rf.BZFrpfcD2HrsGH80U1vD.jpg,2,36,472,"(29, 469, 15, 7)",105,0.574,0.3929,0.4883,1.0,0.6565,0.5069,0.3879,656.5388
240_F_103197649_5OFYo0Ir2HmOmCFUIpGXtuvpbe7dcNvX_jpg.rf.BZFrpfcD2HrsGH80U1vD.jpg,3,439,480,"(431, 468, 16, 24)",384,0.6631,0.6779,0.4744,1.0,0.598,0.5035,0.7817,597.9765
240_F_103197649_5OFYo0Ir2HmOmCFUIpGXtuvpbe7dcNvX_jpg.rf.BZFrpfcD2HrsGH80U1vD.jpg,4,509,455,"(506, 446, 6, 19)",114,0.7361,0.7319,0.514,1.0,1.0,0.5015,0.8656,1247.1995
240_F_103197649_5OFYo0Ir2HmOmCFUIpGXtuvpbe7dcNvX_jpg.rf.BZFrpfcD2HrsGH80U1vD.jpg,5,422,448,"(414, 440, 17, 17)",289,0.6368,0.5539,0.4834,1.0,0.7372,0.5025,0.6992,737.2036
240_F_103197649_5OFYo0Ir2HmOmCFUIpGXtuvpbe7dcNvX_jpg.rf.BZFrpfcD2HrsGH80U1vD.jpg,6,105,432,"(97, 422, 17, 21)",357,0.6323,0.548,0.4725,1.0,0.7515,0.4989,0.7962,751.4709
240_F_103197649_5OFYo0Ir2HmOmCFUIpGXtuvpbe7dcNvX_jpg.rf.BZFrpfcD2HrsGH80U1vD.jpg,7,441,411,"(434, 401, 15, 20)",300,0.6888,0.6749,0.4949,1.0,0.7936,0.5105,0.8299,793.6088
240_F_103197649_5OFYo0Ir2HmOmCFUIpGXtuvpbe7dcNvX_jpg.rf.BZFrpfcD2HrsGH80U1vD.jpg,8,52,388,"(38, 352, 29, 73)",2117,0.5348,0.3179,0.4922,1.0,0.5125,0.5184,0.4956,512.4956
240_F_103197649_5OFYo0Ir2HmOmCFUIpGXtuvpbe7dcNvX_jpg.rf.BZFrpfcD2HrsGH80U1vD.jpg,9,162,351,"(158, 341, 9, 20)",180,0.5259,0.3037,0.4923,1.0,0.4732,0.5079,0.314,473.2235
240_F_103197649_5OFYo0Ir2HmOmCFUIpGXtuvpbe7dcNvX_jpg.rf.BZFrpfcD2HrsGH80U1vD.jpg,10,128,348,"(110, 330, 36, 36)",1296,0.5354,0.3037,0.4666,1.0,0.6586,0.5153,0.3177,658.6266
240_F_103197649_5OFYo0Ir2HmOmCFUIpGXtuvpbe7dcNvX_jpg.rf.BZFrpfcD2HrsGH80U1vD.jpg,11,484,270,"(457, 252, 55, 37)",2035,0.5016,0.3602,0.4909,1.0,0.0372,0.5136,0.7076,37.2461
240_F_103197649_5OFYo0Ir2HmOmCFUIpGXtuvpbe7dcNvX_jpg.rf.O4TmtGDEs2UrFISSt0gO.jpg,1,487,478,"(479, 469, 16, 18)",288,0.6476,0.6779,0.4969,1.0,0.3638,0.5146,0.831,363.8162
240_F_103197649_5OFYo0Ir2HmOmCFUIpGXtuvpbe7dcNvX_jpg.rf.O4TmtGDEs2UrFISSt0gO.jpg,2,36,472,"(29, 469, 15, 7)",105,0.574,0.3929,0.4883,1.0,0.6565,0.5069,0.3879,656.5388
240_F_103197649_5OFYo0Ir2HmOmCFUIpGXtuvpbe7dcNvX_jpg.rf.O4TmtGDEs2UrFISSt0gO.jpg,3,439,480,"(431, 468, 16, 24)",384,0.6631,0.6779,0.4744,1.0,0.598,0.5035,0.7817,597.9765
240_F_103197649_5OFYo0Ir2HmOmCFUIpGXtuvpbe7dcNvX_jpg.rf.O4TmtGDEs2UrFISSt0gO.jpg,4,509,455,"(506, 446, 6, 19)",114,0.7364,0.7319,0.5148,1.0,1.0,0.5014,0.8656,1250.272
240_F_103197649_5OFYo0Ir2HmOmCFUIpGXtuvpbe7dcNvX_jpg.rf.O4TmtGDEs2UrFISSt0gO.jpg,5,422,448,"(414, 440, 17, 17)",289,0.6368,0.5539,0.4834,1.0,0.7372,0.5025,0.6992,737.2036
240_F_103197649_5OFYo0Ir2HmOmCFUIpGXtuvpbe7dcNvX_jpg.rf.O4TmtGDEs2UrFISSt0gO.jpg,6,105,432,"(97, 422, 17, 21)",357,0.6323,0.548,0.4725,1.0,0.7515,0.4989,0.7962,751.4709
240_F_103197649_5OFYo0Ir2HmOmCFUIpGXtuvpbe7dcNvX_jpg.rf.O4TmtGDEs2UrFISSt0gO.jpg,7,441,411,"(434, 401, 15, 20)",300,0.6888,0.6749,0.4949,1.0,0.7936,0.5105,0.8299,793.6088
240_F_103197649_5OFYo0Ir2HmOmCFUIpGXtuvpbe7dcNvX_jpg.rf.O4TmtGDEs2UrFISSt0gO.jpg,8,52,388,"(38, 351, 29, 74)",2146,0.5344,0.3179,0.4917,1.0,0.5104,0.5165,0.5011,510.4463
240_F_103197649_5OFYo0Ir2HmOmCFUIpGXtuvpbe7dcNvX_jpg.rf.O4TmtGDEs2UrFISSt0gO.jpg,9,23,357,"(19, 351, 8, 13)",104,0.508,0.3037,0.498,0.92,0.4337,0.5057,0.184,433.6904
240_F_103197649_5OFYo0Ir2HmOmCFUIpGXtuvpbe7dcNvX_jpg.rf.O4TmtGDEs2UrFISSt0gO.jpg,10,162,350,"(158, 340, 9, 21)",189,0.5287,0.3113,0.4949,1.0,0.4653,0.5087,0.3478,465.3306
240_F_103197649_5OFYo0Ir2HmOmCFUIpGXtuvpbe7dcNvX_jpg.rf.O4TmtGDEs2UrFISSt0gO.jpg,11,128,348,"(110, 330, 36, 36)",1296,0.5358,0.3037,0.4675,1.0,0.6583,0.5152,0.3142,658.3345
240_F_103197649_5OFYo0Ir2HmOmCFUIpGXtuvpbe7dcNvX_jpg.rf.O4TmtGDEs2UrFISSt0gO.jpg,12,484,270,"(457, 252, 55, 37)",2035,0.5015,0.3602,0.4905,1.0,0.0372,0.5135,0.7069,37.202
240_F_111136930_IhhTfdqJ2zCMAkljkFJTytOwwKe972sG_jpg.rf.0oBxACUqdaidGtzsncRM.jpg,1,110,443,"(76, 420, 68, 47)",3196,0.6816,0.9512,0.5233,0.7987,0.0582,0.5105,0.1597,58.1981
240_F_111136930_IhhTfdqJ2zCMAkljkFJTytOwwKe972sG_jpg.rf.0oBxACUqdaidGtzsncRM.jpg,2,314,233,"(310, 225, 9, 16)",144,0.5344,0.3179,0.5165,1.0,0.4241,0.4921,0.3163,424.0984
240_F_111136930_IhhTfdqJ2zCMAkljkFJTytOwwKe972sG_jpg.rf.0oBxACUqdaidGtzsncRM.jpg,3,347,232,"(332, 213, 31, 38)",1178,0.5141,0.3179,0.4955,1.0,0.294,0.5129,0.6414,294.0181
240_F_111136930_IhhTfdqJ2zCMAkljkFJTytOwwKe972sG_jpg.rf.0oBxACUqdaidGtzsncRM.jpg,4,110,207,"(106, 201, 9, 12)",108,0.6092,0.9476,0.5039,0.3869,0.2378,0.5047,0.0774,237.7635
240_F_111136930_IhhTfdqJ2zCMAkljkFJTytOwwKe972sG_jpg.rf.0oBxACUqdaidGtzsncRM.jpg,5,372,181,"(365, 175, 14, 13)",182,0.5246,0.3179,0.4968,1.0,0.3947,0.5075,0.4492,394.6868
240_F_111136930_IhhTfdqJ2zCMAkljkFJTytOwwKe972sG_jpg.rf.0oBxACUqdaidGtzsncRM.jpg,6,130,111,"(123, 102, 14, 19)",266,0.6671,0.9512,0.4977,0.7134,0.1728,0.4953,0.1427,172.7877
240_F_111136930_IhhTfdqJ2zCMAkljkFJTytOwwKe972sG_jpg.rf.0oBxACUqdaidGtzsncRM.jpg,7,265,77,"(261, 68, 8, 19)",152,0.4565,0.0271,0.4919,1.0,0.7479,0.481,0.35,747.8747
240_F_111136930_IhhTfdqJ2zCMAkljkFJTytOwwKe972sG_jpg.rf.0oBxACUqdaidGtzsncRM.jpg,8,167,46,"(163, 38, 9, 16)",144,0.7176,0.9627,0.5033,1.0,0.0449,0.5015,0.5068,44.9078
240_F_111136930_IhhTfdqJ2zCMAkljkFJTytOwwKe972sG_jpg.rf.0oBxACUqdaidGtzsncRM.jpg,9,333,7,"(328, 0, 10, 15)",150,0.581,0.9476,0.4945,0.2814,0.2001,0.5072,0.0563,200.1069
240_F_125522423_KAdkMggkHpmqkw2j5DWcRJfGFoUiYmri_jpg.rf.SjCXadch3WjLM64gyH3f.jpg,1,146,382,"(142, 376, 8, 13)",104,0.703,0.9082,0.5054,1.0,0.0821,0.5011,0.728,82.0653
240_F_125522423_KAdkMggkHpmqkw2j5DWcRJfGFoUiYmri_jpg.rf.SjCXadch3WjLM64gyH3f.jpg,2,268,359,"(258, 351, 21, 17)",357,0.5517,0.3868,0.516,1.0,0.3567,0.4988,0.6332,356.6959
240_F_125522423_KAdkMggkHpmqkw2j5DWcRJfGFoUiYmri_jpg.rf.SjCXadch3WjLM64gyH3f.jpg,3,139,333,"(128, 321, 23, 25)",575,0.5191,0.3916,0.5106,1.0,0.0333,0.4955,0.539,33.316
240_F_125522423_KAdkMggkHpmqkw2j5DWcRJfGFoUiYmri_jpg.rf.SjCXadch3WjLM64gyH3f.jpg,4,198,321,"(192, 312, 12, 18)",216,0.5868,0.3179,0.5015,1.0,1.0,0.5006,0.3972,1121.6656
240_F_125522423_KAdkMggkHpmqkw2j5DWcRJfGFoUiYmri_jpg.rf.SjCXadch3WjLM64gyH3f.jpg,5,390,308,"(379, 296, 23, 25)",575,0.6627,0.7534,0.5415,1.0,0.0948,0.5136,0.7792,94.7951
240_F_125522423_KAdkMggkHpmqkw2j5DWcRJfGFoUiYmri_jpg.rf.SjCXadch3WjLM64gyH3f.jpg,6,461,239,"(458, 232, 7, 15)",105,0.5411,0.3037,0.4862,1.0,0.6465,0.4933,0.4016,646.467
240_F_125522423_KAdkMggkHpmqkw2j5DWcRJfGFoUiYmri_jpg.rf.aimbuV135f5aQxEhNoHi.jpg,1,146,382,"(142, 376, 8, 13)",104,0.703,0.9082,0.5054,1.0,0.0821,0.5011,0.728,82.0653
240_F_125522423_KAdkMggkHpmqkw2j5DWcRJfGFoUiYmri_jpg.rf.aimbuV135f5aQxEhNoHi.jpg,2,268,359,"(258, 351, 21, 17)",357,0.5517,0.3868,0.516,1.0,0.3567,0.4988,0.6332,356.6959
240_F_125522423_KAdkMggkHpmqkw2j5DWcRJfGFoUiYmri_jpg.rf.aimbuV135f5aQxEhNoHi.jpg,3,139,333,"(128, 321, 23, 25)",575,0.5191,0.3916,0.5106,1.0,0.0333,0.4955,0.539,33.316
240_F_125522423_KAdkMggkHpmqkw2j5DWcRJfGFoUiYmri_jpg.rf.aimbuV135f5aQxEhNoHi.jpg,4,198,321,"(192, 312, 12, 18)",216,0.5868,0.3179,0.5015,1.0,1.0,0.5006,0.3972,1121.6656
240_F_125522423_KAdkMggkHpmqkw2j5DWcRJfGFoUiYmri_jpg.rf.aimbuV135f5aQxEhNoHi.jpg,5,390,308,"(379, 296, 23, 25)",575,0.6626,0.7534,0.5412,1.0,0.0948,0.5137,0.7784,94.7767
240_F_125522423_KAdkMggkHpmqkw2j5DWcRJfGFoUiYmri_jpg.rf.aimbuV135f5aQxEhNoHi.jpg,6,461,239,"(458, 232, 7, 15)",105,0.5411,0.3037,0.4862,1.0,0.6465,0.4933,0.4016,646.467
240_F_125540193_PoV2GMUYmJfmL5OV6JGqg4uRE9fwZYUo_jpg.rf.DbjHcv1wirQEhk8vlZfb.jpg,1,8,509,"(0, 506, 17, 6)",102,0.7198,0.9511,0.5295,1.0,0.0156,0.4994,1.0,15.5945
240_F_125540193_PoV2GMUYmJfmL5OV6JGqg4uRE9fwZYUo_jpg.rf.DbjHcv1wirQEhk8vlZfb.jpg,2,50,507,"(46, 502, 9, 10)",90,0.7031,0.8765,0.5121,1.0,0.1703,0.4954,0.7768,170.3175
240_F_125540193_PoV2GMUYmJfmL5OV6JGqg4uRE9fwZYUo_jpg.rf.DbjHcv1wirQEhk8vlZfb.jpg,3,99,505,"(88, 499, 22, 13)",286,0.7198,0.9538,0.5249,1.0,0.0222,0.4996,0.7941,22.1778
240_F_125540193_PoV2GMUYmJfmL5OV6JGqg4uRE9fwZYUo_jpg.rf.DbjHcv1wirQEhk8vlZfb.jpg,4,466,497,"(458, 488, 17, 19)",323,0.7079,0.9499,0.4976,1.0,0.0125,0.5051,1.0,12.5169
240_F_125540193_PoV2GMUYmJfmL5OV6JGqg4uRE9fwZYUo_jpg.rf.DbjHcv1wirQEhk8vlZfb.jpg,5,416,491,"(398, 470, 37, 42)",1554,0.726,0.955,0.5451,1.0,0.0099,0.51,0.9324,9.905
240_F_125540193_PoV2GMUYmJfmL5OV6JGqg4uRE9fwZYUo_jpg.rf.DbjHcv1wirQEhk8vlZfb.jpg,6,122,476,"(111, 469, 23, 14)",322,0.7243,0.9499,0.5455,1.0,0.0089,0.4969,0.6769,8.9244
240_F_125540193_PoV2GMUYmJfmL5OV6JGqg4uRE9fwZYUo_jpg.rf.DbjHcv1wirQEhk8vlZfb.jpg,7,502,481,"(493, 465, 19, 33)",627,0.7085,0.9499,0.5014,1.0,0.0054,0.4983,1.0,5.3923
240_F_125540193_PoV2GMUYmJfmL5OV6JGqg4uRE9fwZYUo_jpg.rf.DbjHcv1wirQEhk8vlZfb.jpg,8,112,416,"(100, 406, 25, 20)",500,0.7149,0.9538,0.5136,1.0,0.0126,0.5041,0.402,12.572
240_F_125540193_PoV2GMUYmJfmL5OV6JGqg4uRE9fwZYUo_jpg.rf.DbjHcv1wirQEhk8vlZfb.jpg,9,143,400,"(137, 388, 13, 24)",312,0.7163,0.9684,0.5022,1.0,0.016,0.5012,0.3789,15.9703
240_F_125540193_PoV2GMUYmJfmL5OV6JGqg4uRE9fwZYUo_jpg.rf.DbjHcv1wirQEhk8vlZfb.jpg,10,41,386,"(26, 378, 30, 17)",510,0.7111,0.9499,0.507,1.0,0.012,0.5063,0.6716,11.9584
240_F_125540193_PoV2GMUYmJfmL5OV6JGqg4uRE9fwZYUo_jpg.rf.DbjHcv1wirQEhk8vlZfb.jpg,11,88,381,"(72, 358, 33, 47)",1551,0.7143,0.9512,0.5155,1.0,0.0097,0.503,0.5454,9.7365
240_F_125540193_PoV2GMUYmJfmL5OV6JGqg4uRE9fwZYUo_jpg.rf.DbjHcv1wirQEhk8vlZfb.jpg,12,39,337,"(0, 322, 78, 31)",2418,0.7201,0.9443,0.5389,1.0,0.01,0.5038,0.5894,10.0417
240_F_125540193_PoV2GMUYmJfmL5OV6JGqg4uRE9fwZYUo_jpg.rf.DbjHcv1wirQEhk8vlZfb.jpg,13,128,253,"(122, 245, 12, 17)",204,0.6976,0.9314,0.4858,1.0,0.016,0.499,0.2385,15.9828
240_F_125540193_PoV2GMUYmJfmL5OV6JGqg4uRE9fwZYUo_jpg.rf.DbjHcv1wirQEhk8vlZfb.jpg,14,186,228,"(178, 223, 16, 11)",176,0.6771,0.7658,0.5257,1.0,0.2509,0.5015,0.5419,250.9379
240_F_125540193_PoV2GMUYmJfmL5OV6JGqg4uRE9fwZYUo_jpg.rf.DbjHcv1wirQEhk8vlZfb.jpg,15,272,220,"(264, 210, 16, 20)",320,0.587,0.9538,0.5028,0.3795,0.0128,0.4967,0.0759,12.7879
240_F_125540193_PoV2GMUYmJfmL5OV6JGqg4uRE9fwZYUo_jpg.rf.DbjHcv1wirQEhk8vlZfb.jpg,16,263,181,"(252, 174, 23, 14)",322,0.713,0.9644,0.499,1.0,0.0083,0.4967,0.4956,8.3277
240_F_125540193_PoV2GMUYmJfmL5OV6JGqg4uRE9fwZYUo_jpg.rf.DbjHcv1wirQEhk8vlZfb.jpg,17,481,192,"(451, 170, 61, 44)",2684,0.7034,0.8855,0.5401,1.0,0.044,0.513,0.843,43.9807
240_F_125540193_PoV2GMUYmJfmL5OV6JGqg4uRE9fwZYUo_jpg.rf.DbjHcv1wirQEhk8vlZfb.jpg,18,5,164,"(0, 154, 11, 21)",231,0.7241,0.9367,0.5519,1.0,0.0307,0.491,0.5989,30.6825
240_F_125540193_PoV2GMUYmJfmL5OV6JGqg4uRE9fwZYUo_jpg.rf.DbjHcv1wirQEhk8vlZfb.jpg,19,507,163,"(503, 153, 9, 20)",180,0.7174,0.9616,0.5133,1.0,0.0116,0.5013,0.8792,11.5716
240_F_125540193_PoV2GMUYmJfmL5OV6JGqg4uRE9fwZYUo_jpg.rf.DbjHcv1wirQEhk8vlZfb.jpg,20,201,155,"(194, 143, 14, 25)",350,0.7307,0.9529,0.5471,1.0,0.0564,0.491,0.7339,56.4107
240_F_125540193_PoV2GMUYmJfmL5OV6JGqg4uRE9fwZYUo_jpg.rf.DbjHcv1wirQEhk8vlZfb.jpg,21,502,138,"(493, 131, 19, 15)",285,0.7185,0.9576,0.5214,1.0,0.0082,0.4996,0.717,8.1863
240_F_125540193_PoV2GMUYmJfmL5OV6JGqg4uRE9fwZYUo_jpg.rf.DbjHcv1wirQEhk8vlZfb.jpg,22,242,144,"(207, 128, 70, 33)",2310,0.7128,0.9511,0.5041,1.0,0.0345,0.4958,0.8022,34.5179
240_F_125540193_PoV2GMUYmJfmL5OV6JGqg4uRE9fwZYUo_jpg.rf.DbjHcv1wirQEhk8vlZfb.jpg,23,451,132,"(432, 119, 38, 26)",988,0.6754,0.8014,0.5381,1.0,0.0657,0.5005,0.9168,65.6738
240_F_125540193_PoV2GMUYmJfmL5OV6JGqg4uRE9fwZYUo_jpg.rf.DbjHcv1wirQEhk8vlZfb.jpg,24,494,114,"(489, 108, 11, 12)",132,0.7174,0.9616,0.5125,1.0,0.0148,0.5008,0.7826,14.8121
240_F_125540193_PoV2GMUYmJfmL5OV6JGqg4uRE9fwZYUo_jpg.rf.DbjHcv1wirQEhk8vlZfb.jpg,25,46,91,"(41, 86, 11, 10)",110,0.6029,0.6519,0.4953,1.0,0.0138,0.5088,0.9506,13.8246
240_F_125540193_PoV2GMUYmJfmL5OV6JGqg4uRE9fwZYUo_jpg.rf.DbjHcv1wirQEhk8vlZfb.jpg,26,396,57,"(384, 46, 25, 22)",550,0.6254,0.7066,0.5074,1.0,0.0049,0.5073,0.9738,4.8894
240_F_125540193_PoV2GMUYmJfmL5OV6JGqg4uRE9fwZYUo_jpg.rf.DbjHcv1wirQEhk8vlZfb.jpg,27,99,50,"(85, 37, 29, 27)",783,0.5979,0.6519,0.4831,1.0,0.0063,0.5103,0.98,6.2873
240_F_125540193_PoV2GMUYmJfmL5OV6JGqg4uRE9fwZYUo_jpg.rf.DbjHcv1wirQEhk8vlZfb.jpg,28,494,47,"(485, 36, 19, 23)",437,0.6276,0.7144,0.5056,1.0,0.0057,0.5043,1.0,5.6853
240_F_125540193_PoV2GMUYmJfmL5OV6JGqg4uRE9fwZYUo_jpg.rf.DbjHcv1wirQEhk8vlZfb.jpg,29,20,45,"(0, 27, 40, 36)",1440,0.6007,0.6519,0.491,1.0,0.0069,0.5062,0.9316,6.895
240_F_125540193_PoV2GMUYmJfmL5OV6JGqg4uRE9fwZYUo_jpg.rf.DbjHcv1wirQEhk8vlZfb.jpg,30,457,23,"(449, 11, 16, 25)",400,0.6428,0.7144,0.5492,1.0,0.0056,0.4952,0.7983,5.5965
240_F_125540193_PoV2GMUYmJfmL5OV6JGqg4uRE9fwZYUo_jpg.rf.DbjHcv1wirQEhk8vlZfb.jpg,31,440,9,"(432, 0, 16, 19)",304,0.6308,0.7144,0.5145,1.0,0.0069,0.497,0.7371,6.9107
240_F_125540193_PoV2GMUYmJfmL5OV6JGqg4uRE9fwZYUo_jpg.rf.xyPLBjB6bcia6oF92EWE.jpg,1,8,509,"(0, 506, 17, 6)",102,0.7198,0.9511,0.5295,1.0,0.0156,0.4994,1.0,15.5945
240_F_125540193_PoV2GMUYmJfmL5OV6JGqg4uRE9fwZYUo_jpg.rf.xyPLBjB6bcia6oF92EWE.jpg,2,50,507,"(46, 502, 9, 10)",90,0.7036,0.8765,0.5136,1.0,0.1708,0.4956,0.7768,170.7936
240_F_125540193_PoV2GMUYmJfmL5OV6JGqg4uRE9fwZYUo_jpg.rf.xyPLBjB6bcia6oF92EWE.jpg,3,99,505,"(88, 499, 22, 13)",286,0.7198,0.9538,0.5249,1.0,0.0222,0.4996,0.7941,22.1778
240_F_125540193_PoV2GMUYmJfmL5OV6JGqg4uRE9fwZYUo_jpg.rf.xyPLBjB6bcia6oF92EWE.jpg,4,466,497,"(458, 488, 17, 19)",323,0.7079,0.9499,0.4976,1.0,0.0125,0.5051,1.0,12.5169
240_F_125540193_PoV2GMUYmJfmL5OV6JGqg4uRE9fwZYUo_jpg.rf.xyPLBjB6bcia6oF92EWE.jpg,5,122,476,"(111, 469, 23, 14)",322,0.7243,0.9499,0.5455,1.0,0.0089,0.4969,0.6769,8.9244
240_F_125540193_PoV2GMUYmJfmL5OV6JGqg4uRE9fwZYUo_jpg.rf.xyPLBjB6bcia6oF92EWE.jpg,6,502,481,"(493, 465, 19, 33)",627,0.7085,0.9499,0.5014,1.0,0.0054,0.4983,1.0,5.3923
240_F_125540193_PoV2GMUYmJfmL5OV6JGqg4uRE9fwZYUo_jpg.rf.xyPLBjB6bcia6oF92EWE.jpg,7,112,416,"(100, 406, 25, 20)",500,0.7149,0.9538,0.5136,1.0,0.0126,0.5041,0.402,12.572
240_F_125540193_PoV2GMUYmJfmL5OV6JGqg4uRE9fwZYUo_jpg.rf.xyPLBjB6bcia6oF92EWE.jpg,8,143,400,"(137, 388, 13, 24)",312,0.7163,0.9684,0.5022,1.0,0.016,0.5012,0.3789,15.9703
240_F_125540193_PoV2GMUYmJfmL5OV6JGqg4uRE9fwZYUo_jpg.rf.xyPLBjB6bcia6oF92EWE.jpg,9,41,386,"(26, 378, 30, 17)",510,0.7111,0.9499,0.507,1.0,0.012,0.5063,0.6716,11.9584
240_F_125540193_PoV2GMUYmJfmL5OV6JGqg4uRE9fwZYUo_jpg.rf.xyPLBjB6bcia6oF92EWE.jpg,10,88,381,"(72, 358, 33, 47)",1551,0.7146,0.9512,0.5162,1.0,0.0097,0.503,0.5454,9.6961
240_F_125540193_PoV2GMUYmJfmL5OV6JGqg4uRE9fwZYUo_jpg.rf.xyPLBjB6bcia6oF92EWE.jpg,11,128,253,"(122, 245, 12, 17)",204,0.6977,0.9314,0.4861,1.0,0.0157,0.4994,0.2414,15.75
240_F_125540193_PoV2GMUYmJfmL5OV6JGqg4uRE9fwZYUo_jpg.rf.xyPLBjB6bcia6oF92EWE.jpg,12,186,229,"(178, 224, 16, 10)",160,0.6779,0.7658,0.5261,1.0,0.2574,0.4995,0.5227,257.4212
240_F_125540193_PoV2GMUYmJfmL5OV6JGqg4uRE9fwZYUo_jpg.rf.xyPLBjB6bcia6oF92EWE.jpg,13,272,220,"(264, 210, 16, 20)",320,0.587,0.9538,0.5028,0.3795,0.0128,0.4967,0.0759,12.7879
240_F_125540193_PoV2GMUYmJfmL5OV6JGqg4uRE9fwZYUo_jpg.rf.xyPLBjB6bcia6oF92EWE.jpg,14,263,181,"(252, 174, 23, 14)",322,0.713,0.9644,0.499,1.0,0.0083,0.4967,0.4956,8.3277
240_F_125540193_PoV2GMUYmJfmL5OV6JGqg4uRE9fwZYUo_jpg.rf.xyPLBjB6bcia6oF92EWE.jpg,15,481,192,"(451, 170, 61, 44)",2684,0.7039,0.8855,0.5415,1.0,0.0443,0.5127,0.8486,44.2639
240_F_125540193_PoV2GMUYmJfmL5OV6JGqg4uRE9fwZYUo_jpg.rf.xyPLBjB6bcia6oF92EWE.jpg,16,507,163,"(503, 153, 9, 20)",180,0.7174,0.9616,0.5133,1.0,0.0116,0.5013,0.8792,11.5716
240_F_125540193_PoV2GMUYmJfmL5OV6JGqg4uRE9fwZYUo_jpg.rf.xyPLBjB6bcia6oF92EWE.jpg,17,5,164,"(0, 153, 11, 22)",242,0.7246,0.9367,0.5524,1.0,0.0344,0.4921,0.5934,34.4415
240_F_125540193_PoV2GMUYmJfmL5OV6JGqg4uRE9fwZYUo_jpg.rf.xyPLBjB6bcia6oF92EWE.jpg,18,201,155,"(194, 143, 15, 25)",375,0.7218,0.9354,0.5404,1.0,0.0526,0.4908,0.7207,52.5567
240_F_125540193_PoV2GMUYmJfmL5OV6JGqg4uRE9fwZYUo_jpg.rf.xyPLBjB6bcia6oF92EWE.jpg,19,502,138,"(493, 131, 19, 15)",285,0.7185,0.9576,0.5214,1.0,0.0082,0.4996,0.717,8.1863
240_F_125540193_PoV2GMUYmJfmL5OV6JGqg4uRE9fwZYUo_jpg.rf.xyPLBjB6bcia6oF92EWE.jpg,20,242,144,"(208, 128, 69, 33)",2277,0.7134,0.9511,0.5059,1.0,0.0347,0.4953,0.8036,34.6583
240_F_125540193_PoV2GMUYmJfmL5OV6JGqg4uRE9fwZYUo_jpg.rf.xyPLBjB6bcia6oF92EWE.jpg,21,451,132,"(432, 119, 38, 26)",988,0.6732,0.8014,0.5319,1.0,0.0656,0.4979,0.9121,65.556
240_F_125540193_PoV2GMUYmJfmL5OV6JGqg4uRE9fwZYUo_jpg.rf.xyPLBjB6bcia6oF92EWE.jpg,22,494,114,"(489, 108, 11, 12)",132,0.7174,0.9616,0.5125,1.0,0.0148,0.5008,0.7826,14.8121
240_F_125540193_PoV2GMUYmJfmL5OV6JGqg4uRE9fwZYUo_jpg.rf.xyPLBjB6bcia6oF92EWE.jpg,23,46,91,"(41, 86, 11, 10)",110,0.603,0.6519,0.4954,1.0,0.0139,0.5095,0.9447,13.9157
240_F_125540193_PoV2GMUYmJfmL5OV6JGqg4uRE9fwZYUo_jpg.rf.xyPLBjB6bcia6oF92EWE.jpg,24,396,57,"(384, 47, 25, 21)",525,0.6236,0.7066,0.5023,1.0,0.0051,0.5075,0.973,5.0602
240_F_125540193_PoV2GMUYmJfmL5OV6JGqg4uRE9fwZYUo_jpg.rf.xyPLBjB6bcia6oF92EWE.jpg,25,99,50,"(85, 37, 28, 26)",728,0.5996,0.6519,0.4881,1.0,0.0056,0.5091,0.9882,5.5506
240_F_125540193_PoV2GMUYmJfmL5OV6JGqg4uRE9fwZYUo_jpg.rf.xyPLBjB6bcia6oF92EWE.jpg,26,494,47,"(485, 36, 19, 23)",437,0.6276,0.7144,0.5056,1.0,0.0057,0.5043,1.0,5.6853
240_F_125540193_PoV2GMUYmJfmL5OV6JGqg4uRE9fwZYUo_jpg.rf.xyPLBjB6bcia6oF92EWE.jpg,27,20,45,"(0, 27, 40, 36)",1440,0.6007,0.6519,0.491,1.0,0.0069,0.5062,0.9316,6.895
240_F_125540193_PoV2GMUYmJfmL5OV6JGqg4uRE9fwZYUo_jpg.rf.xyPLBjB6bcia6oF92EWE.jpg,28,448,18,"(432, 0, 33, 36)",1188,0.643,0.7144,0.5497,1.0,0.0057,0.4888,0.8296,5.6757
240_F_125540202_hK49mP5gHchHYGwja5WOCdPA0XT9afw8_jpg.rf.n158X3A5M3oyqdBH6ofv.jpg,1,3,193,"(0, 183, 6, 20)",120,0.4845,0.3037,0.4747,1.0,0.1212,0.5037,0.3438,121.1778
240_F_125576821_JU2Pwcw838NfTEnQnnxIki81gjOxdYlm_jpg.rf.pTDSuOqUm0RTgawG13TU.jpg,1,229,307,"(166, 255, 127, 105)",13335,0.5299,0.3179,0.4909,1.0,0.4682,0.5299,0.7289,468.1644
240_F_125576821_JU2Pwcw838NfTEnQnnxIki81gjOxdYlm_jpg.rf.pTDSuOqUm0RTgawG13TU.jpg,2,392,239,"(373, 214, 39, 50)",1950,0.5113,0.3179,0.487,1.0,0.2954,0.5161,0.612,295.4187
240_F_125576821_JU2Pwcw838NfTEnQnnxIki81gjOxdYlm_jpg.rf.pTDSuOqUm0RTgawG13TU.jpg,3,341,223,"(324, 211, 35, 25)",875,0.5282,0.3179,0.5183,1.0,0.3558,0.508,0.5538,355.8237
240_F_125576821_JU2Pwcw838NfTEnQnnxIki81gjOxdYlm_jpg.rf.pTDSuOqUm0RTgawG13TU.jpg,4,247,213,"(240, 209, 15, 8)",120,0.5172,0.3179,0.5075,1.0,0.2833,0.5043,0.6796,283.2892
240_F_125576821_JU2Pwcw838NfTEnQnnxIki81gjOxdYlm_jpg.rf.pTDSuOqUm0RTgawG13TU.jpg,5,101,267,"(43, 202, 116, 130)",15080,0.5221,0.3179,0.4713,1.0,0.4587,0.529,0.7311,458.6966
240_F_125576821_JU2Pwcw838NfTEnQnnxIki81gjOxdYlm_jpg.rf.pTDSuOqUm0RTgawG13TU.jpg,6,360,179,"(352, 173, 16, 12)",192,0.5164,0.3179,0.5159,1.0,0.2462,0.5036,0.6488,246.2202
240_F_125576821_JU2Pwcw838NfTEnQnnxIki81gjOxdYlm_jpg.rf.pTDSuOqUm0RTgawG13TU.jpg,7,445,183,"(429, 170, 33, 27)",891,0.5057,0.3127,0.5082,1.0,0.1838,0.513,0.5846,183.8134
240_F_125576821_JU2Pwcw838NfTEnQnnxIki81gjOxdYlm_jpg.rf.pTDSuOqUm0RTgawG13TU.jpg,8,35,182,"(0, 161, 70, 43)",3010,0.5047,0.3127,0.5008,1.0,0.2001,0.5243,0.5995,200.1075
240_F_125576821_JU2Pwcw838NfTEnQnnxIki81gjOxdYlm_jpg.rf.pTDSuOqUm0RTgawG13TU.jpg,9,306,183,"(267, 148, 79, 70)",5530,0.4966,0.3179,0.47,1.0,0.2086,0.5216,0.5931,208.6429
240_F_125576821_JU2Pwcw838NfTEnQnnxIki81gjOxdYlm_jpg.rf.pTDSuOqUm0RTgawG13TU.jpg,10,169,159,"(146, 139, 47, 41)",1927,0.4983,0.3127,0.4955,1.0,0.1543,0.5189,0.6556,154.2818
240_F_125576821_JU2Pwcw838NfTEnQnnxIki81gjOxdYlm_jpg.rf.pTDSuOqUm0RTgawG13TU.jpg,11,485,153,"(474, 138, 22, 31)",682,0.5064,0.3127,0.5233,1.0,0.1379,0.5089,0.4802,137.8531
240_F_125576821_JU2Pwcw838NfTEnQnnxIki81gjOxdYlm_jpg.rf.pTDSuOqUm0RTgawG13TU.jpg,12,127,138,"(119, 127, 17, 23)",391,0.4976,0.3127,0.4996,1.0,0.133,0.5055,0.5645,132.9869
240_F_125576821_JU2Pwcw838NfTEnQnnxIki81gjOxdYlm_jpg.rf.pTDSuOqUm0RTgawG13TU.jpg,13,249,144,"(218, 120, 62, 48)",2976,0.5029,0.3127,0.5174,1.0,0.1234,0.5196,0.5396,123.4015
240_F_125576821_JU2Pwcw838NfTEnQnnxIki81gjOxdYlm_jpg.rf.pTDSuOqUm0RTgawG13TU.jpg,14,500,120,"(489, 107, 23, 27)",621,0.4909,0.3127,0.4962,1.0,0.078,0.5023,0.4713,77.9777
240_F_125576821_JU2Pwcw838NfTEnQnnxIki81gjOxdYlm_jpg.rf.pTDSuOqUm0RTgawG13TU.jpg,15,356,123,"(320, 107, 72, 32)",2304,0.5073,0.3127,0.5371,1.0,0.0988,0.5171,0.5446,98.7787
240_F_125576821_JU2Pwcw838NfTEnQnnxIki81gjOxdYlm_jpg.rf.pTDSuOqUm0RTgawG13TU.jpg,16,63,126,"(33, 105, 60, 42)",2520,0.4935,0.3127,0.4984,1.0,0.0963,0.5108,0.573,96.3384
240_F_125576821_JU2Pwcw838NfTEnQnnxIki81gjOxdYlm_jpg.rf.pTDSuOqUm0RTgawG13TU.jpg,17,116,108,"(105, 99, 23, 18)",414,0.4981,0.3021,0.5309,1.0,0.0659,0.5032,0.5676,65.8877
240_F_125576821_JU2Pwcw838NfTEnQnnxIki81gjOxdYlm_jpg.rf.pTDSuOqUm0RTgawG13TU.jpg,18,265,102,"(251, 86, 28, 33)",924,0.4849,0.2841,0.5096,1.0,0.0714,0.5088,0.5106,71.4376
240_F_125576821_JU2Pwcw838NfTEnQnnxIki81gjOxdYlm_jpg.rf.pTDSuOqUm0RTgawG13TU.jpg,19,168,84,"(160, 79, 16, 11)",176,0.5135,0.2985,0.5696,1.0,0.0967,0.498,0.486,96.7063
240_F_125576825_PCQ0qfxZi9b9bHSUOz7FTK2WnM6alyj0_jpg.rf.7LVCXWNKF5cgSmKAbmNR.jpg,1,352,475,"(344, 468, 17, 14)",238,0.7876,0.9715,0.4836,1.0,0.7831,0.5009,0.3687,783.0683
240_F_125576825_PCQ0qfxZi9b9bHSUOz7FTK2WnM6alyj0_jpg.rf.7LVCXWNKF5cgSmKAbmNR.jpg,2,441,419,"(431, 413, 20, 13)",260,0.8041,0.9688,0.4715,1.0,1.0,0.5016,0.5012,1071.8158
240_F_125576825_PCQ0qfxZi9b9bHSUOz7FTK2WnM6alyj0_jpg.rf.7LVCXWNKF5cgSmKAbmNR.jpg,3,414,314,"(395, 283, 39, 62)",2418,0.6358,0.5538,0.5067,1.0,0.6461,0.5114,0.297,646.0935
240_F_125576825_PCQ0qfxZi9b9bHSUOz7FTK2WnM6alyj0_jpg.rf.7LVCXWNKF5cgSmKAbmNR.jpg,4,381,267,"(368, 245, 27, 45)",1215,0.537,0.3179,0.5035,1.0,0.4946,0.5092,0.5556,494.619
240_F_125576825_PCQ0qfxZi9b9bHSUOz7FTK2WnM6alyj0_jpg.rf.7LVCXWNKF5cgSmKAbmNR.jpg,5,2,244,"(0, 233, 4, 23)",92,0.5307,0.3179,0.5218,1.0,0.3679,0.494,0.3371,367.8605
240_F_125576825_PCQ0qfxZi9b9bHSUOz7FTK2WnM6alyj0_jpg.rf.7LVCXWNKF5cgSmKAbmNR.jpg,6,244,209,"(228, 201, 33, 17)",561,0.5367,0.3179,0.5309,1.0,0.3964,0.5122,0.4912,396.4055
240_F_125576825_PCQ0qfxZi9b9bHSUOz7FTK2WnM6alyj0_jpg.rf.7LVCXWNKF5cgSmKAbmNR.jpg,7,67,231,"(30, 189, 74, 84)",6216,0.5218,0.3179,0.5022,1.0,0.3472,0.5224,0.6268,347.2095
240_F_125576825_PCQ0qfxZi9b9bHSUOz7FTK2WnM6alyj0_jpg.rf.7LVCXWNKF5cgSmKAbmNR.jpg,8,479,225,"(446, 187, 66, 76)",5016,0.5208,0.3179,0.5203,1.0,0.2738,0.5161,0.5723,273.7906
240_F_125576825_PCQ0qfxZi9b9bHSUOz7FTK2WnM6alyj0_jpg.rf.7LVCXWNKF5cgSmKAbmNR.jpg,9,405,192,"(396, 179, 18, 27)",486,0.5149,0.2984,0.5465,1.0,0.192,0.4998,0.4846,191.9747
240_F_125576825_PCQ0qfxZi9b9bHSUOz7FTK2WnM6alyj0_jpg.rf.7LVCXWNKF5cgSmKAbmNR.jpg,10,360,194,"(335, 171, 50, 46)",2300,0.5056,0.3179,0.5051,1.0,0.1754,0.5156,0.6115,175.3933
240_F_125576825_PCQ0qfxZi9b9bHSUOz7FTK2WnM6alyj0_jpg.rf.7LVCXWNKF5cgSmKAbmNR.jpg,11,184,156,"(172, 137, 24, 39)",936,0.493,0.2985,0.488,1.0,0.1769,0.5073,0.5256,176.892
240_F_125576825_PCQ0qfxZi9b9bHSUOz7FTK2WnM6alyj0_jpg.rf.7LVCXWNKF5cgSmKAbmNR.jpg,12,423,144,"(417, 134, 12, 20)",240,0.5077,0.2955,0.5566,1.0,0.0945,0.4978,0.4154,94.55
240_F_125576825_PCQ0qfxZi9b9bHSUOz7FTK2WnM6alyj0_jpg.rf.7LVCXWNKF5cgSmKAbmNR.jpg,13,49,139,"(44, 134, 11, 10)",110,0.4846,0.2916,0.5079,1.0,0.0476,0.5009,0.3854,47.5546
240_F_125576825_PCQ0qfxZi9b9bHSUOz7FTK2WnM6alyj0_jpg.rf.7LVCXWNKF5cgSmKAbmNR.jpg,14,10,136,"(0, 112, 21, 49)",1029,0.4895,0.2985,0.4982,1.0,0.1067,0.5084,0.422,106.6832
240_F_125576825_PCQ0qfxZi9b9bHSUOz7FTK2WnM6alyj0_jpg.rf.tzEM3DOXZz8K8Gk6ZxGW.jpg,1,354,475,"(348, 468, 13, 14)",182,0.7842,0.9715,0.4827,1.0,0.7521,0.4973,0.3862,752.0628
240_F_125576825_PCQ0qfxZi9b9bHSUOz7FTK2WnM6alyj0_jpg.rf.tzEM3DOXZz8K8Gk6ZxGW.jpg,2,441,419,"(431, 413, 20, 13)",260,0.8041,0.9688,0.4715,1.0,1.0,0.5016,0.5012,1071.8158
240_F_125576825_PCQ0qfxZi9b9bHSUOz7FTK2WnM6alyj0_jpg.rf.tzEM3DOXZz8K8Gk6ZxGW.jpg,3,415,315,"(396, 285, 38, 60)",2280,0.6371,0.5538,0.5084,1.0,0.6537,0.5102,0.305,653.6797
240_F_125576825_PCQ0qfxZi9b9bHSUOz7FTK2WnM6alyj0_jpg.rf.tzEM3DOXZz8K8Gk6ZxGW.jpg,4,381,267,"(368, 245, 27, 45)",1215,0.5371,0.3179,0.5032,1.0,0.4967,0.5094,0.5529,496.6986
240_F_125576825_PCQ0qfxZi9b9bHSUOz7FTK2WnM6alyj0_jpg.rf.tzEM3DOXZz8K8Gk6ZxGW.jpg,5,244,209,"(228, 201, 33, 16)",528,0.5374,0.3179,0.532,1.0,0.3992,0.5106,0.4841,399.2164
240_F_125576825_PCQ0qfxZi9b9bHSUOz7FTK2WnM6alyj0_jpg.rf.tzEM3DOXZz8K8Gk6ZxGW.jpg,6,67,230,"(30, 188, 75, 85)",6375,0.5254,0.3179,0.5137,1.0,0.3431,0.5238,0.6132,343.0923
240_F_125576825_PCQ0qfxZi9b9bHSUOz7FTK2WnM6alyj0_jpg.rf.tzEM3DOXZz8K8Gk6ZxGW.jpg,7,479,225,"(446, 187, 66, 76)",5016,0.5216,0.3179,0.5227,1.0,0.2743,0.5156,0.5759,274.3151
240_F_125576825_PCQ0qfxZi9b9bHSUOz7FTK2WnM6alyj0_jpg.rf.tzEM3DOXZz8K8Gk6ZxGW.jpg,8,405,192,"(396, 179, 18, 27)",486,0.515,0.2984,0.5471,1.0,0.1912,0.5008,0.4846,191.1695
240_F_125576825_PCQ0qfxZi9b9bHSUOz7FTK2WnM6alyj0_jpg.rf.tzEM3DOXZz8K8Gk6ZxGW.jpg,9,360,194,"(335, 171, 50, 46)",2300,0.5054,0.3179,0.5045,1.0,0.1758,0.5158,0.6057,175.795
240_F_125576825_PCQ0qfxZi9b9bHSUOz7FTK2WnM6alyj0_jpg.rf.tzEM3DOXZz8K8Gk6ZxGW.jpg,10,184,156,"(172, 137, 24, 39)",936,0.4934,0.2985,0.489,1.0,0.1778,0.5074,0.5093,177.8183
240_F_125576825_PCQ0qfxZi9b9bHSUOz7FTK2WnM6alyj0_jpg.rf.tzEM3DOXZz8K8Gk6ZxGW.jpg,11,422,144,"(416, 134, 13, 20)",260,0.5066,0.2955,0.5536,1.0,0.0939,0.4977,0.4175,93.9444
240_F_125576825_PCQ0qfxZi9b9bHSUOz7FTK2WnM6alyj0_jpg.rf.tzEM3DOXZz8K8Gk6ZxGW.jpg,12,49,139,"(44, 134, 11, 10)",110,0.4852,0.2916,0.5099,1.0,0.0474,0.5005,0.3794,47.3823
240_F_125576825_PCQ0qfxZi9b9bHSUOz7FTK2WnM6alyj0_jpg.rf.tzEM3DOXZz8K8Gk6ZxGW.jpg,13,10,136,"(0, 111, 21, 50)",1050,0.4881,0.2985,0.4941,1.0,0.1066,0.5098,0.408,106.553
240_F_125787151_dCW6QpMab5zKS1Ei6aOmi9VhoC0yQY5u_jpg.rf.k4yZcKcQXqJWjOZJSJ38.jpg,1,332,506,"(326, 500, 13, 12)",156,0.6084,0.6162,0.5475,0.9222,0.1664,0.5032,0.1844,166.3653
240_F_125787151_dCW6QpMab5zKS1Ei6aOmi9VhoC0yQY5u_jpg.rf.k4yZcKcQXqJWjOZJSJ38.jpg,2,390,503,"(381, 494, 18, 18)",324,0.7275,0.9512,0.5592,0.9236,0.1411,0.5002,0.1847,141.0731
240_F_125787151_dCW6QpMab5zKS1Ei6aOmi9VhoC0yQY5u_jpg.rf.k4yZcKcQXqJWjOZJSJ38.jpg,3,249,499,"(224, 486, 50, 26)",1300,0.4676,0.2825,0.4775,1.0,0.0155,0.4975,0.8029,15.526
240_F_125787151_dCW6QpMab5zKS1Ei6aOmi9VhoC0yQY5u_jpg.rf.k4yZcKcQXqJWjOZJSJ38.jpg,4,185,481,"(180, 471, 10, 20)",200,0.5014,0.3127,0.5201,1.0,0.0996,0.482,0.2173,99.5822
240_F_125787151_dCW6QpMab5zKS1Ei6aOmi9VhoC0yQY5u_jpg.rf.k4yZcKcQXqJWjOZJSJ38.jpg,5,9,478,"(0, 465, 18, 27)",486,0.4706,0.2801,0.4898,1.0,0.0116,0.4848,0.5962,11.6206
240_F_125787151_dCW6QpMab5zKS1Ei6aOmi9VhoC0yQY5u_jpg.rf.k4yZcKcQXqJWjOZJSJ38.jpg,6,323,482,"(310, 464, 27, 36)",972,0.5013,0.3127,0.5039,1.0,0.1551,0.5041,0.265,155.1485
240_F_125787151_dCW6QpMab5zKS1Ei6aOmi9VhoC0yQY5u_jpg.rf.k4yZcKcQXqJWjOZJSJ38.jpg,7,158,463,"(155, 455, 7, 17)",119,0.481,0.3127,0.4686,1.0,0.076,0.4828,0.6298,75.9537
240_F_125787151_dCW6QpMab5zKS1Ei6aOmi9VhoC0yQY5u_jpg.rf.k4yZcKcQXqJWjOZJSJ38.jpg,8,62,471,"(43, 452, 38, 39)",1482,0.4752,0.3021,0.4802,1.0,0.0137,0.4937,0.4914,13.7388
240_F_125787151_dCW6QpMab5zKS1Ei6aOmi9VhoC0yQY5u_jpg.rf.k4yZcKcQXqJWjOZJSJ38.jpg,9,503,437,"(494, 421, 18, 33)",594,0.4898,0.3127,0.4828,1.0,0.1135,0.5056,0.5343,113.5085
240_F_125787151_dCW6QpMab5zKS1Ei6aOmi9VhoC0yQY5u_jpg.rf.k4yZcKcQXqJWjOZJSJ38.jpg,10,479,425,"(477, 418, 5, 15)",75,0.4846,0.2985,0.4733,1.0,0.1451,0.4934,0.4314,145.1373
240_F_125787151_dCW6QpMab5zKS1Ei6aOmi9VhoC0yQY5u_jpg.rf.k4yZcKcQXqJWjOZJSJ38.jpg,11,451,367,"(446, 360, 11, 14)",154,0.5782,0.3113,0.4836,1.0,1.0,0.4935,0.4298,1097.4462
240_F_125787151_dCW6QpMab5zKS1Ei6aOmi9VhoC0yQY5u_jpg.rf.k4yZcKcQXqJWjOZJSJ38.jpg,12,180,366,"(176, 353, 8, 27)",216,0.4978,0.0316,0.5335,1.0,1.0,0.4857,0.2564,1206.7466
240_F_125787151_dCW6QpMab5zKS1Ei6aOmi9VhoC0yQY5u_jpg.rf.k4yZcKcQXqJWjOZJSJ38.jpg,13,313,375,"(276, 343, 74, 65)",4810,0.551,0.3179,0.4703,1.0,0.7515,0.529,0.3419,751.5356
240_F_125787151_dCW6QpMab5zKS1Ei6aOmi9VhoC0yQY5u_jpg.rf.k4yZcKcQXqJWjOZJSJ38.jpg,14,259,347,"(254, 342, 11, 11)",121,0.551,0.3179,0.4984,1.0,0.6527,0.4913,0.3403,652.7256
240_F_125787151_dCW6QpMab5zKS1Ei6aOmi9VhoC0yQY5u_jpg.rf.k4yZcKcQXqJWjOZJSJ38.jpg,15,6,347,"(0, 336, 12, 23)",276,0.5662,0.3179,0.5336,1.0,0.6818,0.4992,0.4635,681.7625
240_F_125787151_dCW6QpMab5zKS1Ei6aOmi9VhoC0yQY5u_jpg.rf.k4yZcKcQXqJWjOZJSJ38.jpg,16,237,329,"(226, 320, 22, 18)",396,0.563,0.3037,0.4911,1.0,0.8478,0.5123,0.3922,847.7751
240_F_125787151_dCW6QpMab5zKS1Ei6aOmi9VhoC0yQY5u_jpg.rf.k4yZcKcQXqJWjOZJSJ38.jpg,17,197,324,"(191, 319, 13, 11)",143,0.5818,0.3179,0.4873,1.0,1.0,0.4986,0.2939,1440.3459
240_F_125787151_dCW6QpMab5zKS1Ei6aOmi9VhoC0yQY5u_jpg.rf.k4yZcKcQXqJWjOZJSJ38.jpg,18,477,340,"(442, 316, 70, 48)",3360,0.5228,0.3179,0.4954,1.0,0.3812,0.5095,0.486,381.1699
240_F_125787151_dCW6QpMab5zKS1Ei6aOmi9VhoC0yQY5u_jpg.rf.k4yZcKcQXqJWjOZJSJ38.jpg,19,376,300,"(371, 295, 11, 11)",121,0.4945,0.2985,0.4963,1.0,0.1636,0.4876,0.3384,163.6254
240_F_125787151_dCW6QpMab5zKS1Ei6aOmi9VhoC0yQY5u_jpg.rf.k4yZcKcQXqJWjOZJSJ38.jpg,20,222,290,"(216, 284, 13, 13)",169,0.524,0.2894,0.463,1.0,0.6069,0.5012,0.4368,606.9203
240_F_125787151_dCW6QpMab5zKS1Ei6aOmi9VhoC0yQY5u_jpg.rf.k4yZcKcQXqJWjOZJSJ38.jpg,21,146,285,"(142, 281, 9, 9)",81,0.4873,0.3127,0.48,1.0,0.0991,0.4827,0.2993,99.133
240_F_125787151_dCW6QpMab5zKS1Ei6aOmi9VhoC0yQY5u_jpg.rf.k4yZcKcQXqJWjOZJSJ38.jpg,22,434,278,"(427, 272, 15, 12)",180,0.4867,0.2985,0.4909,1.0,0.1046,0.4916,0.4846,104.6178
240_F_125787151_dCW6QpMab5zKS1Ei6aOmi9VhoC0yQY5u_jpg.rf.k4yZcKcQXqJWjOZJSJ38.jpg,23,309,271,"(299, 265, 20, 12)",240,0.4848,0.2985,0.4922,1.0,0.081,0.4869,0.4557,81.0231
240_F_125787151_dCW6QpMab5zKS1Ei6aOmi9VhoC0yQY5u_jpg.rf.k4yZcKcQXqJWjOZJSJ38.jpg,24,87,272,"(80, 262, 14, 20)",280,0.4955,0.3127,0.5006,1.0,0.1085,0.4861,0.3389,108.5036
240_F_125787151_dCW6QpMab5zKS1Ei6aOmi9VhoC0yQY5u_jpg.rf.k4yZcKcQXqJWjOZJSJ38.jpg,25,468,265,"(450, 254, 37, 22)",814,0.4875,0.3127,0.49,1.0,0.0657,0.4925,0.614,65.7436
240_F_125787151_dCW6QpMab5zKS1Ei6aOmi9VhoC0yQY5u_jpg.rf.k4yZcKcQXqJWjOZJSJ38.jpg,26,410,245,"(397, 228, 27, 34)",918,0.4783,0.2985,0.4841,1.0,0.0438,0.4928,0.544,43.8462
240_F_125787151_dCW6QpMab5zKS1Ei6aOmi9VhoC0yQY5u_jpg.rf.k4yZcKcQXqJWjOZJSJ38.jpg,27,303,232,"(299, 224, 9, 16)",144,0.4787,0.2985,0.4888,1.0,0.0322,0.4888,0.6361,32.1909
240_F_125787151_dCW6QpMab5zKS1Ei6aOmi9VhoC0yQY5u_jpg.rf.k4yZcKcQXqJWjOZJSJ38.jpg,28,392,208,"(387, 202, 10, 13)",130,0.4679,0.2801,0.4767,1.0,0.0304,0.494,0.6582,30.4165
240_F_125787151_dCW6QpMab5zKS1Ei6aOmi9VhoC0yQY5u_jpg.rf.k4yZcKcQXqJWjOZJSJ38.jpg,29,190,180,"(181, 173, 18, 14)",252,0.4737,0.2985,0.478,1.0,0.0189,0.4954,0.5897,18.874
240_F_125787151_dCW6QpMab5zKS1Ei6aOmi9VhoC0yQY5u_jpg.rf.k4yZcKcQXqJWjOZJSJ38.jpg,30,133,170,"(128, 165, 10, 11)",110,0.4757,0.2985,0.4789,1.0,0.0365,0.4922,0.4111,36.4683
240_F_125787151_dCW6QpMab5zKS1Ei6aOmi9VhoC0yQY5u_jpg.rf.k4yZcKcQXqJWjOZJSJ38.jpg,31,106,177,"(96, 163, 20, 28)",560,0.4718,0.2841,0.4864,1.0,0.0213,0.4874,0.4945,21.2569
240_F_125787151_dCW6QpMab5zKS1Ei6aOmi9VhoC0yQY5u_jpg.rf.k4yZcKcQXqJWjOZJSJ38.jpg,32,17,160,"(11, 153, 13, 14)",182,0.4738,0.2985,0.4775,1.0,0.0221,0.4817,0.4338,22.0894
240_F_125787151_dCW6QpMab5zKS1Ei6aOmi9VhoC0yQY5u_jpg.rf.k4yZcKcQXqJWjOZJSJ38.jpg,33,485,58,"(480, 51, 10, 15)",150,0.6623,0.95,0.4955,0.7576,0.0487,0.5021,0.1515,48.7054
240_F_125787151_dCW6QpMab5zKS1Ei6aOmi9VhoC0yQY5u_jpg.rf.k4yZcKcQXqJWjOZJSJ38.jpg,34,318,45,"(314, 36, 9, 18)",162,0.5763,0.9367,0.5184,0.3254,0.0191,0.5004,0.0651,19.054
240_F_125787151_dCW6QpMab5zKS1Ei6aOmi9VhoC0yQY5u_jpg.rf.k4yZcKcQXqJWjOZJSJ38.jpg,35,437,71,"(413, 0, 49, 142)",6958,0.7078,0.9512,0.4872,1.0,0.044,0.5147,0.3303,44.0353
240_F_125787324_OrwFI4uq8lFwgzwY53kP9huJxIe5ul49_jpg.rf.Dn6H87Cd63sH8A1nORNL.jpg,1,124,356,"(114, 343, 21, 27)",567,0.5494,0.3179,0.488,1.0,0.6737,0.4994,0.4802,673.7045
240_F_125787324_OrwFI4uq8lFwgzwY53kP9huJxIe5ul49_jpg.rf.Dn6H87Cd63sH8A1nORNL.jpg,2,186,365,"(150, 337, 73, 56)",4088,0.5388,0.3179,0.5012,1.0,0.5211,0.5192,0.3766,521.1024
240_F_125787324_OrwFI4uq8lFwgzwY53kP9huJxIe5ul49_jpg.rf.Dn6H87Cd63sH8A1nORNL.jpg,3,261,243,"(252, 227, 19, 32)",608,0.486,0.2841,0.4867,1.0,0.1623,0.5037,0.5535,162.334
240_F_125787324_OrwFI4uq8lFwgzwY53kP9huJxIe5ul49_jpg.rf.Dn6H87Cd63sH8A1nORNL.jpg,4,242,186,"(218, 174, 48, 25)",1200,0.4919,0.3061,0.4905,1.0,0.1305,0.4983,0.2829,130.4645
240_F_125787324_OrwFI4uq8lFwgzwY53kP9huJxIe5ul49_jpg.rf.Dn6H87Cd63sH8A1nORNL.jpg,5,121,164,"(116, 159, 11, 10)",110,0.4897,0.3127,0.4975,1.0,0.0619,0.4826,0.2134,61.8509
240_F_125787324_OrwFI4uq8lFwgzwY53kP9huJxIe5ul49_jpg.rf.Dn6H87Cd63sH8A1nORNL.jpg,6,441,160,"(433, 156, 16, 8)",128,0.4878,0.2985,0.4978,1.0,0.0911,0.4845,0.25,91.114
240_F_125787324_OrwFI4uq8lFwgzwY53kP9huJxIe5ul49_jpg.rf.TqDn9FCyQAbLvmj3zyPE.jpg,1,108,417,"(72, 376, 73, 83)",6059,0.5347,0.3179,0.4769,1.0,0.565,0.5146,0.4129,565.0453
240_F_125787324_OrwFI4uq8lFwgzwY53kP9huJxIe5ul49_jpg.rf.TqDn9FCyQAbLvmj3zyPE.jpg,2,124,356,"(114, 343, 21, 26)",546,0.5498,0.3179,0.4907,1.0,0.668,0.5009,0.4593,668.0299
240_F_125787324_OrwFI4uq8lFwgzwY53kP9huJxIe5ul49_jpg.rf.TqDn9FCyQAbLvmj3zyPE.jpg,3,187,366,"(151, 339, 72, 54)",3888,0.5386,0.3179,0.5,1.0,0.5232,0.5167,0.3777,523.2034
240_F_125787324_OrwFI4uq8lFwgzwY53kP9huJxIe5ul49_jpg.rf.TqDn9FCyQAbLvmj3zyPE.jpg,4,262,242,"(254, 227, 17, 31)",527,0.482,0.2841,0.4753,1.0,0.162,0.5035,0.5517,161.9989
240_F_125787324_OrwFI4uq8lFwgzwY53kP9huJxIe5ul49_jpg.rf.TqDn9FCyQAbLvmj3zyPE.jpg,5,255,187,"(245, 177, 21, 21)",441,0.4938,0.3061,0.4949,1.0,0.1343,0.4841,0.3251,134.2971
240_F_125787324_OrwFI4uq8lFwgzwY53kP9huJxIe5ul49_jpg.rf.TqDn9FCyQAbLvmj3zyPE.jpg,6,228,183,"(219, 174, 18, 19)",342,0.4865,0.2985,0.4843,1.0,0.1257,0.4937,0.2645,125.6662
240_F_125787324_OrwFI4uq8lFwgzwY53kP9huJxIe5ul49_jpg.rf.TqDn9FCyQAbLvmj3zyPE.jpg,7,121,164,"(116, 159, 11, 10)",110,0.4897,0.3127,0.4975,1.0,0.0619,0.4823,0.2055,61.934
240_F_125787324_OrwFI4uq8lFwgzwY53kP9huJxIe5ul49_jpg.rf.TqDn9FCyQAbLvmj3zyPE.jpg,8,440,160,"(433, 156, 14, 8)",112,0.4871,0.2985,0.4954,1.0,0.0923,0.4825,0.2558,92.3268
240_F_126096265_Z1SjGEEKauTdIJR0vvkF3u2ZSrnDtQpI_jpg.rf.vROHH3gfXncF8gi9IRy0.jpg,1,153,400,"(122, 359, 62, 83)",5146,0.598,0.5969,0.5128,1.0,0.0963,0.5155,0.3198,96.3146
240_F_126096351_WczvcXoaoC7JGeAIQe1bAup1YTdWWctt_jpg.rf.4MRl84k7V027Orc2fytH.jpg,1,220,433,"(208, 425, 25, 17)",425,0.4873,0.2988,0.5022,1.0,0.0693,0.504,0.5899,69.3023
240_F_126096351_WczvcXoaoC7JGeAIQe1bAup1YTdWWctt_jpg.rf.4MRl84k7V027Orc2fytH.jpg,2,189,422,"(177, 417, 25, 10)",250,0.4814,0.2912,0.5019,1.0,0.038,0.5026,0.7654,37.9754
240_F_126096351_WczvcXoaoC7JGeAIQe1bAup1YTdWWctt_jpg.rf.4MRl84k7V027Orc2fytH.jpg,3,379,176,"(375, 170, 9, 12)",108,0.584,0.5538,0.5047,1.0,0.1349,0.505,0.4643,134.9284
240_F_126096351_WczvcXoaoC7JGeAIQe1bAup1YTdWWctt_jpg.rf.zN2zbj8kFeofEfZ75PdL.jpg,1,220,433,"(208, 425, 25, 17)",425,0.4873,0.2988,0.5022,1.0,0.0693,0.504,0.5899,69.3023
240_F_126096351_WczvcXoaoC7JGeAIQe1bAup1YTdWWctt_jpg.rf.zN2zbj8kFeofEfZ75PdL.jpg,2,189,422,"(177, 417, 25, 10)",250,0.4814,0.2912,0.5019,1.0,0.038,0.5026,0.7654,37.9754
240_F_126096351_WczvcXoaoC7JGeAIQe1bAup1YTdWWctt_jpg.rf.zN2zbj8kFeofEfZ75PdL.jpg,3,380,176,"(376, 170, 8, 13)",104,0.5831,0.5549,0.5035,1.0,0.1265,0.504,0.44,126.5116
240_F_126931469_6QzVesVxLbyP3Ccsq89LgSZoEyxHVyrS_jpg.rf.TFTkEetPgYqwMKHTsrJr.jpg,1,493,413,"(487, 410, 12, 7)",84,0.6957,0.8881,0.5214,1.0,0.024,0.4966,0.2961,23.9623
240_F_126931469_6QzVesVxLbyP3Ccsq89LgSZoEyxHVyrS_jpg.rf.TFTkEetPgYqwMKHTsrJr.jpg,2,407,172,"(395, 167, 24, 10)",240,0.4868,0.2985,0.4901,1.0,0.1079,0.502,0.2348,107.8917
240_F_126931469_6QzVesVxLbyP3Ccsq89LgSZoEyxHVyrS_jpg.rf.grsKMK9JJ91u9hgr2NKh.jpg,1,493,413,"(487, 410, 12, 7)",84,0.6957,0.8881,0.5214,1.0,0.024,0.4966,0.2961,23.9623
240_F_126931469_6QzVesVxLbyP3Ccsq89LgSZoEyxHVyrS_jpg.rf.grsKMK9JJ91u9hgr2NKh.jpg,2,407,172,"(395, 167, 24, 10)",240,0.4871,0.2985,0.4909,1.0,0.1082,0.5021,0.2197,108.2477
240_F_128165250_wuTWoJghKsLkFTdHjlUteKiZlbkxJrQ6_jpg.rf.f24dLYKy2gudjgx2VxoR.jpg,1,269,285,"(248, 270, 43, 31)",1333,0.4663,0.2791,0.4745,1.0,0.0249,0.5073,0.7852,24.9329
240_F_128165250_wuTWoJghKsLkFTdHjlUteKiZlbkxJrQ6_jpg.rf.f24dLYKy2gudjgx2VxoR.jpg,2,350,228,"(336, 223, 29, 10)",290,0.4962,0.2944,0.4969,1.0,0.1924,0.5067,0.2805,192.4409
240_F_128165250_wuTWoJghKsLkFTdHjlUteKiZlbkxJrQ6_jpg.rf.f24dLYKy2gudjgx2VxoR.jpg,3,396,223,"(389, 220, 14, 7)",98,0.4633,0.2791,0.4648,1.0,0.029,0.5039,0.3057,28.9749
240_F_128165250_wuTWoJghKsLkFTdHjlUteKiZlbkxJrQ6_jpg.rf.f24dLYKy2gudjgx2VxoR.jpg,4,481,219,"(451, 185, 61, 68)",4148,0.5081,0.3037,0.4966,1.0,0.2799,0.5282,0.5157,279.8593
240_F_128165250_wuTWoJghKsLkFTdHjlUteKiZlbkxJrQ6_jpg.rf.f24dLYKy2gudjgx2VxoR.jpg,5,297,148,"(265, 98, 65, 100)",6500,0.4935,0.2985,0.4977,1.0,0.148,0.5385,0.477,148.0089
240_F_128165250_wuTWoJghKsLkFTdHjlUteKiZlbkxJrQ6_jpg.rf.f24dLYKy2gudjgx2VxoR.jpg,6,327,96,"(317, 88, 21, 16)",336,0.4938,0.2985,0.5135,1.0,0.0959,0.5123,0.2143,95.9225
240_F_128165250_wuTWoJghKsLkFTdHjlUteKiZlbkxJrQ6_jpg.rf.f24dLYKy2gudjgx2VxoR.jpg,7,106,98,"(94, 88, 25, 20)",500,0.4853,0.2985,0.4995,1.0,0.0599,0.5121,0.239,59.9098
240_F_128165250_wuTWoJghKsLkFTdHjlUteKiZlbkxJrQ6_jpg.rf.f24dLYKy2gudjgx2VxoR.jpg,8,125,81,"(120, 76, 11, 11)",121,0.4625,0.2985,0.5015,0.879,0.0667,0.5073,0.1758,66.7185
240_F_128165250_wuTWoJghKsLkFTdHjlUteKiZlbkxJrQ6_jpg.rf.f24dLYKy2gudjgx2VxoR.jpg,9,234,103,"(213, 74, 43, 59)",2537,0.4951,0.2985,0.5298,1.0,0.0518,0.5291,0.525,51.7889
240_F_128165250_wuTWoJghKsLkFTdHjlUteKiZlbkxJrQ6_jpg.rf.f24dLYKy2gudjgx2VxoR.jpg,10,319,76,"(315, 70, 9, 12)",108,0.4832,0.3016,0.4954,0.9722,0.0981,0.5035,0.1944,98.0758
240_F_128165250_wuTWoJghKsLkFTdHjlUteKiZlbkxJrQ6_jpg.rf.f24dLYKy2gudjgx2VxoR.jpg,11,378,135,"(346, 61, 65, 148)",9620,0.4829,0.2985,0.4738,1.0,0.1261,0.5341,0.3639,126.0507
240_F_128165250_wuTWoJghKsLkFTdHjlUteKiZlbkxJrQ6_jpg.rf.f24dLYKy2gudjgx2VxoR.jpg,12,450,114,"(418, 47, 65, 134)",8710,0.4901,0.2985,0.4991,1.0,0.1095,0.5286,0.3187,109.4893
240_F_128165250_wuTWoJghKsLkFTdHjlUteKiZlbkxJrQ6_jpg.rf.f24dLYKy2gudjgx2VxoR.jpg,13,462,7,"(454, 0, 17, 14)",238,0.4906,0.2985,0.5043,1.0,0.0967,0.5047,0.2931,96.6943
240_F_128165250_wuTWoJghKsLkFTdHjlUteKiZlbkxJrQ6_jpg.rf.f24dLYKy2gudjgx2VxoR.jpg,14,254,22,"(240, 0, 28, 45)",1260,0.4843,0.2985,0.4979,1.0,0.0555,0.5096,0.3833,55.5277
240_F_128165250_wuTWoJghKsLkFTdHjlUteKiZlbkxJrQ6_jpg.rf.p5Fz1n2gvhZkT5pMYKIf.jpg,1,268,285,"(245, 270, 46, 31)",1426,0.4662,0.2791,0.4744,1.0,0.0245,0.5074,0.7831,24.501
240_F_128165250_wuTWoJghKsLkFTdHjlUteKiZlbkxJrQ6_jpg.rf.p5Fz1n2gvhZkT5pMYKIf.jpg,2,351,228,"(336, 223, 31, 10)",310,0.4955,0.2944,0.4956,1.0,0.1897,0.5101,0.2812,189.7485
240_F_128165250_wuTWoJghKsLkFTdHjlUteKiZlbkxJrQ6_jpg.rf.p5Fz1n2gvhZkT5pMYKIf.jpg,3,396,223,"(389, 220, 14, 7)",98,0.4633,0.2791,0.4648,1.0,0.029,0.5039,0.3057,28.9749
240_F_128165250_wuTWoJghKsLkFTdHjlUteKiZlbkxJrQ6_jpg.rf.p5Fz1n2gvhZkT5pMYKIf.jpg,4,297,147,"(265, 98, 65, 99)",6435,0.4923,0.2985,0.4948,1.0,0.147,0.5387,0.4802,146.9728
240_F_128165250_wuTWoJghKsLkFTdHjlUteKiZlbkxJrQ6_jpg.rf.p5Fz1n2gvhZkT5pMYKIf.jpg,5,327,96,"(317, 88, 20, 16)",320,0.4919,0.2985,0.5039,1.0,0.1108,0.5124,0.221,110.8353
240_F_128165250_wuTWoJghKsLkFTdHjlUteKiZlbkxJrQ6_jpg.rf.p5Fz1n2gvhZkT5pMYKIf.jpg,6,106,98,"(94, 88, 25, 20)",500,0.4856,0.2985,0.5004,1.0,0.0598,0.5124,0.2373,59.823
240_F_128165250_wuTWoJghKsLkFTdHjlUteKiZlbkxJrQ6_jpg.rf.p5Fz1n2gvhZkT5pMYKIf.jpg,7,125,81,"(120, 76, 11, 11)",121,0.4625,0.2985,0.5015,0.879,0.0667,0.5073,0.1758,66.7185
240_F_128165250_wuTWoJghKsLkFTdHjlUteKiZlbkxJrQ6_jpg.rf.p5Fz1n2gvhZkT5pMYKIf.jpg,8,234,103,"(213, 74, 43, 59)",2537,0.4951,0.2985,0.5298,1.0,0.052,0.5292,0.525,51.9714
240_F_128165250_wuTWoJghKsLkFTdHjlUteKiZlbkxJrQ6_jpg.rf.p5Fz1n2gvhZkT5pMYKIf.jpg,9,379,135,"(348, 61, 63, 148)",9324,0.4818,0.2985,0.4707,1.0,0.126,0.5271,0.3751,125.9663
240_F_128165250_wuTWoJghKsLkFTdHjlUteKiZlbkxJrQ6_jpg.rf.p5Fz1n2gvhZkT5pMYKIf.jpg,10,462,7,"(454, 0, 17, 14)",238,0.4906,0.2985,0.5043,1.0,0.0967,0.5047,0.2931,96.6943
240_F_128165250_wuTWoJghKsLkFTdHjlUteKiZlbkxJrQ6_jpg.rf.p5Fz1n2gvhZkT5pMYKIf.jpg,11,254,22,"(240, 0, 28, 45)",1260,0.4843,0.2985,0.4979,1.0,0.0555,0.5096,0.3833,55.5277
240_F_134447713_A1Ys1wvWqNoMP1xSf88B4K09iPcnnG0n_jpg.rf.eb8tGHtQcQOK4rOlnBOh.jpg,1,353,434,"(349, 422, 9, 25)",225,0.8098,0.9715,0.485,1.0,1.0,0.5024,0.3835,1002.6191
240_F_134447713_A1Ys1wvWqNoMP1xSf88B4K09iPcnnG0n_jpg.rf.eb8tGHtQcQOK4rOlnBOh.jpg,2,12,200,"(0, 185, 24, 30)",720,0.549,0.3179,0.5029,1.0,0.6173,0.5053,0.6103,617.3402
240_F_134447713_A1Ys1wvWqNoMP1xSf88B4K09iPcnnG0n_jpg.rf.eb8tGHtQcQOK4rOlnBOh.jpg,3,50,204,"(29, 174, 43, 60)",2580,0.5092,0.3127,0.515,1.0,0.1952,0.5138,0.4859,195.1584
240_F_134447713_A1Ys1wvWqNoMP1xSf88B4K09iPcnnG0n_jpg.rf.eb8tGHtQcQOK4rOlnBOh.jpg,4,312,126,"(294, 115, 37, 23)",851,0.6538,0.7372,0.5501,1.0,0.0322,0.501,0.8962,32.227
240_F_134447713_A1Ys1wvWqNoMP1xSf88B4K09iPcnnG0n_jpg.rf.eb8tGHtQcQOK4rOlnBOh.jpg,5,202,85,"(197, 68, 11, 34)",374,0.4873,0.2985,0.5102,1.0,0.0426,0.4992,0.4556,42.5672
240_F_134447713_A1Ys1wvWqNoMP1xSf88B4K09iPcnnG0n_jpg.rf.eb8tGHtQcQOK4rOlnBOh.jpg,6,10,89,"(0, 65, 21, 49)",1029,0.4814,0.2984,0.4929,1.0,0.0446,0.5038,0.6005,44.6326
240_F_134447713_A1Ys1wvWqNoMP1xSf88B4K09iPcnnG0n_jpg.rf.eb8tGHtQcQOK4rOlnBOh.jpg,7,167,58,"(160, 51, 15, 15)",225,0.5796,0.5289,0.5416,1.0,0.0497,0.4993,0.8409,49.7275
240_F_134447713_A1Ys1wvWqNoMP1xSf88B4K09iPcnnG0n_jpg.rf.eb8tGHtQcQOK4rOlnBOh.jpg,8,266,66,"(229, 32, 75, 68)",5100,0.4866,0.3127,0.4933,1.0,0.0454,0.5133,0.6116,45.4298
240_F_134447713_A1Ys1wvWqNoMP1xSf88B4K09iPcnnG0n_jpg.rf.eb8tGHtQcQOK4rOlnBOh.jpg,9,486,52,"(469, 31, 35, 43)",1505,0.4972,0.2992,0.5422,1.0,0.0269,0.4994,0.6201,26.9288
240_F_134447713_A1Ys1wvWqNoMP1xSf88B4K09iPcnnG0n_jpg.rf.eb8tGHtQcQOK4rOlnBOh.jpg,10,52,68,"(28, 30, 49, 76)",3724,0.476,0.3061,0.4719,1.0,0.0375,0.5093,0.5602,37.4818
240_F_134447713_A1Ys1wvWqNoMP1xSf88B4K09iPcnnG0n_jpg.rf.eb8tGHtQcQOK4rOlnBOh.jpg,11,496,9,"(480, 0, 32, 19)",608,0.4878,0.2801,0.5382,1.0,0.0144,0.4982,0.6084,14.3568
240_F_134447713_A1Ys1wvWqNoMP1xSf88B4K09iPcnnG0n_jpg.rf.eb8tGHtQcQOK4rOlnBOh.jpg,12,351,32,"(318, 0, 66, 65)",4290,0.4868,0.2918,0.5208,1.0,0.0239,0.5049,0.5534,23.8819
240_F_134447713_A1Ys1wvWqNoMP1xSf88B4K09iPcnnG0n_jpg.rf.eb8tGHtQcQOK4rOlnBOh.jpg,13,265,13,"(231, 0, 68, 26)",1768,0.5076,0.2918,0.5807,1.0,0.0223,0.5056,0.6152,22.2909
240_F_134447793_EnhBk05fYouwQELUpZSTSEKk8JrYkNnp_jpg.rf.JuPZzjAJO0PTupMffJ2e.jpg,1,447,385,"(414, 355, 67, 60)",4020,0.5286,0.3179,0.4938,1.0,0.4455,0.5181,0.7584,445.5298
240_F_134447793_EnhBk05fYouwQELUpZSTSEKk8JrYkNnp_jpg.rf.JuPZzjAJO0PTupMffJ2e.jpg,2,473,339,"(465, 334, 16, 11)",176,0.622,0.6621,0.4894,1.0,0.1891,0.5033,0.9255,189.1164
240_F_134447793_EnhBk05fYouwQELUpZSTSEKk8JrYkNnp_jpg.rf.JuPZzjAJO0PTupMffJ2e.jpg,3,336,342,"(307, 312, 58, 61)",3538,0.5234,0.3179,0.484,1.0,0.4272,0.5139,0.7168,427.164
240_F_134447793_EnhBk05fYouwQELUpZSTSEKk8JrYkNnp_jpg.rf.JuPZzjAJO0PTupMffJ2e.jpg,4,199,326,"(117, 272, 165, 109)",17985,0.5444,0.3179,0.5366,1.0,0.4535,0.5324,0.6549,453.5104
240_F_134447793_EnhBk05fYouwQELUpZSTSEKk8JrYkNnp_jpg.rf.JuPZzjAJO0PTupMffJ2e.jpg,5,34,277,"(0, 242, 68, 70)",4760,0.5223,0.3179,0.4957,1.0,0.375,0.534,0.6552,375.0494
240_F_134447793_EnhBk05fYouwQELUpZSTSEKk8JrYkNnp_jpg.rf.JuPZzjAJO0PTupMffJ2e.jpg,6,252,243,"(238, 229, 29, 28)",812,0.5238,0.3179,0.5052,1.0,0.3574,0.5121,0.5854,357.3926
240_F_134447793_EnhBk05fYouwQELUpZSTSEKk8JrYkNnp_jpg.rf.JuPZzjAJO0PTupMffJ2e.jpg,7,507,227,"(502, 221, 10, 13)",130,0.5155,0.312,0.5166,1.0,0.2548,0.4961,0.4725,254.7872
240_F_134447793_EnhBk05fYouwQELUpZSTSEKk8JrYkNnp_jpg.rf.JuPZzjAJO0PTupMffJ2e.jpg,8,179,224,"(165, 210, 28, 29)",812,0.5124,0.3179,0.5118,1.0,0.2206,0.5182,0.6646,220.6127
240_F_134447793_EnhBk05fYouwQELUpZSTSEKk8JrYkNnp_jpg.rf.JuPZzjAJO0PTupMffJ2e.jpg,9,4,186,"(0, 177, 8, 18)",144,0.505,0.3058,0.5412,1.0,0.0854,0.5041,0.6667,85.4384
240_F_134447793_EnhBk05fYouwQELUpZSTSEKk8JrYkNnp_jpg.rf.JuPZzjAJO0PTupMffJ2e.jpg,10,462,187,"(452, 171, 21, 33)",693,0.4983,0.3127,0.5043,1.0,0.1232,0.5056,0.6135,123.2356
240_F_134447793_EnhBk05fYouwQELUpZSTSEKk8JrYkNnp_jpg.rf.JuPZzjAJO0PTupMffJ2e.jpg,11,52,167,"(45, 161, 14, 12)",168,0.4962,0.2985,0.526,1.0,0.0769,0.5031,0.3654,76.9374
240_F_134447793_EnhBk05fYouwQELUpZSTSEKk8JrYkNnp_jpg.rf.JuPZzjAJO0PTupMffJ2e.jpg,12,395,180,"(352, 159, 87, 43)",3741,0.5079,0.3127,0.5336,1.0,0.1167,0.516,0.5682,116.6787
240_F_134447793_EnhBk05fYouwQELUpZSTSEKk8JrYkNnp_jpg.rf.JuPZzjAJO0PTupMffJ2e.jpg,13,499,174,"(487, 155, 25, 39)",975,0.4944,0.3127,0.4941,1.0,0.1198,0.5023,0.5889,119.8491
240_F_134447793_EnhBk05fYouwQELUpZSTSEKk8JrYkNnp_jpg.rf.dxZVMETvr3Hq4EfdeWUI.jpg,1,447,385,"(413, 355, 68, 60)",4080,0.5277,0.3179,0.4923,1.0,0.4409,0.5183,0.7632,440.858
240_F_134447793_EnhBk05fYouwQELUpZSTSEKk8JrYkNnp_jpg.rf.dxZVMETvr3Hq4EfdeWUI.jpg,2,473,339,"(465, 334, 16, 11)",176,0.622,0.6621,0.4894,1.0,0.1891,0.5033,0.9255,189.1164
240_F_134447793_EnhBk05fYouwQELUpZSTSEKk8JrYkNnp_jpg.rf.dxZVMETvr3Hq4EfdeWUI.jpg,3,336,342,"(307, 312, 58, 61)",3538,0.523,0.3179,0.4827,1.0,0.4277,0.5141,0.7182,427.6945
240_F_134447793_EnhBk05fYouwQELUpZSTSEKk8JrYkNnp_jpg.rf.dxZVMETvr3Hq4EfdeWUI.jpg,4,199,326,"(117, 272, 165, 109)",17985,0.545,0.3179,0.5383,1.0,0.4535,0.5322,0.6591,453.476
240_F_134447793_EnhBk05fYouwQELUpZSTSEKk8JrYkNnp_jpg.rf.dxZVMETvr3Hq4EfdeWUI.jpg,5,34,277,"(0, 242, 69, 70)",4830,0.5218,0.3179,0.4975,1.0,0.364,0.5302,0.667,364.0007
240_F_134447793_EnhBk05fYouwQELUpZSTSEKk8JrYkNnp_jpg.rf.dxZVMETvr3Hq4EfdeWUI.jpg,6,506,227,"(501, 220, 11, 15)",165,0.5216,0.311,0.5247,1.0,0.2909,0.4984,0.4858,290.8614
240_F_134447793_EnhBk05fYouwQELUpZSTSEKk8JrYkNnp_jpg.rf.dxZVMETvr3Hq4EfdeWUI.jpg,7,179,224,"(165, 210, 28, 29)",812,0.5121,0.3179,0.5107,1.0,0.2207,0.5189,0.6695,220.6526
240_F_134447793_EnhBk05fYouwQELUpZSTSEKk8JrYkNnp_jpg.rf.dxZVMETvr3Hq4EfdeWUI.jpg,8,4,186,"(0, 177, 8, 18)",144,0.505,0.3058,0.5412,1.0,0.0854,0.5041,0.6667,85.4384
240_F_134447793_EnhBk05fYouwQELUpZSTSEKk8JrYkNnp_jpg.rf.dxZVMETvr3Hq4EfdeWUI.jpg,9,462,187,"(452, 171, 21, 33)",693,0.4992,0.3127,0.5067,1.0,0.1239,0.5058,0.6364,123.8592
240_F_134447793_EnhBk05fYouwQELUpZSTSEKk8JrYkNnp_jpg.rf.dxZVMETvr3Hq4EfdeWUI.jpg,10,51,167,"(45, 161, 13, 12)",156,0.4965,0.2985,0.5288,1.0,0.069,0.5035,0.3717,69.0038
240_F_134447793_EnhBk05fYouwQELUpZSTSEKk8JrYkNnp_jpg.rf.dxZVMETvr3Hq4EfdeWUI.jpg,11,499,174,"(487, 155, 25, 39)",975,0.4942,0.3127,0.4936,1.0,0.12,0.501,0.5933,120.0042
240_F_179442236_hSCIuD62p7fpV9CjaziAzkuhUXSKWC84_jpg.rf.XsBzEnwN3NsaWVu3wHJy.jpg,1,192,437,"(188, 431, 9, 12)",108,0.7321,0.7387,0.4958,1.0,1.0,0.5048,0.9345,1146.8796
240_F_179442236_hSCIuD62p7fpV9CjaziAzkuhUXSKWC84_jpg.rf.XsBzEnwN3NsaWVu3wHJy.jpg,2,213,418,"(206, 410, 14, 17)",238,0.7245,0.7387,0.4742,1.0,1.0,0.5105,0.8342,1067.0536
240_F_179442236_hSCIuD62p7fpV9CjaziAzkuhUXSKWC84_jpg.rf.XsBzEnwN3NsaWVu3wHJy.jpg,3,119,415,"(114, 407, 10, 16)",160,0.7264,0.731,0.4874,1.0,1.0,0.5112,0.7451,1292.5355
240_F_179442236_hSCIuD62p7fpV9CjaziAzkuhUXSKWC84_jpg.rf.XsBzEnwN3NsaWVu3wHJy.jpg,4,497,409,"(489, 406, 16, 7)",112,0.657,0.7284,0.565,1.0,0.0428,0.5039,0.9774,42.8122
240_F_179442236_hSCIuD62p7fpV9CjaziAzkuhUXSKWC84_jpg.rf.XsBzEnwN3NsaWVu3wHJy.jpg,5,441,421,"(433, 402, 16, 38)",608,0.6662,0.7387,0.4802,1.0,0.3955,0.5166,0.8929,395.515
240_F_179442236_hSCIuD62p7fpV9CjaziAzkuhUXSKWC84_jpg.rf.XsBzEnwN3NsaWVu3wHJy.jpg,6,362,418,"(335, 401, 55, 34)",1870,0.6877,0.7387,0.4905,1.0,0.5745,0.5138,0.8559,574.5165
240_F_179442236_hSCIuD62p7fpV9CjaziAzkuhUXSKWC84_jpg.rf.XsBzEnwN3NsaWVu3wHJy.jpg,7,292,398,"(282, 379, 21, 39)",819,0.6682,0.7387,0.4725,1.0,0.443,0.5178,0.7718,442.9915
240_F_179442236_hSCIuD62p7fpV9CjaziAzkuhUXSKWC84_jpg.rf.XsBzEnwN3NsaWVu3wHJy.jpg,8,8,110,"(0, 95, 16, 31)",496,0.5356,0.3037,0.5046,1.0,0.5267,0.5028,0.6564,526.6779
240_F_179442236_hSCIuD62p7fpV9CjaziAzkuhUXSKWC84_jpg.rf.XsBzEnwN3NsaWVu3wHJy.jpg,9,258,54,"(238, 0, 40, 109)",4360,0.5592,0.5445,0.4709,1.0,0.0382,0.5168,0.4273,38.1953
240_F_179442236_hSCIuD62p7fpV9CjaziAzkuhUXSKWC84_jpg.rf.svB7hMZRaMF9J27Ve85x.jpg,1,192,437,"(188, 431, 9, 12)",108,0.7321,0.7387,0.4958,1.0,1.0,0.5048,0.9345,1146.8796
240_F_179442236_hSCIuD62p7fpV9CjaziAzkuhUXSKWC84_jpg.rf.svB7hMZRaMF9J27Ve85x.jpg,2,213,418,"(206, 410, 14, 17)",238,0.7245,0.7387,0.4741,1.0,1.0,0.5105,0.8355,1067.0536
240_F_179442236_hSCIuD62p7fpV9CjaziAzkuhUXSKWC84_jpg.rf.svB7hMZRaMF9J27Ve85x.jpg,3,119,415,"(114, 407, 10, 16)",160,0.7261,0.731,0.4864,1.0,1.0,0.5102,0.7468,1294.0771
240_F_179442236_hSCIuD62p7fpV9CjaziAzkuhUXSKWC84_jpg.rf.svB7hMZRaMF9J27Ve85x.jpg,4,497,409,"(489, 406, 16, 7)",112,0.657,0.7284,0.565,1.0,0.0428,0.5039,0.9774,42.8122
240_F_179442236_hSCIuD62p7fpV9CjaziAzkuhUXSKWC84_jpg.rf.svB7hMZRaMF9J27Ve85x.jpg,5,441,421,"(433, 402, 16, 38)",608,0.6663,0.7387,0.4805,1.0,0.3954,0.5161,0.8929,395.3751
240_F_179442236_hSCIuD62p7fpV9CjaziAzkuhUXSKWC84_jpg.rf.svB7hMZRaMF9J27Ve85x.jpg,6,362,418,"(335, 401, 54, 34)",1836,0.6868,0.7387,0.4912,1.0,0.5633,0.5158,0.8538,563.3269
240_F_179442236_hSCIuD62p7fpV9CjaziAzkuhUXSKWC84_jpg.rf.svB7hMZRaMF9J27Ve85x.jpg,7,292,398,"(282, 379, 20, 39)",780,0.6712,0.7387,0.4772,1.0,0.4557,0.5179,0.7745,455.7382
240_F_179442236_hSCIuD62p7fpV9CjaziAzkuhUXSKWC84_jpg.rf.svB7hMZRaMF9J27Ve85x.jpg,8,5,117,"(0, 111, 11, 13)",143,0.5359,0.3068,0.5053,1.0,0.517,0.5022,0.8047,517.0016
240_F_179442236_hSCIuD62p7fpV9CjaziAzkuhUXSKWC84_jpg.rf.svB7hMZRaMF9J27Ve85x.jpg,9,258,54,"(238, 0, 40, 109)",4360,0.5593,0.5445,0.4712,1.0,0.0383,0.5168,0.4321,38.3461
240_F_179442315_kToephS8Z9Ffz4oLY1JBWbOlwhShNzOx_jpg.rf.4smF9iZdcDRxs6Ik9gQW.jpg,1,299,474,"(294, 466, 10, 17)",170,0.5078,0.5549,0.4684,0.6113,0.2736,0.5086,0.1223,273.5694
240_F_179442315_kToephS8Z9Ffz4oLY1JBWbOlwhShNzOx_jpg.rf.4smF9iZdcDRxs6Ik9gQW.jpg,2,302,440,"(298, 434, 8, 12)",96,0.6472,0.5401,0.5037,1.0,0.8185,0.5086,0.5875,818.5015
240_F_179442315_kToephS8Z9Ffz4oLY1JBWbOlwhShNzOx_jpg.rf.4smF9iZdcDRxs6Ik9gQW.jpg,3,358,432,"(351, 423, 14, 19)",266,0.5539,0.5373,0.465,1.0,0.0315,0.503,0.6328,31.4558
240_F_179442315_kToephS8Z9Ffz4oLY1JBWbOlwhShNzOx_jpg.rf.4smF9iZdcDRxs6Ik9gQW.jpg,4,341,399,"(332, 386, 18, 26)",468,0.5111,0.3037,0.495,1.0,0.3156,0.5174,0.3605,315.5602
240_F_179442315_kToephS8Z9Ffz4oLY1JBWbOlwhShNzOx_jpg.rf.4smF9iZdcDRxs6Ik9gQW.jpg,5,205,363,"(197, 341, 16, 44)",704,0.6232,0.6694,0.493,1.0,0.1632,0.5201,0.639,163.1913
240_F_179442315_kToephS8Z9Ffz4oLY1JBWbOlwhShNzOx_jpg.rf.4smF9iZdcDRxs6Ik9gQW.jpg,6,493,410,"(474, 335, 38, 150)",5700,0.4671,0.3036,0.4544,1.0,0.0181,0.5158,0.5866,18.0561
240_F_179442315_kToephS8Z9Ffz4oLY1JBWbOlwhShNzOx_jpg.rf.4smF9iZdcDRxs6Ik9gQW.jpg,7,490,265,"(477, 253, 27, 24)",648,0.6285,0.6992,0.5245,1.0,0.002,0.5115,0.8782,1.9521
240_F_179442315_kToephS8Z9Ffz4oLY1JBWbOlwhShNzOx_jpg.rf.4smF9iZdcDRxs6Ik9gQW.jpg,8,373,214,"(347, 191, 52, 46)",2392,0.486,0.3037,0.4714,1.0,0.1475,0.5148,0.5345,147.5136
240_F_179442315_kToephS8Z9Ffz4oLY1JBWbOlwhShNzOx_jpg.rf.I9YKyqxbJoaQgtOiaucL.jpg,1,300,475,"(295, 466, 10, 18)",180,0.5593,0.5538,0.4634,0.8788,0.2757,0.5112,0.1758,275.6742
240_F_179442315_kToephS8Z9Ffz4oLY1JBWbOlwhShNzOx_jpg.rf.I9YKyqxbJoaQgtOiaucL.jpg,2,301,441,"(297, 434, 9, 15)",135,0.5836,0.3868,0.4985,1.0,0.737,0.5109,0.5203,737.0082
240_F_179442315_kToephS8Z9Ffz4oLY1JBWbOlwhShNzOx_jpg.rf.I9YKyqxbJoaQgtOiaucL.jpg,3,358,433,"(351, 424, 15, 18)",270,0.5534,0.5373,0.4635,1.0,0.0315,0.5053,0.6222,31.4875
240_F_179442315_kToephS8Z9Ffz4oLY1JBWbOlwhShNzOx_jpg.rf.I9YKyqxbJoaQgtOiaucL.jpg,4,341,399,"(332, 386, 18, 26)",468,0.5108,0.3037,0.4944,1.0,0.3151,0.5192,0.3675,315.0812
240_F_179442315_kToephS8Z9Ffz4oLY1JBWbOlwhShNzOx_jpg.rf.I9YKyqxbJoaQgtOiaucL.jpg,5,205,363,"(197, 341, 16, 44)",704,0.6237,0.6694,0.4945,1.0,0.1632,0.5189,0.6256,163.2009
240_F_179442315_kToephS8Z9Ffz4oLY1JBWbOlwhShNzOx_jpg.rf.I9YKyqxbJoaQgtOiaucL.jpg,6,493,410,"(474, 335, 38, 150)",5700,0.4671,0.3036,0.4544,1.0,0.0181,0.5158,0.5866,18.0561
240_F_179442315_kToephS8Z9Ffz4oLY1JBWbOlwhShNzOx_jpg.rf.I9YKyqxbJoaQgtOiaucL.jpg,7,490,265,"(477, 253, 27, 24)",648,0.6285,0.6992,0.5245,1.0,0.002,0.5115,0.8782,1.9521
240_F_179442315_kToephS8Z9Ffz4oLY1JBWbOlwhShNzOx_jpg.rf.I9YKyqxbJoaQgtOiaucL.jpg,8,373,214,"(347, 191, 52, 47)",2444,0.4864,0.3037,0.4723,1.0,0.1477,0.5142,0.5434,147.7397
240_F_179442320_cIhjlhyBfPqhhUvQhsBaaoSCHsavsJPL_jpg.rf.oUnEzXdFBAnm9HApMS3o.jpg,1,182,430,"(176, 416, 12, 29)",348,0.5748,0.535,0.5069,1.0,0.1014,0.5125,0.3913,101.448
240_F_179442320_cIhjlhyBfPqhhUvQhsBaaoSCHsavsJPL_jpg.rf.oUnEzXdFBAnm9HApMS3o.jpg,2,151,412,"(145, 386, 12, 52)",624,0.6169,0.5538,0.477,1.0,0.5609,0.5227,0.528,560.9213
240_F_179442320_cIhjlhyBfPqhhUvQhsBaaoSCHsavsJPL_jpg.rf.oUnEzXdFBAnm9HApMS3o.jpg,3,132,346,"(123, 331, 19, 31)",589,0.6338,0.6649,0.5018,1.0,0.2546,0.5263,0.3698,254.6062
240_F_179442596_n2u4nbR8CAAy8ToeFoEz9vV4iLYCjCpN_jpg.rf.64LvELdPbn9lShuFHlVS.jpg,1,335,509,"(325, 506, 21, 6)",126,0.6267,0.7284,0.4769,1.0,0.0489,0.4947,0.7955,48.9127
240_F_179442596_n2u4nbR8CAAy8ToeFoEz9vV4iLYCjCpN_jpg.rf.64LvELdPbn9lShuFHlVS.jpg,2,283,494,"(273, 477, 21, 35)",735,0.6967,0.8942,0.4933,1.0,0.111,0.5261,0.2816,110.9664
240_F_179442596_n2u4nbR8CAAy8ToeFoEz9vV4iLYCjCpN_jpg.rf.64LvELdPbn9lShuFHlVS.jpg,3,368,448,"(355, 432, 27, 32)",864,0.636,0.7322,0.5039,1.0,0.0341,0.5088,1.0,34.0765
240_F_179442596_n2u4nbR8CAAy8ToeFoEz9vV4iLYCjCpN_jpg.rf.64LvELdPbn9lShuFHlVS.jpg,4,303,444,"(298, 422, 10, 45)",450,0.5185,0.3868,0.4889,1.0,0.1204,0.5167,0.3349,120.393
240_F_179442596_n2u4nbR8CAAy8ToeFoEz9vV4iLYCjCpN_jpg.rf.64LvELdPbn9lShuFHlVS.jpg,5,90,346,"(86, 337, 9, 19)",171,0.5219,0.3755,0.5399,1.0,0.0152,0.4991,0.725,15.1858
240_F_179442596_n2u4nbR8CAAy8ToeFoEz9vV4iLYCjCpN_jpg.rf.64LvELdPbn9lShuFHlVS.jpg,6,22,313,"(17, 302, 10, 22)",220,0.6307,0.6743,0.5475,1.0,0.0306,0.5001,0.9719,30.6158
240_F_179442596_n2u4nbR8CAAy8ToeFoEz9vV4iLYCjCpN_jpg.rf.64LvELdPbn9lShuFHlVS.jpg,7,87,265,"(82, 244, 11, 43)",473,0.6276,0.7274,0.4832,1.0,0.0391,0.4992,0.7731,39.1179
240_F_179442596_n2u4nbR8CAAy8ToeFoEz9vV4iLYCjCpN_jpg.rf.64LvELdPbn9lShuFHlVS.jpg,8,456,299,"(426, 243, 60, 113)",6780,0.6134,0.6559,0.5218,1.0,0.0116,0.5264,0.7218,11.6113
240_F_179442596_n2u4nbR8CAAy8ToeFoEz9vV4iLYCjCpN_jpg.rf.64LvELdPbn9lShuFHlVS.jpg,9,402,20,"(368, 0, 69, 41)",2829,0.4792,0.2977,0.4979,1.0,0.0075,0.5125,0.5416,7.4551
240_F_179442596_n2u4nbR8CAAy8ToeFoEz9vV4iLYCjCpN_jpg.rf.o78uAkz7hKUPeCaqeuRh.jpg,1,335,509,"(325, 506, 21, 6)",126,0.6267,0.7284,0.4769,1.0,0.0489,0.4947,0.7955,48.9127
240_F_179442596_n2u4nbR8CAAy8ToeFoEz9vV4iLYCjCpN_jpg.rf.o78uAkz7hKUPeCaqeuRh.jpg,2,283,494,"(273, 477, 21, 35)",735,0.6967,0.8942,0.4933,1.0,0.111,0.5261,0.2816,110.9664
240_F_179442596_n2u4nbR8CAAy8ToeFoEz9vV4iLYCjCpN_jpg.rf.o78uAkz7hKUPeCaqeuRh.jpg,3,368,448,"(355, 432, 27, 32)",864,0.636,0.7322,0.5039,1.0,0.0341,0.5088,1.0,34.0765
240_F_179442596_n2u4nbR8CAAy8ToeFoEz9vV4iLYCjCpN_jpg.rf.o78uAkz7hKUPeCaqeuRh.jpg,4,303,444,"(298, 422, 10, 45)",450,0.5185,0.3868,0.4889,1.0,0.1204,0.5167,0.3349,120.393
240_F_179442596_n2u4nbR8CAAy8ToeFoEz9vV4iLYCjCpN_jpg.rf.o78uAkz7hKUPeCaqeuRh.jpg,5,90,346,"(86, 337, 9, 19)",171,0.5219,0.3755,0.5399,1.0,0.0152,0.4991,0.725,15.1858
240_F_179442596_n2u4nbR8CAAy8ToeFoEz9vV4iLYCjCpN_jpg.rf.o78uAkz7hKUPeCaqeuRh.jpg,6,22,313,"(17, 302, 10, 22)",220,0.6307,0.6743,0.5475,1.0,0.0306,0.5001,0.9719,30.6158
240_F_179442596_n2u4nbR8CAAy8ToeFoEz9vV4iLYCjCpN_jpg.rf.o78uAkz7hKUPeCaqeuRh.jpg,7,456,300,"(426, 244, 60, 112)",6720,0.6143,0.6559,0.5243,1.0,0.0116,0.528,0.7308,11.6313
240_F_179442596_n2u4nbR8CAAy8ToeFoEz9vV4iLYCjCpN_jpg.rf.o78uAkz7hKUPeCaqeuRh.jpg,8,87,265,"(82, 244, 11, 43)",473,0.6276,0.7274,0.4832,1.0,0.0391,0.4992,0.7731,39.1179
240_F_179442596_n2u4nbR8CAAy8ToeFoEz9vV4iLYCjCpN_jpg.rf.o78uAkz7hKUPeCaqeuRh.jpg,9,402,20,"(368, 0, 69, 41)",2829,0.4792,0.2977,0.4979,1.0,0.0075,0.5125,0.5416,7.4551
240_F_179442724_A4shTwPzDL5QZaIAmxENDkGuyAm0DSCE_jpg.rf.GoW49xK84u6GC9LBh4zV.jpg,1,446,418,"(437, 408, 19, 21)",399,0.4771,0.5549,0.5149,0.3861,0.2547,0.5096,0.0772,254.6543
240_F_179442724_A4shTwPzDL5QZaIAmxENDkGuyAm0DSCE_jpg.rf.GoW49xK84u6GC9LBh4zV.jpg,2,207,331,"(204, 322, 7, 19)",133,0.7532,0.8942,0.538,1.0,0.5196,0.5142,0.2513,519.6362
240_F_179442724_A4shTwPzDL5QZaIAmxENDkGuyAm0DSCE_jpg.rf.GoW49xK84u6GC9LBh4zV.jpg,3,106,220,"(71, 122, 70, 197)",13790,0.5037,0.3179,0.485,1.0,0.2272,0.5363,0.7056,227.1522
240_F_179442724_A4shTwPzDL5QZaIAmxENDkGuyAm0DSCE_jpg.rf.GoW49xK84u6GC9LBh4zV.jpg,4,268,24,"(260, 0, 16, 49)",784,0.5605,0.535,0.4884,1.0,0.0228,0.5076,0.4994,22.8243
240_F_179442724_A4shTwPzDL5QZaIAmxENDkGuyAm0DSCE_jpg.rf.ojJK1bUcjTuTm3GdGjkQ.jpg,1,447,419,"(438, 410, 18, 19)",342,0.4653,0.5549,0.5118,0.3226,0.2742,0.5081,0.0645,274.2102
240_F_179442724_A4shTwPzDL5QZaIAmxENDkGuyAm0DSCE_jpg.rf.ojJK1bUcjTuTm3GdGjkQ.jpg,2,207,331,"(204, 322, 7, 19)",133,0.7532,0.8942,0.538,1.0,0.5196,0.5142,0.2513,519.6362
240_F_179442724_A4shTwPzDL5QZaIAmxENDkGuyAm0DSCE_jpg.rf.ojJK1bUcjTuTm3GdGjkQ.jpg,3,106,220,"(71, 122, 70, 197)",13790,0.5036,0.3179,0.4846,1.0,0.2273,0.5356,0.7041,227.2888
240_F_179442724_A4shTwPzDL5QZaIAmxENDkGuyAm0DSCE_jpg.rf.ojJK1bUcjTuTm3GdGjkQ.jpg,4,268,24,"(261, 0, 15, 49)",735,0.5615,0.535,0.49,1.0,0.0272,0.5091,0.5178,27.1737
240_F_179442793_j2mma4bChqwfFKPKr4xFpYXxhtuPIavs_jpg.rf.6mSSZGUrJ3dHwTBXWKpQ.jpg,1,391,347,"(384, 298, 14, 98)",1372,0.4874,0.3179,0.4791,1.0,0.085,0.5145,0.5867,85.0063
240_F_179442793_j2mma4bChqwfFKPKr4xFpYXxhtuPIavs_jpg.rf.6mSSZGUrJ3dHwTBXWKpQ.jpg,2,195,313,"(192, 298, 6, 30)",180,0.6491,0.5401,0.4861,1.0,0.8991,0.5107,0.2381,899.126
240_F_179442793_j2mma4bChqwfFKPKr4xFpYXxhtuPIavs_jpg.rf.6mSSZGUrJ3dHwTBXWKpQ.jpg,3,113,184,"(86, 117, 54, 135)",7290,0.5142,0.3179,0.5,1.0,0.279,0.5229,0.8006,278.9628
240_F_179442793_j2mma4bChqwfFKPKr4xFpYXxhtuPIavs_jpg.rf.6mSSZGUrJ3dHwTBXWKpQ.jpg,4,482,95,"(453, 40, 59, 111)",6549,0.4972,0.3127,0.5334,1.0,0.0112,0.5306,0.6642,11.1838
240_F_179442793_j2mma4bChqwfFKPKr4xFpYXxhtuPIavs_jpg.rf.pxR3VGlOkECm4YORq7jC.jpg,1,391,346,"(384, 298, 14, 97)",1358,0.4869,0.3179,0.4773,1.0,0.0858,0.5142,0.5963,85.7597
240_F_179442793_j2mma4bChqwfFKPKr4xFpYXxhtuPIavs_jpg.rf.pxR3VGlOkECm4YORq7jC.jpg,2,195,313,"(192, 298, 6, 30)",180,0.6491,0.5401,0.4862,1.0,0.8985,0.5112,0.2526,898.5364
240_F_179442793_j2mma4bChqwfFKPKr4xFpYXxhtuPIavs_jpg.rf.pxR3VGlOkECm4YORq7jC.jpg,3,113,184,"(86, 117, 54, 135)",7290,0.5139,0.3179,0.4992,1.0,0.279,0.522,0.8023,278.9762
240_F_179442793_j2mma4bChqwfFKPKr4xFpYXxhtuPIavs_jpg.rf.pxR3VGlOkECm4YORq7jC.jpg,4,482,95,"(453, 40, 59, 111)",6549,0.4971,0.3127,0.5329,1.0,0.0112,0.5306,0.6604,11.2322
240_F_179442854_YgrEC199KEzayUwQN3fXTruzbIllMe9k_jpg.rf.Jk2lj5ZdVhBQwkOWEPQc.jpg,1,407,197,"(401, 188, 13, 19)",247,0.647,0.7352,0.5202,1.0,0.0757,0.4999,0.8839,75.6957
240_F_179442854_YgrEC199KEzayUwQN3fXTruzbIllMe9k_jpg.rf.bgUIJsc0YOJ9iNzW2gjW.jpg,1,407,197,"(401, 188, 13, 19)",247,0.647,0.7352,0.5202,1.0,0.0757,0.4999,0.8839,75.6957
240_F_179442939_vLS1fyXiwdDsKobSCqslNmneIwstIYH4_jpg.rf.zqVTuLizZB2syjyFRIsv.jpg,1,27,501,"(0, 490, 54, 22)",1188,0.5172,0.2985,0.5292,1.0,0.2753,0.5129,0.5583,275.258
240_F_179442939_vLS1fyXiwdDsKobSCqslNmneIwstIYH4_jpg.rf.zqVTuLizZB2syjyFRIsv.jpg,2,409,500,"(381, 489, 56, 23)",1288,0.4685,0.2882,0.473,1.0,0.0209,0.5027,0.8073,20.8634
240_F_179442939_vLS1fyXiwdDsKobSCqslNmneIwstIYH4_jpg.rf.zqVTuLizZB2syjyFRIsv.jpg,3,408,481,"(404, 476, 9, 11)",99,0.4782,0.2882,0.4952,1.0,0.0396,0.503,0.8675,39.6065
240_F_179442939_vLS1fyXiwdDsKobSCqslNmneIwstIYH4_jpg.rf.zqVTuLizZB2syjyFRIsv.jpg,4,382,466,"(367, 453, 31, 26)",806,0.4875,0.2841,0.525,1.0,0.0434,0.5107,0.4523,43.3777
240_F_179442939_vLS1fyXiwdDsKobSCqslNmneIwstIYH4_jpg.rf.zqVTuLizZB2syjyFRIsv.jpg,5,434,453,"(419, 444, 31, 18)",558,0.4974,0.2926,0.5297,1.0,0.0961,0.5141,0.393,96.0509
240_F_179442939_vLS1fyXiwdDsKobSCqslNmneIwstIYH4_jpg.rf.zqVTuLizZB2syjyFRIsv.jpg,6,121,475,"(69, 439, 105, 73)",7665,0.5042,0.2984,0.5088,1.0,0.2167,0.5106,0.7442,216.713
240_F_179442939_vLS1fyXiwdDsKobSCqslNmneIwstIYH4_jpg.rf.zqVTuLizZB2syjyFRIsv.jpg,7,320,379,"(313, 370, 15, 18)",270,0.5016,0.5549,0.4778,0.2222,0.9568,0.512,0.0444,956.781
240_F_179442939_vLS1fyXiwdDsKobSCqslNmneIwstIYH4_jpg.rf.zqVTuLizZB2syjyFRIsv.jpg,8,392,363,"(360, 327, 64, 73)",4672,0.5221,0.3179,0.4413,1.0,0.5641,0.5098,0.3649,564.0526
240_F_179442939_vLS1fyXiwdDsKobSCqslNmneIwstIYH4_jpg.rf.zqVTuLizZB2syjyFRIsv.jpg,9,317,309,"(311, 300, 13, 18)",234,0.5227,0.3179,0.4849,1.0,0.4173,0.5051,0.22,417.3346
240_F_179443021_iOzuwC4NpATphZugsP7TDayyT0StLieu_jpg.rf.3icXDLo90dMXXxJ1Qai0.jpg,1,14,487,"(0, 463, 29, 49)",1421,0.4944,0.2893,0.5396,1.0,0.0432,0.5035,0.7143,43.2185
240_F_179443021_iOzuwC4NpATphZugsP7TDayyT0StLieu_jpg.rf.3icXDLo90dMXXxJ1Qai0.jpg,2,76,432,"(72, 419, 8, 27)",216,0.6942,0.725,0.5189,1.0,0.5887,0.5233,0.6038,588.6799
240_F_179443021_iOzuwC4NpATphZugsP7TDayyT0StLieu_jpg.rf.3icXDLo90dMXXxJ1Qai0.jpg,3,306,362,"(303, 352, 7, 20)",140,0.6869,0.6967,0.5085,1.0,0.6514,0.5116,0.2039,651.403
240_F_179443109_xQXXKkvEWBerMRh9hk7JrJB7bJRKzkXm_jpg.rf.Hi9n3KYhhr5Pt1wJiWFZ.jpg,1,508,291,"(504, 285, 8, 13)",104,0.7088,0.8904,0.5356,1.0,0.0965,0.5027,0.9629,96.5172
240_F_179443109_xQXXKkvEWBerMRh9hk7JrJB7bJRKzkXm_jpg.rf.Zl3PHzoqL8Qm5cLV61if.jpg,1,508,291,"(504, 285, 8, 13)",104,0.7088,0.8904,0.5356,1.0,0.0965,0.5027,0.9629,96.5172
240_F_179443175_RB0e5QYJb2aAbgYqCkDEtS1TRDlCMrtd_jpg.rf.21dIkHolBaxAQZfyGKjx.jpg,1,217,369,"(212, 360, 10, 19)",190,0.4964,0.3179,0.4466,1.0,0.288,0.515,0.3094,288.048
240_F_179443316_6c16ivU92VGk71xpP51jWEljjQ7aQNCN_jpg.rf.Yn2GNm7fDF2o9VPwVRo7.jpg,1,32,463,"(28, 456, 9, 14)",126,0.7315,0.7387,0.494,1.0,1.0,0.5089,0.2821,1014.39
240_F_179443316_6c16ivU92VGk71xpP51jWEljjQ7aQNCN_jpg.rf.Yn2GNm7fDF2o9VPwVRo7.jpg,2,73,433,"(61, 419, 24, 28)",672,0.7635,0.9715,0.5033,1.0,0.4731,0.5065,0.2229,473.108
240_F_179443316_6c16ivU92VGk71xpP51jWEljjQ7aQNCN_jpg.rf.Yn2GNm7fDF2o9VPwVRo7.jpg,3,233,387,"(230, 365, 6, 44)",264,0.515,0.3179,0.4903,1.0,0.3217,0.5104,0.2163,321.6604
240_F_179443316_6c16ivU92VGk71xpP51jWEljjQ7aQNCN_jpg.rf.Yn2GNm7fDF2o9VPwVRo7.jpg,4,456,366,"(452, 347, 9, 39)",351,0.6368,0.6641,0.4736,1.0,0.3858,0.5166,0.3007,385.8478
240_F_179443316_6c16ivU92VGk71xpP51jWEljjQ7aQNCN_jpg.rf.Yn2GNm7fDF2o9VPwVRo7.jpg,5,496,337,"(480, 330, 32, 14)",448,0.7275,0.9684,0.5286,1.0,0.0361,0.5018,0.7277,36.0898
240_F_179443316_6c16ivU92VGk71xpP51jWEljjQ7aQNCN_jpg.rf.Yn2GNm7fDF2o9VPwVRo7.jpg,6,505,156,"(499, 123, 13, 67)",871,0.4835,0.3002,0.497,1.0,0.0448,0.5029,0.5683,44.8057
240_F_179443316_6c16ivU92VGk71xpP51jWEljjQ7aQNCN_jpg.rf.Yn2GNm7fDF2o9VPwVRo7.jpg,7,397,72,"(390, 51, 15, 42)",630,0.474,0.2795,0.5024,1.0,0.0038,0.5021,0.6735,3.7816
240_F_179443316_6c16ivU92VGk71xpP51jWEljjQ7aQNCN_jpg.rf.Yn2GNm7fDF2o9VPwVRo7.jpg,8,491,54,"(471, 0, 41, 108)",4428,0.4823,0.3087,0.4962,1.0,0.0064,0.5152,0.7186,6.3892
240_F_179443316_6c16ivU92VGk71xpP51jWEljjQ7aQNCN_jpg.rf.Yn2GNm7fDF2o9VPwVRo7.jpg,9,374,29,"(343, 0, 62, 58)",3596,0.4699,0.2763,0.4938,1.0,0.0035,0.5053,0.5804,3.5013
240_F_179443325_g1FwrwFR1mOjC1j5oeH2iE1J6lM8RpNx_jpg.rf.XR4u7s5hqLWcK0cfQpnV.jpg,1,130,97,"(119, 80, 23, 34)",782,0.4777,0.2918,0.4833,1.0,0.0646,0.5096,0.5863,64.6094
240_F_179443799_XmfivqHXN3oIT1sSGnKYWwkUiSsc0QYN_jpg.rf.7QJTfFYC0FpYVj2LHuSn.jpg,1,141,375,"(131, 357, 20, 36)",720,0.789,0.9796,0.4953,1.0,0.7278,0.5234,0.5527,727.7712
240_F_179443799_XmfivqHXN3oIT1sSGnKYWwkUiSsc0QYN_jpg.rf.7QJTfFYC0FpYVj2LHuSn.jpg,2,505,334,"(498, 326, 14, 17)",238,0.7372,0.9715,0.4871,1.0,0.2672,0.5017,0.6293,267.2438
240_F_179443799_XmfivqHXN3oIT1sSGnKYWwkUiSsc0QYN_jpg.rf.7QJTfFYC0FpYVj2LHuSn.jpg,3,202,306,"(193, 297, 18, 19)",342,0.7389,0.9544,0.4983,1.0,0.3046,0.5228,0.6118,304.5824
240_F_179443799_XmfivqHXN3oIT1sSGnKYWwkUiSsc0QYN_jpg.rf.7QJTfFYC0FpYVj2LHuSn.jpg,4,312,286,"(302, 277, 20, 18)",360,0.7424,0.9715,0.4936,1.0,0.2964,0.5103,0.8604,296.3927
240_F_179443799_XmfivqHXN3oIT1sSGnKYWwkUiSsc0QYN_jpg.rf.7QJTfFYC0FpYVj2LHuSn.jpg,5,439,275,"(422, 266, 35, 19)",665,0.7335,0.9715,0.4679,1.0,0.2972,0.5151,0.6033,297.1745
240_F_179443799_XmfivqHXN3oIT1sSGnKYWwkUiSsc0QYN_jpg.rf.7QJTfFYC0FpYVj2LHuSn.jpg,6,386,264,"(377, 259, 19, 11)",209,0.7377,0.9715,0.4805,1.0,0.2951,0.506,0.6648,295.1363
240_F_179443799_XmfivqHXN3oIT1sSGnKYWwkUiSsc0QYN_jpg.rf.7QJTfFYC0FpYVj2LHuSn.jpg,7,347,251,"(338, 246, 19, 11)",209,0.7388,0.9659,0.5084,1.0,0.2283,0.5037,0.8135,228.3202
240_F_179443799_XmfivqHXN3oIT1sSGnKYWwkUiSsc0QYN_jpg.rf.7QJTfFYC0FpYVj2LHuSn.jpg,8,415,248,"(406, 241, 18, 15)",270,0.7323,0.9684,0.5049,1.0,0.1664,0.51,0.6568,166.3675
240_F_179443799_XmfivqHXN3oIT1sSGnKYWwkUiSsc0QYN_jpg.rf.7QJTfFYC0FpYVj2LHuSn.jpg,9,460,223,"(454, 217, 12, 13)",156,0.7433,0.9688,0.4708,1.0,0.3941,0.5053,0.67,394.1133
240_F_179443799_XmfivqHXN3oIT1sSGnKYWwkUiSsc0QYN_jpg.rf.7QJTfFYC0FpYVj2LHuSn.jpg,10,244,198,"(230, 178, 29, 40)",1160,0.7197,0.9715,0.469,1.0,0.1547,0.5148,0.628,154.6598
240_F_179443799_XmfivqHXN3oIT1sSGnKYWwkUiSsc0QYN_jpg.rf.7QJTfFYC0FpYVj2LHuSn.jpg,11,483,168,"(470, 154, 26, 29)",754,0.7266,0.9715,0.5096,1.0,0.0816,0.514,0.6919,81.5933
240_F_179443799_XmfivqHXN3oIT1sSGnKYWwkUiSsc0QYN_jpg.rf.7QJTfFYC0FpYVj2LHuSn.jpg,12,284,151,"(281, 143, 7, 17)",119,0.7264,0.9659,0.4959,1.0,0.1475,0.5024,0.6152,147.5422
240_F_179443799_XmfivqHXN3oIT1sSGnKYWwkUiSsc0QYN_jpg.rf.7QJTfFYC0FpYVj2LHuSn.jpg,13,440,131,"(398, 109, 84, 45)",3780,0.717,0.9627,0.493,1.0,0.0748,0.5142,0.722,74.8142
240_F_179443799_XmfivqHXN3oIT1sSGnKYWwkUiSsc0QYN_jpg.rf.7QJTfFYC0FpYVj2LHuSn.jpg,14,65,118,"(51, 106, 28, 25)",700,0.7147,0.9684,0.4735,1.0,0.1006,0.5088,0.5412,100.6484
240_F_179443799_XmfivqHXN3oIT1sSGnKYWwkUiSsc0QYN_jpg.rf.7QJTfFYC0FpYVj2LHuSn.jpg,15,174,87,"(171, 80, 7, 14)",98,0.7324,0.9715,0.5143,1.0,0.1236,0.5051,0.8745,123.6137
240_F_179443799_XmfivqHXN3oIT1sSGnKYWwkUiSsc0QYN_jpg.rf.7QJTfFYC0FpYVj2LHuSn.jpg,16,26,67,"(20, 62, 12, 10)",120,0.7229,0.9715,0.4935,1.0,0.101,0.5048,0.5511,101.0073
240_F_179443799_XmfivqHXN3oIT1sSGnKYWwkUiSsc0QYN_jpg.rf.7QJTfFYC0FpYVj2LHuSn.jpg,17,135,75,"(121, 54, 29, 42)",1218,0.7233,0.9659,0.4754,1.0,0.1881,0.5135,0.6337,188.0688
240_F_179443799_XmfivqHXN3oIT1sSGnKYWwkUiSsc0QYN_jpg.rf.7QJTfFYC0FpYVj2LHuSn.jpg,18,443,76,"(406, 42, 75, 68)",5100,0.7159,0.9684,0.4883,1.0,0.0605,0.5081,0.7332,60.4651
240_F_179443799_XmfivqHXN3oIT1sSGnKYWwkUiSsc0QYN_jpg.rf.7QJTfFYC0FpYVj2LHuSn.jpg,19,488,38,"(484, 31, 8, 15)",120,0.7228,0.9684,0.5098,1.0,0.0549,0.5071,0.8463,54.9481
240_F_179443799_XmfivqHXN3oIT1sSGnKYWwkUiSsc0QYN_jpg.rf.7QJTfFYC0FpYVj2LHuSn.jpg,20,501,13,"(490, 0, 22, 27)",594,0.7299,0.9684,0.5267,1.0,0.0663,0.5042,0.8561,66.2867
240_F_179443799_XmfivqHXN3oIT1sSGnKYWwkUiSsc0QYN_jpg.rf.SzktbNh8WM9TaL2Hf3f1.jpg,1,139,378,"(131, 365, 16, 27)",432,0.7911,1.0,0.4928,1.0,0.6861,0.5249,0.5568,686.1241
240_F_179443799_XmfivqHXN3oIT1sSGnKYWwkUiSsc0QYN_jpg.rf.SzktbNh8WM9TaL2Hf3f1.jpg,2,505,337,"(498, 327, 14, 20)",280,0.7313,0.9715,0.471,1.0,0.2638,0.501,0.6234,263.7866
240_F_179443799_XmfivqHXN3oIT1sSGnKYWwkUiSsc0QYN_jpg.rf.SzktbNh8WM9TaL2Hf3f1.jpg,3,207,307,"(203, 297, 8, 20)",160,0.747,0.9544,0.5265,1.0,0.2872,0.5094,0.5031,287.2046
240_F_179443799_XmfivqHXN3oIT1sSGnKYWwkUiSsc0QYN_jpg.rf.SzktbNh8WM9TaL2Hf3f1.jpg,4,312,286,"(302, 277, 20, 18)",360,0.7424,0.9715,0.4936,1.0,0.296,0.5117,0.8604,295.9831
240_F_179443799_XmfivqHXN3oIT1sSGnKYWwkUiSsc0QYN_jpg.rf.SzktbNh8WM9TaL2Hf3f1.jpg,5,439,275,"(421, 266, 36, 19)",684,0.7294,0.9659,0.4674,1.0,0.2771,0.5169,0.5894,277.064
240_F_179443799_XmfivqHXN3oIT1sSGnKYWwkUiSsc0QYN_jpg.rf.SzktbNh8WM9TaL2Hf3f1.jpg,6,387,264,"(377, 260, 20, 8)",160,0.74,0.9715,0.4917,1.0,0.2787,0.5005,0.6469,278.7118
240_F_179443799_XmfivqHXN3oIT1sSGnKYWwkUiSsc0QYN_jpg.rf.SzktbNh8WM9TaL2Hf3f1.jpg,7,347,251,"(338, 246, 19, 11)",209,0.7388,0.9659,0.5084,1.0,0.2283,0.5037,0.8135,228.3202
240_F_179443799_XmfivqHXN3oIT1sSGnKYWwkUiSsc0QYN_jpg.rf.SzktbNh8WM9TaL2Hf3f1.jpg,8,415,248,"(406, 241, 18, 15)",270,0.7317,0.9684,0.5033,1.0,0.1662,0.5093,0.6568,166.1595
240_F_179443799_XmfivqHXN3oIT1sSGnKYWwkUiSsc0QYN_jpg.rf.SzktbNh8WM9TaL2Hf3f1.jpg,9,211,226,"(206, 218, 11, 16)",176,0.6652,0.725,0.5025,1.0,0.3562,0.5155,0.6491,356.158
240_F_179443799_XmfivqHXN3oIT1sSGnKYWwkUiSsc0QYN_jpg.rf.SzktbNh8WM9TaL2Hf3f1.jpg,10,460,223,"(454, 217, 12, 13)",156,0.7432,0.9688,0.4708,1.0,0.394,0.505,0.6717,393.9865
240_F_179443799_XmfivqHXN3oIT1sSGnKYWwkUiSsc0QYN_jpg.rf.SzktbNh8WM9TaL2Hf3f1.jpg,11,364,211,"(345, 188, 39, 46)",1794,0.7283,0.9631,0.4989,1.0,0.1654,0.5124,0.5855,165.4302
240_F_179443799_XmfivqHXN3oIT1sSGnKYWwkUiSsc0QYN_jpg.rf.SzktbNh8WM9TaL2Hf3f1.jpg,12,244,200,"(230, 180, 29, 40)",1160,0.7201,0.9715,0.4667,1.0,0.1674,0.5158,0.6229,167.4315
240_F_179443799_XmfivqHXN3oIT1sSGnKYWwkUiSsc0QYN_jpg.rf.SzktbNh8WM9TaL2Hf3f1.jpg,13,487,171,"(479, 157, 17, 29)",493,0.7268,0.9684,0.5018,1.0,0.1221,0.5068,0.6451,122.148
240_F_179443799_XmfivqHXN3oIT1sSGnKYWwkUiSsc0QYN_jpg.rf.SzktbNh8WM9TaL2Hf3f1.jpg,14,284,152,"(281, 143, 7, 18)",126,0.7261,0.9659,0.4963,1.0,0.1436,0.5025,0.6175,143.5989
240_F_179443799_XmfivqHXN3oIT1sSGnKYWwkUiSsc0QYN_jpg.rf.SzktbNh8WM9TaL2Hf3f1.jpg,15,104,125,"(94, 114, 20, 23)",460,0.7301,0.9544,0.491,1.0,0.2427,0.5193,0.7411,242.7361
240_F_179443799_XmfivqHXN3oIT1sSGnKYWwkUiSsc0QYN_jpg.rf.SzktbNh8WM9TaL2Hf3f1.jpg,16,66,117,"(54, 106, 25, 23)",575,0.7203,0.9684,0.4917,1.0,0.0927,0.5113,0.5197,92.6628
240_F_179443799_XmfivqHXN3oIT1sSGnKYWwkUiSsc0QYN_jpg.rf.SzktbNh8WM9TaL2Hf3f1.jpg,17,227,101,"(214, 86, 26, 31)",806,0.7245,0.9708,0.5043,1.0,0.0827,0.5097,0.7772,82.7436
240_F_179443799_XmfivqHXN3oIT1sSGnKYWwkUiSsc0QYN_jpg.rf.SzktbNh8WM9TaL2Hf3f1.jpg,18,316,73,"(311, 68, 10, 11)",110,0.7287,0.9715,0.4807,1.0,0.2044,0.5053,0.7095,204.4447
240_F_179443799_XmfivqHXN3oIT1sSGnKYWwkUiSsc0QYN_jpg.rf.SzktbNh8WM9TaL2Hf3f1.jpg,19,135,71,"(121, 54, 29, 35)",1015,0.7232,0.9715,0.4701,1.0,0.1864,0.5148,0.6087,186.3764
240_F_179443799_XmfivqHXN3oIT1sSGnKYWwkUiSsc0QYN_jpg.rf.SzktbNh8WM9TaL2Hf3f1.jpg,20,444,75,"(407, 42, 74, 66)",4884,0.7157,0.9684,0.4882,1.0,0.0587,0.5079,0.7312,58.6992
240_F_179443799_XmfivqHXN3oIT1sSGnKYWwkUiSsc0QYN_jpg.rf.SzktbNh8WM9TaL2Hf3f1.jpg,21,488,38,"(484, 31, 8, 15)",120,0.7228,0.9684,0.5098,1.0,0.0549,0.5071,0.8463,54.9481
240_F_179443799_XmfivqHXN3oIT1sSGnKYWwkUiSsc0QYN_jpg.rf.SzktbNh8WM9TaL2Hf3f1.jpg,22,501,13,"(490, 0, 22, 27)",594,0.7299,0.9684,0.5267,1.0,0.0663,0.5042,0.8561,66.2867
240_F_179444537_S6m77gNelUTsbVDnZtvkNvNR3ZoBqVC8_jpg.rf.UsVYbda8WDbgqwsG20uG.jpg,1,312,384,"(305, 375, 15, 18)",270,0.7762,0.9516,0.5331,1.0,0.5656,0.5172,0.737,565.6069
240_F_179444537_S6m77gNelUTsbVDnZtvkNvNR3ZoBqVC8_jpg.rf.UsVYbda8WDbgqwsG20uG.jpg,2,409,377,"(403, 368, 13, 18)",234,0.7383,0.8942,0.5085,1.0,0.4738,0.5176,0.6187,473.8356
240_F_179444537_S6m77gNelUTsbVDnZtvkNvNR3ZoBqVC8_jpg.rf.UsVYbda8WDbgqwsG20uG.jpg,3,161,345,"(138, 323, 46, 45)",2070,0.6976,0.8915,0.4706,1.0,0.2084,0.5362,0.8557,208.3608
240_F_179444537_S6m77gNelUTsbVDnZtvkNvNR3ZoBqVC8_jpg.rf.UsVYbda8WDbgqwsG20uG.jpg,4,62,35,"(56, 21, 13, 28)",364,0.7083,0.9364,0.5146,1.0,0.0042,0.5041,0.587,4.1968
240_F_179444537_S6m77gNelUTsbVDnZtvkNvNR3ZoBqVC8_jpg.rf.UsVYbda8WDbgqwsG20uG.jpg,5,179,38,"(142, 0, 74, 77)",5698,0.7407,1.0,0.5442,1.0,0.0027,0.5165,1.0,2.725
240_F_179444537_S6m77gNelUTsbVDnZtvkNvNR3ZoBqVC8_jpg.rf.WsuMGh0WhO53UOWCUwyC.jpg,1,312,384,"(305, 375, 15, 18)",270,0.7763,0.9516,0.5344,1.0,0.5625,0.5172,0.7346,562.4915
240_F_179444537_S6m77gNelUTsbVDnZtvkNvNR3ZoBqVC8_jpg.rf.WsuMGh0WhO53UOWCUwyC.jpg,2,409,377,"(403, 368, 13, 18)",234,0.7383,0.8942,0.5085,1.0,0.4738,0.5176,0.6187,473.8356
240_F_179444537_S6m77gNelUTsbVDnZtvkNvNR3ZoBqVC8_jpg.rf.WsuMGh0WhO53UOWCUwyC.jpg,3,161,345,"(138, 323, 46, 45)",2070,0.6976,0.8915,0.4705,1.0,0.2087,0.5363,0.8551,208.6574
240_F_179444537_S6m77gNelUTsbVDnZtvkNvNR3ZoBqVC8_jpg.rf.WsuMGh0WhO53UOWCUwyC.jpg,4,62,35,"(56, 21, 13, 28)",364,0.7083,0.9364,0.5146,1.0,0.0042,0.5041,0.587,4.1968
240_F_179444537_S6m77gNelUTsbVDnZtvkNvNR3ZoBqVC8_jpg.rf.WsuMGh0WhO53UOWCUwyC.jpg,5,179,38,"(142, 0, 74, 77)",5698,0.7407,1.0,0.5442,1.0,0.0027,0.5165,1.0,2.725
240_F_179444648_9u3ScPfG6O1OPDYN7qGLx9QYDZbgkqrj_jpg.rf.44MHFICicKVZYC1SYgrC.jpg,1,166,496,"(160, 490, 13, 13)",169,0.8052,0.9715,0.4772,1.0,0.9811,0.5077,0.824,981.0775
240_F_179444648_9u3ScPfG6O1OPDYN7qGLx9QYDZbgkqrj_jpg.rf.44MHFICicKVZYC1SYgrC.jpg,2,107,446,"(92, 438, 30, 16)",480,0.7486,0.9715,0.4971,1.0,0.3455,0.5124,0.619,345.5454
240_F_179444648_9u3ScPfG6O1OPDYN7qGLx9QYDZbgkqrj_jpg.rf.44MHFICicKVZYC1SYgrC.jpg,3,39,447,"(26, 436, 26, 22)",572,0.7237,0.9715,0.4803,1.0,0.1551,0.5163,0.6865,155.0844
240_F_179444648_9u3ScPfG6O1OPDYN7qGLx9QYDZbgkqrj_jpg.rf.44MHFICicKVZYC1SYgrC.jpg,4,301,425,"(295, 405, 13, 41)",533,0.4955,0.2984,0.5287,1.0,0.0598,0.512,0.5804,59.8297
240_F_179444648_9u3ScPfG6O1OPDYN7qGLx9QYDZbgkqrj_jpg.rf.44MHFICicKVZYC1SYgrC.jpg,5,5,414,"(0, 404, 10, 21)",210,0.7154,0.9684,0.4849,1.0,0.0681,0.5032,0.5114,68.1281
240_F_179444648_9u3ScPfG6O1OPDYN7qGLx9QYDZbgkqrj_jpg.rf.44MHFICicKVZYC1SYgrC.jpg,6,63,392,"(55, 385, 16, 14)",224,0.7138,0.9684,0.4849,1.0,0.0517,0.5058,0.5536,51.6783
240_F_179444648_9u3ScPfG6O1OPDYN7qGLx9QYDZbgkqrj_jpg.rf.44MHFICicKVZYC1SYgrC.jpg,7,44,362,"(34, 347, 21, 31)",651,0.7159,0.9606,0.5048,1.0,0.0305,0.5094,0.8372,30.4824
240_F_179444648_9u3ScPfG6O1OPDYN7qGLx9QYDZbgkqrj_jpg.rf.44MHFICicKVZYC1SYgrC.jpg,8,5,351,"(0, 337, 10, 29)",290,0.7181,0.9684,0.5015,1.0,0.0368,0.5028,0.4314,36.755
240_F_179444648_9u3ScPfG6O1OPDYN7qGLx9QYDZbgkqrj_jpg.rf.44MHFICicKVZYC1SYgrC.jpg,9,439,290,"(420, 270, 39, 41)",1599,0.7189,0.9606,0.5186,1.0,0.0118,0.5099,0.8505,11.8403
240_F_179444648_9u3ScPfG6O1OPDYN7qGLx9QYDZbgkqrj_jpg.rf.44MHFICicKVZYC1SYgrC.jpg,10,507,95,"(503, 89, 9, 13)",117,0.7072,0.9538,0.492,1.0,0.0114,0.4962,1.0,11.3915
240_F_179444648_9u3ScPfG6O1OPDYN7qGLx9QYDZbgkqrj_jpg.rf.44MHFICicKVZYC1SYgrC.jpg,11,439,90,"(415, 60, 49, 61)",2989,0.7036,0.9512,0.4849,1.0,0.0095,0.5135,0.8168,9.511
240_F_179444648_9u3ScPfG6O1OPDYN7qGLx9QYDZbgkqrj_jpg.rf.44MHFICicKVZYC1SYgrC.jpg,12,77,67,"(58, 39, 38, 57)",2166,0.7102,0.9496,0.5035,1.0,0.0159,0.5098,0.6606,15.8809
240_F_179444648_9u3ScPfG6O1OPDYN7qGLx9QYDZbgkqrj_jpg.rf.44MHFICicKVZYC1SYgrC.jpg,13,16,31,"(9, 15, 14, 33)",462,0.6689,0.9499,0.4929,0.8162,0.0064,0.5028,0.1632,6.4117
240_F_179444648_9u3ScPfG6O1OPDYN7qGLx9QYDZbgkqrj_jpg.rf.CrebcsPKzplSmmwH8aos.jpg,1,165,501,"(160, 490, 10, 22)",220,0.8096,0.9715,0.4999,1.0,0.9465,0.5069,0.8101,946.4615
240_F_179444648_9u3ScPfG6O1OPDYN7qGLx9QYDZbgkqrj_jpg.rf.CrebcsPKzplSmmwH8aos.jpg,2,34,451,"(26, 444, 16, 14)",224,0.7296,0.9684,0.4971,1.0,0.1669,0.51,0.6703,166.9334
240_F_179444648_9u3ScPfG6O1OPDYN7qGLx9QYDZbgkqrj_jpg.rf.CrebcsPKzplSmmwH8aos.jpg,3,107,445,"(92, 438, 30, 15)",450,0.7387,0.9715,0.504,1.0,0.2229,0.5092,0.6252,222.9318
240_F_179444648_9u3ScPfG6O1OPDYN7qGLx9QYDZbgkqrj_jpg.rf.CrebcsPKzplSmmwH8aos.jpg,4,302,425,"(296, 405, 12, 41)",492,0.4946,0.2984,0.5264,1.0,0.059,0.5117,0.5943,59.005
240_F_179444648_9u3ScPfG6O1OPDYN7qGLx9QYDZbgkqrj_jpg.rf.CrebcsPKzplSmmwH8aos.jpg,5,5,414,"(0, 404, 10, 21)",210,0.7154,0.9684,0.4849,1.0,0.0681,0.5032,0.5114,68.1281
240_F_179444648_9u3ScPfG6O1OPDYN7qGLx9QYDZbgkqrj_jpg.rf.CrebcsPKzplSmmwH8aos.jpg,6,63,392,"(55, 385, 16, 14)",224,0.7138,0.9684,0.4849,1.0,0.0517,0.5058,0.5536,51.6783
240_F_179444648_9u3ScPfG6O1OPDYN7qGLx9QYDZbgkqrj_jpg.rf.CrebcsPKzplSmmwH8aos.jpg,7,44,361,"(34, 345, 21, 33)",693,0.7159,0.9606,0.5049,1.0,0.0295,0.5101,0.8391,29.474
240_F_179444648_9u3ScPfG6O1OPDYN7qGLx9QYDZbgkqrj_jpg.rf.CrebcsPKzplSmmwH8aos.jpg,8,5,352,"(0, 337, 10, 30)",300,0.7173,0.9684,0.4993,1.0,0.0358,0.503,0.4449,35.8388
240_F_179444648_9u3ScPfG6O1OPDYN7qGLx9QYDZbgkqrj_jpg.rf.CrebcsPKzplSmmwH8aos.jpg,9,439,290,"(420, 270, 39, 41)",1599,0.7189,0.9606,0.5186,1.0,0.0118,0.5099,0.8505,11.8403
240_F_179444648_9u3ScPfG6O1OPDYN7qGLx9QYDZbgkqrj_jpg.rf.CrebcsPKzplSmmwH8aos.jpg,10,507,91,"(502, 81, 10, 20)",200,0.7077,0.9538,0.4932,1.0,0.0121,0.4961,0.9297,12.1415
240_F_179444648_9u3ScPfG6O1OPDYN7qGLx9QYDZbgkqrj_jpg.rf.CrebcsPKzplSmmwH8aos.jpg,11,439,90,"(415, 60, 49, 61)",2989,0.7036,0.9512,0.4849,1.0,0.0095,0.5135,0.8168,9.511
240_F_179444648_9u3ScPfG6O1OPDYN7qGLx9QYDZbgkqrj_jpg.rf.CrebcsPKzplSmmwH8aos.jpg,12,77,67,"(58, 39, 39, 57)",2223,0.7041,0.9435,0.4937,1.0,0.0115,0.5085,0.6573,11.467
240_F_179444648_9u3ScPfG6O1OPDYN7qGLx9QYDZbgkqrj_jpg.rf.CrebcsPKzplSmmwH8aos.jpg,13,16,38,"(10, 28, 12, 20)",240,0.5728,0.9499,0.4947,0.332,0.0082,0.5054,0.0664,8.1655
240_F_179444717_hgbiLeDkcIBuoRG1iC51RASU66mBY0o6_jpg.rf.IyWhOVXoer4w32GFgs6E.jpg,1,155,505,"(145, 499, 21, 13)",273,0.7481,0.9715,0.485,1.0,0.383,0.4998,0.8628,382.9771
240_F_179444717_hgbiLeDkcIBuoRG1iC51RASU66mBY0o6_jpg.rf.IyWhOVXoer4w32GFgs6E.jpg,2,369,323,"(365, 315, 9, 17)",153,0.7333,0.9659,0.5137,1.0,0.1548,0.5005,0.7044,154.7869
240_F_179444717_hgbiLeDkcIBuoRG1iC51RASU66mBY0o6_jpg.rf.IyWhOVXoer4w32GFgs6E.jpg,3,506,11,"(501, 0, 11, 22)",242,0.7113,0.9538,0.4979,1.0,0.0323,0.5041,0.2395,32.2706
240_F_179444717_hgbiLeDkcIBuoRG1iC51RASU66mBY0o6_jpg.rf.IyWhOVXoer4w32GFgs6E.jpg,4,241,5,"(234, 0, 15, 10)",150,0.7109,0.9538,0.5028,1.0,0.0106,0.4964,1.0,10.6
240_F_179444717_hgbiLeDkcIBuoRG1iC51RASU66mBY0o6_jpg.rf.q9pYVGd4JO2GlMoM6wBG.jpg,1,155,505,"(145, 499, 21, 13)",273,0.7481,0.9715,0.485,1.0,0.383,0.4998,0.8628,382.9771
240_F_179444717_hgbiLeDkcIBuoRG1iC51RASU66mBY0o6_jpg.rf.q9pYVGd4JO2GlMoM6wBG.jpg,2,369,323,"(365, 315, 9, 16)",144,0.7343,0.9715,0.5114,1.0,0.1526,0.5022,0.7211,152.6151
240_F_179444717_hgbiLeDkcIBuoRG1iC51RASU66mBY0o6_jpg.rf.q9pYVGd4JO2GlMoM6wBG.jpg,3,190,52,"(187, 45, 7, 14)",98,0.714,0.9538,0.509,1.0,0.0198,0.5027,0.7834,19.7529
240_F_179444717_hgbiLeDkcIBuoRG1iC51RASU66mBY0o6_jpg.rf.q9pYVGd4JO2GlMoM6wBG.jpg,4,506,11,"(501, 0, 11, 22)",242,0.7113,0.9538,0.4979,1.0,0.0323,0.5041,0.2395,32.2706
240_F_179444717_hgbiLeDkcIBuoRG1iC51RASU66mBY0o6_jpg.rf.q9pYVGd4JO2GlMoM6wBG.jpg,5,241,5,"(234, 0, 15, 10)",150,0.7109,0.9538,0.5028,1.0,0.0106,0.4964,1.0,10.6
240_F_229425327_mzgM6Q8AmykFfOQYG1vd5qARUUpux6ma_jpg.rf.Kcl8QkOCgAnq7D5MDVV4.jpg,1,459,256,"(454, 248, 11, 16)",176,0.6941,0.8998,0.5016,1.0,0.0358,0.5032,0.8773,35.8417
240_F_229428737_XnBSJi3dEqBDLN1pxfZB8MhDqGY00PwO_jpg.rf.iq94wxzJ17bdU3IaD5fa.jpg,1,373,500,"(363, 489, 21, 23)",483,0.7236,0.9656,0.5224,1.0,0.0282,0.4967,0.9248,28.2378
240_F_229428737_XnBSJi3dEqBDLN1pxfZB8MhDqGY00PwO_jpg.rf.iq94wxzJ17bdU3IaD5fa.jpg,2,412,493,"(404, 482, 17, 23)",391,0.5698,0.5451,0.5064,1.0,0.018,0.4995,0.6532,18.0375
240_F_229428737_XnBSJi3dEqBDLN1pxfZB8MhDqGY00PwO_jpg.rf.iq94wxzJ17bdU3IaD5fa.jpg,3,433,391,"(427, 387, 12, 9)",108,0.565,0.9367,0.5163,0.2679,0.0293,0.5059,0.0536,29.2749
240_F_229428737_XnBSJi3dEqBDLN1pxfZB8MhDqGY00PwO_jpg.rf.iq94wxzJ17bdU3IaD5fa.jpg,4,15,373,"(0, 362, 31, 23)",713,0.6091,0.6186,0.4983,1.0,0.1816,0.5166,0.4965,181.6178
240_F_229428737_XnBSJi3dEqBDLN1pxfZB8MhDqGY00PwO_jpg.rf.iq94wxzJ17bdU3IaD5fa.jpg,5,50,293,"(44, 282, 13, 22)",286,0.6212,0.6162,0.4994,1.0,0.3078,0.5179,0.4694,307.8055
240_F_229428737_XnBSJi3dEqBDLN1pxfZB8MhDqGY00PwO_jpg.rf.iq94wxzJ17bdU3IaD5fa.jpg,6,266,16,"(260, 0, 12, 32)",384,0.7376,0.7788,0.4716,1.0,1.0,0.5306,0.5691,1122.0018
240_F_229428758_F3opSdVHedBPLe4CcefeCxyDrHoOPlxV_jpg.rf.tAV5BaT5FwNno4ZRSbBg.jpg,1,342,182,"(334, 174, 16, 16)",256,0.6236,0.7144,0.4941,1.0,0.0061,0.4964,1.0,6.0739
240_F_229428758_F3opSdVHedBPLe4CcefeCxyDrHoOPlxV_jpg.rf.tAV5BaT5FwNno4ZRSbBg.jpg,2,322,163,"(318, 157, 9, 13)",117,0.6259,0.7144,0.5008,1.0,0.006,0.4937,1.0,6.0259
240_F_229428758_F3opSdVHedBPLe4CcefeCxyDrHoOPlxV_jpg.rf.tAV5BaT5FwNno4ZRSbBg.jpg,3,23,122,"(18, 110, 11, 24)",264,0.6282,0.7161,0.5051,1.0,0.0076,0.4936,1.0,7.6421
240_F_229428758_F3opSdVHedBPLe4CcefeCxyDrHoOPlxV_jpg.rf.tAV5BaT5FwNno4ZRSbBg.jpg,4,363,94,"(354, 89, 18, 11)",198,0.6091,0.6519,0.5149,1.0,0.0073,0.497,1.0,7.2521
240_F_229428758_F3opSdVHedBPLe4CcefeCxyDrHoOPlxV_jpg.rf.tAV5BaT5FwNno4ZRSbBg.jpg,5,495,70,"(488, 66, 15, 9)",135,0.708,0.9499,0.4991,1.0,0.0088,0.4938,1.0,8.8379
240_F_233532094_C7U4853pL0OF0Zbz1OmLQDewOSKTmD4p_jpg.rf.76C6unzKgPKEB3MDT0cl.jpg,1,246,410,"(240, 403, 13, 14)",182,0.6174,0.6665,0.4827,1.0,0.1524,0.5151,0.6785,152.39
240_F_233532094_C7U4853pL0OF0Zbz1OmLQDewOSKTmD4p_jpg.rf.76C6unzKgPKEB3MDT0cl.jpg,2,136,259,"(129, 248, 15, 22)",330,0.5133,0.3864,0.4769,1.0,0.1119,0.5122,0.6285,111.8684
240_F_233532094_C7U4853pL0OF0Zbz1OmLQDewOSKTmD4p_jpg.rf.76C6unzKgPKEB3MDT0cl.jpg,3,76,137,"(72, 129, 9, 16)",144,0.519,0.3179,0.5207,1.0,0.2547,0.51,0.6565,254.6548
240_F_233532094_C7U4853pL0OF0Zbz1OmLQDewOSKTmD4p_jpg.rf.yQfRAArGJ3CrJYO3R1yr.jpg,1,246,410,"(240, 403, 13, 14)",182,0.6175,0.6665,0.4826,1.0,0.1528,0.5149,0.6785,152.8027
240_F_233532094_C7U4853pL0OF0Zbz1OmLQDewOSKTmD4p_jpg.rf.yQfRAArGJ3CrJYO3R1yr.jpg,2,76,137,"(72, 129, 9, 16)",144,0.519,0.3179,0.5207,1.0,0.2547,0.51,0.6565,254.6548
240_F_237489282_sboy2EVsB9GqfPklbGADOb2a0JBtncyV_jpg.rf.EXFiBxByUD5DkaZALnTV.jpg,1,347,338,"(320, 320, 55, 36)",1980,0.4738,0.2912,0.472,1.0,0.0673,0.5084,0.5155,67.2974
240_F_237489282_sboy2EVsB9GqfPklbGADOb2a0JBtncyV_jpg.rf.EXFiBxByUD5DkaZALnTV.jpg,2,33,276,"(6, 256, 55, 41)",2255,0.7052,0.9576,0.483,1.0,0.0101,0.5073,0.7657,10.0948
240_F_237489282_sboy2EVsB9GqfPklbGADOb2a0JBtncyV_jpg.rf.EXFiBxByUD5DkaZALnTV.jpg,3,350,272,"(304, 236, 92, 72)",6624,0.4802,0.2985,0.4717,1.0,0.106,0.5218,0.6633,105.9628
240_F_237489282_sboy2EVsB9GqfPklbGADOb2a0JBtncyV_jpg.rf.EXFiBxByUD5DkaZALnTV.jpg,4,414,243,"(384, 146, 60, 194)",11640,0.4993,0.3037,0.4681,1.0,0.2917,0.5146,0.6103,291.7009
240_F_237489282_sboy2EVsB9GqfPklbGADOb2a0JBtncyV_jpg.rf.EXFiBxByUD5DkaZALnTV.jpg,5,101,222,"(76, 127, 51, 190)",9690,0.6333,0.7342,0.4997,1.0,0.0136,0.5268,0.6735,13.6009
240_F_237718412_wiVSHkxq5xL5tnpbakoLPjz3Hs9wrPQe_jpg.rf.3zXojvA32fxEa0a4Pgq8.jpg,1,288,384,"(284, 377, 8, 14)",112,0.7202,0.9616,0.5169,1.0,0.0269,0.5006,0.4058,26.853
240_F_237718412_wiVSHkxq5xL5tnpbakoLPjz3Hs9wrPQe_jpg.rf.3zXojvA32fxEa0a4Pgq8.jpg,2,508,286,"(505, 275, 7, 23)",161,0.7131,0.9511,0.5121,1.0,0.0094,0.4983,1.0,9.4288
240_F_237718412_wiVSHkxq5xL5tnpbakoLPjz3Hs9wrPQe_jpg.rf.3zXojvA32fxEa0a4Pgq8.jpg,3,496,130,"(492, 124, 9, 12)",108,0.7173,0.9538,0.5205,1.0,0.0125,0.4965,0.8512,12.454
240_F_237718412_wiVSHkxq5xL5tnpbakoLPjz3Hs9wrPQe_jpg.rf.3zXojvA32fxEa0a4Pgq8.jpg,4,304,124,"(289, 109, 31, 30)",930,0.4946,0.3008,0.531,1.0,0.0351,0.5106,0.9972,35.1108
240_F_237718412_wiVSHkxq5xL5tnpbakoLPjz3Hs9wrPQe_jpg.rf.3zXojvA32fxEa0a4Pgq8.jpg,5,343,108,"(338, 100, 11, 16)",176,0.4797,0.2801,0.4891,1.0,0.1047,0.504,0.8525,104.7136
240_F_237718412_wiVSHkxq5xL5tnpbakoLPjz3Hs9wrPQe_jpg.rf.3zXojvA32fxEa0a4Pgq8.jpg,6,433,110,"(424, 87, 19, 47)",893,0.7175,0.9656,0.5055,1.0,0.0266,0.4968,0.9907,26.5692
240_F_237718412_wiVSHkxq5xL5tnpbakoLPjz3Hs9wrPQe_jpg.rf.3zXojvA32fxEa0a4Pgq8.jpg,7,275,82,"(262, 73, 26, 18)",468,0.7045,0.8837,0.5135,1.0,0.155,0.5038,0.9342,154.959
240_F_237718412_wiVSHkxq5xL5tnpbakoLPjz3Hs9wrPQe_jpg.rf.3zXojvA32fxEa0a4Pgq8.jpg,8,505,28,"(498, 14, 14, 29)",406,0.6982,0.8881,0.5295,1.0,0.0209,0.4984,0.9976,20.9213
240_F_237718412_wiVSHkxq5xL5tnpbakoLPjz3Hs9wrPQe_jpg.rf.HnHszfI8oeHih1udxeS0.jpg,1,288,384,"(284, 377, 8, 14)",112,0.7202,0.9616,0.5169,1.0,0.0269,0.5006,0.4058,26.853
240_F_237718412_wiVSHkxq5xL5tnpbakoLPjz3Hs9wrPQe_jpg.rf.HnHszfI8oeHih1udxeS0.jpg,2,227,378,"(222, 368, 10, 20)",200,0.6907,0.8866,0.4827,1.0,0.1145,0.5065,0.5128,114.5
240_F_237718412_wiVSHkxq5xL5tnpbakoLPjz3Hs9wrPQe_jpg.rf.HnHszfI8oeHih1udxeS0.jpg,3,508,286,"(505, 275, 7, 23)",161,0.7131,0.9511,0.5121,1.0,0.0094,0.4983,1.0,9.4288
240_F_237718412_wiVSHkxq5xL5tnpbakoLPjz3Hs9wrPQe_jpg.rf.HnHszfI8oeHih1udxeS0.jpg,4,496,130,"(492, 124, 9, 12)",108,0.7173,0.9538,0.5205,1.0,0.0125,0.4965,0.8512,12.454
240_F_237718412_wiVSHkxq5xL5tnpbakoLPjz3Hs9wrPQe_jpg.rf.HnHszfI8oeHih1udxeS0.jpg,5,305,124,"(290, 109, 30, 30)",900,0.4942,0.3008,0.5302,1.0,0.0337,0.5106,0.9989,33.7071
240_F_237718412_wiVSHkxq5xL5tnpbakoLPjz3Hs9wrPQe_jpg.rf.HnHszfI8oeHih1udxeS0.jpg,6,343,108,"(338, 100, 11, 16)",176,0.4797,0.2801,0.4891,1.0,0.1046,0.5041,0.8525,104.6377
240_F_237718412_wiVSHkxq5xL5tnpbakoLPjz3Hs9wrPQe_jpg.rf.HnHszfI8oeHih1udxeS0.jpg,7,433,110,"(424, 87, 19, 47)",893,0.7175,0.9656,0.5055,1.0,0.0266,0.4968,0.9907,26.5692
240_F_237718412_wiVSHkxq5xL5tnpbakoLPjz3Hs9wrPQe_jpg.rf.HnHszfI8oeHih1udxeS0.jpg,8,275,82,"(262, 73, 26, 18)",468,0.7044,0.8837,0.5132,1.0,0.1552,0.5031,0.9289,155.2081
240_F_237718412_wiVSHkxq5xL5tnpbakoLPjz3Hs9wrPQe_jpg.rf.HnHszfI8oeHih1udxeS0.jpg,9,505,28,"(498, 14, 14, 29)",406,0.6982,0.8881,0.5295,1.0,0.0209,0.4984,0.9976,20.9213
240_F_238867184_qVGH3HT5M9AEvb9yVZrGPWxcxjFsj9GP_jpg.rf.Wgp8Kj16ziHIkiTjh0Wm.jpg,1,7,494,"(0, 482, 15, 25)",375,0.5979,0.5486,0.5396,1.0,0.1703,0.4875,0.2844,170.2635
240_F_238867184_qVGH3HT5M9AEvb9yVZrGPWxcxjFsj9GP_jpg.rf.Wgp8Kj16ziHIkiTjh0Wm.jpg,2,222,243,"(196, 168, 52, 151)",7852,0.5507,0.3179,0.4787,1.0,0.719,0.5346,0.4518,719.0016
240_F_238867184_qVGH3HT5M9AEvb9yVZrGPWxcxjFsj9GP_jpg.rf.YoS5baJkpibZxTHUZYta.jpg,1,7,494,"(0, 482, 15, 25)",375,0.5976,0.5486,0.5389,1.0,0.1697,0.4873,0.2844,169.6736
240_F_238867184_qVGH3HT5M9AEvb9yVZrGPWxcxjFsj9GP_jpg.rf.YoS5baJkpibZxTHUZYta.jpg,2,248,272,"(241, 263, 15, 18)",270,0.5788,0.3037,0.493,1.0,1.0,0.5103,0.2,1067.5043
240_F_238867184_qVGH3HT5M9AEvb9yVZrGPWxcxjFsj9GP_jpg.rf.YoS5baJkpibZxTHUZYta.jpg,3,222,243,"(196, 168, 52, 151)",7852,0.5509,0.3179,0.4792,1.0,0.7193,0.5355,0.4545,719.2769
240_F_248928189_zvYNxNsswPjE5EgfM3qmS6lDHhqnEdp3_jpg.rf.S71ltlh6xJVSnZ6QHGcX.jpg,1,17,8,"(0, 0, 34, 16)",544,0.4954,0.3167,0.4795,1.0,0.1676,0.4998,0.9273,167.5634
240_F_262745925_pwwfnZG6vRJP0v9QJp5RTji5TA2U4zxk_jpg.rf.zgDqBKnqtii2uN6b999p.jpg,1,468,397,"(462, 393, 12, 9)",108,0.5556,0.5066,0.5079,1.0,0.005,0.4959,0.8135,4.9827
240_F_262745925_pwwfnZG6vRJP0v9QJp5RTji5TA2U4zxk_jpg.rf.zgDqBKnqtii2uN6b999p.jpg,2,49,288,"(44, 281, 10, 14)",140,0.5907,0.5497,0.521,1.0,0.1591,0.5039,0.4248,159.1452
240_F_262745925_pwwfnZG6vRJP0v9QJp5RTji5TA2U4zxk_jpg.rf.zgDqBKnqtii2uN6b999p.jpg,3,44,77,"(38, 68, 13, 18)",234,0.4702,0.2751,0.4947,1.0,0.0081,0.4945,0.6107,8.0606
240_F_262745925_pwwfnZG6vRJP0v9QJp5RTji5TA2U4zxk_jpg.rf.zgDqBKnqtii2uN6b999p.jpg,4,277,13,"(272, 7, 10, 13)",130,0.4814,0.2751,0.5273,1.0,0.0053,0.4937,0.7491,5.2552
240_F_262745925_pwwfnZG6vRJP0v9QJp5RTji5TA2U4zxk_jpg.rf.zgDqBKnqtii2uN6b999p.jpg,5,69,22,"(46, 3, 46, 38)",1748,0.4899,0.2751,0.5519,1.0,0.0048,0.4929,0.5073,4.7832
240_F_262745925_pwwfnZG6vRJP0v9QJp5RTji5TA2U4zxk_jpg.rf.zgDqBKnqtii2uN6b999p.jpg,6,196,10,"(189, 0, 14, 21)",294,0.4832,0.2782,0.5294,1.0,0.0053,0.4975,0.6453,5.2847
240_F_276069776_KihDnsUmOQ0atnV3JZGfIw9RgRUXzQJA_jpg.rf.XALhRH9r06iBlocOOMb8.jpg,1,501,508,"(490, 504, 22, 8)",176,0.4867,0.2751,0.5421,1.0,0.0073,0.4916,0.4515,7.2732
240_F_276069776_KihDnsUmOQ0atnV3JZGfIw9RgRUXzQJA_jpg.rf.XALhRH9r06iBlocOOMb8.jpg,2,436,452,"(429, 446, 15, 13)",195,0.5273,0.9648,0.5404,0.0,0.005,0.5003,0.0,4.9919
240_F_276069776_KihDnsUmOQ0atnV3JZGfIw9RgRUXzQJA_jpg.rf.XALhRH9r06iBlocOOMb8.jpg,3,10,356,"(0, 331, 20, 51)",1020,0.5684,0.5383,0.4983,1.0,0.0557,0.5083,0.6331,55.6688
240_F_276069776_KihDnsUmOQ0atnV3JZGfIw9RgRUXzQJA_jpg.rf.XALhRH9r06iBlocOOMb8.jpg,4,3,158,"(0, 150, 7, 16)",112,0.5043,0.9314,0.5015,0.0,0.0276,0.5041,0.0,27.5753
240_F_276069776_KihDnsUmOQ0atnV3JZGfIw9RgRUXzQJA_jpg.rf.XALhRH9r06iBlocOOMb8.jpg,5,267,133,"(260, 124, 14, 19)",266,0.4707,0.3045,0.4377,1.0,0.1091,0.5012,0.7196,109.0596
240_F_276069776_KihDnsUmOQ0atnV3JZGfIw9RgRUXzQJA_jpg.rf.XALhRH9r06iBlocOOMb8.jpg,6,248,103,"(240, 92, 16, 22)",352,0.5046,0.3127,0.4793,1.0,0.2742,0.5001,0.688,274.2048
240_F_276069776_KihDnsUmOQ0atnV3JZGfIw9RgRUXzQJA_jpg.rf.XALhRH9r06iBlocOOMb8.jpg,7,255,6,"(250, 0, 11, 13)",143,0.5231,0.2985,0.5372,1.0,0.3056,0.5034,0.643,305.6129
240_F_276069776_KihDnsUmOQ0atnV3JZGfIw9RgRUXzQJA_jpg.rf.XALhRH9r06iBlocOOMb8.jpg,8,42,46,"(0, 0, 84, 92)",7728,0.4804,0.3087,0.467,1.0,0.0891,0.5188,0.7025,89.0767
240_F_276069776_KihDnsUmOQ0atnV3JZGfIw9RgRUXzQJA_jpg.rf.ww0cyFjvWr04LdqYdgYn.jpg,1,501,508,"(490, 504, 22, 8)",176,0.4867,0.2751,0.5421,1.0,0.0073,0.4916,0.4515,7.2732
240_F_276069776_KihDnsUmOQ0atnV3JZGfIw9RgRUXzQJA_jpg.rf.ww0cyFjvWr04LdqYdgYn.jpg,2,436,452,"(429, 446, 15, 13)",195,0.5273,0.9648,0.5404,0.0,0.005,0.5003,0.0,4.9919
240_F_276069776_KihDnsUmOQ0atnV3JZGfIw9RgRUXzQJA_jpg.rf.ww0cyFjvWr04LdqYdgYn.jpg,3,10,356,"(0, 331, 20, 51)",1020,0.5682,0.5383,0.4979,1.0,0.0556,0.5074,0.6331,55.5943
240_F_276069776_KihDnsUmOQ0atnV3JZGfIw9RgRUXzQJA_jpg.rf.ww0cyFjvWr04LdqYdgYn.jpg,4,3,158,"(0, 150, 7, 16)",112,0.5043,0.9314,0.5015,0.0,0.0276,0.5041,0.0,27.5753
240_F_276069776_KihDnsUmOQ0atnV3JZGfIw9RgRUXzQJA_jpg.rf.ww0cyFjvWr04LdqYdgYn.jpg,5,267,133,"(260, 124, 14, 19)",266,0.4707,0.3045,0.4377,1.0,0.1091,0.5012,0.7196,109.0596
240_F_276069776_KihDnsUmOQ0atnV3JZGfIw9RgRUXzQJA_jpg.rf.ww0cyFjvWr04LdqYdgYn.jpg,6,248,103,"(240, 92, 16, 22)",352,0.5046,0.3127,0.4793,1.0,0.2742,0.5001,0.688,274.2048
240_F_276069776_KihDnsUmOQ0atnV3JZGfIw9RgRUXzQJA_jpg.rf.ww0cyFjvWr04LdqYdgYn.jpg,7,255,6,"(250, 0, 11, 13)",143,0.5231,0.2985,0.5372,1.0,0.3056,0.5034,0.643,305.6129
240_F_276069776_KihDnsUmOQ0atnV3JZGfIw9RgRUXzQJA_jpg.rf.ww0cyFjvWr04LdqYdgYn.jpg,8,42,46,"(0, 0, 84, 92)",7728,0.4805,0.3087,0.4672,1.0,0.0891,0.5187,0.7024,89.1057
240_F_276069816_mwal87gatkAn9KqLPwHshD2zmeuHZ51B_jpg.rf.21QwPjmoUkOMHPFdwl0h.jpg,1,211,389,"(203, 376, 16, 26)",416,0.5175,0.9448,0.5293,0.0,0.0155,0.5043,0.0,15.5094
240_F_276069816_mwal87gatkAn9KqLPwHshD2zmeuHZ51B_jpg.rf.21QwPjmoUkOMHPFdwl0h.jpg,2,23,389,"(18, 373, 11, 32)",352,0.4938,0.3167,0.5181,1.0,0.0162,0.5034,0.9763,16.1857
240_F_276069816_mwal87gatkAn9KqLPwHshD2zmeuHZ51B_jpg.rf.21QwPjmoUkOMHPFdwl0h.jpg,3,457,288,"(454, 278, 6, 20)",120,0.5449,0.9538,0.5008,0.1736,0.0104,0.4982,0.0347,10.3698
240_F_276069816_mwal87gatkAn9KqLPwHshD2zmeuHZ51B_jpg.rf.21QwPjmoUkOMHPFdwl0h.jpg,4,354,287,"(308, 225, 92, 124)",11408,0.4891,0.3127,0.5053,1.0,0.028,0.5281,0.7214,27.9899
240_F_276069816_mwal87gatkAn9KqLPwHshD2zmeuHZ51B_jpg.rf.21QwPjmoUkOMHPFdwl0h.jpg,5,276,196,"(246, 151, 61, 90)",5490,0.4998,0.3127,0.4873,1.0,0.1977,0.5279,0.7889,197.6786
240_F_276069816_mwal87gatkAn9KqLPwHshD2zmeuHZ51B_jpg.rf.21QwPjmoUkOMHPFdwl0h.jpg,6,425,151,"(418, 141, 14, 21)",294,0.7075,0.8749,0.4885,1.0,0.3032,0.5058,0.7238,303.247
240_F_276069816_mwal87gatkAn9KqLPwHshD2zmeuHZ51B_jpg.rf.21QwPjmoUkOMHPFdwl0h.jpg,7,188,180,"(140, 139, 97, 83)",8051,0.7163,0.9512,0.4693,1.0,0.1911,0.5331,0.4665,191.1208
240_F_276069816_mwal87gatkAn9KqLPwHshD2zmeuHZ51B_jpg.rf.21QwPjmoUkOMHPFdwl0h.jpg,8,293,77,"(277, 59, 33, 37)",1221,0.5736,0.5445,0.5192,1.0,0.013,0.5139,0.4862,13.0
240_F_276069816_mwal87gatkAn9KqLPwHshD2zmeuHZ51B_jpg.rf.21QwPjmoUkOMHPFdwl0h.jpg,9,227,28,"(216, 8, 23, 40)",920,0.4813,0.2985,0.5024,1.0,0.0095,0.4998,0.5242,9.5159
240_F_276069816_mwal87gatkAn9KqLPwHshD2zmeuHZ51B_jpg.rf.21QwPjmoUkOMHPFdwl0h.jpg,10,506,14,"(501, 0, 11, 28)",308,0.5683,0.54,0.5093,1.0,0.01,0.5009,0.4256,10.0497
240_F_276069816_mwal87gatkAn9KqLPwHshD2zmeuHZ51B_jpg.rf.21QwPjmoUkOMHPFdwl0h.jpg,11,386,11,"(382, 0, 8, 23)",184,0.4749,0.2909,0.4916,1.0,0.0099,0.5002,0.7862,9.8963
240_F_276069816_mwal87gatkAn9KqLPwHshD2zmeuHZ51B_jpg.rf.21QwPjmoUkOMHPFdwl0h.jpg,12,312,25,"(281, 0, 62, 50)",3100,0.5053,0.3054,0.5648,1.0,0.007,0.5172,0.7512,7.0232
240_F_276069816_mwal87gatkAn9KqLPwHshD2zmeuHZ51B_jpg.rf.gbExrNHZbTJv5E0Uoemm.jpg,1,211,389,"(203, 376, 16, 26)",416,0.5175,0.9448,0.5293,0.0,0.0155,0.5043,0.0,15.5094
240_F_276069816_mwal87gatkAn9KqLPwHshD2zmeuHZ51B_jpg.rf.gbExrNHZbTJv5E0Uoemm.jpg,2,23,389,"(18, 373, 11, 32)",352,0.4938,0.3167,0.5181,1.0,0.0162,0.5034,0.9763,16.1857
240_F_276069816_mwal87gatkAn9KqLPwHshD2zmeuHZ51B_jpg.rf.gbExrNHZbTJv5E0Uoemm.jpg,3,457,288,"(454, 278, 6, 20)",120,0.5449,0.9538,0.5008,0.1736,0.0104,0.4982,0.0347,10.3698
240_F_276069816_mwal87gatkAn9KqLPwHshD2zmeuHZ51B_jpg.rf.gbExrNHZbTJv5E0Uoemm.jpg,4,354,287,"(308, 225, 92, 124)",11408,0.4891,0.3127,0.5053,1.0,0.028,0.5281,0.7214,27.9899
240_F_276069816_mwal87gatkAn9KqLPwHshD2zmeuHZ51B_jpg.rf.gbExrNHZbTJv5E0Uoemm.jpg,5,276,196,"(246, 151, 61, 90)",5490,0.4999,0.3127,0.4876,1.0,0.1977,0.5285,0.7913,197.6886
240_F_276069816_mwal87gatkAn9KqLPwHshD2zmeuHZ51B_jpg.rf.gbExrNHZbTJv5E0Uoemm.jpg,6,425,151,"(418, 141, 14, 21)",294,0.7075,0.8749,0.4885,1.0,0.3032,0.5058,0.7238,303.247
240_F_276069816_mwal87gatkAn9KqLPwHshD2zmeuHZ51B_jpg.rf.gbExrNHZbTJv5E0Uoemm.jpg,7,188,180,"(140, 139, 97, 83)",8051,0.7162,0.9512,0.469,1.0,0.1909,0.533,0.4665,190.9409
240_F_276069816_mwal87gatkAn9KqLPwHshD2zmeuHZ51B_jpg.rf.gbExrNHZbTJv5E0Uoemm.jpg,8,293,77,"(277, 59, 33, 37)",1221,0.5736,0.5445,0.5192,1.0,0.013,0.5139,0.4862,13.0
240_F_276069816_mwal87gatkAn9KqLPwHshD2zmeuHZ51B_jpg.rf.gbExrNHZbTJv5E0Uoemm.jpg,9,227,28,"(216, 8, 23, 40)",920,0.4813,0.2985,0.5024,1.0,0.0095,0.4998,0.5242,9.5159
240_F_276069816_mwal87gatkAn9KqLPwHshD2zmeuHZ51B_jpg.rf.gbExrNHZbTJv5E0Uoemm.jpg,10,506,14,"(501, 0, 11, 28)",308,0.5683,0.54,0.5093,1.0,0.01,0.5009,0.4256,10.0497
240_F_276069816_mwal87gatkAn9KqLPwHshD2zmeuHZ51B_jpg.rf.gbExrNHZbTJv5E0Uoemm.jpg,11,386,11,"(382, 0, 8, 23)",184,0.4749,0.2909,0.4916,1.0,0.0099,0.5002,0.7862,9.8963
240_F_276069816_mwal87gatkAn9KqLPwHshD2zmeuHZ51B_jpg.rf.gbExrNHZbTJv5E0Uoemm.jpg,12,312,25,"(281, 0, 62, 50)",3100,0.5053,0.3054,0.5648,1.0,0.007,0.5172,0.7512,7.0232
240_F_291291202_2vlaU0r33GEpmGeuaNtB51hmMOkLlnDe_jpg.rf.FEnkhLzFyHLBt0SvgLeo.jpg,1,190,467,"(180, 423, 21, 89)",1869,0.6286,0.702,0.5177,1.0,0.017,0.5098,0.2679,16.9716
240_F_291291306_pbJQhqoPfgZOFuSON2QAcGqQYh1z24Mh_jpg.rf.Mde5vIpneSvLY178FBrk.jpg,1,405,225,"(391, 162, 29, 127)",3683,0.518,0.3179,0.4906,1.0,0.3505,0.5097,0.5652,350.5424
240_F_291291306_pbJQhqoPfgZOFuSON2QAcGqQYh1z24Mh_jpg.rf.Wm5PZAMRefveEzdqO6qj.jpg,1,405,225,"(391, 162, 29, 127)",3683,0.5181,0.3179,0.4907,1.0,0.3504,0.5095,0.5655,350.4478
240_F_296545708_jGH52yxeGaUGBKk3udIOMoeqfXz5EJ0o_jpg.rf.nNet1HqZA29CX0hn3u70.jpg,1,330,492,"(310, 472, 40, 40)",1600,0.7179,0.9684,0.4993,1.0,0.0419,0.5034,0.5803,41.8649
240_F_296545708_jGH52yxeGaUGBKk3udIOMoeqfXz5EJ0o_jpg.rf.nNet1HqZA29CX0hn3u70.jpg,2,324,449,"(320, 443, 9, 13)",117,0.7163,0.9684,0.4922,1.0,0.051,0.4987,0.6286,50.9985
240_F_296545708_jGH52yxeGaUGBKk3udIOMoeqfXz5EJ0o_jpg.rf.nNet1HqZA29CX0hn3u70.jpg,3,292,443,"(285, 428, 15, 30)",450,0.6712,0.9606,0.5,0.7672,0.0657,0.4936,0.1534,65.7233
240_F_296545708_jGH52yxeGaUGBKk3udIOMoeqfXz5EJ0o_jpg.rf.nNet1HqZA29CX0hn3u70.jpg,4,307,418,"(301, 411, 13, 15)",195,0.7227,0.9684,0.5142,1.0,0.0377,0.4978,0.4741,37.7402
240_F_296545708_jGH52yxeGaUGBKk3udIOMoeqfXz5EJ0o_jpg.rf.nNet1HqZA29CX0hn3u70.jpg,5,348,352,"(332, 325, 32, 55)",1760,0.713,0.9684,0.4874,1.0,0.0344,0.5037,0.3955,34.3526
240_F_296545708_jGH52yxeGaUGBKk3udIOMoeqfXz5EJ0o_jpg.rf.nNet1HqZA29CX0hn3u70.jpg,6,367,283,"(362, 277, 11, 13)",143,0.7212,0.9538,0.5299,1.0,0.0186,0.4964,0.8765,18.573
240_F_296545708_jGH52yxeGaUGBKk3udIOMoeqfXz5EJ0o_jpg.rf.nNet1HqZA29CX0hn3u70.jpg,7,397,274,"(384, 262, 26, 25)",650,0.702,0.9606,0.5004,0.9424,0.0214,0.5033,0.1885,21.3612
240_F_296545708_jGH52yxeGaUGBKk3udIOMoeqfXz5EJ0o_jpg.rf.nNet1HqZA29CX0hn3u70.jpg,8,327,116,"(318, 107, 18, 19)",342,0.4936,0.3127,0.5079,1.0,0.0638,0.5107,0.7194,63.8498
240_F_296545708_jGH52yxeGaUGBKk3udIOMoeqfXz5EJ0o_jpg.rf.nNet1HqZA29CX0hn3u70.jpg,9,370,90,"(364, 78, 13, 24)",312,0.7279,0.9367,0.5201,1.0,0.1802,0.5012,0.5433,180.2275
240_F_296545708_jGH52yxeGaUGBKk3udIOMoeqfXz5EJ0o_jpg.rf.nNet1HqZA29CX0hn3u70.jpg,10,173,61,"(167, 51, 13, 21)",273,0.7128,0.9512,0.4903,1.0,0.0829,0.502,0.4133,82.8509
240_F_296545708_jGH52yxeGaUGBKk3udIOMoeqfXz5EJ0o_jpg.rf.nNet1HqZA29CX0hn3u70.jpg,11,445,11,"(439, 5, 13, 13)",169,0.5484,0.9538,0.519,0.1583,0.012,0.4986,0.0317,11.9511
240_F_296545708_jGH52yxeGaUGBKk3udIOMoeqfXz5EJ0o_jpg.rf.nNet1HqZA29CX0hn3u70.jpg,12,149,5,"(142, 0, 15, 11)",165,0.5118,0.9499,0.5105,0.0,0.0069,0.4993,0.0,6.8919
240_F_296545708_jGH52yxeGaUGBKk3udIOMoeqfXz5EJ0o_jpg.rf.xTCqdeW9yoIS38b24du1.jpg,1,330,492,"(310, 472, 40, 40)",1600,0.7179,0.9684,0.4993,1.0,0.0419,0.5034,0.5803,41.8649
240_F_296545708_jGH52yxeGaUGBKk3udIOMoeqfXz5EJ0o_jpg.rf.xTCqdeW9yoIS38b24du1.jpg,2,324,449,"(320, 443, 9, 13)",117,0.7163,0.9684,0.4922,1.0,0.051,0.4987,0.6286,50.9985
240_F_296545708_jGH52yxeGaUGBKk3udIOMoeqfXz5EJ0o_jpg.rf.xTCqdeW9yoIS38b24du1.jpg,3,292,443,"(285, 428, 15, 30)",450,0.6712,0.9606,0.5,0.7672,0.0657,0.4936,0.1534,65.7233
240_F_296545708_jGH52yxeGaUGBKk3udIOMoeqfXz5EJ0o_jpg.rf.xTCqdeW9yoIS38b24du1.jpg,4,307,418,"(301, 411, 13, 15)",195,0.7227,0.9684,0.5142,1.0,0.0377,0.4978,0.4741,37.7402
240_F_296545708_jGH52yxeGaUGBKk3udIOMoeqfXz5EJ0o_jpg.rf.xTCqdeW9yoIS38b24du1.jpg,5,348,352,"(332, 324, 32, 56)",1792,0.7118,0.9684,0.4851,1.0,0.0311,0.5034,0.4044,31.1052
240_F_296545708_jGH52yxeGaUGBKk3udIOMoeqfXz5EJ0o_jpg.rf.xTCqdeW9yoIS38b24du1.jpg,6,434,290,"(428, 285, 13, 10)",130,0.7241,0.9512,0.5252,1.0,0.074,0.509,0.5273,73.9691
240_F_296545708_jGH52yxeGaUGBKk3udIOMoeqfXz5EJ0o_jpg.rf.xTCqdeW9yoIS38b24du1.jpg,7,367,283,"(362, 277, 11, 13)",143,0.7212,0.9538,0.5299,1.0,0.0186,0.4964,0.8765,18.573
240_F_296545708_jGH52yxeGaUGBKk3udIOMoeqfXz5EJ0o_jpg.rf.xTCqdeW9yoIS38b24du1.jpg,8,397,274,"(384, 262, 26, 25)",650,0.702,0.9606,0.5003,0.9424,0.0213,0.5035,0.1885,21.3488
240_F_296545708_jGH52yxeGaUGBKk3udIOMoeqfXz5EJ0o_jpg.rf.xTCqdeW9yoIS38b24du1.jpg,9,322,116,"(318, 107, 8, 19)",152,0.4859,0.3127,0.4785,1.0,0.0896,0.508,0.8468,89.6143
240_F_296545708_jGH52yxeGaUGBKk3udIOMoeqfXz5EJ0o_jpg.rf.xTCqdeW9yoIS38b24du1.jpg,10,348,101,"(341, 94, 14, 14)",196,0.7146,0.9482,0.5043,1.0,0.0624,0.5086,0.4142,62.4481
240_F_296545708_jGH52yxeGaUGBKk3udIOMoeqfXz5EJ0o_jpg.rf.xTCqdeW9yoIS38b24du1.jpg,11,370,90,"(364, 79, 13, 22)",286,0.7201,0.9367,0.5193,1.0,0.1054,0.5019,0.5188,105.4015
240_F_296545708_jGH52yxeGaUGBKk3udIOMoeqfXz5EJ0o_jpg.rf.xTCqdeW9yoIS38b24du1.jpg,12,173,62,"(166, 51, 15, 22)",330,0.7121,0.9512,0.4898,1.0,0.0776,0.5032,0.4303,77.5672
240_F_296545708_jGH52yxeGaUGBKk3udIOMoeqfXz5EJ0o_jpg.rf.xTCqdeW9yoIS38b24du1.jpg,13,445,12,"(439, 5, 13, 14)",182,0.5473,0.9538,0.5152,0.16,0.0113,0.5007,0.032,11.2919
240_F_296545708_jGH52yxeGaUGBKk3udIOMoeqfXz5EJ0o_jpg.rf.xTCqdeW9yoIS38b24du1.jpg,14,149,5,"(142, 0, 15, 11)",165,0.5118,0.9499,0.5105,0.0,0.0069,0.4993,0.0,6.8919
240_F_296545772_g7fYX0dbPbnVaUTrBNmTkfC0DlJsG0in_jpg.rf.4ehTNZKwyl4YDsLAYYWJ.jpg,1,209,508,"(189, 504, 40, 8)",320,0.7557,0.9684,0.5688,1.0,0.1767,0.4989,0.8407,176.6676
240_F_296545772_g7fYX0dbPbnVaUTrBNmTkfC0DlJsG0in_jpg.rf.4ehTNZKwyl4YDsLAYYWJ.jpg,2,389,502,"(368, 492, 42, 20)",840,0.5325,0.3179,0.4821,1.0,0.5252,0.511,0.5157,525.157
240_F_296545772_g7fYX0dbPbnVaUTrBNmTkfC0DlJsG0in_jpg.rf.4ehTNZKwyl4YDsLAYYWJ.jpg,3,37,497,"(23, 482, 29, 30)",870,0.5463,0.3179,0.5384,1.0,0.4656,0.5137,0.6579,465.6125
240_F_296545772_g7fYX0dbPbnVaUTrBNmTkfC0DlJsG0in_jpg.rf.4ehTNZKwyl4YDsLAYYWJ.jpg,4,287,476,"(284, 470, 7, 12)",84,0.7258,0.7387,0.5043,1.0,0.9074,0.5034,0.9518,907.3864
240_F_296545772_g7fYX0dbPbnVaUTrBNmTkfC0DlJsG0in_jpg.rf.4ehTNZKwyl4YDsLAYYWJ.jpg,5,87,455,"(73, 433, 28, 44)",1232,0.5456,0.3179,0.5176,1.0,0.532,0.5205,0.5978,531.9906
240_F_296545772_g7fYX0dbPbnVaUTrBNmTkfC0DlJsG0in_jpg.rf.4ehTNZKwyl4YDsLAYYWJ.jpg,6,402,435,"(381, 417, 43, 37)",1591,0.5468,0.3179,0.4991,1.0,0.6084,0.5171,0.5863,608.4274
240_F_296545772_g7fYX0dbPbnVaUTrBNmTkfC0DlJsG0in_jpg.rf.4ehTNZKwyl4YDsLAYYWJ.jpg,7,152,372,"(138, 346, 28, 53)",1484,0.5599,0.3179,0.4958,1.0,0.7507,0.5145,0.535,750.7477
240_F_296545772_g7fYX0dbPbnVaUTrBNmTkfC0DlJsG0in_jpg.rf.4ehTNZKwyl4YDsLAYYWJ.jpg,8,463,390,"(438, 337, 51, 107)",5457,0.5498,0.3179,0.495,1.0,0.6529,0.5127,0.5822,652.9306
240_F_296545772_g7fYX0dbPbnVaUTrBNmTkfC0DlJsG0in_jpg.rf.4ehTNZKwyl4YDsLAYYWJ.jpg,9,218,302,"(207, 282, 23, 41)",943,0.5634,0.3179,0.4944,1.0,0.7906,0.5167,0.4722,790.6139
240_F_296545772_g7fYX0dbPbnVaUTrBNmTkfC0DlJsG0in_jpg.rf.4ehTNZKwyl4YDsLAYYWJ.jpg,10,299,292,"(293, 279, 13, 26)",338,0.5173,0.3179,0.4959,1.0,0.3242,0.5165,0.6011,324.2387
240_F_296545772_g7fYX0dbPbnVaUTrBNmTkfC0DlJsG0in_jpg.rf.4ehTNZKwyl4YDsLAYYWJ.jpg,11,201,269,"(192, 265, 19, 9)",171,0.6582,0.6239,0.4899,1.0,0.6834,0.5092,0.4117,683.3686
240_F_296545772_g7fYX0dbPbnVaUTrBNmTkfC0DlJsG0in_jpg.rf.4ehTNZKwyl4YDsLAYYWJ.jpg,12,126,273,"(117, 265, 18, 16)",288,0.7205,0.7387,0.4865,1.0,0.9172,0.4976,0.9774,917.1785
240_F_296545772_g7fYX0dbPbnVaUTrBNmTkfC0DlJsG0in_jpg.rf.4ehTNZKwyl4YDsLAYYWJ.jpg,13,255,283,"(242, 264, 26, 38)",988,0.5668,0.3179,0.4904,1.0,0.8385,0.519,0.5111,838.4995
240_F_296545772_g7fYX0dbPbnVaUTrBNmTkfC0DlJsG0in_jpg.rf.4ehTNZKwyl4YDsLAYYWJ.jpg,14,136,217,"(121, 204, 30, 27)",810,0.7906,0.9715,0.4833,1.0,0.8144,0.4968,0.7063,814.3508
240_F_296545772_g7fYX0dbPbnVaUTrBNmTkfC0DlJsG0in_jpg.rf.4ehTNZKwyl4YDsLAYYWJ.jpg,15,4,173,"(0, 160, 9, 26)",234,0.5629,0.3179,0.5175,1.0,0.705,0.5024,0.5526,705.0225
240_F_296545772_g7fYX0dbPbnVaUTrBNmTkfC0DlJsG0in_jpg.rf.pA4q0PYwWb9oHAqoDSTp.jpg,1,209,508,"(189, 504, 40, 8)",320,0.7557,0.9684,0.5688,1.0,0.1767,0.4989,0.8407,176.6676
240_F_296545772_g7fYX0dbPbnVaUTrBNmTkfC0DlJsG0in_jpg.rf.pA4q0PYwWb9oHAqoDSTp.jpg,2,389,502,"(368, 492, 42, 20)",840,0.5313,0.3179,0.4783,1.0,0.5267,0.5101,0.4943,526.6963
240_F_296545772_g7fYX0dbPbnVaUTrBNmTkfC0DlJsG0in_jpg.rf.pA4q0PYwWb9oHAqoDSTp.jpg,3,37,497,"(23, 482, 29, 30)",870,0.5465,0.3179,0.5389,1.0,0.466,0.5135,0.6565,466.0385
240_F_296545772_g7fYX0dbPbnVaUTrBNmTkfC0DlJsG0in_jpg.rf.pA4q0PYwWb9oHAqoDSTp.jpg,4,287,476,"(284, 470, 7, 12)",84,0.7258,0.7387,0.5043,1.0,0.9074,0.5034,0.9518,907.3864
240_F_296545772_g7fYX0dbPbnVaUTrBNmTkfC0DlJsG0in_jpg.rf.pA4q0PYwWb9oHAqoDSTp.jpg,5,87,455,"(73, 434, 28, 43)",1204,0.5453,0.3179,0.5177,1.0,0.5282,0.5198,0.5895,528.1959
240_F_296545772_g7fYX0dbPbnVaUTrBNmTkfC0DlJsG0in_jpg.rf.pA4q0PYwWb9oHAqoDSTp.jpg,6,402,436,"(381, 418, 42, 36)",1512,0.5504,0.3179,0.5083,1.0,0.6123,0.5168,0.5833,612.2745
240_F_296545772_g7fYX0dbPbnVaUTrBNmTkfC0DlJsG0in_jpg.rf.pA4q0PYwWb9oHAqoDSTp.jpg,7,152,372,"(138, 346, 28, 53)",1484,0.5592,0.3179,0.494,1.0,0.75,0.5153,0.5296,750.0412
240_F_296545772_g7fYX0dbPbnVaUTrBNmTkfC0DlJsG0in_jpg.rf.pA4q0PYwWb9oHAqoDSTp.jpg,8,463,390,"(438, 337, 51, 107)",5457,0.5498,0.3179,0.4952,1.0,0.6526,0.5127,0.5785,652.6002
240_F_296545772_g7fYX0dbPbnVaUTrBNmTkfC0DlJsG0in_jpg.rf.pA4q0PYwWb9oHAqoDSTp.jpg,9,218,302,"(206, 282, 24, 41)",984,0.557,0.3179,0.4916,1.0,0.7371,0.5141,0.4623,737.0891
240_F_296545772_g7fYX0dbPbnVaUTrBNmTkfC0DlJsG0in_jpg.rf.pA4q0PYwWb9oHAqoDSTp.jpg,10,299,292,"(293, 280, 13, 24)",312,0.5178,0.3179,0.4978,1.0,0.3234,0.5154,0.5933,323.3568
240_F_296545772_g7fYX0dbPbnVaUTrBNmTkfC0DlJsG0in_jpg.rf.pA4q0PYwWb9oHAqoDSTp.jpg,11,201,269,"(192, 265, 19, 9)",171,0.6581,0.6239,0.4895,1.0,0.6842,0.5082,0.4117,684.2135
240_F_296545772_g7fYX0dbPbnVaUTrBNmTkfC0DlJsG0in_jpg.rf.pA4q0PYwWb9oHAqoDSTp.jpg,12,126,273,"(117, 265, 18, 16)",288,0.7205,0.7387,0.4865,1.0,0.9172,0.4976,0.9774,917.1785
240_F_296545772_g7fYX0dbPbnVaUTrBNmTkfC0DlJsG0in_jpg.rf.pA4q0PYwWb9oHAqoDSTp.jpg,13,255,282,"(242, 263, 26, 39)",1014,0.5664,0.3179,0.4861,1.0,0.8502,0.5184,0.5015,850.1805
240_F_296545772_g7fYX0dbPbnVaUTrBNmTkfC0DlJsG0in_jpg.rf.pA4q0PYwWb9oHAqoDSTp.jpg,14,136,217,"(121, 204, 30, 27)",810,0.7906,0.9715,0.4833,1.0,0.8144,0.4968,0.7063,814.3508
240_F_296545772_g7fYX0dbPbnVaUTrBNmTkfC0DlJsG0in_jpg.rf.pA4q0PYwWb9oHAqoDSTp.jpg,15,4,173,"(0, 160, 9, 26)",234,0.5641,0.3179,0.5201,1.0,0.7076,0.5017,0.5263,707.6014
240_F_301814549_wpa7RPxycIFY2V74Th5uG6oLmicex2nk_jpg.rf.lqtC0SN4UGaUQnMm7ubo.jpg,1,270,258,"(246, 224, 48, 68)",3264,0.5651,0.3179,0.5016,1.0,0.7824,0.5196,0.6875,782.4175
240_F_301814549_wpa7RPxycIFY2V74Th5uG6oLmicex2nk_jpg.rf.lqtC0SN4UGaUQnMm7ubo.jpg,2,221,246,"(196, 215, 50, 63)",3150,0.5576,0.3179,0.4957,1.0,0.7281,0.5212,0.6581,728.1089
240_F_301814549_wpa7RPxycIFY2V74Th5uG6oLmicex2nk_jpg.rf.lqtC0SN4UGaUQnMm7ubo.jpg,3,241,199,"(236, 190, 10, 19)",190,0.5794,0.3113,0.4975,1.0,0.9632,0.503,0.6422,963.2201
240_F_301814549_wpa7RPxycIFY2V74Th5uG6oLmicex2nk_jpg.rf.lqtC0SN4UGaUQnMm7ubo.jpg,4,305,177,"(299, 169, 12, 16)",192,0.5959,0.5485,0.502,1.0,0.2818,0.5045,0.4688,281.8315
240_F_301814762_HTDn3Wi62dDHgoIPS05NdvGXFOKkydl6_jpg.rf.BYXPuL1I8Xjhs6qS7j71.jpg,1,151,460,"(145, 453, 12, 14)",168,0.5979,0.3868,0.4658,1.0,0.9951,0.5096,0.2901,995.1393
240_F_301814762_HTDn3Wi62dDHgoIPS05NdvGXFOKkydl6_jpg.rf.BYXPuL1I8Xjhs6qS7j71.jpg,2,192,470,"(175, 428, 35, 84)",2940,0.5386,0.3179,0.4725,1.0,0.6193,0.5304,0.6988,619.3359
240_F_301814762_HTDn3Wi62dDHgoIPS05NdvGXFOKkydl6_jpg.rf.BYXPuL1I8Xjhs6qS7j71.jpg,3,75,437,"(58, 427, 35, 20)",700,0.5313,0.3127,0.496,1.0,0.4822,0.5188,0.5366,482.2294
240_F_301814762_HTDn3Wi62dDHgoIPS05NdvGXFOKkydl6_jpg.rf.BYXPuL1I8Xjhs6qS7j71.jpg,4,136,426,"(130, 411, 12, 31)",372,0.5422,0.3179,0.4816,1.0,0.6241,0.514,0.6502,624.1084
240_F_301814762_HTDn3Wi62dDHgoIPS05NdvGXFOKkydl6_jpg.rf.BYXPuL1I8Xjhs6qS7j71.jpg,5,157,403,"(154, 396, 6, 15)",90,0.8044,0.9715,0.4695,1.0,1.0,0.5105,0.5967,1090.8467
240_F_301814762_HTDn3Wi62dDHgoIPS05NdvGXFOKkydl6_jpg.rf.BYXPuL1I8Xjhs6qS7j71.jpg,6,303,377,"(298, 370, 11, 14)",154,0.8056,0.9516,0.493,1.0,1.0,0.5049,0.3896,1771.6477
240_F_301814762_HTDn3Wi62dDHgoIPS05NdvGXFOKkydl6_jpg.rf.BYXPuL1I8Xjhs6qS7j71.jpg,7,88,396,"(70, 368, 36, 56)",2016,0.4904,0.2985,0.4614,1.0,0.2449,0.5283,0.5913,244.9298
240_F_301814762_HTDn3Wi62dDHgoIPS05NdvGXFOKkydl6_jpg.rf.BYXPuL1I8Xjhs6qS7j71.jpg,8,63,334,"(52, 327, 22, 14)",308,0.6564,0.7387,0.5017,1.0,0.2227,0.4993,0.9672,222.7016
240_F_301814762_HTDn3Wi62dDHgoIPS05NdvGXFOKkydl6_jpg.rf.BYXPuL1I8Xjhs6qS7j71.jpg,9,147,194,"(142, 188, 10, 13)",130,0.5389,0.3179,0.473,1.0,0.6205,0.5084,0.4527,620.4721
240_F_301814762_HTDn3Wi62dDHgoIPS05NdvGXFOKkydl6_jpg.rf.BYXPuL1I8Xjhs6qS7j71.jpg,10,75,171,"(62, 161, 27, 20)",540,0.5042,0.3127,0.5108,1.0,0.1602,0.5127,0.7147,160.1542
240_F_301814762_HTDn3Wi62dDHgoIPS05NdvGXFOKkydl6_jpg.rf.IlyfuDRuB2NBW3Yx0adt.jpg,1,192,470,"(175, 428, 35, 84)",2940,0.5382,0.3179,0.4715,1.0,0.6187,0.5306,0.6967,618.7385
240_F_301814762_HTDn3Wi62dDHgoIPS05NdvGXFOKkydl6_jpg.rf.IlyfuDRuB2NBW3Yx0adt.jpg,2,75,437,"(58, 427, 35, 20)",700,0.5317,0.3127,0.4975,1.0,0.481,0.5174,0.5366,481.0231
240_F_301814762_HTDn3Wi62dDHgoIPS05NdvGXFOKkydl6_jpg.rf.IlyfuDRuB2NBW3Yx0adt.jpg,3,136,426,"(130, 411, 12, 31)",372,0.5422,0.3179,0.4816,1.0,0.6241,0.514,0.6502,624.1084
240_F_301814762_HTDn3Wi62dDHgoIPS05NdvGXFOKkydl6_jpg.rf.IlyfuDRuB2NBW3Yx0adt.jpg,4,157,403,"(154, 396, 6, 15)",90,0.8043,0.9715,0.4694,1.0,1.0,0.5107,0.5947,1094.7835
240_F_301814762_HTDn3Wi62dDHgoIPS05NdvGXFOKkydl6_jpg.rf.IlyfuDRuB2NBW3Yx0adt.jpg,5,303,380,"(298, 374, 11, 12)",132,0.7879,0.8915,0.5025,1.0,1.0,0.5077,0.4058,1699.9298
240_F_301814762_HTDn3Wi62dDHgoIPS05NdvGXFOKkydl6_jpg.rf.IlyfuDRuB2NBW3Yx0adt.jpg,6,108,375,"(70, 327, 76, 97)",7372,0.5052,0.3061,0.4841,1.0,0.2865,0.5203,0.6391,286.5182
240_F_301814762_HTDn3Wi62dDHgoIPS05NdvGXFOKkydl6_jpg.rf.IlyfuDRuB2NBW3Yx0adt.jpg,7,63,334,"(52, 327, 22, 14)",308,0.6564,0.7387,0.5017,1.0,0.2227,0.4993,0.9672,222.7016
240_F_301814762_HTDn3Wi62dDHgoIPS05NdvGXFOKkydl6_jpg.rf.IlyfuDRuB2NBW3Yx0adt.jpg,8,89,193,"(85, 186, 9, 15)",135,0.6347,0.6483,0.5524,1.0,0.1442,0.5087,0.8889,144.1517
240_F_301814762_HTDn3Wi62dDHgoIPS05NdvGXFOKkydl6_jpg.rf.IlyfuDRuB2NBW3Yx0adt.jpg,9,75,170,"(62, 161, 27, 18)",486,0.501,0.3127,0.4997,1.0,0.1665,0.512,0.7137,166.4722
240_F_301814762_HTDn3Wi62dDHgoIPS05NdvGXFOKkydl6_jpg.rf.IlyfuDRuB2NBW3Yx0adt.jpg,10,134,173,"(99, 130, 70, 86)",6020,0.4999,0.3179,0.4762,1.0,0.2192,0.5266,0.7524,219.237
240_F_301814767_rP6ZKhks5U0QBGVb3qMoa3Lao3xfQof7_jpg.rf.k9GRAM10BzsxODZ8n841.jpg,1,257,478,"(244, 460, 27, 37)",999,0.5631,0.3179,0.5061,1.0,0.7471,0.5088,0.494,747.0639
240_F_301814767_rP6ZKhks5U0QBGVb3qMoa3Lao3xfQof7_jpg.rf.k9GRAM10BzsxODZ8n841.jpg,2,400,379,"(394, 372, 13, 15)",195,0.8117,0.9715,0.4904,1.0,1.0,0.5038,0.6726,1298.339
240_F_301814767_rP6ZKhks5U0QBGVb3qMoa3Lao3xfQof7_jpg.rf.k9GRAM10BzsxODZ8n841.jpg,3,215,131,"(205, 120, 21, 22)",462,0.5729,0.3179,0.5082,1.0,0.8373,0.5139,0.4537,837.2586
240_F_301814767_rP6ZKhks5U0QBGVb3qMoa3Lao3xfQof7_jpg.rf.k9GRAM10BzsxODZ8n841.jpg,4,9,113,"(0, 107, 19, 13)",247,0.6408,0.723,0.4932,1.0,0.151,0.4963,0.9792,150.986
240_F_301814767_rP6ZKhks5U0QBGVb3qMoa3Lao3xfQof7_jpg.rf.k9GRAM10BzsxODZ8n841.jpg,5,504,85,"(497, 80, 14, 11)",154,0.4555,0.0316,0.5615,1.0,0.4795,0.4994,0.6128,479.4912
240_F_301814767_rP6ZKhks5U0QBGVb3qMoa3Lao3xfQof7_jpg.rf.k9GRAM10BzsxODZ8n841.jpg,6,363,70,"(357, 63, 13, 14)",182,0.6155,0.5549,0.5077,1.0,0.4356,0.502,0.4846,435.6062
240_F_301814767_rP6ZKhks5U0QBGVb3qMoa3Lao3xfQof7_jpg.rf.k9GRAM10BzsxODZ8n841.jpg,7,230,74,"(201, 43, 58, 63)",3654,0.54,0.3179,0.5085,1.0,0.507,0.5138,0.6318,506.9781
240_F_301814767_rP6ZKhks5U0QBGVb3qMoa3Lao3xfQof7_jpg.rf.k9GRAM10BzsxODZ8n841.jpg,8,4,38,"(0, 29, 9, 18)",162,0.5163,0.2985,0.5255,1.0,0.2791,0.5018,0.54,279.0866
240_F_301814767_rP6ZKhks5U0QBGVb3qMoa3Lao3xfQof7_jpg.rf.wpfoajh97X9ZsI3vcXqV.jpg,1,257,477,"(244, 460, 27, 35)",945,0.5626,0.3179,0.5093,1.0,0.7303,0.5088,0.4937,730.2765
240_F_301814767_rP6ZKhks5U0QBGVb3qMoa3Lao3xfQof7_jpg.rf.wpfoajh97X9ZsI3vcXqV.jpg,2,400,379,"(394, 372, 13, 15)",195,0.8116,0.9715,0.4903,1.0,1.0,0.5036,0.6726,1298.0631
240_F_301814767_rP6ZKhks5U0QBGVb3qMoa3Lao3xfQof7_jpg.rf.wpfoajh97X9ZsI3vcXqV.jpg,3,180,263,"(168, 240, 24, 46)",1104,0.5746,0.3179,0.4666,1.0,1.0,0.5154,0.5503,1199.6104
240_F_301814767_rP6ZKhks5U0QBGVb3qMoa3Lao3xfQof7_jpg.rf.wpfoajh97X9ZsI3vcXqV.jpg,4,221,131,"(217, 120, 9, 22)",198,0.5813,0.3037,0.5,1.0,1.0,0.5127,0.4552,1079.2792
240_F_301814767_rP6ZKhks5U0QBGVb3qMoa3Lao3xfQof7_jpg.rf.wpfoajh97X9ZsI3vcXqV.jpg,5,259,136,"(239, 114, 41, 45)",1845,0.5485,0.3179,0.487,1.0,0.6684,0.518,0.6713,668.3891
240_F_301814767_rP6ZKhks5U0QBGVb3qMoa3Lao3xfQof7_jpg.rf.wpfoajh97X9ZsI3vcXqV.jpg,6,9,113,"(0, 107, 19, 13)",247,0.6408,0.723,0.4932,1.0,0.151,0.4963,0.9792,150.986
240_F_301814767_rP6ZKhks5U0QBGVb3qMoa3Lao3xfQof7_jpg.rf.wpfoajh97X9ZsI3vcXqV.jpg,7,503,85,"(497, 80, 12, 10)",120,0.4523,0.0316,0.5518,1.0,0.4812,0.4978,0.6429,481.1809
240_F_301814767_rP6ZKhks5U0QBGVb3qMoa3Lao3xfQof7_jpg.rf.wpfoajh97X9ZsI3vcXqV.jpg,8,363,70,"(357, 63, 13, 14)",182,0.6155,0.5549,0.5077,1.0,0.4356,0.502,0.4846,435.6062
240_F_301814767_rP6ZKhks5U0QBGVb3qMoa3Lao3xfQof7_jpg.rf.wpfoajh97X9ZsI3vcXqV.jpg,9,229,74,"(201, 43, 57, 63)",3591,0.5426,0.3179,0.515,1.0,0.5109,0.511,0.6323,510.9498
240_F_301814767_rP6ZKhks5U0QBGVb3qMoa3Lao3xfQof7_jpg.rf.wpfoajh97X9ZsI3vcXqV.jpg,10,4,38,"(0, 29, 9, 18)",162,0.5163,0.2985,0.5255,1.0,0.2791,0.5018,0.54,279.0866
240_F_301814767_rP6ZKhks5U0QBGVb3qMoa3Lao3xfQof7_jpg.rf.wpfoajh97X9ZsI3vcXqV.jpg,11,55,28,"(44, 22, 22, 12)",264,0.4975,0.2841,0.5105,1.0,0.1943,0.5042,0.4228,194.3228
240_F_302675349_LXEahpnzEiGDK3LWvYZSfu8AeuM2iw0t_jpg.rf.dy9yawIkSXAajEkm2W4V.jpg,1,174,305,"(166, 298, 17, 15)",255,0.5948,0.5486,0.5174,1.0,0.2169,0.4914,0.3218,216.8739
240_F_302675349_LXEahpnzEiGDK3LWvYZSfu8AeuM2iw0t_jpg.rf.nuKV39VGl3DphhPLGnHi.jpg,1,174,304,"(166, 298, 17, 13)",221,0.5373,0.384,0.5149,1.0,0.2266,0.495,0.3297,226.5735
240_F_302675497_qdrbQx6EomNYqDvSdOdE8Zf7ciCHGXOw_jpg.rf.7Iumbbg7A391NQbMalxU.jpg,1,323,364,"(319, 354, 8, 20)",160,0.8013,0.9516,0.4897,0.9844,1.0,0.5033,0.1969,1166.3711
240_F_302675497_qdrbQx6EomNYqDvSdOdE8Zf7ciCHGXOw_jpg.rf.7Iumbbg7A391NQbMalxU.jpg,2,343,304,"(289, 271, 109, 67)",7303,0.4535,0.0271,0.4941,1.0,0.7103,0.5202,0.3373,710.3289
240_F_302675497_qdrbQx6EomNYqDvSdOdE8Zf7ciCHGXOw_jpg.rf.AQtU5iZAyklC5IJVS9lC.jpg,1,323,363,"(318, 353, 10, 21)",210,0.7052,0.7355,0.49,0.8815,1.0,0.5038,0.1763,1987.8028
240_F_302675497_qdrbQx6EomNYqDvSdOdE8Zf7ciCHGXOw_jpg.rf.AQtU5iZAyklC5IJVS9lC.jpg,2,343,304,"(289, 271, 109, 67)",7303,0.4534,0.0271,0.4938,1.0,0.7107,0.5203,0.3368,710.6836
240_F_302675544_dOeMVi8krHDoGcxLmHbJNGfwLZHLGqLj_jpg.rf.XlY0ZxNQeqroP5FgLlwD.jpg,1,256,313,"(241, 301, 31, 25)",775,0.6105,0.5549,0.516,1.0,0.3569,0.5202,0.4676,356.9203
240_F_302675544_dOeMVi8krHDoGcxLmHbJNGfwLZHLGqLj_jpg.rf.XlY0ZxNQeqroP5FgLlwD.jpg,2,363,297,"(351, 288, 24, 19)",456,0.5585,0.5497,0.5323,0.6496,0.4986,0.5125,0.1299,498.605
240_F_302675544_dOeMVi8krHDoGcxLmHbJNGfwLZHLGqLj_jpg.rf.XlY0ZxNQeqroP5FgLlwD.jpg,3,327,292,"(314, 282, 26, 20)",520,0.5734,0.3179,0.4928,1.0,0.8965,0.4971,0.44,896.4596
240_F_302675544_dOeMVi8krHDoGcxLmHbJNGfwLZHLGqLj_jpg.rf.XlY0ZxNQeqroP5FgLlwD.jpg,4,123,241,"(109, 235, 29, 12)",348,0.6655,0.5509,0.5024,1.0,0.9682,0.5064,0.4217,968.1951
240_F_302675544_dOeMVi8krHDoGcxLmHbJNGfwLZHLGqLj_jpg.rf.oKudITSiEchXpG2GZhfO.jpg,1,363,297,"(351, 288, 24, 19)",456,0.5569,0.5497,0.5303,0.6452,0.4986,0.5117,0.129,498.5824
240_F_302675544_dOeMVi8krHDoGcxLmHbJNGfwLZHLGqLj_jpg.rf.oKudITSiEchXpG2GZhfO.jpg,2,326,292,"(313, 282, 27, 21)",567,0.5731,0.3179,0.4964,1.0,0.8803,0.4949,0.4242,880.3408
240_F_302675544_dOeMVi8krHDoGcxLmHbJNGfwLZHLGqLj_jpg.rf.oKudITSiEchXpG2GZhfO.jpg,3,125,240,"(109, 234, 32, 13)",416,0.6526,0.5509,0.5035,1.0,0.8354,0.5031,0.4245,835.43
240_F_302675544_dOeMVi8krHDoGcxLmHbJNGfwLZHLGqLj_jpg.rf.oKudITSiEchXpG2GZhfO.jpg,4,199,233,"(147, 168, 105, 131)",13755,0.5277,0.3179,0.4731,1.0,0.5087,0.5223,0.547,508.7414
240_F_302675605_c5ixXop5Z27YSD7pqqiCnjaderzhsTlK_jpg.rf.LlSfVFxxhzlwW5VtufQV.jpg,1,243,216,"(210, 164, 67, 105)",7035,0.4615,0.0271,0.4493,1.0,0.9477,0.5253,0.2784,947.7237
240_F_302675605_c5ixXop5Z27YSD7pqqiCnjaderzhsTlK_jpg.rf.udGuCleeWyWUhQd760KT.jpg,1,244,217,"(212, 164, 65, 106)",6890,0.4633,0.0271,0.4486,1.0,0.9677,0.5293,0.283,967.7205
240_F_311446508_UHc1pWntrEKI77Ar8dyoATVXP98lgBB0_jpg.rf.9x8KoZ0oBsiEAEZfze2l.jpg,1,61,506,"(48, 501, 27, 11)",297,0.5275,1.0,0.5069,0.0,0.001,0.5136,0.0,1.0375
240_F_311446508_UHc1pWntrEKI77Ar8dyoATVXP98lgBB0_jpg.rf.9x8KoZ0oBsiEAEZfze2l.jpg,2,9,503,"(0, 494, 18, 18)",324,0.527,1.0,0.5053,0.0,0.0011,0.5141,0.0,1.1279
240_F_311446508_UHc1pWntrEKI77Ar8dyoATVXP98lgBB0_jpg.rf.9x8KoZ0oBsiEAEZfze2l.jpg,3,130,500,"(89, 489, 82, 23)",1886,0.6297,1.0,0.5189,0.4897,0.001,0.5153,0.0979,1.0308
240_F_311446508_UHc1pWntrEKI77Ar8dyoATVXP98lgBB0_jpg.rf.9x8KoZ0oBsiEAEZfze2l.jpg,4,33,240,"(0, 207, 66, 66)",4356,0.6141,0.7199,0.4625,1.0,0.0026,0.5114,0.9562,2.6022
240_F_311446508_UHc1pWntrEKI77Ar8dyoATVXP98lgBB0_jpg.rf.9x8KoZ0oBsiEAEZfze2l.jpg,5,34,175,"(20, 157, 29, 36)",1044,0.5586,0.5313,0.4896,1.0,0.0132,0.503,0.4543,13.1868
240_F_311446508_UHc1pWntrEKI77Ar8dyoATVXP98lgBB0_jpg.rf.FiN5gM6VqUp0PmiB91NU.jpg,1,59,506,"(43, 501, 32, 11)",352,0.5286,1.0,0.5099,0.0,0.0011,0.5144,0.0,1.0506
240_F_311446508_UHc1pWntrEKI77Ar8dyoATVXP98lgBB0_jpg.rf.FiN5gM6VqUp0PmiB91NU.jpg,2,9,503,"(0, 494, 18, 18)",324,0.527,1.0,0.5053,0.0,0.0011,0.5141,0.0,1.1279
240_F_311446508_UHc1pWntrEKI77Ar8dyoATVXP98lgBB0_jpg.rf.FiN5gM6VqUp0PmiB91NU.jpg,3,130,500,"(89, 489, 82, 23)",1886,0.6297,1.0,0.5189,0.4897,0.001,0.5153,0.0979,1.0308
240_F_311446508_UHc1pWntrEKI77Ar8dyoATVXP98lgBB0_jpg.rf.FiN5gM6VqUp0PmiB91NU.jpg,4,32,240,"(0, 207, 65, 66)",4290,0.6142,0.7199,0.4627,1.0,0.0026,0.5102,0.9556,2.6136
240_F_311446508_UHc1pWntrEKI77Ar8dyoATVXP98lgBB0_jpg.rf.FiN5gM6VqUp0PmiB91NU.jpg,5,34,175,"(20, 157, 29, 36)",1044,0.5586,0.5313,0.4896,1.0,0.0132,0.503,0.4543,13.1868
240_F_311446544_SpoyPnpAxlb78GFcu9a1WBUq5J2D5u8N_jpg.rf.KlFSq2vnWnszNXtvTbcB.jpg,1,58,489,"(25, 467, 67, 45)",3015,0.5598,0.5251,0.501,1.0,0.0064,0.5131,0.3393,6.4492
240_F_313165893_l17vHX4RBVkA3LZWdHYMi3KYhOXD5ODh_jpg.rf.Z8NhCUd1YJe5J6Ym30K2.jpg,1,316,361,"(307, 339, 18, 44)",792,0.6211,0.5549,0.4845,0.994,0.5846,0.5098,0.1988,584.6437
240_F_313165893_l17vHX4RBVkA3LZWdHYMi3KYhOXD5ODh_jpg.rf.Z8NhCUd1YJe5J6Ym30K2.jpg,2,198,245,"(186, 242, 25, 7)",175,0.4966,0.3127,0.4989,1.0,0.1257,0.5017,0.431,125.7345
240_F_313165893_l17vHX4RBVkA3LZWdHYMi3KYhOXD5ODh_jpg.rf.t05ETUzU86ANKGgrnsrA.jpg,1,316,362,"(307, 339, 18, 46)",828,0.6214,0.5549,0.4856,1.0,0.5722,0.5081,0.2023,572.164
240_F_313165893_l17vHX4RBVkA3LZWdHYMi3KYhOXD5ODh_jpg.rf.t05ETUzU86ANKGgrnsrA.jpg,2,198,245,"(186, 242, 25, 7)",175,0.4974,0.3127,0.5012,1.0,0.1254,0.5029,0.441,125.4428
240_F_313614827_s4CutXhhvUvqpwDwJDc7rVVZw3tVqnLY_jpg.rf.iBOX5Dd2E9jyl6nFLE9l.jpg,1,90,186,"(85, 177, 10, 19)",190,0.5458,0.3113,0.4981,1.0,0.6246,0.5093,0.346,624.5798
240_F_313614827_s4CutXhhvUvqpwDwJDc7rVVZw3tVqnLY_jpg.rf.iBOX5Dd2E9jyl6nFLE9l.jpg,2,104,167,"(83, 149, 42, 36)",1512,0.5195,0.3113,0.4876,1.0,0.3991,0.5369,0.3441,399.0869
240_F_313614827_s4CutXhhvUvqpwDwJDc7rVVZw3tVqnLY_jpg.rf.iBOX5Dd2E9jyl6nFLE9l.jpg,3,177,124,"(174, 117, 7, 14)",98,0.5047,0.3037,0.4972,1.0,0.244,0.5182,0.249,244.0485
240_F_313614827_s4CutXhhvUvqpwDwJDc7rVVZw3tVqnLY_jpg.rf.lNRFTvNbCPgu9IpzbMVl.jpg,1,40,241,"(33, 235, 15, 13)",195,0.5262,0.2997,0.4828,1.0,0.5237,0.5136,0.2104,523.6632
240_F_313614827_s4CutXhhvUvqpwDwJDc7rVVZw3tVqnLY_jpg.rf.lNRFTvNbCPgu9IpzbMVl.jpg,2,90,186,"(85, 177, 10, 19)",190,0.5447,0.3113,0.4961,1.0,0.621,0.5158,0.349,620.9862
240_F_313614827_s4CutXhhvUvqpwDwJDc7rVVZw3tVqnLY_jpg.rf.lNRFTvNbCPgu9IpzbMVl.jpg,3,104,167,"(83, 149, 42, 36)",1512,0.5193,0.3113,0.4877,1.0,0.3969,0.5394,0.3499,396.8919
240_F_313614827_s4CutXhhvUvqpwDwJDc7rVVZw3tVqnLY_jpg.rf.lNRFTvNbCPgu9IpzbMVl.jpg,4,177,124,"(174, 117, 7, 15)",105,0.5042,0.3037,0.4938,1.0,0.2514,0.5191,0.2495,251.3799
240_F_314595414_ywJehivWZKSE3FC0z8bmtGhETyed5hUt_jpg.rf.F2s6e4YO6j5UCQ8271BG.jpg,1,477,498,"(472, 488, 11, 21)",231,0.5,0.2984,0.5559,1.0,0.0105,0.5029,0.4058,10.5261
240_F_314595414_ywJehivWZKSE3FC0z8bmtGhETyed5hUt_jpg.rf.F2s6e4YO6j5UCQ8271BG.jpg,2,413,446,"(391, 381, 44, 131)",5764,0.4821,0.3087,0.4919,1.0,0.0187,0.5151,0.4686,18.7149
240_F_314595414_ywJehivWZKSE3FC0z8bmtGhETyed5hUt_jpg.rf.F2s6e4YO6j5UCQ8271BG.jpg,3,390,308,"(385, 293, 10, 30)",300,0.5119,0.3916,0.4809,1.0,0.0654,0.5126,0.3918,65.421
240_F_314595414_ywJehivWZKSE3FC0z8bmtGhETyed5hUt_jpg.rf.F2s6e4YO6j5UCQ8271BG.jpg,4,21,314,"(0, 254, 43, 121)",5203,0.4834,0.3036,0.5042,1.0,0.007,0.517,0.6311,7.0284
240_F_316302986_RaBM9WTta2SOyyhLI13BLkgN1gjJCsAT_jpg.rf.3JslC6NO2Bgc9QPP0F5d.jpg,1,370,312,"(361, 303, 18, 18)",324,0.4889,0.3127,0.4825,1.0,0.1058,0.5126,0.4767,105.7669
240_F_316302986_RaBM9WTta2SOyyhLI13BLkgN1gjJCsAT_jpg.rf.3JslC6NO2Bgc9QPP0F5d.jpg,2,353,283,"(339, 272, 29, 22)",638,0.4772,0.2975,0.4691,1.0,0.0897,0.5149,0.5308,89.6883
240_F_316302986_RaBM9WTta2SOyyhLI13BLkgN1gjJCsAT_jpg.rf.3JslC6NO2Bgc9QPP0F5d.jpg,3,167,151,"(161, 144, 12, 14)",168,0.4763,0.2918,0.4901,1.0,0.0258,0.5081,0.3349,25.8358
240_F_316302986_RaBM9WTta2SOyyhLI13BLkgN1gjJCsAT_jpg.rf.3JslC6NO2Bgc9QPP0F5d.jpg,4,108,157,"(90, 118, 37, 79)",2923,0.5127,0.3804,0.4985,1.0,0.0506,0.5294,0.4028,50.5917
240_F_316302986_RaBM9WTta2SOyyhLI13BLkgN1gjJCsAT_jpg.rf.3JslC6NO2Bgc9QPP0F5d.jpg,5,270,116,"(264, 102, 12, 29)",348,0.5047,0.3682,0.4995,1.0,0.0095,0.5024,0.8272,9.5264
240_F_316302986_RaBM9WTta2SOyyhLI13BLkgN1gjJCsAT_jpg.rf.3JslC6NO2Bgc9QPP0F5d.jpg,6,102,21,"(94, 17, 16, 8)",128,0.4896,0.2944,0.5121,1.0,0.0729,0.5117,0.2982,72.9075
240_F_316302986_RaBM9WTta2SOyyhLI13BLkgN1gjJCsAT_jpg.rf.3JslC6NO2Bgc9QPP0F5d.jpg,7,279,27,"(272, 5, 15, 45)",675,0.5518,0.5148,0.4866,1.0,0.0125,0.5057,0.8545,12.548
240_F_316302986_RaBM9WTta2SOyyhLI13BLkgN1gjJCsAT_jpg.rf.3JslC6NO2Bgc9QPP0F5d.jpg,8,17,67,"(0, 0, 34, 135)",4590,0.4742,0.2894,0.489,1.0,0.0171,0.5056,0.6718,17.1103
240_F_316302986_RaBM9WTta2SOyyhLI13BLkgN1gjJCsAT_jpg.rf.5uKkFVbJaseYpbc688qd.jpg,1,167,151,"(161, 144, 12, 14)",168,0.4764,0.2923,0.4899,1.0,0.0262,0.5084,0.3317,26.1527
240_F_316302986_RaBM9WTta2SOyyhLI13BLkgN1gjJCsAT_jpg.rf.5uKkFVbJaseYpbc688qd.jpg,2,108,157,"(90, 117, 37, 80)",2960,0.5122,0.3804,0.4973,1.0,0.0503,0.5279,0.4042,50.289
240_F_316302986_RaBM9WTta2SOyyhLI13BLkgN1gjJCsAT_jpg.rf.5uKkFVbJaseYpbc688qd.jpg,3,270,116,"(264, 102, 12, 29)",348,0.5047,0.3682,0.4995,1.0,0.0095,0.5024,0.8272,9.5264
240_F_316302986_RaBM9WTta2SOyyhLI13BLkgN1gjJCsAT_jpg.rf.5uKkFVbJaseYpbc688qd.jpg,4,102,21,"(94, 17, 16, 8)",128,0.4866,0.2944,0.5037,1.0,0.073,0.5139,0.3,73.0285
240_F_316302986_RaBM9WTta2SOyyhLI13BLkgN1gjJCsAT_jpg.rf.5uKkFVbJaseYpbc688qd.jpg,5,279,27,"(272, 5, 15, 45)",675,0.5518,0.5148,0.4866,1.0,0.0125,0.5057,0.8545,12.548
240_F_316302986_RaBM9WTta2SOyyhLI13BLkgN1gjJCsAT_jpg.rf.5uKkFVbJaseYpbc688qd.jpg,6,17,67,"(0, 0, 34, 135)",4590,0.4741,0.2894,0.4888,1.0,0.0172,0.5056,0.673,17.1796
240_F_318895063_R3kwN5tmDFXtJ1ZaRbLfKMNeLBgYvWkC_jpg.rf.6nO8O5bZQcIVQk95NrZt.jpg,1,142,503,"(138, 495, 9, 17)",153,0.463,0.2791,0.4697,1.0,0.0095,0.5038,0.9689,9.4587
240_F_318895063_R3kwN5tmDFXtJ1ZaRbLfKMNeLBgYvWkC_jpg.rf.idEbs058XzvpOUetfqeH.jpg,1,142,503,"(138, 495, 9, 17)",153,0.463,0.2791,0.4697,1.0,0.0095,0.5038,0.9689,9.4587
240_F_318895350_Qah42iBCjIFbqEiu4hiknOY33wtE9UxP_jpg.rf.TwJeoh9khURa95R82VfM.jpg,1,9,358,"(0, 345, 19, 26)",494,0.5442,0.3037,0.4684,1.0,0.7394,0.5125,0.4832,739.4314
240_F_318895350_Qah42iBCjIFbqEiu4hiknOY33wtE9UxP_jpg.rf.TwJeoh9khURa95R82VfM.jpg,2,25,321,"(11, 306, 28, 31)",868,0.5032,0.3037,0.4834,1.0,0.2773,0.5143,0.35,277.3164
240_F_318895350_Qah42iBCjIFbqEiu4hiknOY33wtE9UxP_jpg.rf.TwJeoh9khURa95R82VfM.jpg,3,51,294,"(35, 258, 33, 73)",2409,0.509,0.3037,0.4911,1.0,0.3087,0.5234,0.4214,308.7372
240_F_318895350_Qah42iBCjIFbqEiu4hiknOY33wtE9UxP_jpg.rf.TwJeoh9khURa95R82VfM.jpg,4,19,268,"(3, 258, 33, 20)",660,0.5355,0.3037,0.4911,1.0,0.573,0.5184,0.2485,572.968
240_F_318895350_Qah42iBCjIFbqEiu4hiknOY33wtE9UxP_jpg.rf.TwJeoh9khURa95R82VfM.jpg,5,321,305,"(283, 242, 76, 126)",9576,0.6985,0.7667,0.4996,1.0,0.5528,0.5581,0.5813,552.7662
240_F_318895350_Qah42iBCjIFbqEiu4hiknOY33wtE9UxP_jpg.rf.TwJeoh9khURa95R82VfM.jpg,6,170,140,"(137, 122, 67, 37)",2479,0.5067,0.3127,0.4918,1.0,0.2507,0.5313,0.2751,250.6891
240_F_318895350_Qah42iBCjIFbqEiu4hiknOY33wtE9UxP_jpg.rf.TwJeoh9khURa95R82VfM.jpg,7,206,75,"(201, 69, 10, 13)",130,0.5101,0.3061,0.5013,1.0,0.2749,0.5163,0.2418,274.9076
240_F_318895350_Qah42iBCjIFbqEiu4hiknOY33wtE9UxP_jpg.rf.TwJeoh9khURa95R82VfM.jpg,8,270,81,"(251, 48, 39, 67)",2613,0.5219,0.3179,0.49,1.0,0.3911,0.5293,0.4944,391.0705
240_F_318895350_Qah42iBCjIFbqEiu4hiknOY33wtE9UxP_jpg.rf.TwJeoh9khURa95R82VfM.jpg,9,463,32,"(427, 0, 73, 65)",4745,0.4885,0.2944,0.4935,1.0,0.1266,0.5344,0.4316,126.5612
240_F_318895350_Qah42iBCjIFbqEiu4hiknOY33wtE9UxP_jpg.rf.jVvHhYK5c4HSaGseDjwH.jpg,1,9,358,"(0, 345, 19, 26)",494,0.5444,0.3037,0.4682,1.0,0.7426,0.5129,0.4811,742.6319
240_F_318895350_Qah42iBCjIFbqEiu4hiknOY33wtE9UxP_jpg.rf.jVvHhYK5c4HSaGseDjwH.jpg,2,25,321,"(11, 306, 28, 31)",868,0.5032,0.3037,0.4835,1.0,0.2771,0.5143,0.3494,277.1249
240_F_318895350_Qah42iBCjIFbqEiu4hiknOY33wtE9UxP_jpg.rf.jVvHhYK5c4HSaGseDjwH.jpg,3,51,294,"(35, 258, 33, 73)",2409,0.5087,0.3037,0.4903,1.0,0.3084,0.5241,0.4248,308.3954
240_F_318895350_Qah42iBCjIFbqEiu4hiknOY33wtE9UxP_jpg.rf.jVvHhYK5c4HSaGseDjwH.jpg,4,20,268,"(3, 258, 34, 20)",680,0.535,0.3037,0.491,1.0,0.5686,0.5174,0.2449,568.6013
240_F_318895350_Qah42iBCjIFbqEiu4hiknOY33wtE9UxP_jpg.rf.jVvHhYK5c4HSaGseDjwH.jpg,5,321,305,"(283, 242, 76, 126)",9576,0.698,0.7667,0.4986,1.0,0.5515,0.5582,0.5813,551.4538
240_F_318895350_Qah42iBCjIFbqEiu4hiknOY33wtE9UxP_jpg.rf.jVvHhYK5c4HSaGseDjwH.jpg,6,170,140,"(137, 122, 67, 37)",2479,0.5066,0.3127,0.4918,1.0,0.2509,0.5316,0.2731,250.9481
240_F_318895350_Qah42iBCjIFbqEiu4hiknOY33wtE9UxP_jpg.rf.jVvHhYK5c4HSaGseDjwH.jpg,7,243,114,"(237, 106, 13, 17)",221,0.5369,0.3037,0.4832,1.0,0.6147,0.5216,0.2745,614.7255
240_F_318895350_Qah42iBCjIFbqEiu4hiknOY33wtE9UxP_jpg.rf.jVvHhYK5c4HSaGseDjwH.jpg,8,206,75,"(201, 69, 10, 13)",130,0.5101,0.3061,0.5013,1.0,0.275,0.5163,0.2418,274.9585
240_F_318895350_Qah42iBCjIFbqEiu4hiknOY33wtE9UxP_jpg.rf.jVvHhYK5c4HSaGseDjwH.jpg,9,187,63,"(182, 57, 10, 13)",130,0.5163,0.3037,0.4896,1.0,0.3862,0.5132,0.2382,386.1625
240_F_318895350_Qah42iBCjIFbqEiu4hiknOY33wtE9UxP_jpg.rf.jVvHhYK5c4HSaGseDjwH.jpg,10,270,81,"(251, 48, 39, 67)",2613,0.5221,0.3179,0.4909,1.0,0.3902,0.5303,0.4986,390.1501
240_F_318895350_Qah42iBCjIFbqEiu4hiknOY33wtE9UxP_jpg.rf.jVvHhYK5c4HSaGseDjwH.jpg,11,463,32,"(427, 0, 73, 65)",4745,0.4883,0.2944,0.4931,1.0,0.1268,0.5359,0.4305,126.8422
240_F_322084802_XxXd85uwa6HksblAgmPqVWTtY2mXQTyn_jpg.rf.chdMfqKEkGts7yzyBjiH.jpg,1,423,495,"(411, 487, 25, 16)",400,0.5393,0.8911,0.5073,0.1737,0.1515,0.5023,0.0347,151.5029
240_F_322084802_XxXd85uwa6HksblAgmPqVWTtY2mXQTyn_jpg.rf.chdMfqKEkGts7yzyBjiH.jpg,2,101,483,"(96, 475, 10, 17)",170,0.4767,0.2801,0.5057,1.0,0.0168,0.494,0.5987,16.815
240_F_322084802_XxXd85uwa6HksblAgmPqVWTtY2mXQTyn_jpg.rf.chdMfqKEkGts7yzyBjiH.jpg,3,227,471,"(220, 459, 14, 25)",350,0.5323,0.3037,0.4835,1.0,0.5684,0.5052,0.3898,568.3797
240_F_322084802_XxXd85uwa6HksblAgmPqVWTtY2mXQTyn_jpg.rf.chdMfqKEkGts7yzyBjiH.jpg,4,173,476,"(134, 440, 79, 72)",5688,0.5118,0.3179,0.4795,1.0,0.3275,0.5021,0.5495,327.4711
240_F_322084802_XxXd85uwa6HksblAgmPqVWTtY2mXQTyn_jpg.rf.chdMfqKEkGts7yzyBjiH.jpg,5,238,417,"(228, 403, 21, 28)",588,0.7349,0.8915,0.484,1.0,0.5345,0.5114,0.2432,534.4717
240_F_322084802_XxXd85uwa6HksblAgmPqVWTtY2mXQTyn_jpg.rf.chdMfqKEkGts7yzyBjiH.jpg,6,270,385,"(262, 377, 16, 16)",256,0.7376,0.9684,0.484,1.0,0.2925,0.5119,0.3444,292.4824
240_F_322084802_XxXd85uwa6HksblAgmPqVWTtY2mXQTyn_jpg.rf.chdMfqKEkGts7yzyBjiH.jpg,7,194,364,"(178, 358, 32, 12)",384,0.7527,0.9512,0.5426,1.0,0.2983,0.5062,0.5104,298.2742
240_F_322084802_XxXd85uwa6HksblAgmPqVWTtY2mXQTyn_jpg.rf.chdMfqKEkGts7yzyBjiH.jpg,8,250,360,"(229, 352, 43, 17)",731,0.7305,0.9627,0.4943,1.0,0.2052,0.5022,0.573,205.1666
240_F_322084802_XxXd85uwa6HksblAgmPqVWTtY2mXQTyn_jpg.rf.chdMfqKEkGts7yzyBjiH.jpg,9,92,358,"(85, 352, 14, 12)",168,0.6707,0.725,0.4838,1.0,0.4765,0.5121,0.5513,476.4583
240_F_322084802_XxXd85uwa6HksblAgmPqVWTtY2mXQTyn_jpg.rf.chdMfqKEkGts7yzyBjiH.jpg,10,140,368,"(109, 343, 63, 51)",3213,0.6535,0.725,0.4927,1.0,0.2732,0.521,0.4834,273.1918
240_F_322084802_XxXd85uwa6HksblAgmPqVWTtY2mXQTyn_jpg.rf.chdMfqKEkGts7yzyBjiH.jpg,11,122,319,"(113, 313, 19, 13)",247,0.7413,0.9482,0.576,1.0,0.0788,0.5023,0.6568,78.8243
240_F_322084802_XxXd85uwa6HksblAgmPqVWTtY2mXQTyn_jpg.rf.chdMfqKEkGts7yzyBjiH.jpg,12,56,321,"(48, 312, 16, 19)",304,0.6439,0.7092,0.4808,1.0,0.2737,0.5136,0.7373,273.665
240_F_322084802_XxXd85uwa6HksblAgmPqVWTtY2mXQTyn_jpg.rf.chdMfqKEkGts7yzyBjiH.jpg,13,13,321,"(0, 303, 26, 36)",936,0.6427,0.7352,0.4687,1.0,0.2138,0.5071,0.6523,213.8059
240_F_322084802_XxXd85uwa6HksblAgmPqVWTtY2mXQTyn_jpg.rf.chdMfqKEkGts7yzyBjiH.jpg,14,299,301,"(294, 295, 10, 12)",120,0.636,0.9444,0.4938,0.5871,0.1525,0.4989,0.1174,152.474
240_F_322084802_XxXd85uwa6HksblAgmPqVWTtY2mXQTyn_jpg.rf.chdMfqKEkGts7yzyBjiH.jpg,15,448,301,"(443, 293, 10, 17)",170,0.5423,0.3868,0.5031,1.0,0.3083,0.5067,0.2571,308.2903
240_F_322084802_XxXd85uwa6HksblAgmPqVWTtY2mXQTyn_jpg.rf.chdMfqKEkGts7yzyBjiH.jpg,16,40,294,"(35, 287, 10, 14)",140,0.6432,0.7161,0.5103,1.0,0.1394,0.5072,0.729,139.4003
240_F_322084802_XxXd85uwa6HksblAgmPqVWTtY2mXQTyn_jpg.rf.chdMfqKEkGts7yzyBjiH.jpg,17,5,289,"(0, 280, 10, 19)",190,0.6729,0.8292,0.5143,1.0,0.0262,0.5047,0.7681,26.1795
240_F_322084802_XxXd85uwa6HksblAgmPqVWTtY2mXQTyn_jpg.rf.chdMfqKEkGts7yzyBjiH.jpg,18,395,354,"(339, 279, 113, 150)",16950,0.5947,0.5538,0.5012,1.0,0.255,0.5191,0.3437,255.0305
240_F_322084802_XxXd85uwa6HksblAgmPqVWTtY2mXQTyn_jpg.rf.chdMfqKEkGts7yzyBjiH.jpg,19,41,254,"(31, 236, 20, 37)",740,0.5105,0.3718,0.5062,1.0,0.0313,0.511,0.5198,31.3127
240_F_322084802_XxXd85uwa6HksblAgmPqVWTtY2mXQTyn_jpg.rf.chdMfqKEkGts7yzyBjiH.jpg,20,435,230,"(432, 218, 6, 25)",150,0.6054,0.5549,0.53,1.0,0.2566,0.4902,0.4129,256.5795
240_F_322084802_XxXd85uwa6HksblAgmPqVWTtY2mXQTyn_jpg.rf.chdMfqKEkGts7yzyBjiH.jpg,21,177,275,"(137, 206, 80, 139)",11120,0.5056,0.3179,0.4773,1.0,0.2733,0.5245,0.461,273.2677
240_F_322084802_XxXd85uwa6HksblAgmPqVWTtY2mXQTyn_jpg.rf.chdMfqKEkGts7yzyBjiH.jpg,22,14,190,"(0, 141, 28, 98)",2744,0.4849,0.2985,0.4968,1.0,0.0656,0.5094,0.493,65.6351
240_F_322084802_XxXd85uwa6HksblAgmPqVWTtY2mXQTyn_jpg.rf.chdMfqKEkGts7yzyBjiH.jpg,23,165,85,"(155, 70, 21, 30)",630,0.4686,0.2842,0.4805,1.0,0.0096,0.4994,0.6443,9.6215
240_F_322084802_XxXd85uwa6HksblAgmPqVWTtY2mXQTyn_jpg.rf.chdMfqKEkGts7yzyBjiH.jpg,24,128,63,"(115, 47, 26, 32)",832,0.4782,0.2842,0.5073,1.0,0.0116,0.5052,0.86,11.611
240_F_322084802_XxXd85uwa6HksblAgmPqVWTtY2mXQTyn_jpg.rf.chdMfqKEkGts7yzyBjiH.jpg,25,187,47,"(180, 30, 14, 35)",490,0.4716,0.2882,0.4858,1.0,0.0075,0.4969,0.8134,7.527
240_F_322084802_XxXd85uwa6HksblAgmPqVWTtY2mXQTyn_jpg.rf.chdMfqKEkGts7yzyBjiH.jpg,26,28,53,"(0, 23, 57, 60)",3420,0.474,0.2912,0.4895,1.0,0.0075,0.4975,0.7092,7.4834
240_F_322084802_XxXd85uwa6HksblAgmPqVWTtY2mXQTyn_jpg.rf.chdMfqKEkGts7yzyBjiH.jpg,27,221,22,"(210, 0, 22, 45)",990,0.4686,0.2985,0.466,1.0,0.0105,0.4893,0.594,10.4961
240_F_322084802_XxXd85uwa6HksblAgmPqVWTtY2mXQTyn_jpg.rf.chdMfqKEkGts7yzyBjiH.jpg,28,128,20,"(112, 0, 33, 41)",1353,0.4804,0.2894,0.5098,1.0,0.0065,0.498,0.6293,6.52
240_F_322084802_XxXd85uwa6HksblAgmPqVWTtY2mXQTyn_jpg.rf.kB7yW0TZoaWsEh3xXhPU.jpg,1,423,494,"(411, 486, 25, 17)",425,0.5446,0.8911,0.5062,0.1678,0.22,0.5049,0.0336,219.9716
240_F_322084802_XxXd85uwa6HksblAgmPqVWTtY2mXQTyn_jpg.rf.kB7yW0TZoaWsEh3xXhPU.jpg,2,101,484,"(96, 476, 10, 16)",160,0.4776,0.2801,0.5082,1.0,0.017,0.4939,0.6039,17.0463
240_F_322084802_XxXd85uwa6HksblAgmPqVWTtY2mXQTyn_jpg.rf.kB7yW0TZoaWsEh3xXhPU.jpg,3,227,471,"(220, 459, 14, 25)",350,0.5323,0.3037,0.4834,1.0,0.5684,0.5049,0.3898,568.439
240_F_322084802_XxXd85uwa6HksblAgmPqVWTtY2mXQTyn_jpg.rf.kB7yW0TZoaWsEh3xXhPU.jpg,4,173,475,"(134, 439, 79, 73)",5767,0.5104,0.3179,0.4759,1.0,0.326,0.5064,0.5422,326.0318
240_F_322084802_XxXd85uwa6HksblAgmPqVWTtY2mXQTyn_jpg.rf.kB7yW0TZoaWsEh3xXhPU.jpg,5,238,417,"(228, 403, 21, 28)",588,0.735,0.8915,0.484,1.0,0.5355,0.5116,0.2439,535.5028
240_F_322084802_XxXd85uwa6HksblAgmPqVWTtY2mXQTyn_jpg.rf.kB7yW0TZoaWsEh3xXhPU.jpg,6,269,385,"(261, 377, 17, 16)",272,0.7429,0.9684,0.4807,1.0,0.3576,0.5105,0.3547,357.6121
240_F_322084802_XxXd85uwa6HksblAgmPqVWTtY2mXQTyn_jpg.rf.kB7yW0TZoaWsEh3xXhPU.jpg,7,194,364,"(178, 359, 32, 11)",352,0.7471,0.9512,0.5514,1.0,0.2116,0.5071,0.5089,211.6342
240_F_322084802_XxXd85uwa6HksblAgmPqVWTtY2mXQTyn_jpg.rf.kB7yW0TZoaWsEh3xXhPU.jpg,8,92,358,"(85, 353, 14, 11)",154,0.6715,0.725,0.4814,1.0,0.4922,0.5146,0.5669,492.2305
240_F_322084802_XxXd85uwa6HksblAgmPqVWTtY2mXQTyn_jpg.rf.kB7yW0TZoaWsEh3xXhPU.jpg,9,250,360,"(229, 352, 43, 17)",731,0.7325,0.9684,0.4942,1.0,0.2057,0.5018,0.5755,205.7024
240_F_322084802_XxXd85uwa6HksblAgmPqVWTtY2mXQTyn_jpg.rf.kB7yW0TZoaWsEh3xXhPU.jpg,10,145,368,"(119, 343, 53, 51)",2703,0.7347,0.9544,0.4976,1.0,0.2647,0.5211,0.5267,264.6833
240_F_322084802_XxXd85uwa6HksblAgmPqVWTtY2mXQTyn_jpg.rf.kB7yW0TZoaWsEh3xXhPU.jpg,11,122,319,"(113, 313, 19, 13)",247,0.7415,0.9482,0.5763,1.0,0.0788,0.5023,0.6568,78.7843
240_F_322084802_XxXd85uwa6HksblAgmPqVWTtY2mXQTyn_jpg.rf.kB7yW0TZoaWsEh3xXhPU.jpg,12,56,321,"(48, 312, 16, 19)",304,0.6438,0.7092,0.4807,1.0,0.2735,0.5128,0.7362,273.5439
240_F_322084802_XxXd85uwa6HksblAgmPqVWTtY2mXQTyn_jpg.rf.kB7yW0TZoaWsEh3xXhPU.jpg,13,13,321,"(0, 303, 26, 36)",936,0.6427,0.7352,0.4687,1.0,0.2138,0.5071,0.6523,213.8059
240_F_322084802_XxXd85uwa6HksblAgmPqVWTtY2mXQTyn_jpg.rf.kB7yW0TZoaWsEh3xXhPU.jpg,14,298,301,"(294, 295, 9, 12)",108,0.6401,0.9444,0.4963,0.6052,0.1487,0.5009,0.121,148.6508
240_F_322084802_XxXd85uwa6HksblAgmPqVWTtY2mXQTyn_jpg.rf.kB7yW0TZoaWsEh3xXhPU.jpg,15,448,301,"(443, 293, 10, 17)",170,0.5428,0.3868,0.5043,1.0,0.3093,0.5074,0.2571,309.2838
240_F_322084802_XxXd85uwa6HksblAgmPqVWTtY2mXQTyn_jpg.rf.kB7yW0TZoaWsEh3xXhPU.jpg,16,40,294,"(35, 287, 10, 14)",140,0.6432,0.7161,0.5103,1.0,0.1394,0.5072,0.729,139.4003
240_F_322084802_XxXd85uwa6HksblAgmPqVWTtY2mXQTyn_jpg.rf.kB7yW0TZoaWsEh3xXhPU.jpg,17,5,289,"(0, 280, 10, 19)",190,0.6729,0.8292,0.5145,1.0,0.0263,0.5047,0.7681,26.2677
240_F_322084802_XxXd85uwa6HksblAgmPqVWTtY2mXQTyn_jpg.rf.kB7yW0TZoaWsEh3xXhPU.jpg,18,395,354,"(339, 279, 113, 150)",16950,0.5944,0.5538,0.5001,1.0,0.2555,0.5191,0.3414,255.4798
240_F_322084802_XxXd85uwa6HksblAgmPqVWTtY2mXQTyn_jpg.rf.kB7yW0TZoaWsEh3xXhPU.jpg,19,41,254,"(31, 236, 20, 37)",740,0.5107,0.3718,0.507,1.0,0.0314,0.5115,0.514,31.3665
240_F_322084802_XxXd85uwa6HksblAgmPqVWTtY2mXQTyn_jpg.rf.kB7yW0TZoaWsEh3xXhPU.jpg,20,434,231,"(432, 221, 5, 20)",100,0.6116,0.5538,0.5404,1.0,0.2866,0.4919,0.4577,286.5512
240_F_322084802_XxXd85uwa6HksblAgmPqVWTtY2mXQTyn_jpg.rf.kB7yW0TZoaWsEh3xXhPU.jpg,21,177,275,"(137, 207, 80, 136)",10880,0.5061,0.3179,0.4788,1.0,0.2726,0.5238,0.467,272.5767
240_F_322084802_XxXd85uwa6HksblAgmPqVWTtY2mXQTyn_jpg.rf.kB7yW0TZoaWsEh3xXhPU.jpg,22,14,189,"(0, 141, 28, 97)",2716,0.4851,0.2985,0.4973,1.0,0.0656,0.5081,0.4951,65.5902
240_F_322084802_XxXd85uwa6HksblAgmPqVWTtY2mXQTyn_jpg.rf.kB7yW0TZoaWsEh3xXhPU.jpg,23,165,85,"(155, 70, 21, 30)",630,0.4686,0.2842,0.4805,1.0,0.0096,0.4994,0.6443,9.6215
240_F_322084802_XxXd85uwa6HksblAgmPqVWTtY2mXQTyn_jpg.rf.kB7yW0TZoaWsEh3xXhPU.jpg,24,128,63,"(115, 47, 26, 32)",832,0.4782,0.2842,0.5073,1.0,0.0116,0.5052,0.86,11.611
240_F_322084802_XxXd85uwa6HksblAgmPqVWTtY2mXQTyn_jpg.rf.kB7yW0TZoaWsEh3xXhPU.jpg,25,187,47,"(180, 30, 14, 35)",490,0.4716,0.2882,0.4858,1.0,0.0075,0.4969,0.8134,7.527
240_F_322084802_XxXd85uwa6HksblAgmPqVWTtY2mXQTyn_jpg.rf.kB7yW0TZoaWsEh3xXhPU.jpg,26,28,53,"(0, 23, 57, 60)",3420,0.474,0.2912,0.4895,1.0,0.0075,0.4975,0.7092,7.4834
240_F_322084802_XxXd85uwa6HksblAgmPqVWTtY2mXQTyn_jpg.rf.kB7yW0TZoaWsEh3xXhPU.jpg,27,221,22,"(210, 0, 22, 45)",990,0.4686,0.2985,0.466,1.0,0.0105,0.4893,0.594,10.4961
240_F_322084802_XxXd85uwa6HksblAgmPqVWTtY2mXQTyn_jpg.rf.kB7yW0TZoaWsEh3xXhPU.jpg,28,128,20,"(112, 0, 33, 41)",1353,0.4804,0.2894,0.5098,1.0,0.0065,0.498,0.6293,6.52
240_F_323769192_bgmmPMLZpelxO53fQ9AYIgvxV5QEsDcJ_jpg.rf.OUxzrCeMyaFxhHINd0G4.jpg,1,368,271,"(359, 242, 19, 58)",1102,0.4603,0.3179,0.4929,0.3825,1.0,0.5112,0.0765,2319.8301
240_F_336427229_sX8RjyocPmJNIuImuxHnXgQE4buFqw6Y_jpg.rf.4hGlccQ2PXgKJiWSyFbu.jpg,1,342,320,"(324, 294, 37, 52)",1924,0.4886,0.2985,0.4776,1.0,0.17,0.5028,0.2736,170.0157
240_F_336427229_sX8RjyocPmJNIuImuxHnXgQE4buFqw6Y_jpg.rf.4hGlccQ2PXgKJiWSyFbu.jpg,2,144,304,"(111, 205, 66, 199)",13134,0.4844,0.3127,0.4879,1.0,0.0423,0.515,0.5143,42.3274
240_F_336427229_sX8RjyocPmJNIuImuxHnXgQE4buFqw6Y_jpg.rf.4hGlccQ2PXgKJiWSyFbu.jpg,3,282,282,"(250, 191, 65, 182)",11830,0.4934,0.3127,0.4876,1.0,0.1331,0.5181,0.441,133.1236
240_F_336427229_sX8RjyocPmJNIuImuxHnXgQE4buFqw6Y_jpg.rf.W55K0nri8H4Cq9iNoLBB.jpg,1,342,320,"(324, 294, 37, 52)",1924,0.4892,0.2985,0.4791,1.0,0.1701,0.5033,0.2726,170.1388
240_F_336427229_sX8RjyocPmJNIuImuxHnXgQE4buFqw6Y_jpg.rf.W55K0nri8H4Cq9iNoLBB.jpg,2,144,305,"(111, 206, 66, 198)",13068,0.4843,0.3127,0.4876,1.0,0.0425,0.5148,0.515,42.4534
240_F_336427229_sX8RjyocPmJNIuImuxHnXgQE4buFqw6Y_jpg.rf.W55K0nri8H4Cq9iNoLBB.jpg,3,282,282,"(250, 191, 65, 182)",11830,0.4935,0.3127,0.4877,1.0,0.1335,0.5181,0.4401,133.475
240_F_396535141_4IdzQZnHN8eEOmNNqLZjMJT9CLraFRxA_jpg.rf.0CXqJtvz6gp7EMsgOxaK.jpg,1,217,391,"(210, 354, 15, 74)",1110,0.5867,0.5485,0.5217,1.0,0.121,0.4963,0.4518,121.027
240_F_396535141_4IdzQZnHN8eEOmNNqLZjMJT9CLraFRxA_jpg.rf.0CXqJtvz6gp7EMsgOxaK.jpg,2,385,374,"(377, 347, 16, 54)",864,0.5536,0.4576,0.5269,1.0,0.0902,0.4884,0.4064,90.1581
240_F_396535141_4IdzQZnHN8eEOmNNqLZjMJT9CLraFRxA_jpg.rf.0CXqJtvz6gp7EMsgOxaK.jpg,3,301,37,"(289, 24, 25, 26)",650,0.6369,0.6605,0.4972,1.0,0.3167,0.5333,0.458,316.7358
240_F_396535141_4IdzQZnHN8eEOmNNqLZjMJT9CLraFRxA_jpg.rf.2eUKqdr34JhLqzy9MnGS.jpg,1,217,391,"(210, 354, 15, 74)",1110,0.5867,0.5485,0.5219,1.0,0.1206,0.4967,0.4543,120.6295
240_F_396535141_4IdzQZnHN8eEOmNNqLZjMJT9CLraFRxA_jpg.rf.2eUKqdr34JhLqzy9MnGS.jpg,2,385,374,"(377, 347, 16, 54)",864,0.5786,0.5298,0.5261,1.0,0.0905,0.4883,0.4015,90.4695
240_F_396535141_4IdzQZnHN8eEOmNNqLZjMJT9CLraFRxA_jpg.rf.2eUKqdr34JhLqzy9MnGS.jpg,3,301,37,"(289, 24, 25, 26)",650,0.6354,0.6605,0.4938,1.0,0.3134,0.5328,0.4587,313.3861
240_F_396535584_ziis5nT5i3h3PWlSMpNnUiFR0R2xMSNB_jpg.rf.OgBYNg5G1eQJNFcKwIr0.jpg,1,493,447,"(489, 441, 9, 12)",108,0.586,0.9538,0.4793,0.3869,0.0704,0.4986,0.0774,70.4098
240_F_396535584_ziis5nT5i3h3PWlSMpNnUiFR0R2xMSNB_jpg.rf.OgBYNg5G1eQJNFcKwIr0.jpg,2,44,352,"(40, 346, 9, 13)",117,0.5057,0.9423,0.4803,0.0286,0.0208,0.4919,0.0057,20.8044
240_F_396535584_ziis5nT5i3h3PWlSMpNnUiFR0R2xMSNB_jpg.rf.OgBYNg5G1eQJNFcKwIr0.jpg,3,72,299,"(65, 295, 14, 9)",126,0.5137,0.9423,0.5095,0.0092,0.0377,0.4906,0.0018,37.7261
240_F_396535584_ziis5nT5i3h3PWlSMpNnUiFR0R2xMSNB_jpg.rf.OgBYNg5G1eQJNFcKwIr0.jpg,4,137,299,"(128, 293, 18, 13)",234,0.619,0.9414,0.5433,0.48,0.0339,0.4946,0.096,33.9461
240_F_396535584_ziis5nT5i3h3PWlSMpNnUiFR0R2xMSNB_jpg.rf.OgBYNg5G1eQJNFcKwIr0.jpg,5,60,283,"(53, 277, 14, 13)",182,0.6599,0.9499,0.513,0.7308,0.0173,0.492,0.1462,17.3137
240_F_396535584_ziis5nT5i3h3PWlSMpNnUiFR0R2xMSNB_jpg.rf.OgBYNg5G1eQJNFcKwIr0.jpg,6,240,246,"(236, 239, 9, 15)",135,0.5441,0.4241,0.4957,1.0,0.2218,0.5133,0.291,221.7687
240_F_396535584_ziis5nT5i3h3PWlSMpNnUiFR0R2xMSNB_jpg.rf.zAbqhyEJaIRwTzNVribq.jpg,1,493,447,"(489, 441, 9, 12)",108,0.586,0.9538,0.4793,0.3869,0.0704,0.4986,0.0774,70.4098
240_F_396535584_ziis5nT5i3h3PWlSMpNnUiFR0R2xMSNB_jpg.rf.zAbqhyEJaIRwTzNVribq.jpg,2,44,352,"(40, 345, 9, 14)",126,0.5052,0.9423,0.4794,0.0275,0.0214,0.4913,0.0055,21.432
240_F_396535584_ziis5nT5i3h3PWlSMpNnUiFR0R2xMSNB_jpg.rf.zAbqhyEJaIRwTzNVribq.jpg,3,360,305,"(357, 297, 7, 17)",119,0.5528,0.3037,0.5583,1.0,0.511,0.4892,0.539,511.0355
240_F_396535584_ziis5nT5i3h3PWlSMpNnUiFR0R2xMSNB_jpg.rf.zAbqhyEJaIRwTzNVribq.jpg,4,72,299,"(65, 295, 14, 9)",126,0.5137,0.9423,0.5095,0.0092,0.0377,0.4906,0.0018,37.7261
240_F_396535584_ziis5nT5i3h3PWlSMpNnUiFR0R2xMSNB_jpg.rf.zAbqhyEJaIRwTzNVribq.jpg,5,137,299,"(128, 293, 18, 13)",234,0.619,0.9414,0.5433,0.48,0.0339,0.4946,0.096,33.9461
240_F_396535584_ziis5nT5i3h3PWlSMpNnUiFR0R2xMSNB_jpg.rf.zAbqhyEJaIRwTzNVribq.jpg,6,60,283,"(53, 277, 14, 13)",182,0.6599,0.9499,0.513,0.7308,0.0173,0.492,0.1462,17.3137
240_F_396535584_ziis5nT5i3h3PWlSMpNnUiFR0R2xMSNB_jpg.rf.zAbqhyEJaIRwTzNVribq.jpg,7,240,246,"(236, 239, 9, 15)",135,0.5447,0.4241,0.4974,1.0,0.2224,0.5128,0.291,222.3914
240_F_396535766_Z2hqdgQhVM9THKCtL0XPXgX2lCSF2C4S_jpg.rf.Re2KsQnFClhWCxu8kaRN.jpg,1,55,464,"(50, 458, 10, 12)",120,0.7136,0.9538,0.4833,1.0,0.1062,0.5082,0.3958,106.1742
240_F_396535766_Z2hqdgQhVM9THKCtL0XPXgX2lCSF2C4S_jpg.rf.Re2KsQnFClhWCxu8kaRN.jpg,2,420,458,"(414, 454, 12, 9)",108,0.7414,0.9616,0.5063,1.0,0.2768,0.5047,0.6726,276.7584
240_F_396535766_Z2hqdgQhVM9THKCtL0XPXgX2lCSF2C4S_jpg.rf.Re2KsQnFClhWCxu8kaRN.jpg,3,301,433,"(294, 428, 14, 11)",154,0.7594,0.9715,0.481,1.0,0.5105,0.5038,0.3679,510.5468
240_F_396535766_Z2hqdgQhVM9THKCtL0XPXgX2lCSF2C4S_jpg.rf.Re2KsQnFClhWCxu8kaRN.jpg,4,358,386,"(343, 380, 30, 13)",390,0.7066,0.9499,0.4911,1.0,0.0221,0.5024,0.599,22.0732
240_F_396535766_Z2hqdgQhVM9THKCtL0XPXgX2lCSF2C4S_jpg.rf.Re2KsQnFClhWCxu8kaRN.jpg,5,6,382,"(0, 364, 13, 36)",468,0.727,0.9499,0.5327,1.0,0.0815,0.5027,0.7215,81.4906
240_F_396535766_Z2hqdgQhVM9THKCtL0XPXgX2lCSF2C4S_jpg.rf.Re2KsQnFClhWCxu8kaRN.jpg,6,207,342,"(191, 331, 33, 22)",726,0.7171,0.9606,0.5065,1.0,0.0355,0.4982,0.4065,35.4607
240_F_396535766_Z2hqdgQhVM9THKCtL0XPXgX2lCSF2C4S_jpg.rf.Re2KsQnFClhWCxu8kaRN.jpg,7,431,318,"(426, 311, 11, 14)",154,0.7129,0.9499,0.5105,1.0,0.018,0.4983,0.7977,17.9748
240_F_396535766_Z2hqdgQhVM9THKCtL0XPXgX2lCSF2C4S_jpg.rf.Re2KsQnFClhWCxu8kaRN.jpg,8,179,291,"(174, 286, 11, 10)",110,0.7081,0.9499,0.4985,1.0,0.0121,0.4981,0.8992,12.0512
240_F_396535766_Z2hqdgQhVM9THKCtL0XPXgX2lCSF2C4S_jpg.rf.Re2KsQnFClhWCxu8kaRN.jpg,9,203,258,"(197, 251, 13, 14)",182,0.7116,0.9499,0.5081,1.0,0.0126,0.4902,0.6215,12.5759
240_F_396535766_Z2hqdgQhVM9THKCtL0XPXgX2lCSF2C4S_jpg.rf.Re2KsQnFClhWCxu8kaRN.jpg,10,211,230,"(199, 218, 25, 25)",625,0.7052,0.8826,0.501,1.0,0.209,0.4907,0.6224,209.0441
240_F_396535766_Z2hqdgQhVM9THKCtL0XPXgX2lCSF2C4S_jpg.rf.Re2KsQnFClhWCxu8kaRN.jpg,11,461,225,"(443, 213, 37, 24)",888,0.7216,0.9499,0.5355,1.0,0.017,0.5016,0.6712,17.0297
240_F_396535766_Z2hqdgQhVM9THKCtL0XPXgX2lCSF2C4S_jpg.rf.Re2KsQnFClhWCxu8kaRN.jpg,12,258,271,"(238, 202, 40, 139)",5560,0.5025,0.3127,0.5033,1.0,0.1694,0.5102,0.4436,169.4197
240_F_396535766_Z2hqdgQhVM9THKCtL0XPXgX2lCSF2C4S_jpg.rf.Re2KsQnFClhWCxu8kaRN.jpg,13,317,225,"(295, 200, 44, 50)",2200,0.5852,0.5486,0.5026,1.0,0.1726,0.5096,0.394,172.5699
240_F_396535766_Z2hqdgQhVM9THKCtL0XPXgX2lCSF2C4S_jpg.rf.Re2KsQnFClhWCxu8kaRN.jpg,14,299,191,"(292, 183, 15, 17)",255,0.6317,0.6227,0.5016,1.0,0.3815,0.5093,0.2669,381.4835
240_F_396535766_Z2hqdgQhVM9THKCtL0XPXgX2lCSF2C4S_jpg.rf.Re2KsQnFClhWCxu8kaRN.jpg,15,375,186,"(368, 177, 14, 19)",266,0.7171,0.9512,0.5056,1.0,0.072,0.5046,0.3288,72.0382
240_F_396535766_Z2hqdgQhVM9THKCtL0XPXgX2lCSF2C4S_jpg.rf.Re2KsQnFClhWCxu8kaRN.jpg,16,191,184,"(178, 171, 26, 27)",702,0.6747,0.8881,0.4659,1.0,0.0077,0.5018,0.9541,7.6689
240_F_396535766_Z2hqdgQhVM9THKCtL0XPXgX2lCSF2C4S_jpg.rf.Re2KsQnFClhWCxu8kaRN.jpg,17,293,162,"(287, 156, 12, 13)",156,0.7015,0.8881,0.5341,1.0,0.0366,0.5022,0.8967,36.595
240_F_396535766_Z2hqdgQhVM9THKCtL0XPXgX2lCSF2C4S_jpg.rf.Re2KsQnFClhWCxu8kaRN.jpg,18,266,152,"(259, 146, 14, 13)",182,0.6383,0.6605,0.4945,1.0,0.3401,0.5307,0.6646,340.0698
240_F_396535766_Z2hqdgQhVM9THKCtL0XPXgX2lCSF2C4S_jpg.rf.Re2KsQnFClhWCxu8kaRN.jpg,19,216,129,"(210, 124, 12, 11)",132,0.7065,0.9499,0.4933,1.0,0.0137,0.497,0.9457,13.6788
240_F_396535766_Z2hqdgQhVM9THKCtL0XPXgX2lCSF2C4S_jpg.rf.Re2KsQnFClhWCxu8kaRN.jpg,20,424,116,"(412, 105, 25, 22)",550,0.6879,0.8881,0.5036,1.0,0.0078,0.5069,0.9722,7.7803
240_F_396535766_Z2hqdgQhVM9THKCtL0XPXgX2lCSF2C4S_jpg.rf.Re2KsQnFClhWCxu8kaRN.jpg,21,96,107,"(85, 100, 22, 14)",308,0.7038,0.9499,0.4878,1.0,0.0057,0.498,0.6968,5.653
240_F_396535766_Z2hqdgQhVM9THKCtL0XPXgX2lCSF2C4S_jpg.rf.Re2KsQnFClhWCxu8kaRN.jpg,22,283,62,"(275, 58, 17, 8)",136,0.6306,0.7499,0.4786,1.0,0.007,0.4959,0.8914,6.9582
240_F_396535766_Z2hqdgQhVM9THKCtL0XPXgX2lCSF2C4S_jpg.rf.Re2KsQnFClhWCxu8kaRN.jpg,23,194,63,"(183, 54, 23, 18)",414,0.68,0.8881,0.4805,1.0,0.0095,0.4981,0.86,9.469
240_F_396535766_Z2hqdgQhVM9THKCtL0XPXgX2lCSF2C4S_jpg.rf.Re2KsQnFClhWCxu8kaRN.jpg,24,132,57,"(128, 52, 8, 10)",80,0.6993,0.9499,0.4737,1.0,0.0102,0.5,0.9386,10.2154
240_F_396535766_Z2hqdgQhVM9THKCtL0XPXgX2lCSF2C4S_jpg.rf.Re2KsQnFClhWCxu8kaRN.jpg,25,343,7,"(321, 0, 45, 14)",630,0.5003,0.3583,0.4958,1.0,0.0132,0.5,0.8711,13.232
240_F_396535766_Z2hqdgQhVM9THKCtL0XPXgX2lCSF2C4S_jpg.rf.Re2KsQnFClhWCxu8kaRN.jpg,26,300,5,"(296, 0, 9, 10)",90,0.6352,0.7434,0.4969,1.0,0.0105,0.4993,0.997,10.5209
240_F_396535766_Z2hqdgQhVM9THKCtL0XPXgX2lCSF2C4S_jpg.rf.Td3KnJGmBtfsnxb6mzgH.jpg,1,55,464,"(50, 458, 10, 12)",120,0.7136,0.9538,0.4833,1.0,0.1062,0.5082,0.3958,106.1742
240_F_396535766_Z2hqdgQhVM9THKCtL0XPXgX2lCSF2C4S_jpg.rf.Td3KnJGmBtfsnxb6mzgH.jpg,2,420,458,"(414, 454, 12, 9)",108,0.7417,0.9616,0.5072,1.0,0.2767,0.5041,0.6687,276.6625
240_F_396535766_Z2hqdgQhVM9THKCtL0XPXgX2lCSF2C4S_jpg.rf.Td3KnJGmBtfsnxb6mzgH.jpg,3,301,433,"(294, 428, 14, 10)",140,0.7589,0.9715,0.4827,1.0,0.499,0.5015,0.3479,498.9788
240_F_396535766_Z2hqdgQhVM9THKCtL0XPXgX2lCSF2C4S_jpg.rf.Td3KnJGmBtfsnxb6mzgH.jpg,4,358,386,"(343, 380, 30, 13)",390,0.7066,0.9499,0.4911,1.0,0.0221,0.5024,0.599,22.0732
240_F_396535766_Z2hqdgQhVM9THKCtL0XPXgX2lCSF2C4S_jpg.rf.Td3KnJGmBtfsnxb6mzgH.jpg,5,6,382,"(0, 364, 13, 36)",468,0.727,0.9499,0.5327,1.0,0.0815,0.5027,0.7215,81.4906
240_F_396535766_Z2hqdgQhVM9THKCtL0XPXgX2lCSF2C4S_jpg.rf.Td3KnJGmBtfsnxb6mzgH.jpg,6,207,342,"(191, 331, 33, 22)",726,0.7171,0.9606,0.5067,1.0,0.0354,0.4984,0.419,35.4228
240_F_396535766_Z2hqdgQhVM9THKCtL0XPXgX2lCSF2C4S_jpg.rf.Td3KnJGmBtfsnxb6mzgH.jpg,7,431,318,"(426, 311, 11, 14)",154,0.7129,0.9499,0.5105,1.0,0.018,0.4983,0.7977,17.9748
240_F_396535766_Z2hqdgQhVM9THKCtL0XPXgX2lCSF2C4S_jpg.rf.Td3KnJGmBtfsnxb6mzgH.jpg,8,179,291,"(174, 286, 11, 10)",110,0.7081,0.9499,0.4985,1.0,0.0121,0.4981,0.8992,12.0512
240_F_396535766_Z2hqdgQhVM9THKCtL0XPXgX2lCSF2C4S_jpg.rf.Td3KnJGmBtfsnxb6mzgH.jpg,9,203,258,"(197, 251, 13, 14)",182,0.7116,0.9499,0.5082,1.0,0.0126,0.4903,0.6215,12.5759
240_F_396535766_Z2hqdgQhVM9THKCtL0XPXgX2lCSF2C4S_jpg.rf.Td3KnJGmBtfsnxb6mzgH.jpg,10,211,231,"(199, 218, 25, 26)",650,0.7035,0.8826,0.4977,1.0,0.2041,0.4909,0.6166,204.0725
240_F_396535766_Z2hqdgQhVM9THKCtL0XPXgX2lCSF2C4S_jpg.rf.Td3KnJGmBtfsnxb6mzgH.jpg,11,461,225,"(443, 213, 37, 24)",888,0.7216,0.9499,0.5355,1.0,0.017,0.5016,0.6712,17.0297
240_F_396535766_Z2hqdgQhVM9THKCtL0XPXgX2lCSF2C4S_jpg.rf.Td3KnJGmBtfsnxb6mzgH.jpg,12,258,270,"(238, 201, 40, 139)",5560,0.502,0.3127,0.5022,1.0,0.1677,0.5107,0.448,167.6599
240_F_396535766_Z2hqdgQhVM9THKCtL0XPXgX2lCSF2C4S_jpg.rf.Td3KnJGmBtfsnxb6mzgH.jpg,13,317,224,"(295, 199, 44, 51)",2244,0.5846,0.5486,0.5004,1.0,0.1744,0.5096,0.3937,174.4052
240_F_396535766_Z2hqdgQhVM9THKCtL0XPXgX2lCSF2C4S_jpg.rf.Td3KnJGmBtfsnxb6mzgH.jpg,14,299,191,"(292, 183, 15, 17)",255,0.6317,0.6227,0.5016,1.0,0.3815,0.5093,0.2669,381.4835
240_F_396535766_Z2hqdgQhVM9THKCtL0XPXgX2lCSF2C4S_jpg.rf.Td3KnJGmBtfsnxb6mzgH.jpg,15,375,186,"(368, 177, 14, 19)",266,0.7171,0.9512,0.5056,1.0,0.072,0.5046,0.3288,72.0382
240_F_396535766_Z2hqdgQhVM9THKCtL0XPXgX2lCSF2C4S_jpg.rf.Td3KnJGmBtfsnxb6mzgH.jpg,16,191,184,"(178, 171, 26, 27)",702,0.6747,0.8881,0.4659,1.0,0.0077,0.5018,0.9541,7.6689
240_F_396535766_Z2hqdgQhVM9THKCtL0XPXgX2lCSF2C4S_jpg.rf.Td3KnJGmBtfsnxb6mzgH.jpg,17,293,162,"(287, 156, 12, 13)",156,0.7015,0.8881,0.5341,1.0,0.0366,0.5022,0.8967,36.595
240_F_396535766_Z2hqdgQhVM9THKCtL0XPXgX2lCSF2C4S_jpg.rf.Td3KnJGmBtfsnxb6mzgH.jpg,18,266,152,"(258, 146, 16, 13)",208,0.6394,0.6605,0.4989,1.0,0.3353,0.5282,0.65,335.3187
240_F_396535766_Z2hqdgQhVM9THKCtL0XPXgX2lCSF2C4S_jpg.rf.Td3KnJGmBtfsnxb6mzgH.jpg,19,216,129,"(210, 124, 12, 11)",132,0.7065,0.9499,0.4933,1.0,0.0137,0.497,0.9457,13.6788
240_F_396535766_Z2hqdgQhVM9THKCtL0XPXgX2lCSF2C4S_jpg.rf.Td3KnJGmBtfsnxb6mzgH.jpg,20,424,116,"(412, 105, 25, 22)",550,0.6879,0.8881,0.5036,1.0,0.0078,0.5069,0.9722,7.7803
240_F_396535766_Z2hqdgQhVM9THKCtL0XPXgX2lCSF2C4S_jpg.rf.Td3KnJGmBtfsnxb6mzgH.jpg,21,96,107,"(85, 100, 22, 14)",308,0.7038,0.9499,0.4878,1.0,0.0057,0.498,0.6968,5.653
240_F_396535766_Z2hqdgQhVM9THKCtL0XPXgX2lCSF2C4S_jpg.rf.Td3KnJGmBtfsnxb6mzgH.jpg,22,283,62,"(275, 58, 17, 8)",136,0.6306,0.7499,0.4786,1.0,0.007,0.4959,0.8914,6.9582
240_F_396535766_Z2hqdgQhVM9THKCtL0XPXgX2lCSF2C4S_jpg.rf.Td3KnJGmBtfsnxb6mzgH.jpg,23,194,63,"(183, 54, 23, 18)",414,0.68,0.8881,0.4805,1.0,0.0095,0.4981,0.86,9.469
240_F_396535766_Z2hqdgQhVM9THKCtL0XPXgX2lCSF2C4S_jpg.rf.Td3KnJGmBtfsnxb6mzgH.jpg,24,132,57,"(128, 52, 8, 10)",80,0.6993,0.9499,0.4737,1.0,0.0102,0.5,0.9386,10.2154
240_F_396535766_Z2hqdgQhVM9THKCtL0XPXgX2lCSF2C4S_jpg.rf.Td3KnJGmBtfsnxb6mzgH.jpg,25,343,7,"(321, 0, 45, 14)",630,0.5003,0.3583,0.4958,1.0,0.0132,0.5,0.8711,13.232
240_F_396535766_Z2hqdgQhVM9THKCtL0XPXgX2lCSF2C4S_jpg.rf.Td3KnJGmBtfsnxb6mzgH.jpg,26,300,5,"(296, 0, 9, 10)",90,0.6352,0.7434,0.4969,1.0,0.0105,0.4993,0.997,10.5209
240_F_396535796_LQaKFY9ZoBGHW5on2K9fR6RHhl6dKOxW_jpg.rf.bWrRuK113BrSvXweEuFE.jpg,1,481,505,"(476, 498, 11, 14)",154,0.6011,0.5549,0.5165,1.0,0.261,0.5068,0.3565,261.0152
240_F_396535796_LQaKFY9ZoBGHW5on2K9fR6RHhl6dKOxW_jpg.rf.bWrRuK113BrSvXweEuFE.jpg,2,187,481,"(181, 476, 12, 11)",132,0.5886,0.6886,0.5311,0.7518,0.1135,0.5059,0.1504,113.4611
240_F_396535796_LQaKFY9ZoBGHW5on2K9fR6RHhl6dKOxW_jpg.rf.bWrRuK113BrSvXweEuFE.jpg,3,15,385,"(0, 364, 31, 42)",1302,0.5232,0.3179,0.4959,1.0,0.384,0.5194,0.5596,383.9994
240_F_396535796_LQaKFY9ZoBGHW5on2K9fR6RHhl6dKOxW_jpg.rf.bWrRuK113BrSvXweEuFE.jpg,4,223,346,"(217, 333, 12, 27)",324,0.5059,0.3127,0.5072,1.0,0.1898,0.5124,0.5524,189.8189
240_F_396535796_LQaKFY9ZoBGHW5on2K9fR6RHhl6dKOxW_jpg.rf.bWrRuK113BrSvXweEuFE.jpg,5,34,353,"(18, 333, 32, 41)",1312,0.5097,0.3179,0.4917,1.0,0.2633,0.5368,0.5377,263.2833
240_F_396535796_LQaKFY9ZoBGHW5on2K9fR6RHhl6dKOxW_jpg.rf.bWrRuK113BrSvXweEuFE.jpg,6,97,366,"(44, 332, 106, 69)",7314,0.4982,0.3127,0.4766,1.0,0.2199,0.5108,0.4482,219.8524
240_F_396535796_LQaKFY9ZoBGHW5on2K9fR6RHhl6dKOxW_jpg.rf.bWrRuK113BrSvXweEuFE.jpg,7,359,276,"(337, 262, 45, 28)",1260,0.5891,0.5445,0.5069,1.0,0.2115,0.5247,0.3706,211.4572
240_F_396535796_LQaKFY9ZoBGHW5on2K9fR6RHhl6dKOxW_jpg.rf.bWrRuK113BrSvXweEuFE.jpg,8,316,260,"(307, 240, 19, 41)",779,0.5951,0.5549,0.477,1.0,0.3389,0.5109,0.6561,338.8688
240_F_396535796_LQaKFY9ZoBGHW5on2K9fR6RHhl6dKOxW_jpg.rf.bWrRuK113BrSvXweEuFE.jpg,9,311,220,"(307, 213, 8, 14)",112,0.5782,0.3179,0.5069,1.0,0.8947,0.5188,0.3846,894.6565
240_F_396535796_LQaKFY9ZoBGHW5on2K9fR6RHhl6dKOxW_jpg.rf.bWrRuK113BrSvXweEuFE.jpg,10,376,156,"(368, 152, 16, 9)",144,0.4643,0.1464,0.5206,1.0,0.3084,0.4976,0.5816,308.3983
240_F_427857448_nvPH1PwDzFBJ0OK7WLtQkfct97X704Ue_jpg.rf.RCGSghEfPmDSr9Yz2CXQ.jpg,1,276,444,"(268, 438, 16, 12)",192,0.4979,0.2971,0.536,1.0,0.0632,0.5044,0.6815,63.2108
240_F_427857448_nvPH1PwDzFBJ0OK7WLtQkfct97X704Ue_jpg.rf.RCGSghEfPmDSr9Yz2CXQ.jpg,2,154,321,"(148, 305, 13, 32)",416,0.6892,0.884,0.5017,1.0,0.0421,0.5137,0.27,42.0805
240_F_427857448_nvPH1PwDzFBJ0OK7WLtQkfct97X704Ue_jpg.rf.RCGSghEfPmDSr9Yz2CXQ.jpg,3,316,120,"(290, 111, 52, 18)",936,0.7205,0.9576,0.5273,1.0,0.008,0.5045,0.775,7.9944
240_F_427857448_nvPH1PwDzFBJ0OK7WLtQkfct97X704Ue_jpg.rf.YA8tZUaBGjYASqxtW6MY.jpg,1,276,443,"(268, 437, 16, 13)",208,0.4961,0.2971,0.5323,1.0,0.0581,0.503,0.6943,58.0794
240_F_427857448_nvPH1PwDzFBJ0OK7WLtQkfct97X704Ue_jpg.rf.YA8tZUaBGjYASqxtW6MY.jpg,2,154,321,"(148, 305, 13, 32)",416,0.6892,0.884,0.5017,1.0,0.0421,0.5137,0.27,42.0805
240_F_427857448_nvPH1PwDzFBJ0OK7WLtQkfct97X704Ue_jpg.rf.YA8tZUaBGjYASqxtW6MY.jpg,3,316,120,"(290, 111, 52, 18)",936,0.7205,0.9576,0.5273,1.0,0.008,0.5045,0.775,7.9944
240_F_427857474_BChX1pSYlfjFVNqD9X8G3K14YLEz1Av3_jpg.rf.OmZYwu5FI4k2vKJ7xmFm.jpg,1,259,444,"(247, 438, 25, 13)",325,0.7067,0.9499,0.5164,0.9568,0.0214,0.4994,0.1914,21.4046
240_F_427857474_BChX1pSYlfjFVNqD9X8G3K14YLEz1Av3_jpg.rf.OmZYwu5FI4k2vKJ7xmFm.jpg,2,19,371,"(13, 366, 13, 11)",143,0.5762,0.9499,0.4832,0.3652,0.0152,0.4982,0.073,15.207
240_F_427857474_BChX1pSYlfjFVNqD9X8G3K14YLEz1Av3_jpg.rf.OmZYwu5FI4k2vKJ7xmFm.jpg,3,77,358,"(69, 354, 17, 8)",136,0.5778,0.9499,0.5074,0.3103,0.0567,0.4966,0.0621,56.6965
240_F_427857474_BChX1pSYlfjFVNqD9X8G3K14YLEz1Av3_jpg.rf.OmZYwu5FI4k2vKJ7xmFm.jpg,4,336,279,"(321, 259, 31, 40)",1240,0.5193,0.3127,0.489,1.0,0.3865,0.522,0.3113,386.4548
240_F_427857474_BChX1pSYlfjFVNqD9X8G3K14YLEz1Av3_jpg.rf.OmZYwu5FI4k2vKJ7xmFm.jpg,5,506,260,"(501, 257, 11, 7)",77,0.5051,0.9499,0.4889,0.0,0.0151,0.4974,0.0,15.0807
240_F_427857474_BChX1pSYlfjFVNqD9X8G3K14YLEz1Av3_jpg.rf.OmZYwu5FI4k2vKJ7xmFm.jpg,6,315,227,"(286, 209, 58, 36)",2088,0.4747,0.3036,0.4723,1.0,0.0312,0.5082,0.7452,31.2411
240_F_427857474_BChX1pSYlfjFVNqD9X8G3K14YLEz1Av3_jpg.rf.OmZYwu5FI4k2vKJ7xmFm.jpg,7,444,205,"(433, 199, 23, 12)",276,0.7087,0.9499,0.4963,1.0,0.0247,0.5025,0.3702,24.7255
240_F_427857474_BChX1pSYlfjFVNqD9X8G3K14YLEz1Av3_jpg.rf.OmZYwu5FI4k2vKJ7xmFm.jpg,8,235,197,"(214, 181, 43, 33)",1419,0.4584,0.2971,0.4376,1.0,0.0123,0.5103,0.7475,12.2836
240_F_427857474_BChX1pSYlfjFVNqD9X8G3K14YLEz1Av3_jpg.rf.OmZYwu5FI4k2vKJ7xmFm.jpg,9,370,187,"(356, 155, 29, 64)",1856,0.4785,0.3087,0.4752,1.0,0.0412,0.5135,0.7388,41.1888
240_F_427857474_BChX1pSYlfjFVNqD9X8G3K14YLEz1Av3_jpg.rf.OmZYwu5FI4k2vKJ7xmFm.jpg,10,194,84,"(181, 74, 27, 21)",567,0.7007,0.8866,0.5239,1.0,0.0698,0.5054,0.5828,69.8071
240_F_427857474_BChX1pSYlfjFVNqD9X8G3K14YLEz1Av3_jpg.rf.OmZYwu5FI4k2vKJ7xmFm.jpg,11,112,52,"(99, 41, 27, 22)",594,0.709,0.9499,0.5016,1.0,0.0099,0.5018,0.6357,9.8618
240_F_427857474_BChX1pSYlfjFVNqD9X8G3K14YLEz1Av3_jpg.rf.OmZYwu5FI4k2vKJ7xmFm.jpg,12,179,43,"(164, 37, 30, 12)",360,0.7152,0.9576,0.5053,1.0,0.0324,0.5018,0.2579,32.4157
240_F_427857474_BChX1pSYlfjFVNqD9X8G3K14YLEz1Av3_jpg.rf.wVpJqdBuSYlOs5BfgnkF.jpg,1,259,444,"(247, 438, 25, 13)",325,0.7067,0.9499,0.5164,0.9568,0.0214,0.4994,0.1914,21.4046
240_F_427857474_BChX1pSYlfjFVNqD9X8G3K14YLEz1Av3_jpg.rf.wVpJqdBuSYlOs5BfgnkF.jpg,2,19,371,"(13, 366, 13, 11)",143,0.5762,0.9499,0.4832,0.3652,0.0152,0.4982,0.073,15.207
240_F_427857474_BChX1pSYlfjFVNqD9X8G3K14YLEz1Av3_jpg.rf.wVpJqdBuSYlOs5BfgnkF.jpg,3,77,358,"(69, 354, 17, 8)",136,0.5778,0.9499,0.5074,0.3103,0.0567,0.4966,0.0621,56.6965
240_F_427857474_BChX1pSYlfjFVNqD9X8G3K14YLEz1Av3_jpg.rf.wVpJqdBuSYlOs5BfgnkF.jpg,4,336,279,"(321, 259, 31, 40)",1240,0.5193,0.3127,0.489,1.0,0.3865,0.522,0.3113,386.4548
240_F_427857474_BChX1pSYlfjFVNqD9X8G3K14YLEz1Av3_jpg.rf.wVpJqdBuSYlOs5BfgnkF.jpg,5,506,260,"(501, 257, 11, 7)",77,0.5051,0.9499,0.4889,0.0,0.0151,0.4974,0.0,15.0807
240_F_427857474_BChX1pSYlfjFVNqD9X8G3K14YLEz1Av3_jpg.rf.wVpJqdBuSYlOs5BfgnkF.jpg,6,315,227,"(286, 209, 58, 36)",2088,0.4747,0.3036,0.4723,1.0,0.0312,0.5082,0.7452,31.2411
240_F_427857474_BChX1pSYlfjFVNqD9X8G3K14YLEz1Av3_jpg.rf.wVpJqdBuSYlOs5BfgnkF.jpg,7,444,205,"(433, 199, 23, 12)",276,0.7087,0.9499,0.4963,1.0,0.0247,0.5025,0.3702,24.7255
240_F_427857474_BChX1pSYlfjFVNqD9X8G3K14YLEz1Av3_jpg.rf.wVpJqdBuSYlOs5BfgnkF.jpg,8,235,197,"(214, 181, 43, 33)",1419,0.4584,0.2971,0.4376,1.0,0.0123,0.5103,0.7475,12.2836
240_F_427857474_BChX1pSYlfjFVNqD9X8G3K14YLEz1Av3_jpg.rf.wVpJqdBuSYlOs5BfgnkF.jpg,9,370,187,"(356, 155, 29, 64)",1856,0.4785,0.3087,0.4752,1.0,0.0412,0.5135,0.7388,41.1888
240_F_427857474_BChX1pSYlfjFVNqD9X8G3K14YLEz1Av3_jpg.rf.wVpJqdBuSYlOs5BfgnkF.jpg,10,129,157,"(123, 150, 13, 14)",182,0.7063,0.8921,0.5474,1.0,0.0247,0.4981,0.5554,24.7289
240_F_427857474_BChX1pSYlfjFVNqD9X8G3K14YLEz1Av3_jpg.rf.wVpJqdBuSYlOs5BfgnkF.jpg,11,194,84,"(181, 74, 27, 21)",567,0.7007,0.8866,0.5239,1.0,0.0698,0.5054,0.5828,69.8071
240_F_427857474_BChX1pSYlfjFVNqD9X8G3K14YLEz1Av3_jpg.rf.wVpJqdBuSYlOs5BfgnkF.jpg,12,112,52,"(99, 41, 27, 22)",594,0.709,0.9499,0.5016,1.0,0.0099,0.5018,0.6357,9.8618
240_F_427857474_BChX1pSYlfjFVNqD9X8G3K14YLEz1Av3_jpg.rf.wVpJqdBuSYlOs5BfgnkF.jpg,13,179,43,"(164, 37, 30, 12)",360,0.7152,0.9576,0.5053,1.0,0.0324,0.5018,0.2579,32.4157
240_F_427857506_Lg15gXNdQM0iXNpgv5QB3cBqsqGbyOk9_jpg.rf.k34aBMSgGDRuTLVeQCDd.jpg,1,218,305,"(211, 301, 14, 8)",112,0.4797,0.2791,0.5173,1.0,0.0101,0.4979,0.9558,10.0828
240_F_427857506_Lg15gXNdQM0iXNpgv5QB3cBqsqGbyOk9_jpg.rf.k34aBMSgGDRuTLVeQCDd.jpg,2,40,281,"(18, 270, 45, 23)",1035,0.6039,0.6448,0.5019,1.0,0.0257,0.5157,0.9514,25.6513
240_F_427857506_Lg15gXNdQM0iXNpgv5QB3cBqsqGbyOk9_jpg.rf.k34aBMSgGDRuTLVeQCDd.jpg,3,262,298,"(237, 269, 50, 58)",2900,0.483,0.3054,0.4854,1.0,0.0624,0.5222,0.9242,62.3781
240_F_427857506_Lg15gXNdQM0iXNpgv5QB3cBqsqGbyOk9_jpg.rf.k34aBMSgGDRuTLVeQCDd.jpg,4,126,219,"(121, 214, 10, 11)",110,0.5275,0.3127,0.552,1.0,0.2486,0.5139,0.8992,248.5925
240_F_427857506_Lg15gXNdQM0iXNpgv5QB3cBqsqGbyOk9_jpg.rf.k34aBMSgGDRuTLVeQCDd.jpg,5,159,74,"(146, 59, 27, 31)",837,0.6201,0.6713,0.5153,1.0,0.0477,0.5259,0.7651,47.7001
240_F_427857506_Lg15gXNdQM0iXNpgv5QB3cBqsqGbyOk9_jpg.rf.pobXLBqVgbGRZRzsPz8r.jpg,1,40,281,"(18, 270, 45, 23)",1035,0.6039,0.6448,0.5019,1.0,0.0257,0.5157,0.9514,25.6513
240_F_427857506_Lg15gXNdQM0iXNpgv5QB3cBqsqGbyOk9_jpg.rf.pobXLBqVgbGRZRzsPz8r.jpg,2,262,298,"(237, 269, 50, 58)",2900,0.483,0.3054,0.4854,1.0,0.0624,0.5222,0.9242,62.3781
240_F_427857506_Lg15gXNdQM0iXNpgv5QB3cBqsqGbyOk9_jpg.rf.pobXLBqVgbGRZRzsPz8r.jpg,3,126,219,"(121, 214, 10, 11)",110,0.5275,0.3127,0.552,1.0,0.2486,0.5139,0.8992,248.5925
240_F_427857506_Lg15gXNdQM0iXNpgv5QB3cBqsqGbyOk9_jpg.rf.pobXLBqVgbGRZRzsPz8r.jpg,4,159,74,"(146, 59, 27, 31)",837,0.6201,0.6713,0.5153,1.0,0.0477,0.5259,0.7651,47.7001
240_F_427857736_BFGLmVBETUiTlVEB5v1sth5FJ9GmKY8M_jpg.rf.po4elAbIcYp5o0NON8FM.jpg,1,74,387,"(0, 362, 148, 51)",7548,0.493,0.3077,0.5266,1.0,0.0104,0.5013,0.896,10.4258
240_F_427857736_BFGLmVBETUiTlVEB5v1sth5FJ9GmKY8M_jpg.rf.po4elAbIcYp5o0NON8FM.jpg,2,7,340,"(0, 331, 14, 18)",252,0.4744,0.2809,0.501,1.0,0.0075,0.4968,0.9117,7.4875
240_F_427857736_BFGLmVBETUiTlVEB5v1sth5FJ9GmKY8M_jpg.rf.po4elAbIcYp5o0NON8FM.jpg,3,333,275,"(296, 253, 75, 45)",3375,0.4884,0.2935,0.5225,1.0,0.0288,0.51,0.9861,28.7593
240_F_427857736_BFGLmVBETUiTlVEB5v1sth5FJ9GmKY8M_jpg.rf.po4elAbIcYp5o0NON8FM.jpg,4,486,225,"(479, 219, 15, 12)",180,0.5971,0.6415,0.4831,1.0,0.0351,0.5105,0.8086,35.0583
240_F_427857736_BFGLmVBETUiTlVEB5v1sth5FJ9GmKY8M_jpg.rf.po4elAbIcYp5o0NON8FM.jpg,5,187,183,"(177, 169, 20, 28)",560,0.4862,0.2984,0.5082,1.0,0.0386,0.5032,1.0,38.5653
240_F_427857736_BFGLmVBETUiTlVEB5v1sth5FJ9GmKY8M_jpg.rf.po4elAbIcYp5o0NON8FM.jpg,6,173,104,"(160, 87, 26, 34)",884,0.4762,0.2893,0.4974,1.0,0.0085,0.5101,0.9342,8.4681
240_F_427857736_BFGLmVBETUiTlVEB5v1sth5FJ9GmKY8M_jpg.rf.po4elAbIcYp5o0NON8FM.jpg,7,254,67,"(240, 58, 29, 18)",522,0.4648,0.2751,0.4768,1.0,0.0159,0.5057,0.8341,15.8824
240_F_427857736_BFGLmVBETUiTlVEB5v1sth5FJ9GmKY8M_jpg.rf.po4elAbIcYp5o0NON8FM.jpg,8,126,63,"(120, 57, 13, 13)",169,0.704,0.9309,0.5063,1.0,0.0101,0.5047,0.9328,10.1417
240_F_427857736_BFGLmVBETUiTlVEB5v1sth5FJ9GmKY8M_jpg.rf.po4elAbIcYp5o0NON8FM.jpg,9,21,63,"(0, 39, 43, 49)",2107,0.6846,0.9405,0.4426,1.0,0.0054,0.5056,0.8689,5.3964
240_F_427857736_BFGLmVBETUiTlVEB5v1sth5FJ9GmKY8M_jpg.rf.po4elAbIcYp5o0NON8FM.jpg,10,461,37,"(445, 14, 32, 47)",1504,0.6981,0.9469,0.4758,1.0,0.0013,0.5005,1.0,1.2892
240_F_427857736_BFGLmVBETUiTlVEB5v1sth5FJ9GmKY8M_jpg.rf.po4elAbIcYp5o0NON8FM.jpg,11,5,15,"(0, 10, 10, 10)",100,0.705,0.9469,0.4958,1.0,0.0002,0.4992,1.0,0.1875
240_F_427857736_BFGLmVBETUiTlVEB5v1sth5FJ9GmKY8M_jpg.rf.po4elAbIcYp5o0NON8FM.jpg,12,235,18,"(217, 0, 36, 36)",1296,0.7066,0.9469,0.4998,1.0,0.0021,0.5064,0.9866,2.1057
240_F_427857736_BFGLmVBETUiTlVEB5v1sth5FJ9GmKY8M_jpg.rf.po4elAbIcYp5o0NON8FM.jpg,13,52,6,"(39, 0, 26, 13)",338,0.7065,0.9469,0.4998,1.0,0.0009,0.5024,1.0,0.9072
240_F_427857765_Q8Xes7gDCQ7O37Le3cq7YCaInsd43Z9K_jpg.rf.eaGIwks4j9xcopgUfZfL.jpg,1,487,486,"(463, 460, 49, 52)",2548,0.5716,0.5366,0.5233,1.0,0.007,0.5105,0.6862,6.9768
240_F_427857765_Q8Xes7gDCQ7O37Le3cq7YCaInsd43Z9K_jpg.rf.eaGIwks4j9xcopgUfZfL.jpg,2,482,363,"(477, 347, 11, 32)",352,0.4714,0.2882,0.4848,1.0,0.0085,0.501,0.7391,8.5337
240_F_427857765_Q8Xes7gDCQ7O37Le3cq7YCaInsd43Z9K_jpg.rf.eaGIwks4j9xcopgUfZfL.jpg,3,507,234,"(503, 221, 9, 26)",234,0.4854,0.2882,0.5215,1.0,0.0203,0.5011,0.9596,20.3307
240_F_427857765_Q8Xes7gDCQ7O37Le3cq7YCaInsd43Z9K_jpg.rf.eaGIwks4j9xcopgUfZfL.jpg,4,227,166,"(221, 161, 12, 11)",132,0.4893,0.2865,0.5166,1.0,0.0821,0.5032,0.913,82.1022
240_F_427857765_Q8Xes7gDCQ7O37Le3cq7YCaInsd43Z9K_jpg.rf.eaGIwks4j9xcopgUfZfL.jpg,5,498,161,"(484, 132, 28, 59)",1652,0.4775,0.2791,0.5092,1.0,0.0162,0.5042,0.7697,16.2324
240_F_427857765_Q8Xes7gDCQ7O37Le3cq7YCaInsd43Z9K_jpg.rf.eaGIwks4j9xcopgUfZfL.jpg,6,489,99,"(478, 86, 23, 27)",621,0.4905,0.2791,0.5386,1.0,0.0431,0.5029,0.8227,43.0527
240_F_427857765_Q8Xes7gDCQ7O37Le3cq7YCaInsd43Z9K_jpg.rf.eaGIwks4j9xcopgUfZfL.jpg,7,293,66,"(289, 57, 9, 18)",162,0.4838,0.2882,0.5103,1.0,0.0437,0.5009,1.0,43.6696
240_F_427857765_Q8Xes7gDCQ7O37Le3cq7YCaInsd43Z9K_jpg.rf.lGxGRffVuDuCNV1NUdFS.jpg,1,487,486,"(463, 460, 49, 52)",2548,0.5716,0.5366,0.5233,1.0,0.007,0.5105,0.6862,6.9768
240_F_427857765_Q8Xes7gDCQ7O37Le3cq7YCaInsd43Z9K_jpg.rf.lGxGRffVuDuCNV1NUdFS.jpg,2,482,362,"(477, 346, 11, 33)",363,0.4712,0.2882,0.4844,1.0,0.0084,0.5005,0.7411,8.3678
240_F_427857765_Q8Xes7gDCQ7O37Le3cq7YCaInsd43Z9K_jpg.rf.lGxGRffVuDuCNV1NUdFS.jpg,3,507,234,"(503, 221, 9, 26)",234,0.4854,0.2882,0.5215,1.0,0.0203,0.5011,0.9596,20.3307
240_F_427857765_Q8Xes7gDCQ7O37Le3cq7YCaInsd43Z9K_jpg.rf.lGxGRffVuDuCNV1NUdFS.jpg,4,227,166,"(221, 161, 12, 11)",132,0.4893,0.2865,0.5166,1.0,0.0821,0.5032,0.913,82.1022
240_F_427857765_Q8Xes7gDCQ7O37Le3cq7YCaInsd43Z9K_jpg.rf.lGxGRffVuDuCNV1NUdFS.jpg,5,498,161,"(484, 132, 28, 59)",1652,0.4775,0.2791,0.5092,1.0,0.0162,0.5042,0.7697,16.2324
240_F_427857765_Q8Xes7gDCQ7O37Le3cq7YCaInsd43Z9K_jpg.rf.lGxGRffVuDuCNV1NUdFS.jpg,6,489,99,"(478, 86, 23, 27)",621,0.4905,0.2791,0.5386,1.0,0.0431,0.5029,0.8227,43.0527
240_F_427857765_Q8Xes7gDCQ7O37Le3cq7YCaInsd43Z9K_jpg.rf.lGxGRffVuDuCNV1NUdFS.jpg,7,293,66,"(289, 57, 9, 18)",162,0.4838,0.2882,0.5103,1.0,0.0437,0.5009,1.0,43.6696
240_F_467509272_bAIsmTDHgerv0vs1iqANG9I9RAHIOIHI_jpg.rf.6klj1wdR4RJkclbFCc0M.jpg,1,258,341,"(250, 325, 16, 33)",528,0.4962,0.2841,0.5515,1.0,0.037,0.507,0.4349,37.0426
240_F_467509272_bAIsmTDHgerv0vs1iqANG9I9RAHIOIHI_jpg.rf.6klj1wdR4RJkclbFCc0M.jpg,2,118,321,"(114, 315, 9, 12)",108,0.5615,0.2968,0.4871,1.0,0.8714,0.5112,0.4306,871.3523
240_F_467509272_bAIsmTDHgerv0vs1iqANG9I9RAHIOIHI_jpg.rf.6klj1wdR4RJkclbFCc0M.jpg,3,287,319,"(275, 294, 25, 51)",1275,0.5948,0.3037,0.5512,1.0,0.9558,0.5082,0.5272,955.7726
240_F_467509272_bAIsmTDHgerv0vs1iqANG9I9RAHIOIHI_jpg.rf.6klj1wdR4RJkclbFCc0M.jpg,4,493,270,"(490, 263, 7, 15)",105,0.5258,0.2801,0.565,1.0,0.3,0.5044,0.3665,300.0207
240_F_467509272_bAIsmTDHgerv0vs1iqANG9I9RAHIOIHI_jpg.rf.6klj1wdR4RJkclbFCc0M.jpg,5,94,300,"(77, 224, 34, 153)",5202,0.5334,0.3113,0.4961,1.0,0.5081,0.5137,0.4679,508.0505
240_F_467509272_bAIsmTDHgerv0vs1iqANG9I9RAHIOIHI_jpg.rf.6klj1wdR4RJkclbFCc0M.jpg,6,281,234,"(258, 195, 46, 79)",3634,0.5452,0.3179,0.5071,1.0,0.5644,0.5307,0.4723,564.4399
240_F_467509272_bAIsmTDHgerv0vs1iqANG9I9RAHIOIHI_jpg.rf.6klj1wdR4RJkclbFCc0M.jpg,7,211,217,"(200, 179, 22, 77)",1694,0.5805,0.3037,0.5074,1.0,0.9667,0.5105,0.385,966.6579
240_F_467509272_bAIsmTDHgerv0vs1iqANG9I9RAHIOIHI_jpg.rf.6klj1wdR4RJkclbFCc0M.jpg,8,445,233,"(392, 171, 106, 124)",13144,0.5221,0.3037,0.4599,1.0,0.5488,0.5365,0.4452,548.772
240_F_467509272_bAIsmTDHgerv0vs1iqANG9I9RAHIOIHI_jpg.rf.6klj1wdR4RJkclbFCc0M.jpg,9,144,259,"(123, 168, 42, 182)",7644,0.5433,0.3113,0.4768,1.0,0.6742,0.5294,0.4502,674.2392
240_F_467509272_bAIsmTDHgerv0vs1iqANG9I9RAHIOIHI_jpg.rf.6klj1wdR4RJkclbFCc0M.jpg,10,25,209,"(9, 165, 32, 89)",2848,0.4981,0.3037,0.4864,1.0,0.2155,0.5065,0.4638,215.5366
240_F_467509272_bAIsmTDHgerv0vs1iqANG9I9RAHIOIHI_jpg.rf.6klj1wdR4RJkclbFCc0M.jpg,11,351,235,"(319, 155, 64, 160)",10240,0.5152,0.3037,0.505,1.0,0.3213,0.5211,0.4308,321.3002
240_F_467509272_bAIsmTDHgerv0vs1iqANG9I9RAHIOIHI_jpg.rf.ZqruADPkmt6wPBEkgiHY.jpg,1,75,346,"(71, 340, 8, 13)",104,0.4994,0.3037,0.4863,1.0,0.2292,0.5129,0.334,229.2372
240_F_467509272_bAIsmTDHgerv0vs1iqANG9I9RAHIOIHI_jpg.rf.ZqruADPkmt6wPBEkgiHY.jpg,2,258,341,"(250, 324, 16, 35)",560,0.4943,0.2841,0.5455,1.0,0.0394,0.507,0.4347,39.3615
240_F_467509272_bAIsmTDHgerv0vs1iqANG9I9RAHIOIHI_jpg.rf.ZqruADPkmt6wPBEkgiHY.jpg,3,118,321,"(114, 315, 8, 12)",96,0.5726,0.2968,0.5041,1.0,0.9228,0.5124,0.4625,922.8453
240_F_467509272_bAIsmTDHgerv0vs1iqANG9I9RAHIOIHI_jpg.rf.ZqruADPkmt6wPBEkgiHY.jpg,4,493,270,"(489, 263, 8, 15)",120,0.5183,0.2801,0.5698,1.0,0.2081,0.5055,0.3593,208.0598
240_F_467509272_bAIsmTDHgerv0vs1iqANG9I9RAHIOIHI_jpg.rf.ZqruADPkmt6wPBEkgiHY.jpg,5,94,300,"(78, 224, 33, 153)",5049,0.5339,0.3131,0.4943,1.0,0.5135,0.5131,0.4784,513.452
240_F_467509272_bAIsmTDHgerv0vs1iqANG9I9RAHIOIHI_jpg.rf.ZqruADPkmt6wPBEkgiHY.jpg,6,281,234,"(258, 194, 46, 80)",3680,0.5466,0.3179,0.5124,1.0,0.56,0.5303,0.4726,560.0097
240_F_467509272_bAIsmTDHgerv0vs1iqANG9I9RAHIOIHI_jpg.rf.ZqruADPkmt6wPBEkgiHY.jpg,7,211,217,"(199, 178, 24, 78)",1872,0.5744,0.3037,0.5084,1.0,0.9017,0.5113,0.3608,901.6504
240_F_467509272_bAIsmTDHgerv0vs1iqANG9I9RAHIOIHI_jpg.rf.ZqruADPkmt6wPBEkgiHY.jpg,8,445,233,"(392, 171, 106, 124)",13144,0.5217,0.3037,0.4591,1.0,0.5472,0.5358,0.4447,547.1981
240_F_467509272_bAIsmTDHgerv0vs1iqANG9I9RAHIOIHI_jpg.rf.ZqruADPkmt6wPBEkgiHY.jpg,9,143,260,"(122, 168, 43, 184)",7912,0.5413,0.3113,0.4693,1.0,0.681,0.5291,0.4419,681.0338
240_F_467509272_bAIsmTDHgerv0vs1iqANG9I9RAHIOIHI_jpg.rf.ZqruADPkmt6wPBEkgiHY.jpg,10,25,209,"(9, 165, 32, 89)",2848,0.4982,0.3037,0.4868,1.0,0.2152,0.5065,0.4642,215.219
240_F_467509272_bAIsmTDHgerv0vs1iqANG9I9RAHIOIHI_jpg.rf.ZqruADPkmt6wPBEkgiHY.jpg,11,351,234,"(319, 155, 65, 159)",10335,0.5179,0.3037,0.514,1.0,0.3168,0.5234,0.4286,316.8236
240_F_621213903_SBHsy38t0vJNK8TZVz1utyO75eRRiIyT_jpg.rf.JtrDRrNxkK0e2hXlEl8e.jpg,1,234,421,"(229, 408, 10, 27)",270,0.4789,0.2801,0.4999,1.0,0.0591,0.5058,0.648,59.1489
240_F_621213903_SBHsy38t0vJNK8TZVz1utyO75eRRiIyT_jpg.rf.JtrDRrNxkK0e2hXlEl8e.jpg,2,209,351,"(175, 320, 69, 63)",4347,0.477,0.2825,0.4861,1.0,0.08,0.513,0.4077,79.9645
240_F_621213903_SBHsy38t0vJNK8TZVz1utyO75eRRiIyT_jpg.rf.JtrDRrNxkK0e2hXlEl8e.jpg,3,224,274,"(220, 263, 8, 23)",184,0.5023,0.3037,0.481,0.7857,0.7051,0.5275,0.1571,705.0535
240_F_621213903_SBHsy38t0vJNK8TZVz1utyO75eRRiIyT_jpg.rf.JtrDRrNxkK0e2hXlEl8e.jpg,4,315,90,"(293, 70, 44, 41)",1804,0.531,0.3037,0.497,1.0,0.5077,0.5303,0.5344,507.6706
240_F_621213903_SBHsy38t0vJNK8TZVz1utyO75eRRiIyT_jpg.rf.JtrDRrNxkK0e2hXlEl8e.jpg,5,318,56,"(312, 50, 13, 12)",156,0.5324,0.2985,0.5161,1.0,0.4731,0.5058,0.535,473.0789
240_F_621213903_SBHsy38t0vJNK8TZVz1utyO75eRRiIyT_jpg.rf.JtrDRrNxkK0e2hXlEl8e.jpg,6,265,49,"(253, 37, 24, 24)",576,0.5514,0.3037,0.4826,1.0,0.7624,0.5294,0.3148,762.3766
240_F_72684199_go7Y3a1x3zMZIu3TP9imsMhhoH3CrzWO_jpg.rf.ryaeDoPxZs3YB6GCKmNB.jpg,1,389,465,"(383, 458, 12, 15)",180,0.6888,0.7328,0.5056,1.0,0.5537,0.5116,0.4583,553.7353
240_F_72684199_go7Y3a1x3zMZIu3TP9imsMhhoH3CrzWO_jpg.rf.ryaeDoPxZs3YB6GCKmNB.jpg,2,132,270,"(123, 249, 19, 43)",817,0.5202,0.3755,0.5135,1.0,0.0902,0.5148,0.3238,90.1568
240_F_72684199_go7Y3a1x3zMZIu3TP9imsMhhoH3CrzWO_jpg.rf.tIvo71DXlljhHMakxBbm.jpg,1,389,465,"(384, 458, 11, 15)",165,0.682,0.7328,0.4943,1.0,0.525,0.5114,0.4557,524.9843
240_F_72684199_go7Y3a1x3zMZIu3TP9imsMhhoH3CrzWO_jpg.rf.tIvo71DXlljhHMakxBbm.jpg,2,133,271,"(124, 249, 18, 44)",792,0.5169,0.3755,0.5066,1.0,0.0818,0.5173,0.3196,81.7958
240_F_72988752_nQHg9YUwPq2oZGJr8afbLE8GqAFHewWH_jpg.rf.CoviBxOC4Xy9j0JgH00s.jpg,1,325,274,"(316, 270, 19, 9)",171,0.4633,0.2791,0.4706,1.0,0.0088,0.4979,0.9939,8.8054
240_F_72988752_nQHg9YUwPq2oZGJr8afbLE8GqAFHewWH_jpg.rf.CoviBxOC4Xy9j0JgH00s.jpg,2,108,180,"(102, 175, 12, 10)",120,0.4871,0.3127,0.4925,1.0,0.0524,0.513,0.339,52.3641
240_F_72988752_nQHg9YUwPq2oZGJr8afbLE8GqAFHewWH_jpg.rf.JzbfzIbL9sVZ5BPSfRSa.jpg,1,325,274,"(316, 270, 18, 8)",144,0.4639,0.2791,0.4722,1.0,0.0092,0.497,0.9983,9.1829
240_F_72988752_nQHg9YUwPq2oZGJr8afbLE8GqAFHewWH_jpg.rf.JzbfzIbL9sVZ5BPSfRSa.jpg,2,108,180,"(102, 175, 12, 10)",120,0.4871,0.3127,0.4923,1.0,0.0537,0.5128,0.3314,53.6845
240_F_72988783_T1AHgT38QpT2pARN4hUYfJH5eQhioBM8_jpg.rf.jGHJhmMZ8HMRcifIrZfC.jpg,1,106,438,"(87, 431, 39, 15)",585,0.4736,0.2791,0.4876,1.0,0.0529,0.4987,0.5265,52.9282
240_F_72988783_T1AHgT38QpT2pARN4hUYfJH5eQhioBM8_jpg.rf.jGHJhmMZ8HMRcifIrZfC.jpg,2,203,249,"(197, 218, 13, 63)",819,0.4819,0.2841,0.5095,1.0,0.0414,0.5021,0.7312,41.3583
240_F_72988783_T1AHgT38QpT2pARN4hUYfJH5eQhioBM8_jpg.rf.yAsCXf1HG6IQfLuf1iZI.jpg,1,98,438,"(71, 431, 55, 15)",825,0.4757,0.2791,0.4934,1.0,0.0532,0.5013,0.5412,53.1612
240_F_72988783_T1AHgT38QpT2pARN4hUYfJH5eQhioBM8_jpg.rf.yAsCXf1HG6IQfLuf1iZI.jpg,2,203,249,"(197, 217, 13, 64)",832,0.4831,0.2841,0.5132,1.0,0.0408,0.5026,0.7305,40.7525
240_F_72988845_649MKjGxPkoGqyedRUvU7fdoX2zkmKyj_jpg.rf.AASzmZajWHzDjCyTepUp.jpg,1,489,282,"(467, 257, 45, 51)",2295,0.4656,0.2751,0.4825,1.0,0.0039,0.5018,0.4482,3.8532
240_F_72988845_649MKjGxPkoGqyedRUvU7fdoX2zkmKyj_jpg.rf.fAykujgBCuFJnkxtlpye.jpg,1,489,282,"(467, 257, 45, 51)",2295,0.4655,0.2751,0.4822,1.0,0.0038,0.5018,0.4482,3.8482
240_F_94529112_BCEF0hlHJLIE5P2IGBx4AhQLwmHAXPFZ_jpg.rf.eFX1SXwsUjnvt7insfYa.jpg,1,407,495,"(369, 479, 76, 33)",2508,0.722,0.9569,0.5331,1.0,0.0046,0.5158,0.6952,4.6414
240_F_94529112_BCEF0hlHJLIE5P2IGBx4AhQLwmHAXPFZ_jpg.rf.eFX1SXwsUjnvt7insfYa.jpg,2,488,454,"(464, 434, 48, 40)",1920,0.5002,0.3757,0.4785,1.0,0.0125,0.518,0.4078,12.4694
240_F_94529112_BCEF0hlHJLIE5P2IGBx4AhQLwmHAXPFZ_jpg.rf.eFX1SXwsUjnvt7insfYa.jpg,3,384,436,"(375, 424, 19, 24)",456,0.7097,0.9443,0.5104,1.0,0.0054,0.5112,0.9955,5.4228
240_F_94529112_BCEF0hlHJLIE5P2IGBx4AhQLwmHAXPFZ_jpg.rf.eFX1SXwsUjnvt7insfYa.jpg,4,394,378,"(382, 370, 25, 17)",425,0.5107,0.3804,0.4929,1.0,0.051,0.5149,0.6179,50.9597
240_F_94529112_BCEF0hlHJLIE5P2IGBx4AhQLwmHAXPFZ_jpg.rf.phkv8DwB9Yi3bt4E62BW.jpg,1,407,495,"(369, 479, 76, 33)",2508,0.722,0.9569,0.5331,1.0,0.0046,0.5158,0.6952,4.6414
240_F_94529112_BCEF0hlHJLIE5P2IGBx4AhQLwmHAXPFZ_jpg.rf.phkv8DwB9Yi3bt4E62BW.jpg,2,488,454,"(464, 434, 48, 40)",1920,0.5002,0.3757,0.4785,1.0,0.0125,0.518,0.4078,12.4694
240_F_94529112_BCEF0hlHJLIE5P2IGBx4AhQLwmHAXPFZ_jpg.rf.phkv8DwB9Yi3bt4E62BW.jpg,3,384,436,"(375, 424, 19, 24)",456,0.7097,0.9443,0.5104,1.0,0.0054,0.5112,0.9955,5.4228
240_F_94529112_BCEF0hlHJLIE5P2IGBx4AhQLwmHAXPFZ_jpg.rf.phkv8DwB9Yi3bt4E62BW.jpg,4,394,378,"(382, 370, 25, 17)",425,0.5107,0.3804,0.4929,1.0,0.051,0.5149,0.6179,50.9597
24_jpg.rf.2gWcWxMaHxwdE7Qs1TXg.jpg,1,231,339,"(217, 328, 28, 23)",644,0.5298,0.1445,0.5119,1.0,1.0,0.5059,0.3207,3088.2369
24_jpg.rf.ZCU85kVLoGKXtgl8EDIY.jpg,1,327,235,"(310, 216, 35, 38)",1330,0.4712,0.0271,0.462,1.0,1.0,0.5083,0.3617,1975.1755
24e62273ac6dd1ea3e6a7bcb76010358_jpg.rf.9GZOWbwQwiiVCygXg89Z.jpg,1,4,301,"(0, 293, 9, 16)",144,0.7247,1.0,0.4976,1.0,0.0052,0.5116,0.2714,5.1655
254965218_1553247338388982_7569630998062588060_n_jpg.rf.lj7N9rgu89URjmso8ScR.jpg,1,129,420,"(111, 397, 37, 46)",1702,0.4835,0.3077,0.4875,1.0,0.0522,0.5236,0.6126,52.2393
254965218_1553247338388982_7569630998062588060_n_jpg.rf.lj7N9rgu89URjmso8ScR.jpg,2,302,398,"(284, 379, 37, 38)",1406,0.4908,0.3087,0.508,1.0,0.0492,0.5219,0.4269,49.2054
254965218_1553247338388982_7569630998062588060_n_jpg.rf.lj7N9rgu89URjmso8ScR.jpg,3,100,379,"(91, 372, 18, 14)",252,0.5782,0.5377,0.5367,1.0,0.0217,0.506,0.3128,21.6646
254965218_1553247338388982_7569630998062588060_n_jpg.rf.lj7N9rgu89URjmso8ScR.jpg,4,365,208,"(343, 191, 44, 35)",1540,0.4755,0.3036,0.4457,1.0,0.1326,0.5071,0.8343,132.6255
25_jpg.rf.PJCW5bprbOhWwyOaTUQA.jpg,1,225,337,"(204, 332, 42, 11)",462,0.4968,0.3037,0.4896,0.5958,1.0,0.5093,0.1192,4146.9031
25_jpg.rf.PJCW5bprbOhWwyOaTUQA.jpg,2,372,275,"(337, 267, 71, 16)",1136,0.4735,0.0271,0.4686,1.0,1.0,0.4933,0.4281,6907.8693
25_jpg.rf.PJCW5bprbOhWwyOaTUQA.jpg,3,281,189,"(243, 163, 77, 52)",4004,0.573,0.3037,0.4762,1.0,1.0,0.4877,0.2467,3516.9532
25_jpg.rf.PJCW5bprbOhWwyOaTUQA.jpg,4,426,168,"(381, 157, 90, 23)",2070,0.5767,0.3113,0.4793,1.0,1.0,0.5063,0.4067,3038.1247
25_jpg.rf.PJCW5bprbOhWwyOaTUQA.jpg,5,148,137,"(115, 95, 66, 84)",5544,0.573,0.3037,0.4762,1.0,1.0,0.49,0.2378,3919.9178
25_jpg.rf.aDlPCJkiV3tFymMzXom4.jpg,1,136,401,"(116, 352, 40, 98)",3920,0.585,0.3186,0.4956,1.0,1.0,0.5031,0.3089,3048.008
25_jpg.rf.aDlPCJkiV3tFymMzXom4.jpg,2,281,343,"(271, 311, 20, 65)",1300,0.4836,0.0271,0.4974,1.0,1.0,0.4959,0.446,4761.5208
25_jpg.rf.aDlPCJkiV3tFymMzXom4.jpg,3,166,276,"(131, 245, 70, 62)",4340,0.6727,0.5549,0.5098,1.0,1.0,0.4908,0.2452,2273.0525
25_jpg.rf.aDlPCJkiV3tFymMzXom4.jpg,4,365,232,"(358, 216, 14, 33)",462,0.5149,0.3037,0.4838,0.6966,1.0,0.5021,0.1393,3849.0764
25_jpg.rf.aDlPCJkiV3tFymMzXom4.jpg,5,69,182,"(41, 163, 57, 38)",2166,0.5861,0.3037,0.5138,1.0,1.0,0.5022,0.2481,3527.8938
25_jpg.rf.rmzcFzli4M2R5QwUqaV1.jpg,1,414,339,"(358, 313, 113, 52)",5876,0.5712,0.3037,0.4711,1.0,1.0,0.4986,0.2281,2902.4901
25_jpg.rf.rmzcFzli4M2R5QwUqaV1.jpg,2,148,279,"(141, 263, 14, 33)",462,0.5126,0.3037,0.509,0.641,1.0,0.5043,0.1282,3896.7537
25_jpg.rf.rmzcFzli4M2R5QwUqaV1.jpg,3,341,240,"(302, 206, 79, 69)",5451,0.5821,0.3179,0.4882,1.0,1.0,0.4989,0.2192,1505.7009
25_jpg.rf.rmzcFzli4M2R5QwUqaV1.jpg,4,233,168,"(222, 135, 22, 67)",1474,0.4781,0.0271,0.4817,1.0,1.0,0.4986,0.4471,3100.5227
25_jpg.rf.rmzcFzli4M2R5QwUqaV1.jpg,5,258,96,"(253, 89, 10, 15)",150,0.5717,0.3037,0.4726,1.0,1.0,0.5183,0.2492,1456.9458
25_jpg.rf.rmzcFzli4M2R5QwUqaV1.jpg,6,376,123,"(358, 82, 37, 82)",3034,0.576,0.3037,0.4849,1.0,1.0,0.5095,0.3682,1549.3294
26_jpg.rf.RyVoSXRT7aYWBdgxIcGh.jpg,1,257,397,"(243, 391, 28, 12)",336,0.5218,0.1268,0.507,1.0,1.0,0.5,0.2073,2662.8961
26_jpg.rf.RyVoSXRT7aYWBdgxIcGh.jpg,2,212,362,"(189, 348, 47, 28)",1316,0.4907,0.0316,0.5133,1.0,1.0,0.5098,0.3225,3012.271
26_jpg.rf.yELG4VOLmix2Bstfs1aH.jpg,1,344,271,"(323, 226, 42, 91)",3822,0.4695,0.0271,0.4572,1.0,1.0,0.5003,0.4633,2462.4676
26_jpg.rf.yELG4VOLmix2Bstfs1aH.jpg,2,338,197,"(333, 190, 10, 14)",140,0.4743,0.0232,0.4749,1.0,1.0,0.5013,0.5944,1524.7841
275px-Crocus_sativus1_jpg.rf.YIxh8pTIGi5suM2lg54W.jpg,1,284,128,"(275, 115, 18, 27)",486,0.4909,0.0271,0.5183,1.0,1.0,0.4956,0.3906,1018.471
275px-Crocus_sativus1_jpg.rf.YIxh8pTIGi5suM2lg54W.jpg,2,337,116,"(329, 112, 16, 8)",128,0.633,0.6162,0.5269,1.0,0.3296,0.4994,0.3089,329.6346
275px-Crocus_sativus1_jpg.rf.YIxh8pTIGi5suM2lg54W.jpg,3,311,110,"(306, 102, 11, 16)",176,0.4581,0.0271,0.4885,1.0,0.776,0.493,0.6242,776.0333
27_jpg.rf.9i7tRLlccM2fxGWud3GM.jpg,1,246,296,"(233, 289, 27, 15)",405,0.4852,0.0271,0.5021,1.0,1.0,0.491,0.4549,4622.9163
27_jpg.rf.9i7tRLlccM2fxGWud3GM.jpg,2,293,204,"(283, 195, 20, 18)",360,0.8193,0.96,0.5236,1.0,1.0,0.4923,0.5396,6388.5902
27_jpg.rf.9i7tRLlccM2fxGWud3GM.jpg,3,431,195,"(396, 185, 71, 20)",1420,0.723,0.7319,0.4768,1.0,1.0,0.5016,0.5471,3115.7916
27_jpg.rf.9i7tRLlccM2fxGWud3GM.jpg,4,308,184,"(300, 179, 17, 10)",170,0.8163,0.9573,0.5179,1.0,1.0,0.5029,0.4702,3662.1417
27_jpg.rf.9i7tRLlccM2fxGWud3GM.jpg,5,373,182,"(362, 176, 22, 12)",264,0.7786,0.8999,0.5242,0.9007,1.0,0.4904,0.1801,3308.2692
27_jpg.rf.9i7tRLlccM2fxGWud3GM.jpg,6,342,180,"(332, 175, 21, 11)",231,0.8103,0.9544,0.5037,1.0,1.0,0.4965,0.2675,4683.6644
27_jpg.rf.U1pox64unr8pP4yyvubw.jpg,1,343,331,"(333, 326, 20, 10)",200,0.8107,0.9544,0.5048,1.0,1.0,0.501,0.2756,4729.969
27_jpg.rf.U1pox64unr8pP4yyvubw.jpg,2,372,329,"(362, 324, 21, 10)",210,0.8031,0.96,0.5056,0.9504,1.0,0.4848,0.1901,2959.0356
27_jpg.rf.U1pox64unr8pP4yyvubw.jpg,3,308,328,"(301, 323, 15, 10)",150,0.817,0.9627,0.5144,1.0,1.0,0.5015,0.4613,3753.9816
27_jpg.rf.U1pox64unr8pP4yyvubw.jpg,4,431,317,"(396, 307, 71, 20)",1420,0.7248,0.7319,0.4819,1.0,1.0,0.4979,0.5463,3277.3198
27_jpg.rf.U1pox64unr8pP4yyvubw.jpg,5,293,307,"(283, 299, 21, 17)",357,0.805,0.96,0.4828,1.0,1.0,0.4899,0.5465,6031.1141
27_jpg.rf.U1pox64unr8pP4yyvubw.jpg,6,229,213,"(190, 199, 79, 29)",2291,0.488,0.0316,0.5056,1.0,1.0,0.4912,0.3307,3555.8282
27_jpg.rf.U1pox64unr8pP4yyvubw.jpg,7,157,203,"(140, 197, 35, 12)",420,0.4571,0.0219,0.5038,1.0,0.7313,0.5034,0.3839,731.3362
27_jpg.rf.U1pox64unr8pP4yyvubw.jpg,8,91,189,"(76, 184, 31, 10)",310,0.5504,0.2985,0.4667,1.0,0.8257,0.5235,0.334,825.6998
28_jpg.rf.1tCy0Bzvy2JJRESN2hwL.jpg,1,328,302,"(324, 295, 9, 14)",126,0.4938,0.5549,0.5023,0.119,1.0,0.4838,0.0238,2744.5765
28_jpg.rf.1tCy0Bzvy2JJRESN2hwL.jpg,2,214,133,"(205, 121, 19, 25)",475,0.5732,0.3113,0.4693,1.0,1.0,0.5405,0.3426,1606.7142
28_jpg.rf.Ef29lRND6YmpQKVyZcQ3.jpg,1,229,276,"(171, 248, 116, 57)",6612,0.5204,0.1382,0.4916,1.0,1.0,0.5018,0.3871,1486.0241
28_jpg.rf.Ef29lRND6YmpQKVyZcQ3.jpg,2,112,244,"(92, 232, 40, 25)",1000,0.4715,0.0271,0.4628,1.0,1.0,0.5033,0.514,2163.5384
28_jpg.rf.Ef29lRND6YmpQKVyZcQ3.jpg,3,70,229,"(54, 223, 32, 12)",384,0.6026,0.3868,0.4777,1.0,1.0,0.5314,0.3551,2317.6658
28_jpg.rf.Y2w5Y74Aw0EfEBYqnODH.jpg,1,236,207,"(185, 150, 102, 115)",11730,0.4756,0.0271,0.4747,1.0,1.0,0.4962,0.423,2482.1351
28_jpg.rf.Y2w5Y74Aw0EfEBYqnODH.jpg,2,296,133,"(288, 122, 16, 22)",352,0.5843,0.3037,0.5087,1.0,1.0,0.5305,0.3666,4021.2725
2911550427_e00c9ce0bd_c_jpg.rf.3QDGEEwqgwQQq4hINRAl.jpg,1,278,294,"(261, 289, 35, 11)",385,0.4856,0.2893,0.5226,1.0,0.0143,0.5083,0.7234,14.2677
2911550427_e00c9ce0bd_c_jpg.rf.3QDGEEwqgwQQq4hINRAl.jpg,2,305,145,"(296, 138, 18, 15)",270,0.4852,0.2782,0.5339,1.0,0.0097,0.5038,0.7691,9.6555
2_jpg.rf.IyuvSc5Cv0RPFNIQO8Qu.jpg,1,148,488,"(137, 481, 22, 14)",308,0.6999,0.9684,0.5134,0.8201,0.1725,0.5074,0.164,172.4736
2_jpg.rf.IyuvSc5Cv0RPFNIQO8Qu.jpg,2,182,490,"(171, 468, 23, 44)",1012,0.7712,0.9544,0.5152,1.0,0.5686,0.5224,0.4349,568.5769
2_jpg.rf.IyuvSc5Cv0RPFNIQO8Qu.jpg,3,17,431,"(8, 419, 18, 24)",432,0.7318,0.9684,0.4858,1.0,0.2281,0.5067,0.5593,228.1401
2_jpg.rf.IyuvSc5Cv0RPFNIQO8Qu.jpg,4,10,395,"(0, 374, 21, 43)",903,0.7151,0.9544,0.4513,1.0,0.2311,0.5107,0.5684,231.0935
2_jpg.rf.IyuvSc5Cv0RPFNIQO8Qu.jpg,5,9,343,"(0, 323, 18, 41)",738,0.7085,0.9512,0.4745,1.0,0.0948,0.5098,0.5487,94.793
2ca814f18a2de238958006035887f9e1_jpg.rf.yMffC6BA5IyALHBIQZCG.jpg,1,484,124,"(477, 113, 15, 22)",330,0.4637,0.0271,0.4774,1.0,0.8706,0.4943,0.793,870.6202
2d11bdac2bca6266ed62e4c39bc69b72_jpg.rf.YQO1I0SXMjiyq3uv1oNI.jpg,1,402,282,"(370, 263, 64, 39)",2496,0.506,0.3127,0.4831,1.0,0.2743,0.5246,0.3756,274.3008
2d11bdac2bca6266ed62e4c39bc69b72_jpg.rf.YQO1I0SXMjiyq3uv1oNI.jpg,2,349,257,"(336, 251, 27, 13)",351,0.5613,0.3061,0.4722,1.0,0.8886,0.5123,0.4318,888.5774
2d11bdac2bca6266ed62e4c39bc69b72_jpg.rf.YQO1I0SXMjiyq3uv1oNI.jpg,3,5,236,"(0, 231, 11, 11)",121,0.4864,0.2842,0.4967,1.0,0.1306,0.5048,0.6419,130.5595
2d11bdac2bca6266ed62e4c39bc69b72_jpg.rf.YQO1I0SXMjiyq3uv1oNI.jpg,4,33,132,"(0, 121, 66, 22)",1452,0.5066,0.3036,0.4939,1.0,0.2745,0.53,0.6246,274.5229
2d11bdac2bca6266ed62e4c39bc69b72_jpg.rf.YQO1I0SXMjiyq3uv1oNI.jpg,5,153,130,"(144, 120, 19, 21)",399,0.5201,0.2985,0.4998,1.0,0.4074,0.5064,0.567,407.4257
2d11bdac2bca6266ed62e4c39bc69b72_jpg.rf.YQO1I0SXMjiyq3uv1oNI.jpg,6,146,59,"(141, 48, 11, 22)",242,0.4881,0.2985,0.4941,1.0,0.1071,0.4983,0.5128,107.0514
2d11bdac2bca6266ed62e4c39bc69b72_jpg.rf.YQO1I0SXMjiyq3uv1oNI.jpg,7,115,12,"(97, 0, 37, 24)",888,0.4896,0.2916,0.4971,1.0,0.1361,0.5045,0.7088,136.0836
2d11bdac2bca6266ed62e4c39bc69b72_jpg.rf.YQO1I0SXMjiyq3uv1oNI.jpg,8,48,54,"(0, 0, 97, 108)",10476,0.4867,0.2825,0.5142,1.0,0.0788,0.5236,0.7665,78.7946
2d9da9badd0de4573145644fa01fca24_jpg.rf.8lTxz9A750VpHLRl07D8.jpg,1,417,105,"(413, 98, 8, 15)",120,0.4612,0.2842,0.4532,1.0,0.0316,0.5015,1.0,31.5887
30_jpg.rf.PZXhjC9xjWuscZn1TfgD.jpg,1,417,394,"(409, 389, 16, 10)",160,0.8058,0.9715,0.4993,1.0,0.91,0.509,0.875,910.0257
30_jpg.rf.PZXhjC9xjWuscZn1TfgD.jpg,2,192,385,"(182, 374, 21, 22)",462,0.8066,0.9715,0.4759,1.0,1.0,0.4961,0.5597,1064.3698
30_jpg.rf.PZXhjC9xjWuscZn1TfgD.jpg,3,94,378,"(89, 374, 11, 9)",99,0.8167,1.0,0.4764,1.0,1.0,0.5176,0.5031,2663.7346
30_jpg.rf.PZXhjC9xjWuscZn1TfgD.jpg,4,245,375,"(236, 369, 19, 12)",228,0.8006,0.9544,0.476,1.0,1.0,0.4908,0.2769,1990.1735
30_jpg.rf.PZXhjC9xjWuscZn1TfgD.jpg,5,226,367,"(218, 352, 16, 30)",480,0.8074,0.9715,0.4781,1.0,1.0,0.5129,0.7228,1096.9776
30_jpg.rf.PZXhjC9xjWuscZn1TfgD.jpg,6,6,359,"(0, 350, 12, 19)",228,0.7956,0.9631,0.4529,1.0,1.0,0.5139,0.7939,2891.0877
30_jpg.rf.PZXhjC9xjWuscZn1TfgD.jpg,7,164,301,"(158, 294, 12, 14)",168,0.8267,1.0,0.5048,1.0,1.0,0.5258,0.3734,2495.9196
30_jpg.rf.PZXhjC9xjWuscZn1TfgD.jpg,8,139,288,"(129, 284, 21, 9)",189,0.8091,0.9544,0.5002,1.0,1.0,0.5195,0.4993,1887.2633
30_jpg.rf.PZXhjC9xjWuscZn1TfgD.jpg,9,435,206,"(420, 201, 31, 10)",310,0.7978,0.9659,0.4565,1.0,1.0,0.5058,0.8901,1511.8488
30_jpg.rf.PZXhjC9xjWuscZn1TfgD.jpg,10,205,205,"(163, 130, 85, 150)",12750,0.5798,0.3179,0.4815,1.0,1.0,0.5001,0.5283,1126.6808
30_jpg.rf.PZXhjC9xjWuscZn1TfgD.jpg,11,444,116,"(436, 111, 16, 11)",176,0.769,0.9715,0.5107,1.0,0.5023,0.5006,0.4736,502.2985
30_jpg.rf.PZXhjC9xjWuscZn1TfgD.jpg,12,241,23,"(228, 16, 26, 14)",364,0.7544,0.9627,0.4928,1.0,0.4498,0.4956,0.6316,449.8059
30_jpg.rf.PZXhjC9xjWuscZn1TfgD.jpg,13,424,11,"(416, 0, 16, 23)",368,0.4901,0.535,0.5411,0.4803,0.174,0.5122,0.0961,174.0331
317089179-198122522698619-4416305415943417402-n-1669569001Un8gk_jpg.rf.Jn1yuX66IR9uyyc7FJh8.jpg,1,498,296,"(485, 275, 27, 43)",1161,0.4992,0.1342,0.5257,1.0,0.6826,0.5101,0.303,682.5705
317089179-198122522698619-4416305415943417402-n-1669569001Un8gk_jpg.rf.Jn1yuX66IR9uyyc7FJh8.jpg,2,201,265,"(152, 223, 99, 85)",8415,0.558,0.3179,0.5203,1.0,0.6464,0.5228,0.5054,646.3623
317322772-198122806031924-8983095277359425382-n-16695690021TWAO_jpg.rf.CZ4oPEOemPNGkmM0z6Un.jpg,1,491,175,"(470, 161, 42, 28)",1176,0.4914,0.0271,0.5197,1.0,1.0,0.5047,0.4693,2701.1576
317424378-198122746031930-6446623377436038463-n-1669569003CqdPI_jpg.rf.U0lKqzgMC7NVvOcZxgPg.jpg,1,184,94,"(179, 89, 10, 10)",100,0.4812,0.0271,0.4905,1.0,1.0,0.4886,0.6901,1223.5392
31_jpg.rf.LXELzKtcgI0hQsfzVawa.jpg,1,388,384,"(382, 345, 12, 78)",936,0.4679,0.0278,0.4519,1.0,1.0,0.5109,0.8639,1063.2774
31_jpg.rf.LXELzKtcgI0hQsfzVawa.jpg,2,130,262,"(119, 230, 23, 64)",1472,0.4762,0.0271,0.4764,1.0,1.0,0.5062,0.55,2564.2689
31_jpg.rf.b79sh48ffImZWOKb6rHB.jpg,1,395,146,"(380, 82, 30, 128)",3840,0.4817,0.0271,0.4919,1.0,1.0,0.5134,0.7629,1243.9427
31_jpg.rf.bDP2Z9cVHwjdV0648R9C.jpg,1,387,147,"(363, 76, 49, 143)",7007,0.4806,0.0271,0.4887,1.0,1.0,0.5114,0.6244,1314.3476
32_jpg.rf.zZ3XGDoLiTUCZa8niKIX.jpg,1,409,302,"(400, 296, 19, 13)",247,0.5864,0.3037,0.5145,1.0,1.0,0.5173,0.2271,5536.7471
32_jpg.rf.zZ3XGDoLiTUCZa8niKIX.jpg,2,418,171,"(413, 160, 11, 22)",242,0.582,0.3037,0.502,1.0,1.0,0.5074,0.3069,1446.7271
32_jpg.rf.zZ3XGDoLiTUCZa8niKIX.jpg,3,429,135,"(423, 120, 12, 30)",360,0.5786,0.3037,0.4923,1.0,1.0,0.5113,0.3145,1486.1564
32_jpg.rf.zZ3XGDoLiTUCZa8niKIX.jpg,4,278,117,"(275, 111, 7, 13)",91,0.7456,0.7719,0.5011,1.0,1.0,0.5145,0.3726,3453.2027
32_jpg.rf.zZ3XGDoLiTUCZa8niKIX.jpg,5,437,105,"(433, 98, 8, 14)",112,0.58,0.3037,0.4962,1.0,1.0,0.5256,0.2635,1943.1946
332364_jpg.rf.zSwuHwpYQKHSsijHolTF.jpg,1,131,407,"(98, 385, 67, 45)",3015,0.4575,0.0271,0.4874,1.0,0.7741,0.5053,0.3302,774.0512
332364_jpg.rf.zSwuHwpYQKHSsijHolTF.jpg,2,189,389,"(172, 377, 35, 25)",875,0.568,0.3127,0.5079,1.0,0.8075,0.5298,0.5423,807.545
336340_jpg.rf.7za6wjQgnQu1ksSjhvcQ.jpg,1,335,508,"(328, 504, 15, 8)",120,0.4974,0.2984,0.5441,1.0,0.0254,0.5014,1.0,25.4244
336340_jpg.rf.7za6wjQgnQu1ksSjhvcQ.jpg,2,344,495,"(338, 488, 12, 14)",168,0.4967,0.3024,0.5381,1.0,0.0258,0.5015,1.0,25.766
336340_jpg.rf.7za6wjQgnQu1ksSjhvcQ.jpg,3,5,476,"(0, 471, 10, 10)",100,0.4927,0.2868,0.5437,1.0,0.0205,0.5023,1.0,20.5397
336340_jpg.rf.7za6wjQgnQu1ksSjhvcQ.jpg,4,69,474,"(58, 468, 22, 13)",286,0.4914,0.3024,0.522,1.0,0.0291,0.5039,1.0,29.0709
336340_jpg.rf.7za6wjQgnQu1ksSjhvcQ.jpg,5,20,286,"(12, 278, 17, 16)",272,0.4964,0.2934,0.5506,1.0,0.0102,0.5048,1.0,10.1872
336340_jpg.rf.7za6wjQgnQu1ksSjhvcQ.jpg,6,477,75,"(442, 34, 70, 83)",5810,0.4826,0.3011,0.4931,1.0,0.0466,0.5117,0.8986,46.5982
336340_jpg.rf.7za6wjQgnQu1ksSjhvcQ.jpg,7,422,25,"(415, 19, 14, 12)",168,0.4705,0.2791,0.4775,1.0,0.0571,0.5015,0.7965,57.0857
33_jpg.rf.YsGF6QygJEizQdIkagnE.jpg,1,316,316,"(295, 236, 43, 161)",6923,0.5753,0.3179,0.4687,1.0,1.0,0.5098,0.438,1549.9702
33_jpg.rf.YsGF6QygJEizQdIkagnE.jpg,2,397,236,"(394, 230, 6, 13)",78,0.6091,0.6645,0.4908,1.0,0.0468,0.5019,0.56,46.8477
33_jpg.rf.YsGF6QygJEizQdIkagnE.jpg,3,127,206,"(112, 190, 31, 32)",992,0.7178,0.9684,0.4927,1.0,0.064,0.5061,0.3969,64.0291
33_jpg.rf.YsGF6QygJEizQdIkagnE.jpg,4,321,208,"(302, 185, 38, 47)",1786,0.5863,0.3179,0.5001,1.0,1.0,0.522,0.4773,2044.5429
33_jpg.rf.YsGF6QygJEizQdIkagnE.jpg,5,119,171,"(113, 166, 12, 11)",132,0.7243,0.9645,0.4961,1.0,0.1305,0.498,0.3351,130.4683
33_jpg.rf.YsGF6QygJEizQdIkagnE.jpg,6,39,152,"(35, 145, 9, 15)",135,0.7212,0.9684,0.4986,1.0,0.0774,0.4983,0.5326,77.371
33_jpg.rf.v4z8oEi5zim3X38NPa9J.jpg,1,277,348,"(208, 314, 138, 68)",9384,0.5767,0.3179,0.4726,1.0,1.0,0.4887,0.4386,2966.6776
33_jpg.rf.v4z8oEi5zim3X38NPa9J.jpg,2,140,26,"(136, 19, 9, 15)",135,0.7396,0.9684,0.5282,1.0,0.158,0.4966,0.6032,158.0064
33_jpg.rf.xcUbwigKFlyO3fMO6pbU.jpg,1,141,486,"(136, 478, 10, 17)",170,0.7309,0.9684,0.5057,1.0,0.1494,0.4959,0.5737,149.3984
33_jpg.rf.xcUbwigKFlyO3fMO6pbU.jpg,2,215,457,"(196, 419, 39, 77)",3003,0.7161,0.9512,0.4819,1.0,0.1451,0.5032,0.295,145.0521
33_jpg.rf.xcUbwigKFlyO3fMO6pbU.jpg,3,285,164,"(208, 131, 155, 67)",10385,0.5761,0.3179,0.4709,1.0,1.0,0.4898,0.4042,3144.9812
33_jpg.rf.xcUbwigKFlyO3fMO6pbU.jpg,4,244,43,"(239, 39, 10, 9)",90,0.613,0.6667,0.5042,1.0,0.032,0.5003,0.5368,32.0258
34_jpg.rf.KTSlS68MH0yOdp1IMcbW.jpg,1,456,505,"(443, 499, 26, 13)",338,0.728,0.9559,0.5213,1.0,0.11,0.5039,0.2715,109.9701
34_jpg.rf.KTSlS68MH0yOdp1IMcbW.jpg,2,362,492,"(335, 482, 55, 20)",1100,0.726,0.9444,0.5286,1.0,0.105,0.4847,0.3097,105.0396
34_jpg.rf.KTSlS68MH0yOdp1IMcbW.jpg,3,75,102,"(69, 93, 13, 18)",234,0.4832,0.0271,0.4962,1.0,1.0,0.4968,0.4093,1164.8988
34_jpg.rf.KTSlS68MH0yOdp1IMcbW.jpg,4,40,90,"(35, 86, 11, 9)",99,0.7185,0.9559,0.493,1.0,0.114,0.5033,0.5238,114.0316
34_jpg.rf.KTSlS68MH0yOdp1IMcbW.jpg,5,287,53,"(270, 42, 35, 23)",805,0.7201,0.9627,0.4878,1.0,0.1243,0.5165,0.3307,124.3023
34_jpg.rf.KTSlS68MH0yOdp1IMcbW.jpg,6,190,10,"(185, 5, 10, 10)",100,0.7241,0.9568,0.4833,1.0,0.2003,0.4913,0.4784,200.2967
34_jpg.rf.wVAWUqGMlUgumKgCSzyV.jpg,1,506,427,"(500, 421, 12, 13)",156,0.6109,1.0,0.5264,0.3,0.1663,0.5161,0.06,166.3397
34_jpg.rf.wVAWUqGMlUgumKgCSzyV.jpg,2,455,291,"(445, 278, 21, 26)",546,0.4806,0.3179,0.4934,0.7337,0.4996,0.5059,0.1467,499.5835
34_jpg.rf.wVAWUqGMlUgumKgCSzyV.jpg,3,461,121,"(449, 115, 24, 12)",288,0.4626,0.0264,0.5171,1.0,0.7235,0.4962,0.6065,723.5397
34_jpg.rf.wVAWUqGMlUgumKgCSzyV.jpg,4,55,124,"(45, 114, 20, 21)",420,0.7235,0.9444,0.5175,1.0,0.1186,0.4942,0.3049,118.6109
34_jpg.rf.wVAWUqGMlUgumKgCSzyV.jpg,5,491,85,"(470, 70, 42, 31)",1302,0.7794,0.9444,0.4968,1.0,0.7495,0.5041,0.2204,749.5429
35_jpg.rf.q3VwLt0wFjItX8cXGF50.jpg,1,191,437,"(160, 416, 62, 42)",2604,0.5768,0.375,0.4923,1.0,0.7323,0.5249,0.2427,732.2924
35_jpg.rf.q3VwLt0wFjItX8cXGF50.jpg,2,381,389,"(362, 366, 38, 46)",1748,0.6334,0.5549,0.503,1.0,0.6314,0.5316,0.4966,631.3927
35_jpg.rf.q3VwLt0wFjItX8cXGF50.jpg,3,329,334,"(317, 324, 24, 20)",480,0.6225,0.5485,0.5113,1.0,0.5157,0.5267,0.3602,515.684
35_jpg.rf.q3VwLt0wFjItX8cXGF50.jpg,4,186,288,"(165, 270, 42, 36)",1512,0.567,0.2985,0.477,1.0,0.9559,0.5168,0.6917,955.8833
35_jpg.rf.q3VwLt0wFjItX8cXGF50.jpg,5,287,207,"(280, 194, 15, 26)",390,0.5024,0.0323,0.5459,1.0,1.0,0.5138,0.9669,1502.5864
35_jpg.rf.q3VwLt0wFjItX8cXGF50.jpg,6,223,206,"(198, 145, 51, 123)",6273,0.5706,0.3037,0.4795,1.0,0.9647,0.5182,0.6435,964.7434
35_jpg.rf.q3VwLt0wFjItX8cXGF50.jpg,7,70,131,"(64, 125, 12, 12)",144,0.5406,0.3179,0.4803,1.0,0.6121,0.5035,0.3559,612.0509
35_jpg.rf.q3VwLt0wFjItX8cXGF50.jpg,8,505,52,"(498, 38, 14, 29)",406,0.7154,0.9627,0.4813,1.0,0.1003,0.5196,0.778,100.2719
35_jpg.rf.q3VwLt0wFjItX8cXGF50.jpg,9,438,31,"(430, 22, 17, 19)",323,0.7149,0.955,0.4833,1.0,0.1155,0.5149,0.8788,115.471
360_F_300751992_QCgmM5hVlMfGnm32lcjYVBm0Vzmw7Y7N_jpg.rf.z7Hsn7FkYNdqX026w1wh.jpg,1,422,199,"(417, 192, 10, 15)",150,0.5148,0.3037,0.4972,1.0,0.3444,0.511,0.5067,344.387
360_F_540830240_0R478fmmvGBGBopTGqgEB4Qja17j93R2_jpg.rf.kWaZ6SCQU9DE9U30WFOw.jpg,1,75,416,"(16, 380, 118, 73)",8614,0.5474,0.2946,0.5282,1.0,0.5938,0.5542,0.3281,593.7788
360_F_599296170_bGcuUTM11GIjLrfm7YnFeyhDpFj5YBRb_jpg.rf.Ssl3BD8HRzg8YG7Xyljv.jpg,1,154,400,"(141, 391, 26, 19)",494,0.5864,0.5463,0.5206,1.0,0.1298,0.509,0.3141,129.8474
360_F_599296170_bGcuUTM11GIjLrfm7YnFeyhDpFj5YBRb_jpg.rf.Ssl3BD8HRzg8YG7Xyljv.jpg,2,308,388,"(303, 383, 11, 10)",110,0.5621,0.5463,0.5135,0.8597,0.1922,0.5063,0.1719,192.2114
360_F_599296170_bGcuUTM11GIjLrfm7YnFeyhDpFj5YBRb_jpg.rf.Ssl3BD8HRzg8YG7Xyljv.jpg,3,372,365,"(360, 361, 25, 8)",200,0.566,0.5201,0.4891,1.0,0.1285,0.5045,0.4189,128.5269
360_F_599296170_bGcuUTM11GIjLrfm7YnFeyhDpFj5YBRb_jpg.rf.Ssl3BD8HRzg8YG7Xyljv.jpg,4,124,350,"(96, 320, 57, 61)",3477,0.4916,0.3016,0.4701,1.0,0.2155,0.5025,0.6571,215.5488
360_F_599296170_bGcuUTM11GIjLrfm7YnFeyhDpFj5YBRb_jpg.rf.Ssl3BD8HRzg8YG7Xyljv.jpg,5,450,236,"(437, 223, 26, 26)",676,0.7182,0.9512,0.4861,1.0,0.1516,0.5144,0.2839,151.6392
360_F_621209261_xH6r2d46XAiJhImBaSN3b7GUtIsgYz6C_jpg.rf.u04SwfKt1N5ksBzAYOd0.jpg,1,234,184,"(229, 178, 11, 12)",132,0.5251,0.2978,0.4899,1.0,0.4943,0.503,0.4565,494.344
360_F_621209261_xH6r2d46XAiJhImBaSN3b7GUtIsgYz6C_jpg.rf.u04SwfKt1N5ksBzAYOd0.jpg,2,332,29,"(315, 17, 35, 25)",875,0.4933,0.2853,0.4986,1.0,0.1891,0.5078,0.4641,189.1114
360_F_812075769_pyVk9oRR2QqTmJM72P1rA18FLpYPzgon_jpg.rf.wCyVmdUoJeOdBgdm5Xnc.jpg,1,111,487,"(89, 476, 45, 23)",1035,0.4718,0.2825,0.4851,1.0,0.0312,0.5045,0.5644,31.1645
360_F_812075769_pyVk9oRR2QqTmJM72P1rA18FLpYPzgon_jpg.rf.wCyVmdUoJeOdBgdm5Xnc.jpg,2,35,246,"(30, 239, 10, 15)",150,0.5135,0.2966,0.4736,1.0,0.4394,0.5083,0.3838,439.4093
360_F_812075769_pyVk9oRR2QqTmJM72P1rA18FLpYPzgon_jpg.rf.wCyVmdUoJeOdBgdm5Xnc.jpg,3,284,251,"(261, 234, 47, 35)",1645,0.6419,0.7214,0.516,1.0,0.0882,0.5346,0.5146,88.2312
36100-36100-image-36100-saffron-crocus_1_jpg.rf.CFVd5YBHJ5yKHA2wqbkr.jpg,1,109,168,"(101, 160, 17, 16)",272,0.7077,0.9499,0.4967,1.0,0.0142,0.5049,0.9335,14.1771
36100-36100-image-36100-saffron-crocus_1_jpg.rf.CFVd5YBHJ5yKHA2wqbkr.jpg,2,447,41,"(443, 35, 9, 13)",117,0.7227,0.9511,0.5214,1.0,0.073,0.4845,0.6895,72.9788
36100-36100-image-36100-saffron-crocus_1_jpg.rf.CFVd5YBHJ5yKHA2wqbkr.jpg,3,9,40,"(0, 35, 19, 11)",209,0.7138,0.9499,0.5094,1.0,0.0307,0.5031,0.4365,30.6748
36100-36100-image-36100-saffron-crocus_1_jpg.rf.CFVd5YBHJ5yKHA2wqbkr.jpg,4,404,30,"(400, 24, 9, 12)",108,0.7218,0.9538,0.5186,1.0,0.0641,0.5025,0.8095,64.14
36_jpg.rf.AcEiNZoE3hgSrxpHUASe.jpg,1,331,415,"(322, 409, 18, 12)",216,0.4868,0.0316,0.5022,1.0,1.0,0.5007,0.5667,3353.8618
36_jpg.rf.AcEiNZoE3hgSrxpHUASe.jpg,2,342,166,"(320, 143, 44, 46)",2024,0.4786,0.0316,0.4788,1.0,1.0,0.508,0.5416,3833.4949
36_jpg.rf.AcEiNZoE3hgSrxpHUASe.jpg,3,226,44,"(221, 20, 10, 49)",490,0.5845,0.3179,0.4949,1.0,1.0,0.5285,0.2966,3471.3766
36_jpg.rf.CjLOSm5DG03NPTmy5Sey.jpg,1,85,346,"(55, 326, 60, 40)",2400,0.5846,0.3179,0.4952,1.0,1.0,0.5135,0.2062,1028.7788
36_jpg.rf.CjLOSm5DG03NPTmy5Sey.jpg,2,65,291,"(44, 286, 43, 10)",430,0.6129,0.3804,0.5135,1.0,1.0,0.5212,0.3182,1160.1063
36_jpg.rf.oLvnCC9hN6UKlMd0kAVB.jpg,1,204,364,"(198, 357, 13, 15)",195,0.4856,0.0239,0.5063,1.0,1.0,0.5097,0.8252,2972.4082
36_jpg.rf.oLvnCC9hN6UKlMd0kAVB.jpg,2,74,222,"(52, 218, 45, 9)",405,0.7816,0.8874,0.4885,1.0,1.0,0.5153,0.3475,1873.9592
36_jpg.rf.oLvnCC9hN6UKlMd0kAVB.jpg,3,85,167,"(55, 147, 60, 40)",2400,0.7803,0.8942,0.4782,1.0,1.0,0.5048,0.2497,2243.3094
370255243_jpg.rf.QRQQvzXgHMz1uzQ90RXV.jpg,1,307,46,"(295, 26, 24, 41)",984,0.4862,0.2841,0.4895,1.0,0.1545,0.5106,0.6069,154.463
370255243_jpg.rf.QRQQvzXgHMz1uzQ90RXV.jpg,2,358,25,"(349, 14, 18, 22)",396,0.5019,0.3037,0.5046,1.0,0.1898,0.5216,0.2804,189.8297
370255243_jpg.rf.QRQQvzXgHMz1uzQ90RXV.jpg,3,74,38,"(60, 9, 28, 59)",1652,0.5008,0.2985,0.4706,1.0,0.3162,0.5289,0.2961,316.205
38_jpg.rf.2SWpUVbDmiKHHpAwIboV.jpg,1,237,410,"(203, 367, 69, 87)",6003,0.5294,0.0996,0.5558,1.0,1.0,0.5051,0.3406,1859.5232
38_jpg.rf.2SWpUVbDmiKHHpAwIboV.jpg,2,311,352,"(302, 346, 18, 13)",234,0.6153,0.8915,0.4944,0.2267,0.8494,0.5003,0.0453,849.3586
38_jpg.rf.2SWpUVbDmiKHHpAwIboV.jpg,3,368,317,"(359, 300, 19, 34)",646,0.6506,0.6186,0.531,1.0,0.4822,0.4932,0.4151,482.1659
38_jpg.rf.2SWpUVbDmiKHHpAwIboV.jpg,4,288,315,"(279, 300, 18, 30)",540,0.6244,0.6641,0.4911,1.0,0.2004,0.5101,0.4365,200.4075
38_jpg.rf.2SWpUVbDmiKHHpAwIboV.jpg,5,237,279,"(223, 257, 28, 44)",1232,0.718,0.9559,0.5186,1.0,0.0192,0.4918,0.2817,19.1921
38_jpg.rf.2SWpUVbDmiKHHpAwIboV.jpg,6,200,255,"(191, 247, 19, 16)",304,0.7125,0.9538,0.5037,1.0,0.0238,0.5075,0.5657,23.8496
38_jpg.rf.2SWpUVbDmiKHHpAwIboV.jpg,7,331,201,"(317, 195, 29, 12)",348,0.4907,0.0316,0.5133,1.0,1.0,0.4999,0.2154,1482.6896
38_jpg.rf.2SWpUVbDmiKHHpAwIboV.jpg,8,310,147,"(242, 110, 137, 75)",10275,0.4826,0.0316,0.4901,1.0,1.0,0.4935,0.32,1409.1739
38_jpg.rf.8hfqM9qHmV8NXhrZKVfq.jpg,1,195,370,"(177, 358, 37, 25)",925,0.7037,0.6186,0.5347,1.0,1.0,0.4855,0.3403,1111.5332
38_jpg.rf.8hfqM9qHmV8NXhrZKVfq.jpg,2,158,309,"(151, 300, 14, 18)",252,0.6281,0.8915,0.497,0.2179,0.9858,0.4982,0.0436,985.8075
38_jpg.rf.8hfqM9qHmV8NXhrZKVfq.jpg,3,424,300,"(415, 297, 19, 6)",114,0.5884,0.9405,0.5214,0.3136,0.1401,0.4974,0.0627,140.1468
38_jpg.rf.8hfqM9qHmV8NXhrZKVfq.jpg,4,196,287,"(181, 278, 30, 19)",570,0.6154,0.6605,0.4514,1.0,0.2619,0.5196,0.4355,261.8913
38_jpg.rf.8hfqM9qHmV8NXhrZKVfq.jpg,5,506,275,"(501, 268, 11, 15)",165,0.7201,0.9616,0.5056,1.0,0.0662,0.5036,0.2113,66.2095
38_jpg.rf.8hfqM9qHmV8NXhrZKVfq.jpg,6,233,236,"(211, 223, 45, 27)",1215,0.7177,0.952,0.521,1.0,0.0213,0.4926,0.2798,21.3251
38_jpg.rf.8hfqM9qHmV8NXhrZKVfq.jpg,7,257,200,"(249, 190, 16, 20)",320,0.7101,0.9538,0.4958,1.0,0.0275,0.5114,0.5703,27.5236
38_jpg.rf.8hfqM9qHmV8NXhrZKVfq.jpg,8,99,221,"(55, 167, 89, 109)",9701,0.4786,0.0316,0.4787,1.0,1.0,0.5202,0.4791,1945.7349
38_jpg.rf.u6oXIemO8nA66hUUdYCe.jpg,1,291,411,"(237, 368, 108, 87)",9396,0.4782,0.0316,0.4776,1.0,1.0,0.5109,0.4919,1613.0804
38_jpg.rf.u6oXIemO8nA66hUUdYCe.jpg,2,202,353,"(193, 346, 19, 14)",266,0.6064,0.8915,0.4887,0.2109,0.812,0.4994,0.0422,812.0379
38_jpg.rf.u6oXIemO8nA66hUUdYCe.jpg,3,224,314,"(215, 300, 18, 29)",522,0.6165,0.6641,0.4622,1.0,0.2226,0.5126,0.4512,222.6037
38_jpg.rf.u6oXIemO8nA66hUUdYCe.jpg,4,143,317,"(134, 299, 19, 36)",684,0.6494,0.6186,0.5316,1.0,0.4683,0.4926,0.3972,468.2576
38_jpg.rf.u6oXIemO8nA66hUUdYCe.jpg,5,274,279,"(261, 257, 27, 44)",1188,0.7207,0.9559,0.5256,1.0,0.0211,0.4961,0.2711,21.1324
38_jpg.rf.u6oXIemO8nA66hUUdYCe.jpg,6,189,159,"(110, 111, 159, 96)",15264,0.4744,0.0316,0.4826,1.0,0.944,0.5,0.3134,943.9777
3917990cd15c234798ac3cd2c1b36c44_jpg.rf.aDYsafq9vIdM5n7mEJiW.jpg,1,242,255,"(219, 250, 47, 10)",470,0.4784,0.2866,0.4728,1.0,0.1264,0.5132,0.416,126.4213
3917990cd15c234798ac3cd2c1b36c44_jpg.rf.aDYsafq9vIdM5n7mEJiW.jpg,2,157,61,"(141, 47, 32, 28)",896,0.4715,0.2782,0.4949,1.0,0.0096,0.4985,0.646,9.5679
39_jpg.rf.3LagrUglFiWb2THkJ7R2.jpg,1,274,405,"(239, 346, 70, 118)",8260,0.5753,0.3037,0.4828,1.0,1.0,0.501,0.5165,2579.978
39_jpg.rf.3LagrUglFiWb2THkJ7R2.jpg,2,275,240,"(268, 227, 14, 27)",378,0.8157,0.9796,0.4939,1.0,1.0,0.543,0.571,3339.1982
39_jpg.rf.3LagrUglFiWb2THkJ7R2.jpg,3,354,299,"(304, 192, 100, 214)",21400,0.4799,0.0271,0.4869,1.0,1.0,0.5006,0.5023,2628.5753
39_jpg.rf.SelocAnrswyaYFxVXJnY.jpg,1,234,242,"(231, 233, 7, 19)",133,0.8101,0.9476,0.5099,1.0,1.0,0.5279,0.5144,2495.8666
3_jpg.rf.ehTmU6xm4tuMY9HA46PF.jpg,1,385,491,"(343, 471, 84, 41)",3444,0.4717,0.1317,0.5111,1.0,0.4671,0.5056,0.201,467.1144
3_jpg.rf.ehTmU6xm4tuMY9HA46PF.jpg,2,62,467,"(54, 455, 17, 25)",425,0.4589,0.1336,0.5205,1.0,0.2999,0.4987,0.2134,299.8589
3_jpg.rf.ehTmU6xm4tuMY9HA46PF.jpg,3,107,434,"(97, 424, 21, 20)",420,0.4579,0.1343,0.5271,1.0,0.2638,0.4985,0.2841,263.8249
3_jpg.rf.ehTmU6xm4tuMY9HA46PF.jpg,4,170,413,"(160, 404, 21, 19)",399,0.5852,0.3219,0.4929,1.0,1.0,0.5087,0.7781,4034.189
3_jpg.rf.ehTmU6xm4tuMY9HA46PF.jpg,5,10,275,"(0, 267, 20, 17)",340,0.5528,0.5192,0.5335,0.8554,0.1326,0.5131,0.1711,132.6047
3_jpg.rf.ehTmU6xm4tuMY9HA46PF.jpg,6,150,240,"(66, 196, 169, 88)",14872,0.5794,0.3179,0.4804,1.0,1.0,0.5024,0.7374,1431.2139
3_jpg.rf.ehTmU6xm4tuMY9HA46PF.jpg,7,208,19,"(137, 0, 143, 39)",5577,0.5846,0.5349,0.5233,1.0,0.1427,0.522,0.4077,142.7194
3d9042ea7dff353d5e121827290a5776_jpg.rf.PgsYH8bQO7wqyJthxfEU.jpg,1,131,503,"(123, 494, 17, 18)",306,0.6737,0.9733,0.4797,0.783,0.0854,0.5114,0.1566,85.4405
3d9042ea7dff353d5e121827290a5776_jpg.rf.PgsYH8bQO7wqyJthxfEU.jpg,2,72,465,"(64, 456, 17, 18)",306,0.5654,0.9794,0.4921,0.2241,0.0553,0.5136,0.0448,55.2937
40_jpg.rf.M0bWR0Hoz1Uzo2hEhi0w.jpg,1,384,376,"(368, 353, 33, 46)",1518,0.5252,0.3037,0.4874,0.7414,1.0,0.5334,0.1483,2704.4916
41_jpg.rf.fTcsz8LIfk0oxVpyhppH.jpg,1,317,382,"(301, 332, 33, 100)",3300,0.8064,0.9544,0.4926,1.0,1.0,0.519,0.2966,7328.3479
41_jpg.rf.fTcsz8LIfk0oxVpyhppH.jpg,2,165,292,"(157, 285, 16, 15)",240,0.576,0.3077,0.4807,1.0,1.0,0.5018,0.9299,1073.2568
41_jpg.rf.fTcsz8LIfk0oxVpyhppH.jpg,3,293,237,"(282, 224, 22, 27)",594,0.7816,0.8942,0.4817,1.0,1.0,0.5346,0.3394,2158.6096
41_jpg.rf.fTcsz8LIfk0oxVpyhppH.jpg,4,224,232,"(186, 213, 77, 38)",2926,0.6613,0.5549,0.4774,1.0,1.0,0.5152,0.5189,3219.6531
41_jpg.rf.fTcsz8LIfk0oxVpyhppH.jpg,5,404,207,"(352, 178, 105, 59)",6195,0.5863,0.3037,0.5143,1.0,1.0,0.5116,0.6709,1022.6647
41_jpg.rf.fTcsz8LIfk0oxVpyhppH.jpg,6,165,163,"(136, 136, 59, 55)",3245,0.5746,0.3037,0.4808,1.0,1.0,0.5103,0.8743,1928.6179
41_jpg.rf.fTcsz8LIfk0oxVpyhppH.jpg,7,252,100,"(236, 31, 33, 139)",4587,0.5803,0.3113,0.4896,1.0,1.0,0.513,0.6889,2053.6608
41_jpg.rf.wRXIhSgB7UhyHmVRMIup.jpg,1,168,348,"(143, 324, 51, 49)",2499,0.5728,0.3037,0.4758,1.0,1.0,0.5072,0.8855,4646.4484
41_jpg.rf.wRXIhSgB7UhyHmVRMIup.jpg,2,291,280,"(282, 275, 19, 11)",209,0.8026,0.9544,0.4816,1.0,1.0,0.5213,0.3478,5524.8215
41_jpg.rf.wRXIhSgB7UhyHmVRMIup.jpg,3,230,276,"(199, 260, 62, 32)",1984,0.6623,0.5549,0.4802,1.0,1.0,0.5209,0.4671,6445.5636
41_jpg.rf.wRXIhSgB7UhyHmVRMIup.jpg,4,164,220,"(157, 213, 14, 14)",196,0.5829,0.3077,0.5004,1.0,1.0,0.5048,0.824,4459.6181
41_jpg.rf.wRXIhSgB7UhyHmVRMIup.jpg,5,318,114,"(303, 80, 31, 68)",2108,0.7722,0.8942,0.455,1.0,1.0,0.5235,0.3564,9847.2349
42_jpg.rf.IkUmsFH963W9dZYK0iMX.jpg,1,456,325,"(448, 320, 16, 10)",160,0.5997,0.3179,0.5384,1.0,1.0,0.5297,0.3701,1506.5187
42_jpg.rf.cG3r0oJz7iGcVyQmcnaF.jpg,1,221,368,"(212, 355, 18, 27)",486,0.6414,0.5538,0.5137,1.0,0.678,0.523,0.2521,678.0384
42_jpg.rf.cG3r0oJz7iGcVyQmcnaF.jpg,2,58,324,"(49, 318, 18, 12)",216,0.5194,0.3127,0.5097,1.0,0.3156,0.5304,0.3375,315.5579
42_jpg.rf.iqI6IU2r4s22vz0YcXnY.jpg,1,58,324,"(50, 319, 16, 10)",160,0.5753,0.3061,0.5072,1.0,0.9062,0.5216,0.3425,906.2199
42_jpg.rf.iqI6IU2r4s22vz0YcXnY.jpg,2,209,253,"(191, 238, 37, 31)",1147,0.4744,0.0271,0.4713,1.0,1.0,0.4982,0.6028,2007.9198
42_jpg.rf.iqI6IU2r4s22vz0YcXnY.jpg,3,205,198,"(179, 177, 52, 42)",2184,0.4701,0.0271,0.4587,1.0,1.0,0.5083,0.7885,1933.0963
43_jpg.rf.4YvrEU4m5MzJavcPoVAH.jpg,1,195,286,"(184, 281, 23, 10)",230,0.5719,0.3037,0.4731,1.0,1.0,0.5286,0.2584,6223.0975
43_jpg.rf.4YvrEU4m5MzJavcPoVAH.jpg,2,220,287,"(209, 265, 23, 45)",1035,0.5883,0.312,0.5117,1.0,1.0,0.5253,0.4687,2790.7707
43_jpg.rf.PYsolYl0KVPGKLKFL2Yv.jpg,1,98,228,"(64, 209, 69, 39)",2691,0.5743,0.3037,0.4801,1.0,1.0,0.5086,0.3658,2228.7463
44_jpg.rf.Be3xg4sGQJNR9KSikMcp.jpg,1,238,483,"(228, 472, 20, 22)",440,0.7402,0.9568,0.5305,1.0,0.1963,0.4795,0.2665,196.3096
44_jpg.rf.Be3xg4sGQJNR9KSikMcp.jpg,2,296,376,"(286, 370, 20, 12)",240,0.6579,0.5327,0.5222,1.0,0.887,0.4911,0.349,886.9635
44_jpg.rf.hl0H7aT6NBwUXIIYWlAm.jpg,1,5,453,"(0, 444, 11, 19)",209,0.7401,0.96,0.5214,0.9393,0.3372,0.4847,0.1879,337.1811
45_jpg.rf.bondT3QKDPG4MjhMCFWs.jpg,1,130,504,"(123, 497, 14, 15)",210,0.6419,0.7352,0.4879,1.0,0.1384,0.4954,0.7399,138.4048
45_jpg.rf.bondT3QKDPG4MjhMCFWs.jpg,2,326,373,"(320, 364, 13, 18)",234,0.7084,0.658,0.5087,1.0,1.0,0.5125,0.348,1399.7742
45_jpg.rf.bondT3QKDPG4MjhMCFWs.jpg,3,197,341,"(191, 323, 13, 37)",481,0.4849,0.0271,0.5012,1.0,1.0,0.5074,0.4302,2434.3113
45_jpg.rf.bondT3QKDPG4MjhMCFWs.jpg,4,468,329,"(457, 315, 23, 29)",667,0.467,0.0271,0.4499,1.0,1.0,0.5098,0.747,2860.0385
45_jpg.rf.bondT3QKDPG4MjhMCFWs.jpg,5,483,290,"(465, 262, 36, 57)",2052,0.4797,0.0271,0.4862,1.0,1.0,0.5158,0.7714,2769.8776
45_jpg.rf.bondT3QKDPG4MjhMCFWs.jpg,6,191,272,"(171, 261, 40, 22)",880,0.5763,0.3179,0.4716,1.0,1.0,0.5092,0.7404,1693.9096
45_jpg.rf.bondT3QKDPG4MjhMCFWs.jpg,7,164,239,"(157, 229, 15, 20)",300,0.5694,0.3037,0.466,1.0,1.0,0.5061,0.7315,1871.6014
45_jpg.rf.bondT3QKDPG4MjhMCFWs.jpg,8,462,224,"(446, 206, 32, 36)",1152,0.4753,0.0271,0.4737,1.0,1.0,0.5027,0.8878,2584.6838
45_jpg.rf.bondT3QKDPG4MjhMCFWs.jpg,9,5,103,"(0, 96, 11, 14)",154,0.5494,0.9476,0.5129,0.0339,0.314,0.5008,0.0068,313.9573
45_jpg.rf.chShuw5NnAq1IgqqdF0Y.jpg,1,314,498,"(304, 485, 21, 27)",567,0.4792,0.0278,0.4843,1.0,1.0,0.5117,0.8724,4618.4888
45_jpg.rf.chShuw5NnAq1IgqqdF0Y.jpg,2,201,488,"(178, 469, 46, 38)",1748,0.5856,0.3179,0.498,1.0,1.0,0.5341,0.5837,3172.925
45_jpg.rf.chShuw5NnAq1IgqqdF0Y.jpg,3,349,488,"(324, 465, 51, 47)",2397,0.4861,0.0278,0.5039,1.0,1.0,0.5134,0.782,4457.247
45_jpg.rf.chShuw5NnAq1IgqqdF0Y.jpg,4,289,471,"(281, 461, 17, 20)",340,0.6722,0.5549,0.5086,1.0,1.0,0.5213,0.7004,2607.9294
45_jpg.rf.chShuw5NnAq1IgqqdF0Y.jpg,5,180,364,"(173, 356, 14, 17)",238,0.6599,0.5401,0.4881,1.0,1.0,0.5151,0.2918,1486.5546
45_jpg.rf.chShuw5NnAq1IgqqdF0Y.jpg,6,375,221,"(368, 209, 14, 25)",350,0.7201,0.9491,0.5151,1.0,0.0759,0.4899,0.7817,75.885
45_jpg.rf.gAo3nTOZ7TrelmYnVM0L.jpg,1,325,374,"(318, 364, 15, 21)",315,0.6871,0.7182,0.5279,1.0,0.5099,0.5123,0.4489,509.9468
45_jpg.rf.gAo3nTOZ7TrelmYnVM0L.jpg,2,5,115,"(0, 96, 11, 38)",418,0.5401,0.9544,0.5007,0.0471,0.2138,0.5014,0.0094,213.7928
45_jpg.rf.gAo3nTOZ7TrelmYnVM0L.jpg,3,234,75,"(227, 68, 14, 15)",210,0.7135,0.9491,0.4965,1.0,0.0754,0.4896,0.8775,75.3562
469841c152a954c2de48b7f699f676c0_jpg.rf.Qd6NOicfuKZ3x3f3Opka.jpg,1,467,39,"(422, 0, 90, 78)",7020,0.4872,0.3085,0.509,1.0,0.0104,0.5086,0.7659,10.3557
469841c152a954c2de48b7f699f676c0_jpg.rf.Qd6NOicfuKZ3x3f3Opka.jpg,2,304,34,"(219, 0, 170, 69)",11730,0.4853,0.3036,0.5097,1.0,0.0067,0.531,0.7785,6.7269
469841c152a954c2de48b7f699f676c0_jpg.rf.Qd6NOicfuKZ3x3f3Opka.jpg,3,103,25,"(25, 0, 157, 50)",7850,0.4835,0.3077,0.5005,1.0,0.0067,0.5101,0.7171,6.6888
46_jpg.rf.QycRNA6lfWzdSuufyGnv.jpg,1,79,101,"(74, 95, 10, 13)",130,0.4731,0.0271,0.4806,1.0,0.954,0.498,0.5727,953.9996
46_jpg.rf.QycRNA6lfWzdSuufyGnv.jpg,2,102,80,"(96, 73, 13, 15)",195,0.4684,0.0271,0.4844,1.0,0.8934,0.4986,0.7007,893.4011
46_jpg.rf.hKaBjRd8uxWh7LzAUuSp.jpg,1,430,413,"(421, 401, 19, 24)",456,0.5022,0.0316,0.5461,1.0,1.0,0.4982,0.6389,2003.4859
46_jpg.rf.hKaBjRd8uxWh7LzAUuSp.jpg,2,329,286,"(310, 268, 38, 36)",1368,0.4929,0.0316,0.5196,1.0,1.0,0.5079,0.7171,2707.9891
46_jpg.rf.hKaBjRd8uxWh7LzAUuSp.jpg,3,150,91,"(114, 33, 73, 117)",8541,0.7831,0.9476,0.5094,0.8655,1.0,0.5277,0.1731,1421.5593
46_jpg.rf.xBogKQZhQGCRyXztFDXo.jpg,1,431,97,"(423, 85, 16, 25)",400,0.5074,0.0316,0.5608,1.0,1.0,0.4989,0.7365,3763.582
46_jpg.rf.xBogKQZhQGCRyXztFDXo.jpg,2,410,79,"(403, 74, 15, 10)",150,0.5049,0.0316,0.5538,1.0,1.0,0.4982,0.7441,3282.5586
47_jpg.rf.KRsbLG0Ac9p7fNAWkUzI.jpg,1,381,388,"(372, 379, 18, 19)",342,0.7241,0.7387,0.4731,1.0,1.0,0.5208,0.5065,1450.8873
47_jpg.rf.KRsbLG0Ac9p7fNAWkUzI.jpg,2,326,325,"(307, 303, 39, 45)",1755,0.8051,0.9659,0.4771,1.0,1.0,0.5221,0.3199,2889.7822
48-486076_saffron-is-a-spice-coming-from-the-crocus_png.rf.vm3ccSuwJ6SVRRID4iKi.jpg,1,288,173,"(243, 135, 90, 76)",6840,0.4919,0.2894,0.4978,1.0,0.1635,0.5339,0.4777,163.5198
48-486076_saffron-is-a-spice-coming-from-the-crocus_png.rf.vm3ccSuwJ6SVRRID4iKi.jpg,2,339,83,"(331, 71, 17, 25)",425,0.4621,0.2791,0.4671,1.0,0.009,0.5004,0.7707,9.0262
4_jpg.rf.HikkwFOSQ7Ap1kHVEpVk.jpg,1,223,454,"(212, 442, 23, 25)",575,0.7947,0.9573,0.4562,1.0,1.0,0.4939,0.2409,1113.0799
4_jpg.rf.HikkwFOSQ7Ap1kHVEpVk.jpg,2,275,203,"(247, 134, 57, 139)",7923,0.5779,0.3113,0.4826,1.0,1.0,0.5015,0.4042,2380.3739
4_jpg.rf.HikkwFOSQ7Ap1kHVEpVk.jpg,3,244,96,"(225, 78, 38, 36)",1368,0.7289,0.725,0.5003,1.0,1.0,0.5267,0.3358,2031.7695
5011b234c3f9b17fc42c0657f0a0dbb8_jpg.rf.pvrSFjdp12xOYTObQXQD.jpg,1,161,488,"(143, 465, 36, 47)",1692,0.4953,0.3037,0.4839,0.8274,0.542,0.5189,0.1655,541.9632
5011b234c3f9b17fc42c0657f0a0dbb8_jpg.rf.pvrSFjdp12xOYTObQXQD.jpg,2,321,168,"(313, 154, 17, 29)",493,0.4946,0.2882,0.5344,1.0,0.0671,0.502,1.0,67.0779
50_jpg.rf.h2L3SzeetyzhgisQduDJ.jpg,1,69,482,"(47, 472, 44, 20)",880,0.7011,0.6586,0.4875,1.0,1.0,0.5302,0.4799,1455.1019
56d560539102c4b95a396951cf9bff73_jpg.rf.7R9geG8LEbAshsFlpquW.jpg,1,82,193,"(77, 186, 10, 15)",150,0.5425,0.3113,0.4867,1.0,0.6319,0.5062,0.5673,631.8588
584a2dfd23eb29a95da98ae9ff96cd8c_jpg.rf.QS0xpho86BWyqEazDazw.jpg,1,156,495,"(115, 479, 83, 33)",2739,0.4798,0.2985,0.4869,1.0,0.0492,0.5061,0.8669,49.1625
584a2dfd23eb29a95da98ae9ff96cd8c_jpg.rf.QS0xpho86BWyqEazDazw.jpg,2,145,430,"(137, 427, 17, 7)",119,0.4769,0.2791,0.4696,1.0,0.1479,0.5018,0.4574,147.9237
584a2dfd23eb29a95da98ae9ff96cd8c_jpg.rf.QS0xpho86BWyqEazDazw.jpg,3,142,370,"(128, 347, 28, 47)",1316,0.4855,0.2894,0.4835,1.0,0.1497,0.5283,0.3653,149.6565
584a2dfd23eb29a95da98ae9ff96cd8c_jpg.rf.QS0xpho86BWyqEazDazw.jpg,4,210,222,"(178, 163, 65, 119)",7735,0.4955,0.2944,0.4978,1.0,0.182,0.529,0.4797,182.0224
6-EXPERIENCE_webp.rf.5TKMIjUKk8BNHf2sRig4.jpg,1,170,371,"(158, 366, 24, 11)",264,0.5894,0.3037,0.5232,1.0,1.0,0.52,0.2838,3158.5124
6-EXPERIENCE_webp.rf.5TKMIjUKk8BNHf2sRig4.jpg,2,303,272,"(283, 259, 40, 26)",1040,0.4777,0.2825,0.4802,1.0,0.1073,0.5064,0.7495,107.3067
6-EXPERIENCE_webp.rf.5TKMIjUKk8BNHf2sRig4.jpg,3,253,285,"(205, 200, 97, 170)",16490,0.5162,0.2968,0.4886,1.0,0.4126,0.5274,0.5701,412.6144
6-EXPERIENCE_webp.rf.5TKMIjUKk8BNHf2sRig4.jpg,4,124,265,"(73, 191, 103, 149)",15347,0.4903,0.2894,0.4818,1.0,0.2041,0.5341,0.504,204.0926
6-EXPERIENCE_webp.rf.5TKMIjUKk8BNHf2sRig4.jpg,5,280,119,"(213, 60, 135, 118)",15930,0.4738,0.2894,0.4866,1.0,0.0218,0.518,0.5258,21.7689
6-EXPERIENCE_webp.rf.5TKMIjUKk8BNHf2sRig4.jpg,6,237,66,"(227, 59, 21, 14)",294,0.4705,0.2842,0.484,1.0,0.016,0.4982,0.4953,15.9786
61JDmhv9dVL-_AC_UF894-1000_QL80_DpWeblab__jpg.rf.Vmfw40ZlnZBjkffxOyp1.jpg,1,152,503,"(147, 495, 10, 17)",170,0.6404,0.7182,0.524,1.0,0.0559,0.509,0.5613,55.8957
61JDmhv9dVL-_AC_UF894-1000_QL80_DpWeblab__jpg.rf.Vmfw40ZlnZBjkffxOyp1.jpg,2,62,479,"(43, 451, 39, 56)",2184,0.6241,0.7352,0.4699,1.0,0.0234,0.52,0.7536,23.3796
61JDmhv9dVL-_AC_UF894-1000_QL80_DpWeblab__jpg.rf.Vmfw40ZlnZBjkffxOyp1.jpg,3,492,467,"(472, 445, 40, 45)",1800,0.7299,1.0,0.475,1.0,0.137,0.5411,0.3707,137.0473
61JDmhv9dVL-_AC_UF894-1000_QL80_DpWeblab__jpg.rf.Vmfw40ZlnZBjkffxOyp1.jpg,4,14,453,"(0, 423, 29, 60)",1740,0.6258,0.723,0.4896,1.0,0.0137,0.5134,1.0,13.707
61JDmhv9dVL-_AC_UF894-1000_QL80_DpWeblab__jpg.rf.Vmfw40ZlnZBjkffxOyp1.jpg,5,2,398,"(0, 387, 5, 22)",110,0.6076,0.6553,0.5039,1.0,0.0191,0.5006,1.0,19.1381
61JDmhv9dVL-_AC_UF894-1000_QL80_DpWeblab__jpg.rf.Vmfw40ZlnZBjkffxOyp1.jpg,6,67,324,"(59, 314, 17, 20)",340,0.5305,0.3868,0.4955,1.0,0.2164,0.5166,0.6325,216.4496
61JDmhv9dVL-_AC_UF894-1000_QL80_DpWeblab__jpg.rf.Vmfw40ZlnZBjkffxOyp1.jpg,7,22,155,"(16, 144, 13, 23)",299,0.6428,0.731,0.4886,1.0,0.1595,0.5123,0.8709,159.5069
61JDmhv9dVL-_AC_UF894-1000_QL80_DpWeblab__jpg.rf.Vmfw40ZlnZBjkffxOyp1.jpg,8,409,154,"(398, 141, 22, 26)",572,0.5931,0.618,0.5005,0.9907,0.0352,0.5118,0.1981,35.2065
61JDmhv9dVL-_AC_UF894-1000_QL80_DpWeblab__jpg.rf.Vmfw40ZlnZBjkffxOyp1.jpg,9,160,123,"(149, 115, 23, 17)",391,0.4954,0.2882,0.4861,1.0,0.2436,0.5059,0.5448,243.5512
61JDmhv9dVL-_AC_UF894-1000_QL80_DpWeblab__jpg.rf.Vmfw40ZlnZBjkffxOyp1.jpg,10,216,122,"(206, 112, 21, 20)",420,0.5457,0.3037,0.501,0.9044,0.8317,0.4902,0.1809,831.6829
61JDmhv9dVL-_AC_UF894-1000_QL80_DpWeblab__jpg.rf.Vmfw40ZlnZBjkffxOyp1.jpg,11,288,115,"(282, 107, 12, 16)",192,0.5875,0.3037,0.5177,1.0,1.0,0.5088,0.2202,1103.9459
61JDmhv9dVL-_AC_UF894-1000_QL80_DpWeblab__jpg.rf.Vmfw40ZlnZBjkffxOyp1.jpg,12,259,128,"(248, 107, 23, 43)",989,0.5044,0.2916,0.5061,1.0,0.2519,0.517,0.3756,251.8879
61JDmhv9dVL-_AC_UF894-1000_QL80_DpWeblab__jpg.rf.Vmfw40ZlnZBjkffxOyp1.jpg,13,403,105,"(383, 94, 41, 22)",902,0.6619,0.5498,0.504,0.9767,0.9775,0.5153,0.1953,977.4811
61JDmhv9dVL-_AC_UF894-1000_QL80_DpWeblab__jpg.rf.Vmfw40ZlnZBjkffxOyp1.jpg,14,19,4,"(13, 0, 12, 8)",96,0.6084,0.6553,0.4865,1.0,0.0874,0.5007,0.9137,87.4226
62cbab8defabcfeac0a581887cedf5e8_jpg.rf.Fm6WaJJgruzdKKtQDWy1.jpg,1,215,502,"(208, 493, 15, 19)",285,0.7125,0.9538,0.508,1.0,0.0092,0.4986,0.3378,9.1604
62cbab8defabcfeac0a581887cedf5e8_jpg.rf.Fm6WaJJgruzdKKtQDWy1.jpg,2,190,456,"(180, 450, 20, 12)",240,0.7131,0.9499,0.5139,1.0,0.0075,0.4997,0.4583,7.4785
62cbab8defabcfeac0a581887cedf5e8_jpg.rf.Fm6WaJJgruzdKKtQDWy1.jpg,3,453,456,"(446, 449, 15, 15)",225,0.7139,0.9499,0.5167,1.0,0.0057,0.4985,0.3086,5.7284
62cbab8defabcfeac0a581887cedf5e8_jpg.rf.Fm6WaJJgruzdKKtQDWy1.jpg,4,389,443,"(384, 436, 11, 14)",154,0.7177,0.9444,0.5101,1.0,0.0865,0.4989,0.3261,86.4665
62cbab8defabcfeac0a581887cedf5e8_jpg.rf.Fm6WaJJgruzdKKtQDWy1.jpg,5,25,100,"(0, 72, 50, 57)",2850,0.6157,0.6699,0.5118,1.0,0.0212,0.503,0.6201,21.2282
62cbab8defabcfeac0a581887cedf5e8_jpg.rf.Fm6WaJJgruzdKKtQDWy1.jpg,6,325,30,"(310, 8, 31, 44)",1364,0.7276,0.9384,0.5114,1.0,0.2022,0.4949,0.2882,202.2421
63726d3abeda02abda52d7ddf17a5688_jpg.rf.jOjfKPI8wBUifO6Dt0oM.jpg,1,154,362,"(72, 314, 165, 97)",16005,0.7063,0.725,0.4905,1.0,0.8086,0.5442,0.5292,808.5659
63726d3abeda02abda52d7ddf17a5688_jpg.rf.jOjfKPI8wBUifO6Dt0oM.jpg,2,149,277,"(135, 265, 29, 25)",725,0.4741,0.2751,0.4871,1.0,0.0737,0.5041,0.7851,73.7249
644609bf49f0c8cf2fecb5012462b73a_jpg.rf.GOyD6trzt8pqGFf2T3Vd.jpg,1,186,328,"(168, 312, 36, 32)",1152,0.5601,0.5249,0.5012,1.0,0.0093,0.5091,0.4399,9.2627
644609bf49f0c8cf2fecb5012462b73a_jpg.rf.GOyD6trzt8pqGFf2T3Vd.jpg,2,111,213,"(106, 206, 10, 15)",150,0.5899,0.54,0.5499,1.0,0.0842,0.5078,0.3434,84.236
644609bf49f0c8cf2fecb5012462b73a_jpg.rf.GOyD6trzt8pqGFf2T3Vd.jpg,3,316,123,"(311, 108, 10, 31)",310,0.537,1.0,0.5322,0.0,0.007,0.5092,0.0,6.9714
644609bf49f0c8cf2fecb5012462b73a_jpg.rf.GOyD6trzt8pqGFf2T3Vd.jpg,4,245,38,"(241, 28, 9, 20)",180,0.5368,0.3179,0.4988,1.0,0.5093,0.5214,0.8393,509.3161
650_jpg.rf.bDMyzlg2Ewn4ya2Hqpub.jpg,1,261,429,"(257, 424, 9, 11)",99,0.7339,0.9476,0.5269,1.0,0.1786,0.5052,0.2153,178.6309
68330aab6e96e95af747a549dd7afffc_jpg.rf.xEsIfjPkhKglDYyXzXz4.jpg,1,134,501,"(92, 490, 85, 22)",1870,0.665,1.0,0.5127,0.6775,0.001,0.5095,0.1355,1.0198
68330aab6e96e95af747a549dd7afffc_jpg.rf.xEsIfjPkhKglDYyXzXz4.jpg,2,10,500,"(0, 489, 21, 23)",483,0.5278,1.0,0.5078,0.0,0.0011,0.5121,0.0,1.1468
68330aab6e96e95af747a549dd7afffc_jpg.rf.xEsIfjPkhKglDYyXzXz4.jpg,3,220,500,"(214, 488, 13, 24)",312,0.7236,0.9569,0.5383,1.0,0.0028,0.5108,0.7667,2.8423
68330aab6e96e95af747a549dd7afffc_jpg.rf.xEsIfjPkhKglDYyXzXz4.jpg,4,46,375,"(40, 368, 12, 14)",168,0.7154,0.9569,0.5152,1.0,0.002,0.5149,1.0,1.9725
68330aab6e96e95af747a549dd7afffc_jpg.rf.xEsIfjPkhKglDYyXzXz4.jpg,5,35,242,"(0, 210, 70, 65)",4550,0.6312,0.7199,0.5109,1.0,0.0038,0.515,0.9771,3.8044
68330aab6e96e95af747a549dd7afffc_jpg.rf.xEsIfjPkhKglDYyXzXz4.jpg,6,36,176,"(21, 157, 30, 38)",1140,0.5078,0.3804,0.4899,1.0,0.0314,0.5105,0.4662,31.4198
6f2a35007f17092c77a8731517a3ff28_jpg.rf.WiFkKUD5zwrONazrRvz9.jpg,1,96,406,"(85, 400, 22, 13)",286,0.4998,0.3127,0.4936,1.0,0.176,0.5091,0.8176,176.036
6f2a35007f17092c77a8731517a3ff28_jpg.rf.WiFkKUD5zwrONazrRvz9.jpg,2,73,396,"(68, 390, 11, 13)",143,0.5039,0.3179,0.4783,1.0,0.2519,0.5098,0.7061,251.9131
6f2a35007f17092c77a8731517a3ff28_jpg.rf.WiFkKUD5zwrONazrRvz9.jpg,3,135,209,"(113, 205, 44, 9)",396,0.7022,0.8901,0.5038,1.0,0.1435,0.515,0.5502,143.5
7499156_orig_jpg.rf.kRpFruUgFmYW5QxDGRlf.jpg,1,420,386,"(411, 382, 18, 9)",162,0.541,0.392,0.4704,1.0,0.3916,0.5056,0.3937,391.5546
7499156_orig_jpg.rf.kRpFruUgFmYW5QxDGRlf.jpg,2,406,174,"(404, 167, 5, 15)",75,0.6054,0.5486,0.547,1.0,0.2198,0.4971,0.5882,219.7925
7499156_orig_jpg.rf.kRpFruUgFmYW5QxDGRlf.jpg,3,403,144,"(393, 126, 21, 37)",777,0.5915,0.5419,0.5391,1.0,0.1319,0.5122,0.4972,131.8926
75e79bea8412e2f02c83ebdb1e02a0de_jpg.rf.GmXg2WqAjs1Eq2QUQzfn.jpg,1,128,460,"(117, 453, 22, 14)",308,0.5089,0.3722,0.4982,1.0,0.0432,0.5093,0.7048,43.1647
75e79bea8412e2f02c83ebdb1e02a0de_jpg.rf.GmXg2WqAjs1Eq2QUQzfn.jpg,2,102,424,"(89, 406, 26, 36)",936,0.5126,0.3626,0.5216,1.0,0.0314,0.5248,0.6612,31.4342
75e79bea8412e2f02c83ebdb1e02a0de_jpg.rf.GmXg2WqAjs1Eq2QUQzfn.jpg,3,153,394,"(145, 391, 16, 6)",96,0.6991,0.8958,0.5178,1.0,0.0433,0.5094,0.7222,43.337
75e79bea8412e2f02c83ebdb1e02a0de_jpg.rf.GmXg2WqAjs1Eq2QUQzfn.jpg,4,481,334,"(475, 327, 13, 15)",195,0.7131,0.9538,0.5092,1.0,0.0108,0.4954,0.7141,10.7712
75e79bea8412e2f02c83ebdb1e02a0de_jpg.rf.GmXg2WqAjs1Eq2QUQzfn.jpg,5,483,268,"(477, 260, 12, 16)",192,0.729,0.9538,0.5524,1.0,0.0183,0.4958,0.5908,18.3087
75e79bea8412e2f02c83ebdb1e02a0de_jpg.rf.GmXg2WqAjs1Eq2QUQzfn.jpg,6,390,176,"(371, 168, 39, 16)",624,0.4778,0.2801,0.4967,1.0,0.059,0.5059,0.916,59.0003
75e79bea8412e2f02c83ebdb1e02a0de_jpg.rf.GmXg2WqAjs1Eq2QUQzfn.jpg,7,252,161,"(233, 155, 39, 13)",507,0.4818,0.2878,0.5056,1.0,0.0412,0.5097,0.8141,41.2333
75e79bea8412e2f02c83ebdb1e02a0de_jpg.rf.GmXg2WqAjs1Eq2QUQzfn.jpg,8,404,62,"(398, 56, 12, 13)",156,0.7164,0.9538,0.5194,1.0,0.0079,0.4938,0.6117,7.942
75e79bea8412e2f02c83ebdb1e02a0de_jpg.rf.GmXg2WqAjs1Eq2QUQzfn.jpg,9,423,13,"(417, 4, 12, 18)",216,0.7098,0.9499,0.5044,1.0,0.0083,0.4978,0.3988,8.2959
75e79bea8412e2f02c83ebdb1e02a0de_jpg.rf.GmXg2WqAjs1Eq2QUQzfn.jpg,10,247,7,"(241, 0, 13, 14)",182,0.7034,0.9538,0.4817,1.0,0.0095,0.4987,1.0,9.461
7_jpg.rf.Ng2ruWBGR4nkrwnhyBTl.jpg,1,30,13,"(24, 0, 12, 26)",312,0.4866,0.0316,0.5015,1.0,1.0,0.5072,0.7331,1799.2949
7c37f62ed4221bc153be99a3cb5c168e_jpg.rf.AHzZ24idCIawZs2muVGh.jpg,1,467,39,"(422, 0, 90, 79)",7110,0.4879,0.3127,0.505,1.0,0.0168,0.5178,0.7556,16.7802
7c37f62ed4221bc153be99a3cb5c168e_jpg.rf.AHzZ24idCIawZs2muVGh.jpg,2,304,34,"(219, 0, 170, 68)",11560,0.4845,0.3036,0.5057,1.0,0.0126,0.5299,0.78,12.5922
7c37f62ed4221bc153be99a3cb5c168e_jpg.rf.AHzZ24idCIawZs2muVGh.jpg,3,104,25,"(25, 0, 159, 50)",7950,0.4815,0.3094,0.4911,1.0,0.0127,0.509,0.7075,12.6991
7ec3adeebee0118e522fddc5aad34dba_jpg.rf.xg4ZFFt88r8bjhV6NFow.jpg,1,418,496,"(388, 480, 61, 32)",1952,0.7165,0.9569,0.5178,1.0,0.0041,0.5157,0.9928,4.1302
7ec3adeebee0118e522fddc5aad34dba_jpg.rf.xg4ZFFt88r8bjhV6NFow.jpg,2,496,460,"(481, 445, 31, 30)",930,0.5008,0.3826,0.4726,1.0,0.0145,0.5159,0.4865,14.5347
7ec3adeebee0118e522fddc5aad34dba_jpg.rf.xg4ZFFt88r8bjhV6NFow.jpg,3,378,428,"(364, 407, 29, 43)",1247,0.7109,0.9405,0.5175,1.0,0.006,0.5148,0.9135,5.9829
7ec3adeebee0118e522fddc5aad34dba_jpg.rf.xg4ZFFt88r8bjhV6NFow.jpg,4,395,378,"(382, 369, 26, 18)",468,0.5091,0.3804,0.4951,1.0,0.0271,0.5112,0.6079,27.1391
84ca5523ae2d3ec1c4bb359c0f81ec41_jpg.rf.hbsOvYY44GpnQBkpJ1vI.jpg,1,374,431,"(357, 418, 35, 26)",910,0.6038,0.8003,0.5282,0.6551,0.0781,0.5173,0.131,78.1082
84ca5523ae2d3ec1c4bb359c0f81ec41_jpg.rf.hbsOvYY44GpnQBkpJ1vI.jpg,2,343,424,"(326, 407, 34, 35)",1190,0.7048,0.8794,0.5283,1.0,0.1215,0.5217,0.2118,121.4643
84ca5523ae2d3ec1c4bb359c0f81ec41_jpg.rf.hbsOvYY44GpnQBkpJ1vI.jpg,3,458,325,"(417, 247, 83, 157)",13031,0.5032,0.3087,0.497,1.0,0.2128,0.5219,0.5559,212.8087
84ca5523ae2d3ec1c4bb359c0f81ec41_jpg.rf.hbsOvYY44GpnQBkpJ1vI.jpg,4,366,146,"(355, 131, 22, 31)",682,0.6072,0.5457,0.5185,1.0,0.3477,0.526,0.2503,347.7295
84ca5523ae2d3ec1c4bb359c0f81ec41_jpg.rf.hbsOvYY44GpnQBkpJ1vI.jpg,5,315,140,"(311, 126, 9, 29)",261,0.6142,0.5556,0.5034,1.0,0.4357,0.5198,0.2485,435.6711
84ca5523ae2d3ec1c4bb359c0f81ec41_jpg.rf.hbsOvYY44GpnQBkpJ1vI.jpg,6,55,126,"(49, 118, 12, 16)",192,0.762,0.9796,0.5238,1.0,0.3584,0.5084,0.2247,358.421
84ca5523ae2d3ec1c4bb359c0f81ec41_jpg.rf.hbsOvYY44GpnQBkpJ1vI.jpg,7,109,110,"(99, 97, 21, 27)",567,0.5282,0.3179,0.4826,1.0,0.4803,0.5324,0.6503,480.3499
84ca5523ae2d3ec1c4bb359c0f81ec41_jpg.rf.hbsOvYY44GpnQBkpJ1vI.jpg,8,40,87,"(32, 72, 17, 30)",510,0.6561,0.6239,0.5104,1.0,0.5915,0.5264,0.2291,591.477
84ca5523ae2d3ec1c4bb359c0f81ec41_jpg.rf.hbsOvYY44GpnQBkpJ1vI.jpg,9,34,6,"(22, 0, 24, 13)",312,0.5798,0.2988,0.5005,1.0,1.0,0.5002,0.2325,1281.7841
882505a419b5b39cea5e81990784a40b_jpg.rf.jinFr3KNHmKv0rABjSAj.jpg,1,228,253,"(220, 246, 17, 15)",255,0.611,0.3868,0.5017,1.0,1.0,0.5279,0.7126,1365.8027
898c43ab1cf438f8de6323f867dcdc23_jpg.rf.rLZrFeYqCqQH8BvUd6Dl.jpg,1,363,432,"(357, 424, 13, 17)",221,0.5065,0.9443,0.4965,0.0,0.0225,0.4993,0.0,22.4983
898c43ab1cf438f8de6323f867dcdc23_jpg.rf.rLZrFeYqCqQH8BvUd6Dl.jpg,2,326,391,"(306, 369, 41, 44)",1804,0.5969,0.9467,0.4828,0.0927,0.7802,0.5079,0.0185,780.1619
898c43ab1cf438f8de6323f867dcdc23_jpg.rf.rLZrFeYqCqQH8BvUd6Dl.jpg,3,78,362,"(71, 356, 15, 12)",180,0.7003,0.8826,0.5157,1.0,0.1092,0.5093,0.4522,109.18
898c43ab1cf438f8de6323f867dcdc23_jpg.rf.rLZrFeYqCqQH8BvUd6Dl.jpg,4,95,354,"(90, 348, 11, 13)",143,0.7597,0.8843,0.5316,1.0,0.6418,0.5059,0.4696,641.8048
898c43ab1cf438f8de6323f867dcdc23_jpg.rf.rLZrFeYqCqQH8BvUd6Dl.jpg,5,469,290,"(427, 245, 85, 91)",7735,0.6151,0.6571,0.459,1.0,0.2446,0.5348,0.7194,244.5726
898c43ab1cf438f8de6323f867dcdc23_jpg.rf.rLZrFeYqCqQH8BvUd6Dl.jpg,6,72,218,"(0, 153, 144, 131)",18864,0.6241,0.6589,0.4669,1.0,0.3005,0.5305,0.4757,300.4609
8_jpg.rf.CUF8xqk56VY4LAabiGG1.jpg,1,272,435,"(254, 358, 36, 154)",5544,0.4834,0.0271,0.497,1.0,1.0,0.5119,0.6281,2677.113
8af2e63024a763d6cc9e4517f5e24093_jpg.rf.QZSc2VWoKQDBxP6OwLf3.jpg,1,254,421,"(245, 414, 19, 15)",285,0.6289,0.5549,0.5139,1.0,0.5481,0.5244,0.3763,548.1443
8af2e63024a763d6cc9e4517f5e24093_jpg.rf.QZSc2VWoKQDBxP6OwLf3.jpg,2,437,327,"(425, 318, 24, 18)",432,0.598,0.3928,0.4585,1.0,1.0,0.5194,0.5231,1369.9862
8af2e63024a763d6cc9e4517f5e24093_jpg.rf.QZSc2VWoKQDBxP6OwLf3.jpg,3,448,308,"(439, 303, 19, 11)",209,0.5971,0.3981,0.4509,1.0,1.0,0.5102,0.4362,1414.8844
8ecc2d1182fabead2fe3c88b9939567f_jpg.rf.DX3S9nLZpYX9i5EicTyN.jpg,1,28,290,"(19, 283, 18, 14)",252,0.5769,0.5304,0.5268,1.0,0.0684,0.5094,0.5013,68.3782
9140459188b640ccc7db07578ef49953_jpg.rf.gh8ayYFQP0HnhWutudFz.jpg,1,464,367,"(460, 360, 8, 14)",112,0.6032,0.9544,0.5305,0.2596,0.3158,0.5003,0.0519,315.8005
9140459188b640ccc7db07578ef49953_jpg.rf.gh8ayYFQP0HnhWutudFz.jpg,2,264,359,"(256, 347, 16, 24)",384,0.7844,1.0,0.5239,1.0,0.51,0.5303,0.3194,510.0276
9140459188b640ccc7db07578ef49953_jpg.rf.gh8ayYFQP0HnhWutudFz.jpg,3,181,350,"(168, 337, 26, 26)",676,0.6285,0.9544,0.5117,0.3947,0.364,0.5258,0.0789,364.0488
9140459188b640ccc7db07578ef49953_jpg.rf.gh8ayYFQP0HnhWutudFz.jpg,4,474,337,"(467, 326, 15, 22)",330,0.6313,0.9512,0.537,0.4739,0.1569,0.5015,0.0948,156.9024
9140459188b640ccc7db07578ef49953_jpg.rf.gh8ayYFQP0HnhWutudFz.jpg,5,65,311,"(58, 302, 15, 19)",285,0.7066,0.9606,0.4889,0.9379,0.1164,0.5144,0.1876,116.3517
9140459188b640ccc7db07578ef49953_jpg.rf.gh8ayYFQP0HnhWutudFz.jpg,6,471,179,"(464, 166, 15, 26)",390,0.8117,0.96,0.502,1.0,1.0,0.501,0.2651,1253.7118
9140459188b640ccc7db07578ef49953_jpg.rf.gh8ayYFQP0HnhWutudFz.jpg,7,506,169,"(500, 159, 12, 21)",252,0.5974,0.9684,0.4996,0.3283,0.1795,0.4992,0.0657,179.4914
9140459188b640ccc7db07578ef49953_jpg.rf.gh8ayYFQP0HnhWutudFz.jpg,8,498,135,"(491, 124, 14, 22)",308,0.7553,0.96,0.4981,1.0,0.4499,0.5016,0.5826,449.8547
9140459188b640ccc7db07578ef49953_jpg.rf.gh8ayYFQP0HnhWutudFz.jpg,9,414,127,"(407, 119, 15, 17)",255,0.8105,0.9715,0.4869,1.0,1.0,0.5086,0.2695,1630.4361
9140459188b640ccc7db07578ef49953_jpg.rf.gh8ayYFQP0HnhWutudFz.jpg,10,192,113,"(175, 94, 35, 39)",1365,0.5023,0.3127,0.4836,1.0,0.236,0.5251,0.3016,236.0448
9140459188b640ccc7db07578ef49953_jpg.rf.gh8ayYFQP0HnhWutudFz.jpg,11,452,77,"(439, 66, 27, 22)",594,0.7766,0.9544,0.4979,1.0,0.6831,0.5102,0.2104,683.0556
9140459188b640ccc7db07578ef49953_jpg.rf.gh8ayYFQP0HnhWutudFz.jpg,12,463,43,"(452, 33, 22, 20)",440,0.7369,0.9568,0.514,1.0,0.2208,0.4992,0.4605,220.8025
9140459188b640ccc7db07578ef49953_jpg.rf.gh8ayYFQP0HnhWutudFz.jpg,13,400,5,"(394, 0, 13, 10)",130,0.7342,0.95,0.5374,1.0,0.1362,0.5024,0.4,136.2421
9140459188b640ccc7db07578ef49953_jpg.rf.gh8ayYFQP0HnhWutudFz.jpg,14,301,4,"(292, 0, 18, 9)",162,0.6769,0.9423,0.4866,0.8111,0.1458,0.4943,0.1622,145.8181
9140459188b640ccc7db07578ef49953_jpg.rf.gh8ayYFQP0HnhWutudFz.jpg,15,167,37,"(143, 0, 49, 74)",3626,0.7424,0.9544,0.4969,1.0,0.3443,0.5107,0.3357,344.3036
9346e31df5e19b1255055d3abc3e7911_jpg.rf.PMLydGTiQD8qRcx0uQLv.jpg,1,95,307,"(89, 301, 13, 12)",156,0.5517,0.5174,0.473,1.0,0.0505,0.4983,0.3117,50.4926
9346e31df5e19b1255055d3abc3e7911_jpg.rf.PMLydGTiQD8qRcx0uQLv.jpg,2,396,161,"(391, 157, 10, 9)",90,0.5872,0.5455,0.5126,1.0,0.1686,0.5017,0.2446,168.5903
9346e31df5e19b1255055d3abc3e7911_jpg.rf.PMLydGTiQD8qRcx0uQLv.jpg,3,10,15,"(0, 0, 20, 31)",620,0.5677,0.5122,0.5304,1.0,0.0276,0.5017,0.2921,27.6173
93e59a5d26672c7f03882ca9119fe5ae_jpg.rf.QFbjY2CbLbkxz4bT4Jid.jpg,1,14,479,"(0, 471, 29, 16)",464,0.7254,0.9684,0.4903,1.0,0.1484,0.5098,0.649,148.4482
93e59a5d26672c7f03882ca9119fe5ae_jpg.rf.QFbjY2CbLbkxz4bT4Jid.jpg,2,46,345,"(36, 334, 21, 23)",483,0.7313,1.0,0.4963,1.0,0.0764,0.5248,0.2623,76.3516
93e59a5d26672c7f03882ca9119fe5ae_jpg.rf.QFbjY2CbLbkxz4bT4Jid.jpg,3,93,240,"(82, 234, 23, 12)",276,0.7221,0.9606,0.5227,1.0,0.0289,0.5024,0.9952,28.8552
95c9011c2944732cd171540beee22454_jpg.rf.6emklsbDkuJfH1DPLCAx.jpg,1,157,461,"(98, 439, 118, 45)",5310,0.4514,0.1072,0.5028,1.0,0.3789,0.5052,0.5619,378.8911
95c9011c2944732cd171540beee22454_jpg.rf.6emklsbDkuJfH1DPLCAx.jpg,2,373,433,"(316, 413, 114, 41)",4674,0.4708,0.1072,0.5136,1.0,0.5346,0.5038,0.6264,534.6265
96b756987a45d4260bebc1bf33532659_jpg.rf.xXtIJRiWMUzuGxGwoDZO.jpg,1,244,255,"(221, 251, 47, 9)",423,0.4769,0.2856,0.4865,1.0,0.0663,0.5076,0.4504,66.2791
96b756987a45d4260bebc1bf33532659_jpg.rf.xXtIJRiWMUzuGxGwoDZO.jpg,2,289,193,"(283, 188, 13, 10)",130,0.4606,0.271,0.471,1.0,0.0094,0.4982,0.86,9.4219
96b756987a45d4260bebc1bf33532659_jpg.rf.xXtIJRiWMUzuGxGwoDZO.jpg,3,157,60,"(141, 47, 32, 27)",864,0.472,0.2791,0.4944,1.0,0.0126,0.5028,0.6731,12.6328
99197694339bacd19a7820ee0ab636b5_jpg.rf.BoMJUg2G46DS9Kq44Sln.jpg,1,122,271,"(106, 264, 33, 15)",495,0.482,0.2801,0.4884,1.0,0.1302,0.5047,0.549,130.1674
991f2cdc45dc8130ca139a5b15f10cb5-1-_jpg.rf.r51ke2o4kzsmGpz0LK0y.jpg,1,47,451,"(43, 444, 8, 14)",112,0.5519,0.5174,0.4794,1.0,0.0303,0.5008,0.325,30.3185
991f2cdc45dc8130ca139a5b15f10cb5-1-_jpg.rf.r51ke2o4kzsmGpz0LK0y.jpg,2,94,307,"(87, 301, 14, 12)",168,0.5573,0.5174,0.4862,1.0,0.0604,0.4988,0.2821,60.3674
991f2cdc45dc8130ca139a5b15f10cb5-1-_jpg.rf.r51ke2o4kzsmGpz0LK0y.jpg,3,8,15,"(0, 0, 17, 31)",527,0.5615,0.5133,0.5126,1.0,0.0242,0.5022,0.3008,24.1939
9_jpg.rf.39EuMSW0MtY8SyhUSeqy.jpg,1,389,400,"(384, 395, 10, 11)",110,0.4734,0.0271,0.4684,1.0,1.0,0.5045,0.3518,1055.22
9_jpg.rf.39EuMSW0MtY8SyhUSeqy.jpg,2,354,321,"(345, 313, 18, 17)",306,0.4686,0.0271,0.4545,1.0,1.0,0.5176,0.7115,1645.9802
9_jpg.rf.39EuMSW0MtY8SyhUSeqy.jpg,3,354,284,"(343, 269, 22, 31)",682,0.4791,0.0271,0.4846,1.0,1.0,0.5139,0.6443,1412.7203
9_jpg.rf.ViHcmimrEMZxx4hY0RYO.jpg,1,251,420,"(238, 380, 26, 81)",2106,0.6929,0.8883,0.4642,1.0,0.195,0.522,0.3404,195.0076
9_jpg.rf.ViHcmimrEMZxx4hY0RYO.jpg,2,180,341,"(167, 328, 27, 27)",729,0.711,0.8894,0.5008,1.0,0.2438,0.5183,0.3452,243.7542
9_jpg.rf.ViHcmimrEMZxx4hY0RYO.jpg,3,355,228,"(345, 214, 21, 28)",588,0.4818,0.0271,0.4924,1.0,1.0,0.5145,0.5939,1332.2844
9c073256657fe96e801420e077db1ad4_jpg.rf.4rWYq7Q7SioLvkyabrn4.jpg,1,417,486,"(408, 460, 18, 52)",936,0.7481,0.9715,0.5141,1.0,0.2814,0.5094,0.5201,281.3901
9c073256657fe96e801420e077db1ad4_jpg.rf.4rWYq7Q7SioLvkyabrn4.jpg,2,210,277,"(199, 263, 22, 28)",616,0.5093,0.3127,0.5044,1.0,0.233,0.5138,0.6713,233.0345
9c073256657fe96e801420e077db1ad4_jpg.rf.4rWYq7Q7SioLvkyabrn4.jpg,3,339,162,"(329, 156, 21, 13)",273,0.5051,0.2985,0.5065,1.0,0.2339,0.5072,0.6073,233.8823
9c073256657fe96e801420e077db1ad4_jpg.rf.4rWYq7Q7SioLvkyabrn4.jpg,4,163,151,"(156, 139, 14, 25)",350,0.5413,0.3981,0.4832,1.0,0.3287,0.5149,0.3077,328.7088
9c073256657fe96e801420e077db1ad4_jpg.rf.4rWYq7Q7SioLvkyabrn4.jpg,5,219,148,"(204, 98, 31, 101)",3131,0.5243,0.3179,0.4881,1.0,0.4219,0.5158,0.6012,421.8844
9c073256657fe96e801420e077db1ad4_jpg.rf.4rWYq7Q7SioLvkyabrn4.jpg,6,284,65,"(275, 39, 18, 53)",954,0.6892,0.7788,0.4764,1.0,0.499,0.521,0.3379,498.9515
Crocus-sativus_jpg.rf.v55UpY1KwYI4Jx8kbcPi.jpg,1,447,217,"(442, 207, 10, 21)",210,0.7972,0.9715,0.5218,1.0,0.7456,0.5062,0.7218,745.5933
Crocus-sativus_jpg.rf.v55UpY1KwYI4Jx8kbcPi.jpg,2,319,147,"(312, 142, 15, 10)",150,0.603,0.3868,0.4789,1.0,1.0,0.5125,0.67,1088.6438
Crocus-sativus_jpg.rf.v55UpY1KwYI4Jx8kbcPi.jpg,3,391,103,"(383, 94, 17, 18)",306,0.6967,0.6779,0.4713,1.0,0.9453,0.5152,0.7552,945.2929
Crocus-sativus_jpg.rf.v55UpY1KwYI4Jx8kbcPi.jpg,4,452,101,"(442, 93, 21, 17)",357,0.7905,0.9631,0.5109,1.0,0.746,0.5034,0.9101,746.0365
Crocus-sativus_jpg.rf.v55UpY1KwYI4Jx8kbcPi.jpg,5,354,73,"(345, 64, 18, 18)",324,0.7195,0.8144,0.4729,1.0,0.6892,0.5049,0.7333,689.2218
Crocus-sativus_jpg.rf.v55UpY1KwYI4Jx8kbcPi.jpg,6,222,84,"(185, 63, 75, 42)",3150,0.6728,0.7352,0.4829,1.0,0.465,0.5054,0.6788,464.987
Crocus-sativus_jpg.rf.v55UpY1KwYI4Jx8kbcPi.jpg,7,307,69,"(286, 45, 43, 49)",2107,0.6872,0.7387,0.4808,1.0,0.6033,0.5151,0.7413,603.3003
Crocus_Sativus_517649629-SHUT_jpg.rf.RPysqEdsXJVrKv57iOyi.jpg,1,355,361,"(300, 333, 111, 57)",6327,0.4965,0.2985,0.4733,1.0,0.2638,0.5161,0.4529,263.8311
Crocus_Sativus_517649629-SHUT_jpg.rf.RPysqEdsXJVrKv57iOyi.jpg,2,232,330,"(211, 312, 42, 37)",1554,0.5426,0.2985,0.476,1.0,0.715,0.5205,0.6319,714.9643
Crocus_Sativus_517649629-SHUT_jpg.rf.RPysqEdsXJVrKv57iOyi.jpg,3,340,305,"(322, 290, 37, 31)",1147,0.5447,0.2985,0.4912,1.0,0.6838,0.5116,0.3303,683.7901
Crocus_Sativus_517649629-SHUT_jpg.rf.RPysqEdsXJVrKv57iOyi.jpg,4,309,217,"(296, 181, 26, 72)",1872,0.5251,0.3179,0.4914,1.0,0.4181,0.529,0.495,418.1288
Crocus_sativus1_jpg.rf.jr4UtB29g8kyUqJnCrcL.jpg,1,233,446,"(229, 440, 9, 13)",117,0.7515,0.9444,0.5303,1.0,0.3532,0.4985,0.2305,353.2342
Crocus_sativus1_jpg.rf.jr4UtB29g8kyUqJnCrcL.jpg,2,336,116,"(328, 111, 17, 11)",187,0.5996,0.5433,0.5447,1.0,0.1882,0.5034,0.3103,188.245
Crocus_sativus1_jpg.rf.jr4UtB29g8kyUqJnCrcL.jpg,3,289,124,"(279, 107, 21, 34)",714,0.4504,0.0271,0.4903,1.0,0.6933,0.5001,0.3623,693.3285
Crocus_sativus1_jpg.rf.jr4UtB29g8kyUqJnCrcL.jpg,4,343,95,"(336, 90, 15, 10)",150,0.5496,0.3127,0.5009,1.0,0.6481,0.5128,0.5774,648.0875
IMG_0233xgn_jpg.rf.pYxXxtqKYgAJOuvKoCbP.jpg,1,433,232,"(428, 226, 11, 12)",132,0.5032,0.3054,0.4939,1.0,0.2346,0.4912,0.75,234.6037
IMG_0233xgn_jpg.rf.pYxXxtqKYgAJOuvKoCbP.jpg,2,21,134,"(16, 126, 10, 17)",170,0.4824,0.2859,0.469,1.0,0.1818,0.4967,0.6787,181.7869
Image_105_jpg.rf.OBupXQwrvlPxwZcDlLKl.jpg,1,256,359,"(247, 350, 18, 18)",324,0.4878,0.2976,0.5005,0.6222,0.8406,0.5024,0.1244,840.61
Image_106_jpg.rf.41N2Bhlesqk5yKBMFzqe.jpg,1,27,391,"(9, 382, 37, 19)",703,0.6503,0.6605,0.4818,1.0,0.5047,0.51,0.7439,504.7323
Image_106_jpg.rf.41N2Bhlesqk5yKBMFzqe.jpg,2,400,231,"(390, 221, 20, 20)",400,0.5862,0.3186,0.5213,1.0,0.9223,0.5135,0.7412,922.3398
Image_106_jpg.rf.41N2Bhlesqk5yKBMFzqe.jpg,3,492,207,"(487, 202, 10, 11)",110,0.4852,0.1329,0.5103,1.0,0.6005,0.5043,0.2925,600.4924
Image_106_jpg.rf.41N2Bhlesqk5yKBMFzqe.jpg,4,382,192,"(378, 183, 8, 19)",152,0.5717,0.3179,0.4583,1.0,1.0,0.5117,0.5323,2425.5084
Image_106_jpg.rf.41N2Bhlesqk5yKBMFzqe.jpg,5,52,208,"(12, 147, 80, 122)",9760,0.7216,0.725,0.4796,1.0,1.0,0.5674,0.6079,2131.2665
Image_106_jpg.rf.41N2Bhlesqk5yKBMFzqe.jpg,6,445,147,"(439, 141, 12, 12)",144,0.5691,0.3037,0.4795,1.0,0.95,0.5121,0.2778,950.0023
Image_106_jpg.rf.41N2Bhlesqk5yKBMFzqe.jpg,7,411,79,"(403, 74, 17, 11)",187,0.5795,0.3186,0.4801,1.0,1.0,0.5166,0.4378,1145.2482
Image_106_jpg.rf.41N2Bhlesqk5yKBMFzqe.jpg,8,15,65,"(0, 53, 31, 25)",775,0.6601,0.5498,0.4791,1.0,1.0,0.5079,0.6888,1335.2655
Image_106_jpg.rf.41N2Bhlesqk5yKBMFzqe.jpg,9,332,38,"(316, 19, 33, 39)",1287,0.5811,0.535,0.4926,1.0,0.2142,0.5169,0.7015,214.2452
Image_106_jpg.rf.41N2Bhlesqk5yKBMFzqe.jpg,10,271,29,"(254, 0, 34, 59)",2006,0.5714,0.3179,0.4575,1.0,1.0,0.5188,0.6388,1449.7984
Image_106_jpg.rf.41N2Bhlesqk5yKBMFzqe.jpg,11,130,10,"(118, 0, 24, 21)",504,0.5908,0.3179,0.5129,1.0,1.0,0.5295,0.466,1364.8784
Image_108_jpg.rf.ZKLKin09TToJe8AahDbf.jpg,1,194,475,"(187, 469, 14, 12)",168,0.5213,0.3037,0.5438,1.0,0.2466,0.5005,0.3093,246.5836
Image_108_jpg.rf.ZKLKin09TToJe8AahDbf.jpg,2,479,449,"(471, 435, 17, 29)",493,0.5223,0.3044,0.5252,1.0,0.3196,0.5108,0.4239,319.5816
Image_108_jpg.rf.ZKLKin09TToJe8AahDbf.jpg,3,392,420,"(377, 405, 31, 30)",930,0.5406,0.3037,0.5181,1.0,0.5296,0.5205,0.557,529.6398
Image_108_jpg.rf.ZKLKin09TToJe8AahDbf.jpg,4,347,395,"(327, 377, 41, 36)",1476,0.4707,0.0277,0.5182,1.0,0.7958,0.5155,0.478,795.7838
Image_108_jpg.rf.ZKLKin09TToJe8AahDbf.jpg,5,505,370,"(499, 352, 13, 37)",481,0.5755,0.3037,0.5177,1.0,0.8798,0.5045,0.4092,879.8154
Image_108_jpg.rf.ZKLKin09TToJe8AahDbf.jpg,6,412,365,"(385, 341, 54, 49)",2646,0.6605,0.5373,0.4926,1.0,1.0,0.5197,0.3443,1253.5536
Image_108_jpg.rf.ZKLKin09TToJe8AahDbf.jpg,7,319,310,"(313, 300, 12, 20)",240,0.5781,0.3037,0.4909,1.0,1.0,0.5202,0.4076,1887.3917
Image_108_jpg.rf.ZKLKin09TToJe8AahDbf.jpg,8,84,306,"(73, 290, 23, 33)",759,0.7775,0.9544,0.4969,1.0,0.6955,0.5091,0.4292,695.4723
Image_108_jpg.rf.ZKLKin09TToJe8AahDbf.jpg,9,467,293,"(456, 274, 23, 38)",874,0.5828,0.3037,0.5043,1.0,1.0,0.5226,0.396,1645.3179
Image_108_jpg.rf.ZKLKin09TToJe8AahDbf.jpg,10,137,287,"(124, 268, 26, 38)",988,0.5856,0.3037,0.5122,1.0,1.0,0.5281,0.3653,1843.6857
Image_108_jpg.rf.ZKLKin09TToJe8AahDbf.jpg,11,220,265,"(211, 256, 18, 18)",324,0.5943,0.3037,0.5372,1.0,1.0,0.5149,0.4567,1993.9695
Image_108_jpg.rf.ZKLKin09TToJe8AahDbf.jpg,12,161,256,"(153, 249, 16, 14)",224,0.6763,0.5361,0.5391,1.0,1.0,0.5101,0.2967,2285.1323
Image_108_jpg.rf.ZKLKin09TToJe8AahDbf.jpg,13,52,251,"(42, 235, 20, 33)",660,0.7633,0.9544,0.5176,1.0,0.4813,0.5118,0.5882,481.3187
Image_108_jpg.rf.ZKLKin09TToJe8AahDbf.jpg,14,386,248,"(371, 226, 30, 44)",1320,0.5875,0.3037,0.5177,1.0,1.0,0.5085,0.2878,2123.032
Image_108_jpg.rf.ZKLKin09TToJe8AahDbf.jpg,15,193,235,"(186, 225, 15, 20)",300,0.5965,0.3037,0.5434,1.0,1.0,0.5079,0.3681,1606.4545
Image_108_jpg.rf.ZKLKin09TToJe8AahDbf.jpg,16,121,240,"(108, 221, 26, 38)",988,0.805,0.9544,0.5028,1.0,0.9498,0.5261,0.2574,949.8325
Image_108_jpg.rf.ZKLKin09TToJe8AahDbf.jpg,17,123,204,"(109, 191, 28, 27)",756,0.6754,0.5549,0.5175,1.0,1.0,0.5197,0.5545,1162.8636
Image_108_jpg.rf.ZKLKin09TToJe8AahDbf.jpg,18,463,186,"(448, 174, 30, 24)",720,0.5859,0.3037,0.5268,1.0,0.9519,0.5123,0.3585,951.861
Image_108_jpg.rf.ZKLKin09TToJe8AahDbf.jpg,19,88,174,"(82, 167, 13, 15)",195,0.787,0.8942,0.5102,1.0,0.954,0.5038,0.4163,953.957
Image_108_jpg.rf.ZKLKin09TToJe8AahDbf.jpg,20,205,162,"(197, 155, 17, 14)",238,0.577,0.3037,0.529,1.0,0.8557,0.5084,0.3316,855.693
Image_108_jpg.rf.ZKLKin09TToJe8AahDbf.jpg,21,342,153,"(332, 141, 20, 25)",500,0.5593,0.3037,0.5092,1.0,0.7474,0.5098,0.3961,747.4287
Image_108_jpg.rf.ZKLKin09TToJe8AahDbf.jpg,22,161,68,"(157, 59, 9, 18)",162,0.527,0.3037,0.5612,1.0,0.2431,0.4977,0.3111,243.1481
Image_108_jpg.rf.ZKLKin09TToJe8AahDbf.jpg,23,436,44,"(432, 38, 8, 12)",96,0.5054,0.2841,0.5639,1.0,0.0854,0.4997,0.5271,85.3758
Image_108_jpg.rf.ZKLKin09TToJe8AahDbf.jpg,24,414,43,"(403, 27, 23, 33)",759,0.5775,0.5408,0.5063,1.0,0.1099,0.5078,0.3733,109.9132
Image_108_jpg.rf.ZKLKin09TToJe8AahDbf.jpg,25,35,30,"(25, 15, 21, 31)",651,0.5297,0.1464,0.5195,1.0,0.9661,0.5035,0.4482,966.0745
Image_108_jpg.rf.ZKLKin09TToJe8AahDbf.jpg,26,316,14,"(307, 0, 18, 28)",504,0.51,0.2985,0.5514,1.0,0.1259,0.5078,0.4353,125.8657
Image_108_jpg.rf.ZKLKin09TToJe8AahDbf.jpg,27,224,17,"(184, 0, 80, 35)",2800,0.5787,0.5308,0.5142,1.0,0.1296,0.5095,0.2945,129.6441
Image_109_jpg.rf.5mj4A0H9tb9le9badfvY.jpg,1,461,491,"(445, 470, 32, 42)",1344,0.6713,0.5549,0.506,1.0,1.0,0.516,0.4394,3115.5847
Image_109_jpg.rf.5mj4A0H9tb9le9badfvY.jpg,2,487,401,"(476, 394, 22, 14)",308,0.5329,0.1445,0.5208,1.0,1.0,0.4999,0.3495,2325.9107
Image_109_jpg.rf.5mj4A0H9tb9le9badfvY.jpg,3,470,384,"(466, 378, 8, 12)",96,0.6784,0.5538,0.5273,1.0,1.0,0.5075,0.5354,4452.8431
Image_109_jpg.rf.5mj4A0H9tb9le9badfvY.jpg,4,341,411,"(311, 371, 61, 80)",4880,0.6656,0.5549,0.5097,1.0,0.9298,0.5394,0.2975,929.8193
Image_109_jpg.rf.5mj4A0H9tb9le9badfvY.jpg,5,498,368,"(485, 352, 27, 33)",891,0.6755,0.5549,0.5179,1.0,1.0,0.5078,0.534,4026.8903
Image_109_jpg.rf.5mj4A0H9tb9le9badfvY.jpg,6,339,325,"(328, 313, 22, 25)",550,0.5973,0.3179,0.5316,1.0,1.0,0.5138,0.6502,5967.7659
Image_109_jpg.rf.5mj4A0H9tb9le9badfvY.jpg,7,370,317,"(364, 310, 13, 14)",182,0.5992,0.3179,0.5368,1.0,1.0,0.5114,0.5785,6081.6617
Image_109_jpg.rf.5mj4A0H9tb9le9badfvY.jpg,8,365,291,"(357, 286, 16, 10)",160,0.5932,0.3179,0.5197,1.0,1.0,0.5112,0.6916,6253.042
Image_109_jpg.rf.5mj4A0H9tb9le9badfvY.jpg,9,461,291,"(444, 280, 34, 22)",748,0.5949,0.3179,0.5246,1.0,1.0,0.5019,0.548,4075.2659
Image_109_jpg.rf.5mj4A0H9tb9le9badfvY.jpg,10,416,279,"(406, 271, 20, 17)",340,0.5974,0.3179,0.5319,1.0,1.0,0.507,0.7058,5142.9601
Image_109_jpg.rf.5mj4A0H9tb9le9badfvY.jpg,11,423,226,"(418, 219, 11, 14)",154,0.613,0.3179,0.5763,1.0,1.0,0.5016,0.7726,5571.8872
Image_109_jpg.rf.5mj4A0H9tb9le9badfvY.jpg,12,144,222,"(133, 201, 23, 42)",966,0.6096,0.3868,0.4977,1.0,1.0,0.5333,0.5217,3856.7464
Image_109_jpg.rf.5mj4A0H9tb9le9badfvY.jpg,13,331,183,"(315, 170, 33, 26)",858,0.5928,0.3179,0.5188,1.0,1.0,0.504,0.7836,5669.007
Image_109_jpg.rf.5mj4A0H9tb9le9badfvY.jpg,14,275,100,"(267, 96, 16, 8)",128,0.5714,0.2841,0.5589,1.0,0.7631,0.5153,0.5661,763.0919
Image_110_jpg.rf.KNWHzGugMu7wtbXcuab5.jpg,1,167,467,"(160, 460, 14, 15)",210,0.8039,0.9544,0.4855,1.0,1.0,0.5299,0.4459,1628.4544
Image_110_jpg.rf.KNWHzGugMu7wtbXcuab5.jpg,2,87,387,"(45, 349, 84, 77)",6468,0.6178,0.5549,0.4899,1.0,0.5208,0.5277,0.4453,520.7521
Image_110_jpg.rf.KNWHzGugMu7wtbXcuab5.jpg,3,162,349,"(125, 274, 74, 151)",11174,0.5756,0.3179,0.4695,1.0,1.0,0.526,0.5344,1326.2827
Image_110_jpg.rf.KNWHzGugMu7wtbXcuab5.jpg,4,338,250,"(327, 237, 23, 26)",598,0.5833,0.3179,0.4916,1.0,1.0,0.5194,0.5429,2191.7199
Image_110_jpg.rf.KNWHzGugMu7wtbXcuab5.jpg,5,15,195,"(0, 176, 30, 39)",1170,0.5757,0.3037,0.4841,1.0,1.0,0.5022,0.378,2288.5789
Image_110_jpg.rf.KNWHzGugMu7wtbXcuab5.jpg,6,330,198,"(307, 170, 47, 57)",2679,0.5798,0.3179,0.4815,1.0,1.0,0.5291,0.4928,2775.057
Image_110_jpg.rf.KNWHzGugMu7wtbXcuab5.jpg,7,466,198,"(442, 165, 48, 67)",3216,0.6068,0.3892,0.4875,1.0,1.0,0.5247,0.4418,2430.7796
Image_110_jpg.rf.KNWHzGugMu7wtbXcuab5.jpg,8,128,184,"(114, 164, 28, 41)",1148,0.5833,0.3179,0.4914,1.0,1.0,0.5197,0.3514,2416.5136
Image_110_jpg.rf.KNWHzGugMu7wtbXcuab5.jpg,9,362,168,"(354, 157, 17, 23)",391,0.5686,0.3037,0.4637,1.0,1.0,0.5203,0.3557,2350.5196
Image_110_jpg.rf.KNWHzGugMu7wtbXcuab5.jpg,10,408,160,"(376, 134, 64, 53)",3392,0.5794,0.3186,0.4796,1.0,1.0,0.5254,0.3595,2658.0513
Image_110_jpg.rf.KNWHzGugMu7wtbXcuab5.jpg,11,306,137,"(297, 122, 19, 31)",589,0.586,0.3179,0.4993,1.0,1.0,0.5229,0.4929,3377.0069
Image_110_jpg.rf.KNWHzGugMu7wtbXcuab5.jpg,12,474,129,"(464, 121, 20, 16)",320,0.5855,0.3179,0.4979,1.0,1.0,0.5198,0.3304,3357.1279
Image_110_jpg.rf.KNWHzGugMu7wtbXcuab5.jpg,13,137,129,"(132, 120, 10, 19)",190,0.5759,0.3113,0.4769,1.0,1.0,0.5071,0.5528,2400.5701
Image_110_jpg.rf.KNWHzGugMu7wtbXcuab5.jpg,14,46,131,"(31, 111, 31, 40)",1240,0.5821,0.3186,0.4874,1.0,1.0,0.5219,0.4356,2189.1447
Image_110_jpg.rf.KNWHzGugMu7wtbXcuab5.jpg,15,151,113,"(146, 107, 10, 13)",130,0.5805,0.3037,0.4978,1.0,1.0,0.5088,0.5,2478.3299
Image_110_jpg.rf.KNWHzGugMu7wtbXcuab5.jpg,16,146,79,"(138, 71, 16, 17)",272,0.5832,0.3113,0.4977,1.0,1.0,0.5056,0.649,1961.1599
Image_110_jpg.rf.KNWHzGugMu7wtbXcuab5.jpg,17,15,74,"(0, 56, 31, 37)",1147,0.5734,0.3044,0.4767,1.0,1.0,0.5175,0.4192,1999.5007
Image_110_jpg.rf.KNWHzGugMu7wtbXcuab5.jpg,18,63,61,"(43, 43, 40, 37)",1480,0.5729,0.3037,0.476,1.0,1.0,0.5145,0.5263,1878.7736
Image_111_jpg.rf.J00nwHc5tNHzjgLdx9lH.jpg,1,16,440,"(0, 397, 32, 87)",2784,0.7059,0.9499,0.4937,1.0,0.0064,0.5092,0.7475,6.4451
Image_111_jpg.rf.J00nwHc5tNHzjgLdx9lH.jpg,2,350,450,"(297, 389, 106, 123)",13038,0.5244,0.3127,0.5531,1.0,0.2138,0.5261,0.8159,213.8195
Image_111_jpg.rf.J00nwHc5tNHzjgLdx9lH.jpg,3,109,349,"(76, 322, 66, 54)",3564,0.6088,0.651,0.5029,1.0,0.0496,0.5084,0.6917,49.5923
Image_111_jpg.rf.J00nwHc5tNHzjgLdx9lH.jpg,4,351,318,"(343, 313, 16, 11)",176,0.7447,0.9544,0.5075,1.0,0.3307,0.5263,0.663,330.7264
Image_111_jpg.rf.J00nwHc5tNHzjgLdx9lH.jpg,5,319,314,"(303, 282, 33, 65)",2145,0.6052,0.5549,0.4905,1.0,0.3929,0.5339,0.3925,392.8529
Image_111_jpg.rf.J00nwHc5tNHzjgLdx9lH.jpg,6,480,217,"(475, 210, 11, 14)",154,0.5162,0.9367,0.5212,0.0,0.0595,0.493,0.0,59.5371
Image_111_jpg.rf.J00nwHc5tNHzjgLdx9lH.jpg,7,381,108,"(376, 102, 10, 12)",120,0.5464,0.9436,0.4956,0.0284,0.3696,0.4936,0.0057,369.6373
Image_111_jpg.rf.J00nwHc5tNHzjgLdx9lH.jpg,8,502,93,"(493, 82, 19, 22)",418,0.5105,0.9443,0.499,0.0,0.0531,0.4928,0.0,53.0607
Image_111_jpg.rf.J00nwHc5tNHzjgLdx9lH.jpg,9,130,103,"(116, 67, 29, 72)",2088,0.7484,0.9544,0.4987,1.0,0.3981,0.501,0.221,398.1371
Image_111_jpg.rf.J00nwHc5tNHzjgLdx9lH.jpg,10,507,55,"(502, 45, 10, 21)",210,0.7164,0.9616,0.5105,1.0,0.0118,0.4989,0.4053,11.7951
Image_111_jpg.rf.J00nwHc5tNHzjgLdx9lH.jpg,11,13,54,"(0, 36, 26, 37)",962,0.5022,0.9397,0.4933,0.0,0.0061,0.5,0.0,6.0733
Image_111_jpg.rf.J00nwHc5tNHzjgLdx9lH.jpg,12,45,35,"(37, 24, 16, 22)",352,0.5062,0.9499,0.4885,0.0,0.0273,0.4992,0.0,27.3107
Image_111_jpg.rf.J00nwHc5tNHzjgLdx9lH.jpg,13,439,45,"(386, 0, 107, 90)",9630,0.6647,0.9405,0.4891,0.7546,0.1348,0.5017,0.1509,134.8094
Image_111_jpg.rf.J00nwHc5tNHzjgLdx9lH.jpg,14,354,78,"(331, 0, 47, 157)",7379,0.6117,0.9476,0.4825,0.4409,0.2295,0.5,0.0882,229.5481
Image_112_jpg.rf.p9K7nhdx6eSHiLR5kcpe.jpg,1,359,504,"(354, 497, 11, 15)",165,0.554,0.5177,0.4903,1.0,0.0125,0.5024,0.8344,12.541
Image_112_jpg.rf.p9K7nhdx6eSHiLR5kcpe.jpg,2,29,285,"(25, 278, 9, 14)",126,0.5667,0.5221,0.5094,1.0,0.057,0.501,0.956,57.023
Image_113_jpg.rf.pNd4QSkyqK5kjaNOIvtX.jpg,1,418,357,"(412, 348, 12, 18)",216,0.6048,0.3868,0.5051,1.0,0.9259,0.5145,0.2583,925.8933
Image_113_jpg.rf.pNd4QSkyqK5kjaNOIvtX.jpg,2,59,267,"(56, 261, 7, 13)",91,0.7101,0.8958,0.5174,1.0,0.1546,0.5035,0.3158,154.5959
Image_113_jpg.rf.pNd4QSkyqK5kjaNOIvtX.jpg,3,66,212,"(0, 161, 132, 102)",13464,0.5032,0.3127,0.5128,1.0,0.1429,0.5298,0.5282,142.9016
Image_113_jpg.rf.pNd4QSkyqK5kjaNOIvtX.jpg,4,251,122,"(238, 108, 27, 28)",756,0.5068,0.3127,0.5234,1.0,0.1414,0.5132,0.4654,141.4162
Image_113_jpg.rf.pNd4QSkyqK5kjaNOIvtX.jpg,5,121,128,"(91, 100, 60, 56)",3360,0.4893,0.3127,0.4991,1.0,0.0519,0.5148,0.5108,51.8669
Image_113_jpg.rf.pNd4QSkyqK5kjaNOIvtX.jpg,6,369,70,"(364, 63, 11, 15)",165,0.4927,0.2841,0.5347,1.0,0.0609,0.4979,0.4122,60.9111
Image_113_jpg.rf.pNd4QSkyqK5kjaNOIvtX.jpg,7,268,64,"(261, 55, 15, 19)",285,0.506,0.2984,0.5596,1.0,0.0576,0.5028,0.4636,57.5732
Image_113_jpg.rf.pNd4QSkyqK5kjaNOIvtX.jpg,8,78,73,"(64, 54, 29, 39)",1131,0.4963,0.2984,0.5394,1.0,0.0312,0.4971,0.5399,31.2064
Image_113_jpg.rf.pNd4QSkyqK5kjaNOIvtX.jpg,9,411,41,"(390, 21, 43, 40)",1720,0.5123,0.3127,0.5688,1.0,0.0375,0.5169,0.528,37.4746
Image_113_jpg.rf.pNd4QSkyqK5kjaNOIvtX.jpg,10,273,26,"(260, 7, 26, 38)",988,0.4955,0.3068,0.5297,1.0,0.0269,0.5028,0.4574,26.8798
Image_113_jpg.rf.pNd4QSkyqK5kjaNOIvtX.jpg,11,322,32,"(288, 0, 69, 64)",4416,0.4948,0.2984,0.5368,1.0,0.0247,0.5111,0.3825,24.6616
Image_114_jpg.rf.66ZVsRxqDKP3QuHoyXfy.jpg,1,124,496,"(121, 484, 7, 24)",168,0.5392,0.2968,0.5738,1.0,0.3453,0.5061,0.3839,345.2552
Image_114_jpg.rf.66ZVsRxqDKP3QuHoyXfy.jpg,2,437,488,"(428, 477, 18, 23)",414,0.4685,0.1445,0.4908,1.0,0.4615,0.5086,0.5048,461.4563
Image_114_jpg.rf.66ZVsRxqDKP3QuHoyXfy.jpg,3,467,442,"(456, 427, 22, 31)",682,0.5008,0.2926,0.5081,1.0,0.2051,0.5144,0.4569,205.1427
Image_114_jpg.rf.66ZVsRxqDKP3QuHoyXfy.jpg,4,278,437,"(269, 426, 18, 23)",414,0.6382,0.5549,0.5091,1.0,0.6575,0.5092,0.4229,657.4831
Image_114_jpg.rf.66ZVsRxqDKP3QuHoyXfy.jpg,5,351,447,"(340, 424, 23, 47)",1081,0.4704,0.1445,0.5313,1.0,0.3392,0.508,0.3661,339.2363
Image_114_jpg.rf.66ZVsRxqDKP3QuHoyXfy.jpg,6,60,445,"(39, 410, 43, 70)",3010,0.5135,0.3037,0.4984,1.0,0.3273,0.5121,0.3135,327.2829
Image_114_jpg.rf.66ZVsRxqDKP3QuHoyXfy.jpg,7,1,416,"(0, 403, 3, 27)",81,0.5283,0.3037,0.5243,1.0,0.3849,0.4981,0.3048,384.9085
Image_114_jpg.rf.66ZVsRxqDKP3QuHoyXfy.jpg,8,154,424,"(141, 399, 26, 51)",1326,0.5383,0.3037,0.5112,1.0,0.5312,0.516,0.4741,531.2007
Image_114_jpg.rf.66ZVsRxqDKP3QuHoyXfy.jpg,9,308,414,"(298, 384, 20, 61)",1220,0.593,0.5549,0.4814,1.0,0.3028,0.5087,0.408,302.8325
Image_114_jpg.rf.66ZVsRxqDKP3QuHoyXfy.jpg,10,202,395,"(195, 382, 14, 27)",378,0.4913,0.1445,0.5189,1.0,0.5914,0.5098,0.3639,591.3644
Image_114_jpg.rf.66ZVsRxqDKP3QuHoyXfy.jpg,11,233,380,"(209, 354, 49, 52)",2548,0.6274,0.5549,0.5172,1.0,0.5217,0.5085,0.29,521.6687
Image_114_jpg.rf.66ZVsRxqDKP3QuHoyXfy.jpg,12,20,369,"(0, 350, 41, 39)",1599,0.5242,0.2985,0.5621,1.0,0.2302,0.5114,0.4639,230.1581
Image_114_jpg.rf.66ZVsRxqDKP3QuHoyXfy.jpg,13,265,345,"(254, 336, 22, 18)",396,0.5205,0.3037,0.5134,1.0,0.3455,0.5146,0.5235,345.5493
Image_114_jpg.rf.66ZVsRxqDKP3QuHoyXfy.jpg,14,89,346,"(83, 333, 12, 26)",312,0.5399,0.2985,0.5787,1.0,0.3287,0.5068,0.4178,328.6556
Image_114_jpg.rf.66ZVsRxqDKP3QuHoyXfy.jpg,15,173,339,"(168, 327, 11, 24)",264,0.5718,0.5445,0.5077,0.9481,0.1388,0.5075,0.1896,138.8227
Image_114_jpg.rf.66ZVsRxqDKP3QuHoyXfy.jpg,16,417,255,"(410, 244, 15, 23)",345,0.5155,0.2985,0.5162,1.0,0.3035,0.5107,0.3333,303.4633
Image_114_jpg.rf.66ZVsRxqDKP3QuHoyXfy.jpg,17,231,191,"(215, 179, 32, 24)",768,0.4688,0.0271,0.5969,1.0,0.5038,0.505,0.404,503.8136
Image_118_jpg.rf.IA5KUjhBRPNcyBeEEmbc.jpg,1,505,508,"(499, 504, 13, 8)",104,0.739,0.9616,0.5134,1.0,0.2275,0.5039,0.7782,227.5262
Image_118_jpg.rf.IA5KUjhBRPNcyBeEEmbc.jpg,2,8,506,"(0, 501, 17, 11)",187,0.7725,0.9616,0.4975,1.0,0.6185,0.511,0.5422,618.5166
Image_118_jpg.rf.IA5KUjhBRPNcyBeEEmbc.jpg,3,207,503,"(185, 495, 44, 17)",748,0.6625,0.6605,0.4697,1.0,0.6693,0.5154,0.573,669.3132
Image_118_jpg.rf.IA5KUjhBRPNcyBeEEmbc.jpg,4,91,500,"(81, 494, 20, 13)",260,0.6701,0.6755,0.4734,1.0,0.6802,0.509,0.4635,680.1925
Image_118_jpg.rf.IA5KUjhBRPNcyBeEEmbc.jpg,5,126,501,"(111, 491, 30, 21)",630,0.8065,0.9659,0.4811,1.0,1.0,0.5113,0.6305,1102.5125
Image_118_jpg.rf.IA5KUjhBRPNcyBeEEmbc.jpg,6,8,452,"(1, 448, 15, 9)",135,0.7404,0.9627,0.506,1.0,0.2635,0.5031,0.3723,263.4892
Image_118_jpg.rf.IA5KUjhBRPNcyBeEEmbc.jpg,7,177,432,"(167, 426, 21, 12)",252,0.6398,0.7352,0.4721,1.0,0.173,0.5091,0.5189,173.0407
Image_118_jpg.rf.IA5KUjhBRPNcyBeEEmbc.jpg,8,80,428,"(71, 424, 18, 8)",144,0.7295,0.9627,0.4909,1.0,0.2071,0.4991,0.3283,207.1104
Image_118_jpg.rf.IA5KUjhBRPNcyBeEEmbc.jpg,9,194,396,"(168, 383, 53, 26)",1378,0.6563,0.725,0.4811,1.0,0.3418,0.5386,0.5287,341.7714
Image_118_jpg.rf.IA5KUjhBRPNcyBeEEmbc.jpg,10,39,377,"(31, 365, 17, 24)",408,0.7241,0.9512,0.4984,1.0,0.1671,0.5089,0.4435,167.1052
Image_118_jpg.rf.IA5KUjhBRPNcyBeEEmbc.jpg,11,507,213,"(503, 204, 9, 18)",162,0.4729,0.3029,0.4594,1.0,0.0613,0.4997,1.0,61.272
Image_118_jpg.rf.IA5KUjhBRPNcyBeEEmbc.jpg,12,12,210,"(0, 190, 25, 41)",1025,0.7149,0.9512,0.506,1.0,0.0486,0.5027,0.7127,48.6159
Image_118_jpg.rf.IA5KUjhBRPNcyBeEEmbc.jpg,13,10,171,"(0, 166, 21, 10)",210,0.7078,0.9367,0.5038,1.0,0.0365,0.5045,0.5135,36.5307
Image_118_jpg.rf.IA5KUjhBRPNcyBeEEmbc.jpg,14,29,137,"(0, 124, 59, 26)",1534,0.702,0.9405,0.4831,1.0,0.0378,0.5089,0.3656,37.7953
Image_118_jpg.rf.IA5KUjhBRPNcyBeEEmbc.jpg,15,506,46,"(500, 39, 12, 15)",180,0.4644,0.2751,0.4776,1.0,0.0093,0.51,0.57,9.3245
Image_118_jpg.rf.IA5KUjhBRPNcyBeEEmbc.jpg,16,140,28,"(134, 23, 13, 11)",143,0.6422,0.8843,0.5018,0.7565,0.0572,0.5103,0.1513,57.246
Image_118_jpg.rf.IA5KUjhBRPNcyBeEEmbc.jpg,17,383,14,"(372, 10, 22, 9)",198,0.4776,0.2985,0.4854,1.0,0.0322,0.5058,0.3697,32.1826
Image_118_jpg.rf.IA5KUjhBRPNcyBeEEmbc.jpg,18,287,12,"(264, 0, 47, 24)",1128,0.4793,0.3045,0.4868,1.0,0.0235,0.5124,0.6486,23.5253
Image_118_jpg.rf.IA5KUjhBRPNcyBeEEmbc.jpg,19,120,9,"(101, 0, 38, 18)",684,0.5037,0.9314,0.5038,0.0,0.014,0.505,0.0,13.9505
Image_119_jpg.rf.wEfyYnxUkbsIxz2zlWr2.jpg,1,171,412,"(160, 402, 22, 21)",462,0.5575,0.3219,0.4818,1.0,0.762,0.507,0.8021,761.9742
Image_119_jpg.rf.wEfyYnxUkbsIxz2zlWr2.jpg,2,44,123,"(0, 56, 89, 134)",11926,0.5666,0.5349,0.5093,1.0,0.0118,0.5113,0.2702,11.8281
Image_119_jpg.rf.wEfyYnxUkbsIxz2zlWr2.jpg,3,98,43,"(84, 30, 28, 26)",728,0.5741,0.5287,0.5201,1.0,0.0706,0.4849,0.4671,70.5658
Image_119_jpg.rf.wEfyYnxUkbsIxz2zlWr2.jpg,4,150,8,"(141, 0, 19, 16)",304,0.6578,0.7745,0.5324,1.0,0.0041,0.5023,0.2845,4.0721
Image_11_jpg.rf.ugZaSCbtIAgOGoBDjebp.jpg,1,196,266,"(181, 233, 31, 67)",2077,0.4863,0.0204,0.512,1.0,1.0,0.4989,0.4801,5300.9195
Image_11_jpg.rf.ugZaSCbtIAgOGoBDjebp.jpg,2,191,212,"(184, 193, 15, 38)",570,0.4832,0.0271,0.4963,1.0,1.0,0.5065,0.6778,8049.4644
Image_11_jpg.rf.ugZaSCbtIAgOGoBDjebp.jpg,3,405,179,"(364, 114, 83, 131)",10873,0.4899,0.0204,0.5221,1.0,1.0,0.5077,0.425,5657.6374
Image_11_jpg.rf.ugZaSCbtIAgOGoBDjebp.jpg,4,58,117,"(52, 107, 12, 20)",240,0.4837,0.0271,0.4978,1.0,1.0,0.5033,0.5781,7491.3763
Image_11_jpg.rf.ugZaSCbtIAgOGoBDjebp.jpg,5,125,159,"(55, 101, 141, 117)",16497,0.4943,0.0271,0.5281,1.0,1.0,0.5193,0.4831,6984.6573
Image_11_jpg.rf.ugZaSCbtIAgOGoBDjebp.jpg,6,153,96,"(149, 88, 9, 17)",153,0.592,0.3037,0.5307,1.0,1.0,0.5161,0.2759,7582.4236
Image_11_jpg.rf.ugZaSCbtIAgOGoBDjebp.jpg,7,84,85,"(80, 80, 8, 11)",88,0.5155,0.3037,0.517,0.6413,1.0,0.5229,0.1283,7794.718
Image_11_jpg.rf.ugZaSCbtIAgOGoBDjebp.jpg,8,225,72,"(215, 55, 20, 34)",680,0.4798,0.0271,0.4867,1.0,1.0,0.5023,0.6929,7500.9989
Image_11_jpg.rf.ugZaSCbtIAgOGoBDjebp.jpg,9,257,69,"(245, 54, 25, 31)",775,0.4825,0.0271,0.4944,1.0,1.0,0.515,0.7568,6028.3843
Image_11_jpg.rf.ugZaSCbtIAgOGoBDjebp.jpg,10,292,38,"(288, 33, 8, 11)",88,0.5493,0.3037,0.5079,0.8261,1.0,0.5154,0.1652,7324.4518
Image_11_jpg.rf.ugZaSCbtIAgOGoBDjebp.jpg,11,251,40,"(247, 33, 9, 15)",135,0.5977,0.3037,0.5468,1.0,1.0,0.5226,0.2875,9161.1761
Image_120_jpg.rf.GnBVqnJanbW98IVF7LZl.jpg,1,441,159,"(433, 151, 16, 16)",256,0.7394,0.9467,0.5097,1.0,0.2964,0.5102,0.4413,296.4181
Image_120_jpg.rf.GnBVqnJanbW98IVF7LZl.jpg,2,410,137,"(404, 125, 12, 25)",300,0.7445,0.9544,0.5252,1.0,0.2666,0.5118,0.4595,266.5521
Image_120_jpg.rf.GnBVqnJanbW98IVF7LZl.jpg,3,17,116,"(10, 109, 15, 15)",225,0.5061,0.2926,0.5431,1.0,0.1366,0.4995,0.3813,136.5783
Image_120_jpg.rf.GnBVqnJanbW98IVF7LZl.jpg,4,175,118,"(170, 105, 11, 26)",286,0.5169,0.3127,0.5376,1.0,0.1931,0.5058,0.651,193.1253
Image_120_jpg.rf.GnBVqnJanbW98IVF7LZl.jpg,5,42,104,"(36, 100, 12, 9)",108,0.5102,0.2985,0.5333,1.0,0.1905,0.5014,0.5536,190.4704
Image_120_jpg.rf.GnBVqnJanbW98IVF7LZl.jpg,6,160,80,"(154, 74, 13, 13)",169,0.5171,0.2985,0.5592,1.0,0.169,0.4958,0.2864,168.991
Image_120_jpg.rf.GnBVqnJanbW98IVF7LZl.jpg,7,214,76,"(206, 69, 16, 15)",240,0.7257,0.725,0.4914,1.0,1.0,0.518,0.6667,1083.6626
Image_120_jpg.rf.GnBVqnJanbW98IVF7LZl.jpg,8,186,49,"(182, 39, 9, 21)",189,0.7303,0.9659,0.508,1.0,0.1446,0.4956,0.4603,144.5581
Image_120_jpg.rf.GnBVqnJanbW98IVF7LZl.jpg,9,426,60,"(401, 0, 50, 121)",6050,0.7152,0.9512,0.4672,1.0,0.1872,0.5275,0.5657,187.2181
Image_121_jpg.rf.AVyccaWUJujAnCUpxrgk.jpg,1,410,459,"(406, 453, 9, 13)",117,0.51,0.9569,0.4988,0.0,0.0052,0.5023,0.0,5.227
Image_121_jpg.rf.AVyccaWUJujAnCUpxrgk.jpg,2,365,437,"(356, 424, 18, 26)",468,0.5012,0.9443,0.4832,0.0,0.0153,0.5048,0.0,15.3471
Image_121_jpg.rf.AVyccaWUJujAnCUpxrgk.jpg,3,326,390,"(305, 368, 42, 44)",1848,0.5987,0.9467,0.4845,0.2017,0.5748,0.5099,0.0403,574.8395
Image_121_jpg.rf.AVyccaWUJujAnCUpxrgk.jpg,4,77,361,"(71, 357, 12, 9)",108,0.702,0.8826,0.5223,1.0,0.1031,0.5042,0.4504,103.136
Image_121_jpg.rf.AVyccaWUJujAnCUpxrgk.jpg,5,97,354,"(92, 348, 10, 13)",130,0.7591,0.8843,0.5317,1.0,0.635,0.5001,0.4018,634.9954
Image_121_jpg.rf.AVyccaWUJujAnCUpxrgk.jpg,6,170,293,"(147, 273, 46, 41)",1886,0.5727,0.3179,0.4887,1.0,0.9036,0.5026,0.6269,903.5778
Image_121_jpg.rf.AVyccaWUJujAnCUpxrgk.jpg,7,105,269,"(54, 247, 103, 44)",4532,0.5148,0.3127,0.4521,1.0,0.4709,0.5259,0.8884,470.9353
Image_121_jpg.rf.AVyccaWUJujAnCUpxrgk.jpg,8,469,291,"(427, 245, 85, 92)",7820,0.616,0.6571,0.4606,1.0,0.2481,0.5323,0.7253,248.1479
Image_121_jpg.rf.AVyccaWUJujAnCUpxrgk.jpg,9,72,218,"(0, 153, 144, 130)",18720,0.6255,0.6589,0.4712,1.0,0.2996,0.5289,0.4746,299.6165
Image_122_jpg.rf.vRqtUBYxubQ0SoLBhjHE.jpg,1,146,111,"(132, 96, 29, 30)",870,0.5247,0.3037,0.49,1.0,0.4694,0.5143,0.6214,469.3919
Image_123_jpg.rf.wxwv6dlsIh7RJZ4IqJh1.jpg,1,156,157,"(113, 115, 86, 85)",7310,0.4837,0.2944,0.4791,1.0,0.1298,0.5101,0.6322,129.7589
Image_124_jpg.rf.rdbCk2owkYPm1khrMruc.jpg,1,123,394,"(118, 389, 10, 11)",110,0.7271,0.9484,0.4899,1.0,0.2372,0.4995,0.3913,237.2036
Image_124_jpg.rf.rdbCk2owkYPm1khrMruc.jpg,2,312,347,"(301, 340, 23, 15)",345,0.7323,0.776,0.4956,0.9788,0.9147,0.5104,0.1958,914.6844
Image_124_jpg.rf.rdbCk2owkYPm1khrMruc.jpg,3,423,216,"(411, 212, 24, 9)",216,0.7526,0.9627,0.5258,1.0,0.3163,0.5043,0.4947,316.2693
Image_124_jpg.rf.rdbCk2owkYPm1khrMruc.jpg,4,504,192,"(497, 179, 15, 26)",390,0.7307,0.9512,0.5,1.0,0.2276,0.5043,0.3922,227.5508
Image_124_jpg.rf.rdbCk2owkYPm1khrMruc.jpg,5,167,133,"(154, 126, 26, 14)",364,0.7445,0.9627,0.5023,1.0,0.3173,0.5163,0.2561,317.2646
Image_124_jpg.rf.rdbCk2owkYPm1khrMruc.jpg,6,267,169,"(232, 103, 70, 132)",9240,0.5179,0.3127,0.4868,1.0,0.3802,0.5333,0.533,380.2176
Image_124_jpg.rf.rdbCk2owkYPm1khrMruc.jpg,7,502,100,"(496, 94, 13, 13)",169,0.7552,0.9715,0.4928,1.0,0.4268,0.5008,0.5909,426.8472
Image_124_jpg.rf.rdbCk2owkYPm1khrMruc.jpg,8,162,31,"(153, 16, 18, 31)",558,0.7132,0.9627,0.4815,1.0,0.0772,0.516,0.4419,77.1978
Image_126_jpg.rf.CTZ8d3VNoDXxTGJMzPqI.jpg,1,264,293,"(261, 284, 7, 19)",133,0.8125,0.9544,0.5377,1.0,0.9026,0.504,0.2598,902.6005
Image_126_jpg.rf.CTZ8d3VNoDXxTGJMzPqI.jpg,2,271,235,"(229, 197, 85, 76)",6460,0.5765,0.3179,0.4788,1.0,0.9769,0.5235,0.3384,976.9451
Image_127_jpg.rf.LccIpdsTctDT5vBHRDqW.jpg,1,317,439,"(305, 429, 25, 20)",500,0.7041,0.9384,0.4935,1.0,0.0292,0.4905,0.6681,29.2119
Image_127_jpg.rf.LccIpdsTctDT5vBHRDqW.jpg,2,505,342,"(499, 338, 13, 9)",117,0.7157,0.9314,0.5192,1.0,0.0803,0.4916,0.3835,80.2999
Image_128_jpg.rf.A288RXnbdwelSf6Nt8x4.jpg,1,306,454,"(290, 442, 33, 25)",825,0.7575,0.9715,0.4739,1.0,0.5161,0.5093,0.2859,516.0685
Image_128_jpg.rf.A288RXnbdwelSf6Nt8x4.jpg,2,262,425,"(257, 412, 11, 26)",286,0.6253,0.9544,0.4903,0.4462,0.304,0.5161,0.0892,303.9937
Image_128_jpg.rf.A288RXnbdwelSf6Nt8x4.jpg,3,34,188,"(0, 147, 68, 82)",5576,0.4776,0.3127,0.4653,1.0,0.0536,0.5262,0.6532,53.5971
Image_12_jpg.rf.iamGRq8ZstEdQUe0LEBq.jpg,1,447,273,"(405, 193, 85, 160)",13600,0.555,0.2946,0.524,1.0,0.6843,0.5069,0.4983,684.3351
Image_130_jpg.rf.nlf9GJ9UgLbRP8X9A77L.jpg,1,212,449,"(206, 444, 13, 10)",130,0.5595,0.3179,0.5124,1.0,0.6895,0.5194,0.3709,689.4622
Image_130_jpg.rf.nlf9GJ9UgLbRP8X9A77L.jpg,2,214,394,"(162, 348, 105, 92)",9660,0.5968,0.5401,0.4945,1.0,0.3465,0.5567,0.4915,346.5351
Image_132_jpg.rf.r5E9R55Ax5vtcOy6rfQA.jpg,1,261,298,"(215, 225, 93, 146)",13578,0.552,0.3179,0.5029,1.0,0.6467,0.5312,0.6377,646.7119
Image_132_jpg.rf.r5E9R55Ax5vtcOy6rfQA.jpg,2,344,117,"(336, 107, 17, 20)",340,0.5342,0.2946,0.5181,0.7489,1.0,0.5199,0.1498,1062.7759
Image_132_jpg.rf.r5E9R55Ax5vtcOy6rfQA.jpg,3,266,77,"(231, 39, 70, 76)",5320,0.4944,0.2944,0.4796,1.0,0.2347,0.512,0.5665,234.7367
Image_133_jpg.rf.ArnBqVdUXmHwYlaOmH9T.jpg,1,255,184,"(250, 161, 11, 47)",517,0.5026,0.3037,0.5039,1.0,0.1995,0.5149,0.3073,199.5201
Image_134_jpg.rf.mjcK32ElmCkzsjTNjwdP.jpg,1,135,138,"(86, 107, 99, 63)",6237,0.4994,0.3127,0.4863,1.0,0.1974,0.5187,0.6947,197.4121
Image_134_jpg.rf.mjcK32ElmCkzsjTNjwdP.jpg,2,223,62,"(184, 17, 78, 90)",7020,0.4742,0.2751,0.5023,1.0,0.0209,0.5095,0.7624,20.9467
Image_136_jpg.rf.2Tq3TUz3G3HxEk4ZJAZt.jpg,1,301,460,"(289, 451, 24, 18)",432,0.478,0.0316,0.5507,1.0,0.7424,0.495,0.3796,742.4173
Image_136_jpg.rf.2Tq3TUz3G3HxEk4ZJAZt.jpg,2,162,70,"(158, 62, 8, 16)",128,0.475,0.0277,0.5729,1.0,0.6481,0.477,0.2464,648.0634
Image_137_jpg.rf.ZuUCDIHVvVhxfRAe4kU7.jpg,1,244,307,"(193, 255, 103, 104)",10712,0.5646,0.3204,0.4852,1.0,0.8263,0.5349,0.817,826.3143
Image_137_jpg.rf.ZuUCDIHVvVhxfRAe4kU7.jpg,2,311,206,"(302, 192, 19, 28)",532,0.5556,0.3077,0.4788,1.0,0.8028,0.5091,0.55,802.7611
Image_137_jpg.rf.ZuUCDIHVvVhxfRAe4kU7.jpg,3,210,203,"(191, 175, 38, 57)",2166,0.5333,0.3077,0.4816,1.0,0.5703,0.5103,0.7093,570.3475
Image_137_jpg.rf.ZuUCDIHVvVhxfRAe4kU7.jpg,4,267,211,"(245, 156, 44, 110)",4840,0.5788,0.3037,0.493,1.0,1.0,0.5104,0.7547,1013.9271
Image_138_jpeg.rf.c7CXoYotoKBlXRO5vx0r.jpg,1,464,490,"(440, 469, 48, 43)",2064,0.7259,0.9715,0.4812,1.0,0.1741,0.5102,0.6772,174.0695
Image_138_jpeg.rf.c7CXoYotoKBlXRO5vx0r.jpg,2,440,458,"(429, 436, 23, 44)",1012,0.7077,0.9559,0.4899,1.0,0.017,0.5032,0.2495,17.0131
Image_138_jpeg.rf.c7CXoYotoKBlXRO5vx0r.jpg,3,444,395,"(432, 379, 25, 33)",825,0.5709,0.9314,0.499,0.3453,0.0115,0.5064,0.0691,11.5344
Image_138_jpeg.rf.c7CXoYotoKBlXRO5vx0r.jpg,4,494,390,"(477, 326, 35, 129)",4515,0.7163,0.9512,0.5125,1.0,0.0403,0.521,0.6207,40.297
Image_138_jpeg.rf.c7CXoYotoKBlXRO5vx0r.jpg,5,129,109,"(123, 97, 13, 24)",312,0.4703,0.2809,0.4883,1.0,0.011,0.5015,0.7011,11.0322
Image_138_jpeg.rf.c7CXoYotoKBlXRO5vx0r.jpg,6,350,123,"(336, 86, 29, 75)",2175,0.4728,0.2944,0.4811,1.0,0.0133,0.5209,0.5489,13.3332
Image_138_jpeg.rf.c7CXoYotoKBlXRO5vx0r.jpg,7,201,100,"(189, 83, 25, 35)",875,0.48,0.3036,0.4903,1.0,0.0214,0.5082,0.5382,21.3692
Image_138_jpeg.rf.c7CXoYotoKBlXRO5vx0r.jpg,8,419,64,"(410, 52, 18, 24)",432,0.4617,0.2791,0.4668,1.0,0.0058,0.5041,0.9417,5.7738
Image_138_jpeg.rf.c7CXoYotoKBlXRO5vx0r.jpg,9,379,78,"(368, 50, 23, 56)",1288,0.4762,0.2912,0.4957,1.0,0.0081,0.5049,0.6819,8.072
Image_139_jpg.rf.GlOqjsA2OPzwGS1CydFl.jpg,1,351,360,"(329, 329, 45, 63)",2835,0.72,0.9435,0.5209,1.0,0.0743,0.5162,0.2299,74.3482
Image_139_jpg.rf.GlOqjsA2OPzwGS1CydFl.jpg,2,218,344,"(215, 329, 7, 30)",210,0.4694,0.6009,0.5157,0.282,0.2218,0.505,0.0564,221.7759
Image_139_jpg.rf.GlOqjsA2OPzwGS1CydFl.jpg,3,102,203,"(95, 192, 14, 22)",308,0.4775,0.2918,0.4816,1.0,0.0677,0.5066,0.56,67.6881
Image_139_jpg.rf.GlOqjsA2OPzwGS1CydFl.jpg,4,290,98,"(279, 51, 23, 95)",2185,0.4671,0.2841,0.4557,1.0,0.0818,0.5034,0.5028,81.8366
Image_141_jpg.rf.ni5cZFE4NmWcgkkTJyu0.jpg,1,272,266,"(240, 240, 64, 52)",3328,0.6275,0.5549,0.4899,1.0,0.6183,0.5305,0.6003,618.3006
Image_141_jpg.rf.ni5cZFE4NmWcgkkTJyu0.jpg,2,264,216,"(256, 205, 17, 22)",374,0.6461,0.5549,0.527,1.0,0.6744,0.5167,0.6369,674.4033
Image_141_jpg.rf.ni5cZFE4NmWcgkkTJyu0.jpg,3,301,214,"(287, 196, 29, 36)",1044,0.656,0.5549,0.5103,1.0,0.8318,0.5219,0.5615,831.7805
Image_141_jpg.rf.ni5cZFE4NmWcgkkTJyu0.jpg,4,189,192,"(179, 184, 20, 17)",340,0.7773,0.9715,0.5067,1.0,0.5994,0.5087,0.7414,599.4176
Image_141_jpg.rf.ni5cZFE4NmWcgkkTJyu0.jpg,5,155,201,"(133, 177, 44, 49)",2156,0.7267,0.9627,0.5149,1.0,0.095,0.5152,0.6593,95.0017
Image_141_jpg.rf.ni5cZFE4NmWcgkkTJyu0.jpg,6,444,168,"(439, 162, 10, 13)",130,0.7023,0.6701,0.5204,1.0,0.8563,0.5047,0.5673,856.3428
Image_141_jpg.rf.ni5cZFE4NmWcgkkTJyu0.jpg,7,227,165,"(214, 149, 26, 32)",832,0.6217,0.6665,0.4698,1.0,0.2403,0.5071,0.7261,240.2662
Image_141_jpg.rf.ni5cZFE4NmWcgkkTJyu0.jpg,8,316,172,"(292, 147, 48, 50)",2400,0.6613,0.5549,0.4933,1.0,0.944,0.5151,0.4024,944.0048
Image_141_jpg.rf.ni5cZFE4NmWcgkkTJyu0.jpg,9,5,107,"(0, 96, 10, 22)",220,0.7153,0.9471,0.5131,1.0,0.0423,0.5039,0.921,42.2619
Image_141_jpg.rf.ni5cZFE4NmWcgkkTJyu0.jpg,10,72,89,"(53, 82, 38, 15)",570,0.6165,0.6519,0.5288,1.0,0.0331,0.5116,0.8644,33.1156
Image_141_jpg.rf.ni5cZFE4NmWcgkkTJyu0.jpg,11,401,84,"(388, 75, 27, 19)",513,0.7108,0.6779,0.4959,1.0,1.0,0.5017,0.3309,1241.3777
Image_141_jpg.rf.ni5cZFE4NmWcgkkTJyu0.jpg,12,384,64,"(380, 58, 9, 13)",117,0.8072,0.9715,0.4775,1.0,1.0,0.5046,0.6648,1264.7695
Image_141_jpg.rf.ni5cZFE4NmWcgkkTJyu0.jpg,13,45,63,"(37, 57, 17, 12)",204,0.5198,0.3876,0.5043,1.0,0.076,0.511,0.6293,75.9858
Image_141_jpg.rf.ni5cZFE4NmWcgkkTJyu0.jpg,14,88,59,"(77, 53, 23, 12)",276,0.5859,0.5131,0.5038,1.0,0.2998,0.5093,0.7548,299.8416
Image_141_jpg.rf.ni5cZFE4NmWcgkkTJyu0.jpg,15,123,51,"(117, 44, 12, 14)",168,0.5234,0.3864,0.4899,1.0,0.1666,0.5101,0.7452,166.5689
Image_141_jpg.rf.ni5cZFE4NmWcgkkTJyu0.jpg,16,347,48,"(333, 38, 28, 21)",588,0.7806,0.9114,0.4616,1.0,1.0,0.504,0.4098,2032.5517
Image_141_jpg.rf.ni5cZFE4NmWcgkkTJyu0.jpg,17,276,23,"(268, 18, 17, 10)",170,0.7738,0.9606,0.4998,1.0,0.6267,0.5104,0.6536,626.6614
Image_142_jpg.rf.y4CHTtI6ZZwpOb0pXD4Y.jpg,1,56,377,"(51, 356, 10, 42)",420,0.7156,0.725,0.4641,1.0,0.9945,0.5247,0.7677,994.4877
Image_142_jpg.rf.y4CHTtI6ZZwpOb0pXD4Y.jpg,2,63,291,"(59, 284, 8, 15)",120,0.7434,0.9396,0.5188,1.0,0.3299,0.5103,0.7296,329.8707
Image_142_jpg.rf.y4CHTtI6ZZwpOb0pXD4Y.jpg,3,125,171,"(121, 154, 8, 35)",280,0.5071,0.2882,0.5275,1.0,0.216,0.5058,0.8713,215.9742
Image_142_jpg.rf.y4CHTtI6ZZwpOb0pXD4Y.jpg,4,40,133,"(32, 120, 17, 27)",459,0.8104,0.9476,0.5108,1.0,1.0,0.5072,0.2361,1848.5173
Image_145_jpg.rf.Bkrti4cBNdjrLgui4m8j.jpg,1,62,335,"(48, 312, 29, 47)",1363,0.5466,0.3037,0.4787,0.864,1.0,0.498,0.1728,1779.0578
Image_146_jpg.rf.SFDE7joghmlzovAHZyal.jpg,1,132,304,"(116, 281, 32, 46)",1472,0.5393,0.3037,0.4748,1.0,0.6683,0.5426,0.4624,668.255
Image_146_jpg.rf.SFDE7joghmlzovAHZyal.jpg,2,103,288,"(94, 278, 19, 21)",399,0.518,0.2985,0.4898,1.0,0.4215,0.5152,0.3099,421.4553
Image_146_jpg.rf.SFDE7joghmlzovAHZyal.jpg,3,102,240,"(97, 235, 10, 10)",100,0.5803,0.3037,0.497,1.0,1.0,0.5106,0.2645,1233.6916
Image_146_jpg.rf.SFDE7joghmlzovAHZyal.jpg,4,185,156,"(180, 146, 10, 20)",200,0.5382,0.3037,0.4924,1.0,0.5955,0.5151,0.3523,595.5057
Image_146_jpg.rf.SFDE7joghmlzovAHZyal.jpg,5,250,78,"(232, 54, 37, 48)",1776,0.6742,0.6641,0.4911,1.0,0.6991,0.508,0.5483,699.1422
Image_147_jpg.rf.0ObOLmbo8kCVbiuendEU.jpg,1,365,407,"(357, 404, 16, 7)",112,0.5726,0.5102,0.5448,0.5169,1.0,0.504,0.1034,1685.7464
Image_147_jpg.rf.0ObOLmbo8kCVbiuendEU.jpg,2,82,406,"(72, 402, 20, 9)",180,0.5228,0.5102,0.571,0.3795,0.6849,0.5048,0.0759,684.9472
Image_147_jpg.rf.0ObOLmbo8kCVbiuendEU.jpg,3,25,406,"(16, 402, 19, 9)",171,0.4808,0.5102,0.553,0.361,0.3652,0.5007,0.0722,365.22
Image_147_jpg.rf.0ObOLmbo8kCVbiuendEU.jpg,4,95,385,"(56, 373, 78, 25)",1950,0.8001,0.9512,0.4776,1.0,1.0,0.4946,0.6652,1010.354
Image_147_jpg.rf.0ObOLmbo8kCVbiuendEU.jpg,5,396,376,"(381, 370, 30, 13)",390,0.7206,0.7387,0.463,1.0,1.0,0.5073,0.8686,1200.59
Image_147_jpg.rf.0ObOLmbo8kCVbiuendEU.jpg,6,311,384,"(296, 369, 30, 30)",900,0.8103,0.9544,0.5036,1.0,1.0,0.496,0.6791,1528.9257
Image_147_jpg.rf.0ObOLmbo8kCVbiuendEU.jpg,7,432,356,"(420, 349, 24, 15)",360,0.7209,0.7387,0.4715,1.0,0.9727,0.5045,0.8416,972.7198
Image_147_jpg.rf.0ObOLmbo8kCVbiuendEU.jpg,8,273,350,"(265, 341, 16, 18)",288,0.7224,0.7387,0.4682,1.0,1.0,0.509,0.9952,1411.0331
Image_147_jpg.rf.0ObOLmbo8kCVbiuendEU.jpg,9,380,330,"(371, 317, 18, 27)",486,0.7467,0.8144,0.4619,1.0,1.0,0.4997,0.9308,1631.6984
Image_147_jpg.rf.0ObOLmbo8kCVbiuendEU.jpg,10,78,308,"(72, 304, 12, 8)",96,0.8092,0.9544,0.5006,1.0,1.0,0.4973,0.5479,1655.3424
Image_147_jpg.rf.0ObOLmbo8kCVbiuendEU.jpg,11,354,293,"(347, 285, 14, 17)",238,0.8114,0.9544,0.5068,1.0,1.0,0.5165,0.6963,1625.6473
Image_147_jpg.rf.0ObOLmbo8kCVbiuendEU.jpg,12,324,287,"(319, 282, 11, 11)",121,0.8121,0.9544,0.5089,1.0,1.0,0.5059,0.4972,2015.542
Image_147_jpg.rf.0ObOLmbo8kCVbiuendEU.jpg,13,7,296,"(0, 280, 15, 33)",495,0.8068,0.9516,0.4963,1.0,1.0,0.5005,0.818,1829.5359
Image_147_jpg.rf.0ObOLmbo8kCVbiuendEU.jpg,14,442,265,"(406, 254, 73, 23)",1679,0.5821,0.3127,0.5378,1.0,0.8446,0.5178,0.6655,844.6245
Image_147_jpg.rf.0ObOLmbo8kCVbiuendEU.jpg,15,62,253,"(52, 248, 21, 11)",231,0.7214,0.7387,0.4653,1.0,1.0,0.4991,0.9157,1901.7849
Image_147_jpg.rf.0ObOLmbo8kCVbiuendEU.jpg,16,422,232,"(408, 227, 28, 11)",308,0.5373,0.3127,0.4949,1.0,0.5461,0.5167,0.6837,546.0869
Image_147_jpg.rf.0ObOLmbo8kCVbiuendEU.jpg,17,41,222,"(33, 217, 16, 11)",176,0.7219,0.7387,0.4668,1.0,1.0,0.4947,0.9193,1121.8453
Image_147_jpg.rf.0ObOLmbo8kCVbiuendEU.jpg,18,144,228,"(96, 197, 97, 63)",6111,0.6053,0.3868,0.5019,1.0,0.9424,0.5309,0.6029,942.4054
Image_147_jpg.rf.0ObOLmbo8kCVbiuendEU.jpg,19,338,182,"(329, 169, 18, 27)",486,0.4832,0.2985,0.445,1.0,0.2295,0.4968,0.4855,229.4834
Image_147_jpg.rf.0ObOLmbo8kCVbiuendEU.jpg,20,293,175,"(282, 165, 22, 21)",462,0.5516,0.3037,0.5023,1.0,0.6953,0.497,0.4519,695.279
Image_148_jpg.rf.MtqxdZ5CMCsfOSMcZVNG.jpg,1,97,254,"(90, 248, 15, 12)",180,0.7134,0.9444,0.5004,1.0,0.0769,0.489,0.5494,76.9242
Image_148_jpg.rf.MtqxdZ5CMCsfOSMcZVNG.jpg,2,51,226,"(0, 207, 103, 39)",4017,0.478,0.3036,0.4653,1.0,0.0889,0.4913,0.4186,88.926
Image_148_jpg.rf.MtqxdZ5CMCsfOSMcZVNG.jpg,3,411,191,"(395, 182, 33, 18)",594,0.5852,0.5313,0.5078,1.0,0.2149,0.5242,0.2719,214.9278
Image_149_jpg.rf.ZdJSVGJdqhCI7OlouS5z.jpg,1,347,411,"(340, 404, 14, 14)",196,0.5265,0.3179,0.4669,1.0,0.5178,0.5171,0.5015,517.7866
Image_149_jpg.rf.ZdJSVGJdqhCI7OlouS5z.jpg,2,104,381,"(98, 371, 13, 21)",273,0.5176,0.3805,0.4625,1.0,0.2256,0.5177,0.6194,225.6321
Image_149_jpg.rf.ZdJSVGJdqhCI7OlouS5z.jpg,3,392,369,"(380, 355, 24, 28)",672,0.535,0.3037,0.4829,1.0,0.5965,0.5142,0.3417,596.5308
Image_149_jpg.rf.ZdJSVGJdqhCI7OlouS5z.jpg,4,124,350,"(117, 345, 14, 10)",140,0.5189,0.2984,0.5471,1.0,0.2298,0.5136,0.7867,229.8254
Image_149_jpg.rf.ZdJSVGJdqhCI7OlouS5z.jpg,5,237,348,"(218, 325, 39, 46)",1794,0.5186,0.3127,0.4868,1.0,0.388,0.5331,0.9479,387.9705
Image_149_jpg.rf.ZdJSVGJdqhCI7OlouS5z.jpg,6,425,309,"(405, 289, 41, 41)",1681,0.492,0.2985,0.4819,1.0,0.1884,0.5097,0.3902,188.4072
Image_149_jpg.rf.ZdJSVGJdqhCI7OlouS5z.jpg,7,252,256,"(248, 244, 9, 25)",225,0.5673,0.321,0.5051,1.0,0.7819,0.5197,0.8185,781.9389
Image_149_jpg.rf.ZdJSVGJdqhCI7OlouS5z.jpg,8,222,235,"(216, 224, 13, 22)",286,0.6494,0.56,0.5023,1.0,0.7757,0.5128,0.6094,775.6816
Image_149_jpg.rf.ZdJSVGJdqhCI7OlouS5z.jpg,9,274,231,"(260, 222, 29, 19)",551,0.5509,0.3134,0.5021,1.0,0.6547,0.522,0.7018,654.7181
Image_149_jpg.rf.ZdJSVGJdqhCI7OlouS5z.jpg,10,155,77,"(146, 63, 19, 29)",551,0.485,0.2841,0.4888,1.0,0.1451,0.5128,0.871,145.0552
Image_14_jpg.rf.ehPRFk4J6sebqaKTQsX4.jpg,1,137,53,"(125, 34, 24, 38)",912,0.4778,0.0271,0.481,1.0,1.0,0.4999,0.6606,7043.1904
Image_14_jpg.rf.ehPRFk4J6sebqaKTQsX4.jpg,2,181,56,"(165, 26, 32, 60)",1920,0.4835,0.0316,0.4926,1.0,1.0,0.5099,0.7491,5125.1851
Image_14_jpg.rf.ehPRFk4J6sebqaKTQsX4.jpg,3,220,16,"(215, 8, 11, 16)",176,0.5477,0.3037,0.5051,0.823,1.0,0.5243,0.1646,6722.4404
Image_14_jpg.rf.ehPRFk4J6sebqaKTQsX4.jpg,4,169,18,"(163, 8, 13, 20)",260,0.6057,0.3037,0.5698,1.0,1.0,0.5236,0.2825,7730.2384
Image_14_jpg.rf.ehPRFk4J6sebqaKTQsX4.jpg,5,194,7,"(190, 0, 9, 15)",135,0.5432,0.3037,0.522,0.771,1.0,0.516,0.1542,9960.0655
Image_150_jpg.rf.M97gRHcPskNODuDozd4k.jpg,1,278,458,"(272, 420, 13, 76)",988,0.7304,1.0,0.4822,1.0,0.1165,0.517,0.2777,116.5149
Image_151_jpg.rf.spV9r9WrtXpibKOiJoFo.jpg,1,240,485,"(236, 479, 9, 12)",108,0.5804,0.3037,0.4974,1.0,1.0,0.5013,0.4226,1546.5035
Image_151_jpg.rf.spV9r9WrtXpibKOiJoFo.jpg,2,158,486,"(144, 468, 29, 36)",1044,0.5757,0.3037,0.4839,1.0,1.0,0.5188,0.4721,1425.4579
Image_151_jpg.rf.spV9r9WrtXpibKOiJoFo.jpg,3,266,476,"(258, 467, 16, 18)",288,0.5743,0.3037,0.48,1.0,1.0,0.521,0.4143,2498.3975
Image_151_jpg.rf.spV9r9WrtXpibKOiJoFo.jpg,4,450,465,"(446, 460, 9, 11)",99,0.5751,0.3037,0.4824,1.0,1.0,0.511,0.4493,1935.6956
Image_151_jpg.rf.spV9r9WrtXpibKOiJoFo.jpg,5,350,458,"(336, 451, 29, 15)",435,0.5723,0.3037,0.4743,1.0,1.0,0.5103,0.5528,1272.4136
Image_151_jpg.rf.spV9r9WrtXpibKOiJoFo.jpg,6,425,457,"(418, 449, 15, 16)",240,0.568,0.3037,0.4621,1.0,1.0,0.5144,0.4603,2105.4071
Image_151_jpg.rf.spV9r9WrtXpibKOiJoFo.jpg,7,487,419,"(475, 413, 25, 13)",325,0.5785,0.3037,0.4921,1.0,1.0,0.5067,0.4465,1490.2609
Image_151_jpg.rf.spV9r9WrtXpibKOiJoFo.jpg,8,182,391,"(171, 384, 22, 15)",330,0.5756,0.3037,0.4838,1.0,1.0,0.5097,0.5686,1844.3366
Image_151_jpg.rf.spV9r9WrtXpibKOiJoFo.jpg,9,480,377,"(475, 371, 11, 12)",132,0.4906,0.0271,0.5175,1.0,1.0,0.5145,0.3949,1229.7864
Image_151_jpg.rf.spV9r9WrtXpibKOiJoFo.jpg,10,416,375,"(412, 369, 8, 13)",104,0.5917,0.3037,0.5296,1.0,1.0,0.5016,0.386,1992.4721
Image_151_jpg.rf.spV9r9WrtXpibKOiJoFo.jpg,11,380,332,"(375, 324, 10, 16)",160,0.5783,0.3037,0.4914,1.0,1.0,0.5086,0.3166,2602.1694
Image_151_jpg.rf.spV9r9WrtXpibKOiJoFo.jpg,12,477,278,"(464, 263, 26, 30)",780,0.5833,0.3037,0.5058,1.0,1.0,0.5152,0.4023,2185.11
Image_151_jpg.rf.spV9r9WrtXpibKOiJoFo.jpg,13,97,237,"(90, 230, 14, 15)",210,0.5822,0.3037,0.5026,1.0,1.0,0.5111,0.6011,2812.9165
Image_151_jpg.rf.spV9r9WrtXpibKOiJoFo.jpg,14,175,201,"(170, 193, 11, 16)",176,0.475,0.0271,0.4729,1.0,1.0,0.5063,0.4752,2349.5395
Image_151_jpg.rf.spV9r9WrtXpibKOiJoFo.jpg,15,377,146,"(369, 139, 17, 14)",238,0.5771,0.3037,0.4879,1.0,1.0,0.4994,0.4231,1826.3336
Image_152_jpg.rf.DW6uvb1xgq0CDk5G9fci.jpg,1,427,241,"(411, 235, 32, 13)",416,0.5751,0.3037,0.4823,1.0,1.0,0.5023,0.5009,1619.2325
Image_152_jpg.rf.DW6uvb1xgq0CDk5G9fci.jpg,2,350,255,"(302, 226, 97, 59)",5723,0.5776,0.3037,0.4894,1.0,1.0,0.5214,0.4927,1659.7056
Image_153_jpg.rf.BAALrGntehKZQvc3AUry.jpg,1,80,131,"(54, 119, 52, 25)",1300,0.5847,0.3127,0.5009,1.0,1.0,0.5141,0.7188,1362.543
Image_153_jpg.rf.BAALrGntehKZQvc3AUry.jpg,2,107,97,"(82, 77, 50, 41)",2050,0.5719,0.3179,0.4686,1.0,0.9659,0.5073,0.7897,965.8793
Image_153_jpg.rf.BAALrGntehKZQvc3AUry.jpg,3,178,88,"(165, 72, 26, 32)",832,0.5986,0.3179,0.5352,1.0,1.0,0.5233,0.6154,1138.6336
Image_153_jpg.rf.BAALrGntehKZQvc3AUry.jpg,4,13,51,"(7, 47, 12, 9)",108,0.8172,0.9715,0.5063,1.0,1.0,0.5018,0.5913,2212.5467
Image_153_jpg.rf.BAALrGntehKZQvc3AUry.jpg,5,172,50,"(149, 35, 47, 31)",1457,0.8086,0.9544,0.4988,1.0,1.0,0.5237,0.5439,1038.3874
Image_153_jpg.rf.BAALrGntehKZQvc3AUry.jpg,6,69,47,"(35, 32, 69, 31)",2139,0.8007,0.9544,0.4762,1.0,1.0,0.5159,0.5656,2518.1883
Image_153_jpg.rf.BAALrGntehKZQvc3AUry.jpg,7,106,34,"(96, 26, 21, 17)",357,0.8114,0.9638,0.4972,1.0,1.0,0.5061,0.7241,1321.6431
Image_153_jpg.rf.BAALrGntehKZQvc3AUry.jpg,8,201,30,"(193, 23, 16, 14)",224,0.8224,0.9638,0.5289,1.0,1.0,0.5024,0.8709,1142.992
Image_153_jpg.rf.BAALrGntehKZQvc3AUry.jpg,9,16,17,"(0, 10, 32, 15)",480,0.8199,0.96,0.5253,1.0,1.0,0.4939,0.7485,2241.712
Image_153_jpg.rf.BAALrGntehKZQvc3AUry.jpg,10,195,9,"(189, 0, 13, 18)",234,0.8175,0.9638,0.5148,1.0,1.0,0.5042,0.9333,1377.7283
Image_154_jpg.rf.3ZMwsHLPlwFndtxx2r9s.jpg,1,158,221,"(153, 214, 11, 14)",154,0.4907,0.2873,0.4767,1.0,0.2335,0.5091,0.6706,233.5239
Image_155_jpg.rf.ST5Tqojx883FfdkYzpwA.jpg,1,278,486,"(268, 481, 21, 11)",231,0.4596,0.1275,0.5152,1.0,0.3462,0.5018,0.6153,346.1995
Image_155_jpg.rf.ST5Tqojx883FfdkYzpwA.jpg,2,391,187,"(373, 161, 37, 52)",1924,0.4607,0.0316,0.4792,1.0,0.8192,0.5202,0.5026,819.1543
Image_155_jpg.rf.ST5Tqojx883FfdkYzpwA.jpg,3,83,101,"(77, 97, 13, 9)",117,0.4875,0.0316,0.5041,1.0,1.0,0.4986,0.2324,1064.9418
Image_157_jpg.rf.1Cq4R4UGIHv1lBcS2Qs5.jpg,1,172,456,"(157, 439, 31, 35)",1085,0.5559,0.2985,0.4669,1.0,0.8805,0.4948,0.3949,880.5191
Image_157_jpg.rf.1Cq4R4UGIHv1lBcS2Qs5.jpg,2,482,419,"(477, 410, 11, 19)",209,0.5767,0.3037,0.4869,1.0,1.0,0.5066,0.2048,1461.3591
Image_157_jpg.rf.1Cq4R4UGIHv1lBcS2Qs5.jpg,3,400,292,"(395, 287, 11, 10)",110,0.5887,0.3143,0.5107,1.0,1.0,0.5277,0.2549,4568.9584
Image_157_jpg.rf.1Cq4R4UGIHv1lBcS2Qs5.jpg,4,26,110,"(0, 94, 52, 33)",1716,0.4797,0.2842,0.4823,1.0,0.1148,0.5122,0.7946,114.8346
Image_157_jpg.rf.1Cq4R4UGIHv1lBcS2Qs5.jpg,5,39,76,"(0, 63, 78, 27)",2106,0.5513,0.2985,0.4899,1.0,0.7537,0.4969,0.5992,753.7255
Image_157_jpg.rf.1Cq4R4UGIHv1lBcS2Qs5.jpg,6,123,70,"(89, 35, 69, 71)",4899,0.5213,0.2968,0.4637,1.0,0.5508,0.5335,0.5783,550.8125
Image_157_jpg.rf.1Cq4R4UGIHv1lBcS2Qs5.jpg,7,87,10,"(68, 0, 39, 21)",819,0.5253,0.2985,0.4903,1.0,0.493,0.5001,0.4604,492.9583
Image_158_jpg.rf.ecWDu0q9rGtihR3KJ2Jc.jpg,1,59,498,"(55, 490, 9, 16)",144,0.7258,0.9684,0.4962,1.0,0.1322,0.5034,0.7364,132.212
Image_158_jpg.rf.ecWDu0q9rGtihR3KJ2Jc.jpg,2,201,489,"(177, 466, 48, 46)",2208,0.7289,0.9544,0.4917,1.0,0.2276,0.5055,0.5272,227.642
Image_158_jpg.rf.ecWDu0q9rGtihR3KJ2Jc.jpg,3,88,472,"(80, 464, 16, 16)",256,0.7412,0.9715,0.4863,1.0,0.3092,0.5047,0.699,309.1813
Image_158_jpg.rf.ecWDu0q9rGtihR3KJ2Jc.jpg,4,38,421,"(30, 411, 17, 20)",340,0.725,0.9627,0.4978,1.0,0.1381,0.5096,0.5819,138.0545
Image_158_jpg.rf.ecWDu0q9rGtihR3KJ2Jc.jpg,5,12,331,"(0, 321, 24, 20)",480,0.7276,0.9715,0.5008,1.0,0.1228,0.5113,0.7042,122.8435
Image_158_jpg.rf.ecWDu0q9rGtihR3KJ2Jc.jpg,6,125,265,"(120, 252, 10, 26)",260,0.7147,0.9512,0.5022,1.0,0.0607,0.5048,0.695,60.7311
Image_158_jpg.rf.ecWDu0q9rGtihR3KJ2Jc.jpg,7,140,209,"(133, 204, 15, 11)",165,0.5765,0.9314,0.5309,0.314,0.0189,0.5061,0.0628,18.935
Image_158_jpg.rf.ecWDu0q9rGtihR3KJ2Jc.jpg,8,201,123,"(190, 107, 23, 32)",736,0.7195,0.9684,0.5099,1.0,0.0209,0.5066,0.8487,20.8975
Image_158_jpg.rf.ecWDu0q9rGtihR3KJ2Jc.jpg,9,159,93,"(153, 87, 12, 12)",144,0.7309,0.9684,0.5157,1.0,0.1145,0.5041,0.4792,114.4705
Image_158_jpg.rf.ecWDu0q9rGtihR3KJ2Jc.jpg,10,211,93,"(190, 78, 42, 30)",1260,0.7156,0.9606,0.5065,1.0,0.0212,0.5053,0.8126,21.2274
Image_158_jpg.rf.ecWDu0q9rGtihR3KJ2Jc.jpg,11,209,22,"(203, 16, 13, 13)",169,0.7126,0.9538,0.5063,1.0,0.015,0.5008,0.5712,14.979
Image_158_jpg.rf.ecWDu0q9rGtihR3KJ2Jc.jpg,12,387,17,"(380, 4, 15, 26)",390,0.718,0.9684,0.5053,1.0,0.0225,0.4998,0.8632,22.4707
Image_158_jpg.rf.ecWDu0q9rGtihR3KJ2Jc.jpg,13,500,10,"(495, 0, 11, 21)",231,0.707,0.9538,0.4876,1.0,0.0248,0.5003,0.3704,24.8071
Image_158_jpg.rf.ecWDu0q9rGtihR3KJ2Jc.jpg,14,240,5,"(235, 0, 11, 10)",110,0.7145,0.9538,0.513,1.0,0.0112,0.5021,0.9239,11.1997
Image_158_jpg.rf.ecWDu0q9rGtihR3KJ2Jc.jpg,15,212,4,"(206, 0, 12, 9)",108,0.7137,0.9538,0.5093,1.0,0.0156,0.4986,0.575,15.6067
Image_159_jpg.rf.wSbDGELQOQ7eMx9Yzn3X.jpg,1,133,477,"(90, 443, 86, 69)",5934,0.5813,0.3179,0.4858,1.0,1.0,0.521,0.5856,1037.448
Image_159_jpg.rf.wSbDGELQOQ7eMx9Yzn3X.jpg,2,499,421,"(492, 413, 15, 16)",240,0.4779,0.2944,0.4909,1.0,0.0303,0.4878,0.7541,30.3069
Image_159_jpg.rf.wSbDGELQOQ7eMx9Yzn3X.jpg,3,141,391,"(123, 379, 37, 25)",925,0.7999,0.9544,0.4739,1.0,1.0,0.519,0.3552,1395.1721
Image_159_jpg.rf.wSbDGELQOQ7eMx9Yzn3X.jpg,4,440,384,"(427, 367, 27, 34)",918,0.4803,0.3036,0.4785,1.0,0.0657,0.5039,0.7982,65.659
Image_159_jpg.rf.wSbDGELQOQ7eMx9Yzn3X.jpg,5,160,350,"(148, 324, 25, 52)",1300,0.8069,0.9544,0.4939,1.0,1.0,0.5215,0.2378,1108.3611
Image_159_jpg.rf.wSbDGELQOQ7eMx9Yzn3X.jpg,6,40,383,"(0, 315, 81, 137)",11097,0.5459,0.3179,0.4937,1.0,0.6185,0.51,0.4543,618.4849
Image_159_jpg.rf.wSbDGELQOQ7eMx9Yzn3X.jpg,7,4,230,"(0, 222, 8, 17)",136,0.48,0.2882,0.4842,1.0,0.0968,0.4994,0.9163,96.7806
Image_15_jpg.rf.OvOxW6zz53Qp5HDPjvWP.jpg,1,240,450,"(226, 442, 28, 17)",476,0.7283,0.6641,0.5597,1.0,1.0,0.5091,0.6767,1410.3898
Image_15_jpg.rf.OvOxW6zz53Qp5HDPjvWP.jpg,2,233,411,"(215, 393, 37, 37)",1369,0.7325,0.7378,0.4978,1.0,1.0,0.4931,0.7913,1278.7685
Image_15_jpg.rf.OvOxW6zz53Qp5HDPjvWP.jpg,3,176,353,"(172, 348, 9, 10)",90,0.8284,0.9715,0.5382,1.0,1.0,0.5003,0.6472,1212.2979
Image_15_jpg.rf.OvOxW6zz53Qp5HDPjvWP.jpg,4,169,330,"(160, 320, 18, 20)",360,0.8145,0.9715,0.4985,1.0,1.0,0.4931,0.5594,1456.767
Image_15_jpg.rf.OvOxW6zz53Qp5HDPjvWP.jpg,5,105,317,"(99, 309, 12, 16)",192,0.5839,0.3179,0.4933,1.0,1.0,0.4966,0.4375,1045.1853
Image_15_jpg.rf.OvOxW6zz53Qp5HDPjvWP.jpg,6,367,201,"(287, 176, 161, 51)",8211,0.5674,0.2894,0.5011,1.0,0.9068,0.5022,0.4143,906.8049
Image_15_jpg.rf.OvOxW6zz53Qp5HDPjvWP.jpg,7,358,99,"(348, 96, 21, 7)",147,0.5854,0.2997,0.5157,1.0,1.0,0.5049,0.2344,2358.2718
Image_162_jpg.rf.yUQ84eFTqs61k1JCY6PW.jpg,1,290,403,"(273, 395, 34, 17)",578,0.5716,0.3127,0.4892,1.0,0.9099,0.5088,0.8823,909.8864
Image_164_jpg.rf.kuFqHoxps1MJvB7oV6m0.jpg,1,243,255,"(220, 250, 46, 11)",506,0.4741,0.2835,0.4709,1.0,0.1006,0.5147,0.4153,100.6043
Image_164_jpg.rf.kuFqHoxps1MJvB7oV6m0.jpg,2,157,60,"(141, 47, 32, 27)",864,0.4698,0.2791,0.4887,1.0,0.0107,0.5027,0.6684,10.7467
Image_167_jpg.rf.MyMNMHommcCNz8JYR5HE.jpg,1,251,395,"(201, 329, 101, 133)",13433,0.5418,0.3179,0.5325,1.0,0.4415,0.5117,0.6651,441.4984
Image_167_jpg.rf.MyMNMHommcCNz8JYR5HE.jpg,2,108,207,"(97, 202, 22, 10)",220,0.5218,0.2984,0.516,1.0,0.3679,0.5106,0.9893,367.8918
Image_167_jpg.rf.MyMNMHommcCNz8JYR5HE.jpg,3,151,202,"(142, 196, 19, 12)",228,0.5105,0.2958,0.5185,1.0,0.2546,0.5045,1.0,254.6277
Image_167_jpg.rf.MyMNMHommcCNz8JYR5HE.jpg,4,65,178,"(37, 159, 57, 39)",2223,0.4905,0.2944,0.4839,1.0,0.1812,0.5137,0.6184,181.1835
Image_168_jpg.rf.uLPwoI2B0kkzDqGTiim4.jpg,1,241,215,"(234, 203, 15, 25)",375,0.5755,0.5251,0.5416,1.0,0.0214,0.5038,1.0,21.4499
Image_168_jpg.rf.uLPwoI2B0kkzDqGTiim4.jpg,2,163,229,"(127, 193, 72, 73)",5256,0.4914,0.2893,0.5308,1.0,0.0437,0.5051,0.9164,43.7447
Image_168_jpg.rf.uLPwoI2B0kkzDqGTiim4.jpg,3,115,187,"(82, 161, 67, 53)",3551,0.4861,0.2967,0.5042,1.0,0.0577,0.5069,0.7632,57.7392
Image_168_jpg.rf.uLPwoI2B0kkzDqGTiim4.jpg,4,226,158,"(219, 143, 14, 30)",420,0.5031,0.3085,0.5296,1.0,0.0975,0.5074,0.9634,97.4934
Image_168_jpg.rf.uLPwoI2B0kkzDqGTiim4.jpg,5,168,160,"(158, 143, 20, 34)",680,0.4931,0.2893,0.535,1.0,0.046,0.5102,0.93,46.0338
Image_168_jpg.rf.uLPwoI2B0kkzDqGTiim4.jpg,6,213,114,"(196, 91, 34, 47)",1598,0.7813,0.9544,0.4789,1.0,0.7964,0.5335,0.5402,796.4178
Image_169_jpg.rf.ggubZ3lyn5qedwY1kHTx.jpg,1,80,416,"(75, 410, 11, 12)",132,0.6421,0.723,0.4676,1.0,0.2539,0.5185,1.0,253.9046
Image_171_jpg.rf.HQZ54VkNdRUVDjqEZMPf.jpg,1,345,498,"(323, 488, 45, 21)",945,0.494,0.3008,0.5187,1.0,0.072,0.5069,1.0,72.0114
Image_175_jpg.rf.DdTNjjamWcbXuxRNcJKo.jpg,1,296,109,"(290, 102, 12, 14)",168,0.6874,0.8921,0.4933,1.0,0.0254,0.5059,0.6266,25.4154
Image_176_jpg.rf.xesUBjlDMMKmU4dTquQL.jpg,1,59,507,"(34, 502, 50, 10)",500,0.6322,0.7056,0.5179,1.0,0.0399,0.5063,0.3891,39.8879
Image_176_jpg.rf.xesUBjlDMMKmU4dTquQL.jpg,2,255,483,"(250, 473, 10, 20)",200,0.4915,0.3202,0.4956,1.0,0.0596,0.5051,0.544,59.557
Image_176_jpg.rf.xesUBjlDMMKmU4dTquQL.jpg,3,15,368,"(0, 353, 30, 31)",930,0.7395,0.9512,0.4953,1.0,0.332,0.5357,0.7384,332.0424
Image_176_jpg.rf.xesUBjlDMMKmU4dTquQL.jpg,4,176,5,"(160, 0, 33, 11)",363,0.6331,0.7266,0.5021,1.0,0.0308,0.5042,0.9216,30.8185
Image_179_jpg.rf.wxygTRdYO038vJT8J2z2.jpg,1,345,451,"(336, 441, 19, 20)",380,0.58,0.3037,0.4962,1.0,1.0,0.5136,0.4254,1717.4356
Image_179_jpg.rf.wxygTRdYO038vJT8J2z2.jpg,2,349,421,"(344, 412, 11, 18)",198,0.5569,0.2894,0.4876,1.0,0.8494,0.508,0.4275,849.4461
Image_179_jpg.rf.wxygTRdYO038vJT8J2z2.jpg,3,333,404,"(326, 396, 14, 16)",224,0.584,0.3113,0.5002,1.0,1.0,0.5117,0.2514,2733.5902
Image_179_jpg.rf.wxygTRdYO038vJT8J2z2.jpg,4,370,397,"(366, 390, 9, 14)",126,0.5818,0.3037,0.5016,1.0,1.0,0.5041,0.3242,1723.2029
Image_179_jpg.rf.wxygTRdYO038vJT8J2z2.jpg,5,49,410,"(0, 359, 98, 103)",10094,0.5454,0.3179,0.4865,1.0,0.6391,0.5311,0.6455,639.0619
Image_179_jpg.rf.wxygTRdYO038vJT8J2z2.jpg,6,189,364,"(185, 357, 8, 15)",120,0.6355,0.6605,0.5263,1.0,0.2012,0.5058,0.463,201.1643
Image_179_jpg.rf.wxygTRdYO038vJT8J2z2.jpg,7,3,352,"(0, 343, 6, 18)",108,0.5014,0.2841,0.4731,1.0,0.3638,0.5003,0.5972,363.7546
Image_179_jpg.rf.wxygTRdYO038vJT8J2z2.jpg,8,438,308,"(408, 286, 60, 44)",2640,0.4961,0.3127,0.4724,1.0,0.2136,0.5173,0.5156,213.5646
Image_179_jpg.rf.wxygTRdYO038vJT8J2z2.jpg,9,119,146,"(114, 140, 11, 13)",143,0.4756,0.2832,0.4964,1.0,0.0271,0.5016,0.7722,27.0717
Image_179_jpg.rf.wxygTRdYO038vJT8J2z2.jpg,10,15,155,"(0, 139, 31, 33)",1023,0.4772,0.2985,0.4875,1.0,0.0213,0.4971,0.5568,21.2905
Image_179_jpg.rf.wxygTRdYO038vJT8J2z2.jpg,11,67,124,"(40, 104, 54, 41)",2214,0.4909,0.2985,0.5006,1.0,0.1126,0.4916,0.5892,112.5888
Image_179_jpg.rf.wxygTRdYO038vJT8J2z2.jpg,12,136,106,"(108, 85, 57, 43)",2451,0.4762,0.2825,0.499,1.0,0.0272,0.506,0.8179,27.1534
Image_179_jpg.rf.wxygTRdYO038vJT8J2z2.jpg,13,505,74,"(499, 64, 13, 20)",260,0.4847,0.2916,0.4861,1.0,0.1246,0.5058,0.528,124.5723
Image_180_jpg.rf.oMpfWrAou7KyYnRgNDHf.jpg,1,291,333,"(269, 318, 45, 30)",1350,0.5039,0.2882,0.5285,1.0,0.181,0.5154,0.6884,181.0176
Image_180_jpg.rf.oMpfWrAou7KyYnRgNDHf.jpg,2,407,74,"(336, 0, 142, 148)",21016,0.4764,0.2912,0.4895,1.0,0.031,0.5218,0.7002,31.0322
Image_180_jpg.rf.oMpfWrAou7KyYnRgNDHf.jpg,3,324,16,"(313, 0, 23, 32)",736,0.4634,0.2791,0.4715,1.0,0.0068,0.4984,0.7571,6.8111
Image_180_jpg.rf.oMpfWrAou7KyYnRgNDHf.jpg,4,263,14,"(222, 0, 82, 28)",2296,0.4655,0.2791,0.4771,1.0,0.0082,0.5009,0.7259,8.2103
Image_183_jpg.rf.3HO1hQ0SyOTgtogJsFKe.jpg,1,11,501,"(0, 491, 22, 21)",462,0.5032,0.3127,0.5469,1.0,0.0236,0.5084,0.5635,23.5625
Image_183_jpg.rf.3HO1hQ0SyOTgtogJsFKe.jpg,2,498,419,"(494, 411, 9, 16)",144,0.5071,0.3021,0.547,1.0,0.0992,0.5075,0.6752,99.1871
Image_183_jpg.rf.3HO1hQ0SyOTgtogJsFKe.jpg,3,438,416,"(431, 411, 14, 11)",154,0.7307,0.9512,0.5399,1.0,0.0885,0.5063,0.6555,88.4534
Image_183_jpg.rf.3HO1hQ0SyOTgtogJsFKe.jpg,4,466,418,"(451, 400, 30, 36)",1080,0.5038,0.3127,0.5166,1.0,0.1357,0.518,0.6151,135.7435
Image_183_jpg.rf.3HO1hQ0SyOTgtogJsFKe.jpg,5,399,409,"(386, 399, 26, 20)",520,0.7368,0.9512,0.5442,1.0,0.1342,0.5177,0.5337,134.1929
Image_183_jpg.rf.3HO1hQ0SyOTgtogJsFKe.jpg,6,271,401,"(266, 397, 10, 9)",90,0.5574,0.4505,0.5318,1.0,0.1363,0.5065,0.4286,136.2551
Image_183_jpg.rf.3HO1hQ0SyOTgtogJsFKe.jpg,7,240,404,"(233, 394, 15, 20)",300,0.5095,0.3127,0.5359,1.0,0.1247,0.5192,0.5336,124.7076
Image_183_jpg.rf.3HO1hQ0SyOTgtogJsFKe.jpg,8,170,400,"(152, 391, 36, 18)",648,0.5055,0.3127,0.53,1.0,0.1054,0.5153,0.6333,105.4499
Image_183_jpg.rf.3HO1hQ0SyOTgtogJsFKe.jpg,9,424,392,"(414, 387, 20, 11)",220,0.5206,0.3127,0.5691,1.0,0.12,0.5132,0.8329,119.9533
Image_183_jpg.rf.3HO1hQ0SyOTgtogJsFKe.jpg,10,360,366,"(355, 361, 10, 11)",110,0.5268,0.3127,0.5498,1.0,0.2495,0.5174,0.6621,249.5154
Image_183_jpg.rf.3HO1hQ0SyOTgtogJsFKe.jpg,11,21,367,"(14, 361, 15, 13)",195,0.5296,0.3179,0.5466,1.0,0.2704,0.5065,0.4,270.3777
Image_183_jpg.rf.3HO1hQ0SyOTgtogJsFKe.jpg,12,230,365,"(225, 358, 10, 15)",150,0.5318,0.3127,0.5718,1.0,0.2228,0.5069,0.5202,222.7719
Image_183_jpg.rf.3HO1hQ0SyOTgtogJsFKe.jpg,13,505,360,"(499, 353, 13, 15)",195,0.5331,0.3127,0.5672,1.0,0.2511,0.5042,0.6511,251.1109
Image_183_jpg.rf.3HO1hQ0SyOTgtogJsFKe.jpg,14,321,357,"(306, 352, 31, 10)",310,0.5158,0.3127,0.5136,1.0,0.2658,0.5096,0.4482,265.843
Image_183_jpg.rf.3HO1hQ0SyOTgtogJsFKe.jpg,15,389,332,"(379, 325, 21, 14)",294,0.5438,0.3127,0.517,1.0,0.5347,0.5125,0.5,534.7384
Image_183_jpg.rf.3HO1hQ0SyOTgtogJsFKe.jpg,16,66,334,"(54, 325, 24, 19)",456,0.5322,0.3179,0.4998,1.0,0.4602,0.5159,0.612,460.1752
Image_183_jpg.rf.3HO1hQ0SyOTgtogJsFKe.jpg,17,157,325,"(145, 310, 24, 31)",744,0.524,0.3127,0.4931,1.0,0.4196,0.5248,0.7255,419.6393
Image_183_jpg.rf.3HO1hQ0SyOTgtogJsFKe.jpg,18,423,293,"(415, 286, 16, 14)",224,0.5907,0.3179,0.5128,1.0,1.0,0.5222,0.6909,1448.2643
Image_183_jpg.rf.3HO1hQ0SyOTgtogJsFKe.jpg,19,399,292,"(392, 283, 14, 18)",252,0.5864,0.3179,0.5005,1.0,1.0,0.523,0.6449,1382.8288
Image_183_jpg.rf.3HO1hQ0SyOTgtogJsFKe.jpg,20,301,287,"(293, 283, 16, 8)",128,0.5842,0.3179,0.494,1.0,1.0,0.5219,0.5482,1690.6771
Image_183_jpg.rf.3HO1hQ0SyOTgtogJsFKe.jpg,21,141,287,"(119, 277, 44, 21)",924,0.586,0.3179,0.4994,1.0,1.0,0.5186,0.5887,1314.7261
Image_183_jpg.rf.3HO1hQ0SyOTgtogJsFKe.jpg,22,435,270,"(427, 265, 16, 10)",160,0.5843,0.3179,0.4945,1.0,1.0,0.5199,0.5779,2595.4798
Image_183_jpg.rf.3HO1hQ0SyOTgtogJsFKe.jpg,23,212,270,"(194, 264, 36, 13)",468,0.5798,0.3179,0.4815,1.0,1.0,0.5163,0.6375,1861.8506
Image_183_jpg.rf.3HO1hQ0SyOTgtogJsFKe.jpg,24,500,268,"(488, 259, 24, 18)",432,0.5861,0.3179,0.4997,1.0,1.0,0.5144,0.4544,2210.4442
Image_183_jpg.rf.3HO1hQ0SyOTgtogJsFKe.jpg,25,295,245,"(288, 241, 14, 8)",112,0.6087,0.3179,0.5642,1.0,1.0,0.5163,0.5173,3768.5561
Image_183_jpg.rf.3HO1hQ0SyOTgtogJsFKe.jpg,26,478,242,"(462, 230, 32, 24)",768,0.5877,0.3037,0.5183,1.0,1.0,0.5138,0.4066,3399.2275
Image_183_jpg.rf.3HO1hQ0SyOTgtogJsFKe.jpg,27,77,231,"(68, 227, 18, 8)",144,0.593,0.3179,0.5192,1.0,1.0,0.5084,0.4033,3305.9566
Image_183_jpg.rf.3HO1hQ0SyOTgtogJsFKe.jpg,28,31,227,"(22, 223, 19, 9)",171,0.5996,0.3179,0.5381,1.0,1.0,0.5194,0.4086,3451.8385
Image_183_jpg.rf.3HO1hQ0SyOTgtogJsFKe.jpg,29,94,131,"(29, 60, 130, 142)",18460,0.6751,0.6239,0.4934,1.0,0.8402,0.5357,0.4033,840.2107
Image_184_jpg.rf.vjfq6s8WXdbDwVjonORS.jpg,1,258,422,"(223, 381, 71, 82)",5822,0.7077,0.9627,0.4701,1.0,0.0623,0.5091,0.7251,62.3427
Image_184_jpg.rf.vjfq6s8WXdbDwVjonORS.jpg,2,294,374,"(290, 368, 9, 13)",117,0.7061,0.9616,0.481,1.0,0.0115,0.5044,0.6248,11.4622
Image_184_jpg.rf.vjfq6s8WXdbDwVjonORS.jpg,3,136,404,"(83, 345, 106, 118)",12508,0.706,0.9512,0.4711,1.0,0.0823,0.5051,0.6713,82.2946
Image_184_jpg.rf.vjfq6s8WXdbDwVjonORS.jpg,4,504,350,"(497, 341, 15, 19)",285,0.7234,0.9576,0.5163,1.0,0.075,0.5055,0.8095,75.0457
Image_184_jpg.rf.vjfq6s8WXdbDwVjonORS.jpg,5,46,354,"(34, 340, 25, 29)",725,0.738,0.9659,0.4482,1.0,0.4306,0.5142,0.7363,430.5678
Image_184_jpg.rf.vjfq6s8WXdbDwVjonORS.jpg,6,198,328,"(193, 319, 11, 19)",209,0.7367,0.9733,0.5086,1.0,0.18,0.5234,0.6844,179.9899
Image_184_jpg.rf.vjfq6s8WXdbDwVjonORS.jpg,7,482,318,"(474, 311, 17, 14)",238,0.6111,0.7006,0.4701,1.0,0.0134,0.5125,0.8966,13.3899
Image_184_jpg.rf.vjfq6s8WXdbDwVjonORS.jpg,8,310,316,"(272, 297, 76, 38)",2888,0.6873,0.8866,0.4859,1.0,0.0685,0.5161,0.3802,68.5498
Image_184_jpg.rf.vjfq6s8WXdbDwVjonORS.jpg,9,179,164,"(174, 148, 11, 32)",352,0.4857,0.3058,0.4711,1.0,0.138,0.5138,0.2698,138.002
Image_184_jpg.rf.vjfq6s8WXdbDwVjonORS.jpg,10,97,151,"(73, 122, 49, 59)",2891,0.5415,0.3868,0.502,1.0,0.3035,0.5019,0.3064,303.5282
Image_184_jpg.rf.vjfq6s8WXdbDwVjonORS.jpg,11,34,170,"(0, 90, 69, 160)",11040,0.7112,0.9503,0.4886,1.0,0.0754,0.5102,0.6616,75.3641
Image_184_jpg.rf.vjfq6s8WXdbDwVjonORS.jpg,12,172,100,"(160, 72, 25, 56)",1400,0.586,0.5401,0.4899,1.0,0.255,0.5085,0.2134,254.9731
Image_184_jpg.rf.vjfq6s8WXdbDwVjonORS.jpg,13,504,19,"(496, 0, 16, 39)",624,0.717,0.9538,0.5212,1.0,0.0072,0.5033,0.9596,7.206
Image_184_jpg.rf.vjfq6s8WXdbDwVjonORS.jpg,14,438,40,"(383, 0, 111, 80)",8880,0.6191,0.7167,0.4677,1.0,0.0459,0.5177,0.9522,45.8594
Image_185_jpeg.rf.dwxAVnlq8bH07QsYp62P.jpg,1,360,477,"(343, 442, 34, 70)",2380,0.5834,0.3179,0.4917,1.0,1.0,0.5187,0.4963,1360.3895
Image_185_jpeg.rf.dwxAVnlq8bH07QsYp62P.jpg,2,394,373,"(388, 367, 12, 13)",156,0.585,0.3179,0.4964,1.0,1.0,0.5063,0.635,1836.053
Image_185_jpeg.rf.dwxAVnlq8bH07QsYp62P.jpg,3,121,371,"(115, 355, 13, 32)",416,0.6559,0.5549,0.4878,0.9545,1.0,0.5137,0.1909,5506.4613
Image_185_jpeg.rf.dwxAVnlq8bH07QsYp62P.jpg,4,18,395,"(0, 339, 36, 113)",4068,0.5725,0.3179,0.4606,1.0,1.0,0.5182,0.5796,2505.4013
Image_185_jpeg.rf.dwxAVnlq8bH07QsYp62P.jpg,5,114,335,"(109, 329, 10, 12)",120,0.584,0.3179,0.4936,1.0,1.0,0.5141,0.642,3779.3194
Image_185_jpeg.rf.dwxAVnlq8bH07QsYp62P.jpg,6,80,336,"(75, 322, 10, 28)",280,0.6509,0.4845,0.5179,1.0,1.0,0.5091,0.3909,3982.492
Image_185_jpeg.rf.dwxAVnlq8bH07QsYp62P.jpg,7,52,178,"(47, 173, 10, 10)",100,0.6043,0.3037,0.5657,1.0,1.0,0.5069,0.2397,6433.5866
Image_185_jpeg.rf.dwxAVnlq8bH07QsYp62P.jpg,8,96,158,"(90, 154, 12, 9)",108,0.4949,0.0278,0.529,1.0,1.0,0.5054,0.5913,6157.1071
Image_185_jpeg.rf.dwxAVnlq8bH07QsYp62P.jpg,9,50,153,"(40, 148, 20, 11)",220,0.5907,0.5483,0.5275,0.5707,1.0,0.5,0.1141,2852.3043
Image_185_jpeg.rf.dwxAVnlq8bH07QsYp62P.jpg,10,461,139,"(444, 128, 35, 23)",805,0.6891,0.8825,0.5092,1.0,0.0196,0.5069,0.8614,19.5505
Image_185_jpeg.rf.dwxAVnlq8bH07QsYp62P.jpg,11,302,131,"(295, 124, 15, 14)",210,0.4971,0.5327,0.5316,0.5912,0.0633,0.5038,0.1182,63.3475
Image_185_jpeg.rf.dwxAVnlq8bH07QsYp62P.jpg,12,340,131,"(335, 123, 11, 17)",187,0.6964,0.8911,0.5154,1.0,0.0415,0.506,0.4048,41.5057
Image_185_jpeg.rf.dwxAVnlq8bH07QsYp62P.jpg,13,410,137,"(382, 122, 57, 30)",1710,0.695,0.8881,0.5208,1.0,0.0188,0.5122,0.8354,18.7935
Image_185_jpeg.rf.dwxAVnlq8bH07QsYp62P.jpg,14,195,141,"(183, 115, 24, 52)",1248,0.5718,0.5327,0.5247,1.0,0.0169,0.5084,0.4822,16.9292
Image_187_jpeg.rf.TiyNJ4LfaLueImI4P6hE.jpg,1,495,439,"(479, 396, 33, 86)",2838,0.7092,0.9499,0.5019,1.0,0.0105,0.507,0.7357,10.5046
Image_187_jpeg.rf.TiyNJ4LfaLueImI4P6hE.jpg,2,196,395,"(193, 389, 7, 13)",91,0.4687,0.0316,0.5333,1.0,0.7095,0.52,0.9537,709.4716
Image_187_jpeg.rf.TiyNJ4LfaLueImI4P6hE.jpg,3,105,350,"(72, 329, 66, 42)",2772,0.4945,0.2893,0.5322,1.0,0.0695,0.5343,0.835,69.4676
Image_187_jpeg.rf.TiyNJ4LfaLueImI4P6hE.jpg,4,405,348,"(374, 322, 62, 52)",3224,0.6978,0.8759,0.5024,1.0,0.154,0.5162,0.6987,154.0455
Image_187_jpeg.rf.TiyNJ4LfaLueImI4P6hE.jpg,5,2,216,"(0, 202, 4, 28)",112,0.5169,0.9367,0.4941,0.0,0.1611,0.4906,0.0,161.0548
Image_187_jpeg.rf.TiyNJ4LfaLueImI4P6hE.jpg,6,170,121,"(162, 98, 17, 47)",799,0.7297,0.9476,0.4909,1.0,0.2622,0.5102,0.2566,262.239
Image_187_jpeg.rf.TiyNJ4LfaLueImI4P6hE.jpg,7,132,101,"(128, 94, 8, 14)",112,0.5153,0.9314,0.4819,0.0,0.207,0.4951,0.0,207.0223
Image_187_jpeg.rf.TiyNJ4LfaLueImI4P6hE.jpg,8,381,97,"(366, 60, 31, 75)",2325,0.6918,0.9544,0.5032,0.8086,0.199,0.5034,0.1617,199.0113
Image_187_jpeg.rf.TiyNJ4LfaLueImI4P6hE.jpg,9,4,57,"(0, 51, 8, 12)",96,0.7103,0.9538,0.4967,1.0,0.0265,0.4965,0.2411,26.4915
Image_187_jpeg.rf.TiyNJ4LfaLueImI4P6hE.jpg,10,497,59,"(483, 35, 29, 49)",1421,0.5067,0.9397,0.5068,0.0,0.0047,0.5018,0.0,4.6529
Image_187_jpeg.rf.TiyNJ4LfaLueImI4P6hE.jpg,11,466,35,"(460, 21, 12, 28)",336,0.5086,0.9499,0.4933,0.0,0.0344,0.5021,0.0,34.3733
Image_187_jpeg.rf.TiyNJ4LfaLueImI4P6hE.jpg,12,158,45,"(139, 0, 38, 91)",3458,0.508,0.9335,0.4946,0.0,0.0819,0.4984,0.0,81.9007
Image_187_jpeg.rf.TiyNJ4LfaLueImI4P6hE.jpg,13,70,42,"(20, 0, 101, 85)",8585,0.6443,0.9405,0.4758,0.6948,0.0965,0.5033,0.139,96.5019
Image_18_jpg.rf.usFw676F2MBAJeLMeOTE.jpg,1,355,124,"(350, 113, 11, 22)",242,0.4844,0.2882,0.5094,1.0,0.0528,0.5047,1.0,52.8476
Image_190_jpg.rf.n365YMJxvzHf5jAsWOWZ.jpg,1,112,118,"(99, 109, 27, 19)",513,0.4772,0.1317,0.51,1.0,0.5265,0.4925,0.3954,526.4511
Image_190_jpg.rf.n365YMJxvzHf5jAsWOWZ.jpg,2,258,120,"(236, 108, 44, 24)",1056,0.4575,0.0316,0.4834,1.0,0.773,0.505,0.6429,772.96
Image_190_jpg.rf.n365YMJxvzHf5jAsWOWZ.jpg,3,214,116,"(207, 103, 15, 27)",405,0.4927,0.0316,0.5188,1.0,1.0,0.4878,0.3837,1064.0282
Image_190_jpg.rf.n365YMJxvzHf5jAsWOWZ.jpg,4,317,79,"(310, 73, 14, 13)",182,0.5444,0.3127,0.5307,1.0,0.4916,0.5055,0.7415,491.6417
Image_190_jpg.rf.n365YMJxvzHf5jAsWOWZ.jpg,5,135,69,"(122, 53, 26, 32)",832,0.4899,0.0316,0.5108,1.0,1.0,0.4999,0.4731,1270.8158
Image_190_jpg.rf.n365YMJxvzHf5jAsWOWZ.jpg,6,273,60,"(253, 45, 41, 30)",1230,0.5455,0.3127,0.4741,1.0,0.7015,0.5276,0.5692,701.504
Image_190_jpg.rf.n365YMJxvzHf5jAsWOWZ.jpg,7,18,48,"(3, 26, 30, 44)",1320,0.4973,0.2801,0.5025,1.0,0.2338,0.4948,0.8636,233.8302
Image_192_jpg.rf.NSNrUGsot62ukoAq37Zr.jpg,1,498,507,"(490, 503, 17, 9)",153,0.6515,0.7352,0.4824,1.0,0.2535,0.5006,0.5714,253.4717
Image_19_jpg.rf.t7JDYRW2yrkBluHGVc5N.jpg,1,252,390,"(163, 343, 179, 94)",16826,0.5989,0.3127,0.5413,1.0,1.0,0.5468,0.4555,1568.6169
Image_21_jpg.rf.o2ayPYpM69tymOHX7EnR.jpg,1,114,432,"(103, 427, 23, 10)",230,0.5963,0.2894,0.5653,1.0,0.971,0.525,0.2519,971.0479
Image_21_jpg.rf.o2ayPYpM69tymOHX7EnR.jpg,2,69,426,"(61, 420, 16, 12)",192,0.5523,0.2946,0.5131,0.8482,1.0,0.5144,0.1696,1361.7361
Image_21_jpg.rf.o2ayPYpM69tymOHX7EnR.jpg,3,127,414,"(118, 409, 19, 10)",190,0.5826,0.2946,0.5127,1.0,1.0,0.5271,0.217,1475.6971
Image_21_jpg.rf.o2ayPYpM69tymOHX7EnR.jpg,4,188,418,"(175, 397, 27, 42)",1134,0.5797,0.2946,0.5046,1.0,1.0,0.5306,0.2089,1046.2297
Image_21_jpg.rf.o2ayPYpM69tymOHX7EnR.jpg,5,189,79,"(171, 60, 37, 38)",1406,0.5503,0.2997,0.4907,1.0,0.7364,0.5085,0.3478,736.3959
Image_21_jpg.rf.o2ayPYpM69tymOHX7EnR.jpg,6,398,47,"(386, 36, 24, 23)",552,0.5871,0.2997,0.5205,1.0,1.0,0.5241,0.2675,1639.0519
Image_27_jpg.rf.r0JOO5SzaEdOW0bAcxfb.jpg,1,340,372,"(298, 324, 84, 96)",8064,0.47,0.0204,0.4993,1.0,0.8812,0.5227,0.4177,881.2418
Image_27_jpg.rf.r0JOO5SzaEdOW0bAcxfb.jpg,2,406,269,"(364, 229, 85, 81)",6885,0.4679,0.0271,0.4885,1.0,0.8744,0.5199,0.4582,874.4006
Image_27_jpg.rf.r0JOO5SzaEdOW0bAcxfb.jpg,3,182,213,"(144, 164, 77, 99)",7623,0.5806,0.3179,0.4838,1.0,1.0,0.526,0.5452,1121.4513
Image_27_jpg.rf.r0JOO5SzaEdOW0bAcxfb.jpg,4,315,136,"(254, 93, 123, 87)",10701,0.4658,0.0316,0.4886,1.0,0.8376,0.5302,0.5759,837.6184
Image_28_jpg.rf.8gHCiQGJUD5UUbT9AB5n.jpg,1,278,340,"(273, 330, 10, 20)",200,0.799,0.9544,0.4715,1.0,1.0,0.4924,0.2983,6532.0901
Image_28_jpg.rf.8gHCiQGJUD5UUbT9AB5n.jpg,2,222,252,"(219, 241, 7, 22)",154,0.5554,0.3037,0.5287,0.8204,1.0,0.5211,0.1641,4987.1412
Image_28_jpg.rf.8gHCiQGJUD5UUbT9AB5n.jpg,3,309,250,"(299, 239, 20, 22)",440,0.5375,0.5549,0.4929,0.3539,1.0,0.5227,0.0708,3613.864
Image_28_jpg.rf.8gHCiQGJUD5UUbT9AB5n.jpg,4,158,191,"(151, 187, 15, 9)",135,0.4649,0.3037,0.4869,0.4409,1.0,0.5252,0.0882,3621.5194
Image_28_jpg.rf.8gHCiQGJUD5UUbT9AB5n.jpg,5,228,195,"(186, 171, 85, 49)",4165,0.6696,0.5538,0.5022,1.0,1.0,0.5377,0.4399,2904.7195
Image_2_jpg.rf.toh0DLHBhMdjKyXIlTOS.jpg,1,216,502,"(208, 492, 16, 20)",320,0.7104,0.9538,0.5025,1.0,0.0073,0.4979,0.3407,7.317
Image_2_jpg.rf.toh0DLHBhMdjKyXIlTOS.jpg,2,188,456,"(179, 451, 19, 11)",209,0.7097,0.9499,0.5046,1.0,0.0068,0.499,0.4811,6.7558
Image_2_jpg.rf.toh0DLHBhMdjKyXIlTOS.jpg,3,453,457,"(445, 449, 17, 16)",272,0.7059,0.9499,0.4939,1.0,0.006,0.5008,0.3005,5.9579
Image_2_jpg.rf.toh0DLHBhMdjKyXIlTOS.jpg,4,390,446,"(384, 440, 13, 12)",156,0.7103,0.9538,0.497,1.0,0.0248,0.4985,0.2083,24.8487
Image_2_jpg.rf.toh0DLHBhMdjKyXIlTOS.jpg,5,25,100,"(0, 72, 51, 57)",2907,0.619,0.6699,0.521,1.0,0.0216,0.5017,0.6138,21.6275
Image_2_jpg.rf.toh0DLHBhMdjKyXIlTOS.jpg,6,326,30,"(311, 10, 30, 40)",1200,0.7327,0.9384,0.5095,1.0,0.2599,0.4912,0.3237,259.8758
Image_30_jpg.rf.yrLsPn66Erh6j7JLTl12.jpg,1,335,429,"(328, 422, 15, 14)",210,0.577,0.302,0.4893,1.0,1.0,0.5074,0.2578,3847.9298
Image_30_jpg.rf.yrLsPn66Erh6j7JLTl12.jpg,2,255,428,"(249, 420, 13, 16)",208,0.5788,0.2964,0.5,1.0,1.0,0.5026,0.2057,2822.6348
Image_30_jpg.rf.yrLsPn66Erh6j7JLTl12.jpg,3,221,428,"(208, 419, 27, 18)",486,0.5759,0.2964,0.4918,1.0,1.0,0.5075,0.2162,3774.4346
Image_30_jpg.rf.yrLsPn66Erh6j7JLTl12.jpg,4,192,362,"(176, 355, 32, 15)",480,0.8038,0.9476,0.4919,1.0,1.0,0.51,0.3064,1528.3476
Image_30_jpg.rf.yrLsPn66Erh6j7JLTl12.jpg,5,75,326,"(63, 317, 25, 19)",475,0.8044,0.9476,0.4935,1.0,1.0,0.5216,0.3252,1171.1851
Image_30_jpg.rf.yrLsPn66Erh6j7JLTl12.jpg,6,90,295,"(79, 285, 22, 20)",440,0.8171,0.9796,0.4979,1.0,1.0,0.5345,0.6085,2759.1057
Image_30_jpg.rf.yrLsPn66Erh6j7JLTl12.jpg,7,436,218,"(422, 212, 28, 13)",364,0.5782,0.2964,0.4984,1.0,1.0,0.5125,0.298,2102.1293
Image_30_jpg.rf.yrLsPn66Erh6j7JLTl12.jpg,8,351,210,"(296, 149, 110, 123)",13530,0.527,0.2944,0.5091,1.0,0.4573,0.552,0.7597,457.2705
Image_31_jpg.rf.1vLr8eSZ2pxID4Ioze9D.jpg,1,223,321,"(215, 313, 16, 17)",272,0.4874,0.3186,0.5031,0.4988,1.0,0.5085,0.0998,1253.409
Image_32_jpg.rf.RZSkQGVkk8WexGM6YjZy.jpg,1,250,308,"(242, 297, 16, 22)",352,0.8141,0.9659,0.5029,1.0,1.0,0.5176,0.812,3006.6524
Image_32_jpg.rf.RZSkQGVkk8WexGM6YjZy.jpg,2,295,304,"(278, 289, 34, 30)",1020,0.5611,0.3179,0.4512,1.0,0.9189,0.5226,0.8209,918.8541
Image_32_jpg.rf.RZSkQGVkk8WexGM6YjZy.jpg,3,59,302,"(47, 286, 24, 32)",768,0.7954,0.8942,0.5212,1.0,1.0,0.5262,0.4792,3051.3517
Image_32_jpg.rf.RZSkQGVkk8WexGM6YjZy.jpg,4,335,190,"(312, 174, 47, 33)",1551,0.5704,0.3179,0.4715,1.0,0.9406,0.5269,0.675,940.5681
Image_33_jpg.rf.241sTsfBOrQKmxwhQU9F.jpg,1,76,475,"(70, 470, 12, 10)",120,0.5728,0.9444,0.5091,0.2936,0.0534,0.4975,0.0587,53.3509
Image_33_jpg.rf.241sTsfBOrQKmxwhQU9F.jpg,2,452,107,"(429, 68, 46, 79)",3634,0.4921,0.3127,0.4636,1.0,0.2044,0.5107,0.6406,204.4472
Image_33_jpg.rf.241sTsfBOrQKmxwhQU9F.jpg,3,448,60,"(440, 54, 17, 12)",204,0.5084,0.3127,0.4958,1.0,0.2547,0.5072,0.7198,254.7428
Image_33_jpg.rf.241sTsfBOrQKmxwhQU9F.jpg,4,341,45,"(244, 0, 194, 91)",17654,0.4914,0.3127,0.4883,1.0,0.1107,0.5045,0.6885,110.7047
Image_36_jpg.rf.fnSHzQWmbZWSVVTwtyiQ.jpg,1,71,482,"(48, 469, 47, 27)",1269,0.5915,0.3179,0.515,1.0,1.0,0.5255,0.5493,2253.4699
Image_36_jpg.rf.fnSHzQWmbZWSVVTwtyiQ.jpg,2,453,466,"(447, 457, 13, 18)",234,0.6634,0.5549,0.4832,1.0,1.0,0.5199,0.4133,2452.4588
Image_36_jpg.rf.fnSHzQWmbZWSVVTwtyiQ.jpg,3,423,459,"(416, 451, 15, 17)",255,0.5876,0.3179,0.5038,1.0,1.0,0.5224,0.5939,2354.1289
Image_36_jpg.rf.fnSHzQWmbZWSVVTwtyiQ.jpg,4,170,460,"(161, 442, 19, 37)",703,0.5844,0.3179,0.4945,1.0,1.0,0.5199,0.6893,2913.1281
Image_36_jpg.rf.fnSHzQWmbZWSVVTwtyiQ.jpg,5,360,443,"(349, 436, 22, 14)",308,0.5869,0.3179,0.5018,1.0,1.0,0.5193,0.5373,2703.4443
Image_36_jpg.rf.fnSHzQWmbZWSVVTwtyiQ.jpg,6,129,437,"(118, 431, 23, 12)",276,0.6747,0.5549,0.5156,1.0,1.0,0.5201,0.4571,2378.9593
Image_36_jpg.rf.fnSHzQWmbZWSVVTwtyiQ.jpg,7,409,430,"(392, 419, 35, 22)",770,0.6727,0.5538,0.511,1.0,1.0,0.5203,0.4337,2625.7849
Image_36_jpg.rf.fnSHzQWmbZWSVVTwtyiQ.jpg,8,456,404,"(446, 400, 20, 8)",160,0.6449,0.4845,0.5009,1.0,1.0,0.5217,0.5188,2189.9078
Image_36_jpg.rf.fnSHzQWmbZWSVVTwtyiQ.jpg,9,44,402,"(35, 398, 19, 9)",171,0.6751,0.5549,0.5168,1.0,1.0,0.5167,0.4562,1987.55
Image_36_jpg.rf.fnSHzQWmbZWSVVTwtyiQ.jpg,10,496,377,"(488, 373, 16, 9)",144,0.5942,0.3179,0.5226,1.0,1.0,0.5188,0.6395,1964.0183
Image_36_jpg.rf.fnSHzQWmbZWSVVTwtyiQ.jpg,11,405,373,"(399, 366, 13, 15)",195,0.6135,0.3892,0.5066,1.0,1.0,0.5218,0.6356,1581.0714
Image_36_jpg.rf.fnSHzQWmbZWSVVTwtyiQ.jpg,12,64,370,"(53, 361, 22, 18)",396,0.6793,0.5549,0.5287,1.0,1.0,0.5184,0.4559,2568.0127
Image_36_jpg.rf.fnSHzQWmbZWSVVTwtyiQ.jpg,13,96,350,"(88, 344, 16, 13)",208,0.6765,0.5549,0.5208,1.0,1.0,0.521,0.4143,2069.7989
Image_36_jpg.rf.fnSHzQWmbZWSVVTwtyiQ.jpg,14,119,346,"(110, 340, 19, 13)",247,0.6773,0.551,0.527,1.0,1.0,0.5269,0.4865,2009.6642
Image_36_jpg.rf.fnSHzQWmbZWSVVTwtyiQ.jpg,15,24,328,"(15, 317, 19, 22)",418,0.6717,0.5538,0.5081,1.0,1.0,0.5216,0.5427,2370.9916
Image_36_jpg.rf.fnSHzQWmbZWSVVTwtyiQ.jpg,16,189,295,"(178, 289, 22, 13)",286,0.6806,0.5549,0.5326,1.0,1.0,0.5136,0.4588,1546.0882
Image_36_jpg.rf.fnSHzQWmbZWSVVTwtyiQ.jpg,17,146,294,"(134, 286, 24, 16)",384,0.6828,0.5549,0.5389,1.0,1.0,0.5252,0.4752,1842.7102
Image_36_jpg.rf.fnSHzQWmbZWSVVTwtyiQ.jpg,18,71,231,"(67, 225, 9, 12)",108,0.5988,0.3186,0.535,1.0,1.0,0.5183,0.5079,1628.7482
Image_36_jpg.rf.fnSHzQWmbZWSVVTwtyiQ.jpg,19,295,273,"(254, 217, 83, 113)",9379,0.7465,0.9544,0.4631,1.0,0.504,0.5312,0.5493,503.9908
Image_36_jpg.rf.fnSHzQWmbZWSVVTwtyiQ.jpg,20,380,221,"(358, 214, 44, 14)",616,0.5747,0.3179,0.5648,1.0,0.6573,0.5077,0.5426,657.3106
Image_36_jpg.rf.fnSHzQWmbZWSVVTwtyiQ.jpg,21,129,224,"(103, 214, 53, 21)",1113,0.6279,0.3892,0.5475,1.0,1.0,0.5169,0.5357,1256.8686
Image_36_jpg.rf.fnSHzQWmbZWSVVTwtyiQ.jpg,22,174,220,"(160, 207, 28, 27)",756,0.583,0.3179,0.4907,1.0,1.0,0.5235,0.5519,1375.0833
Image_36_jpg.rf.fnSHzQWmbZWSVVTwtyiQ.jpg,23,458,205,"(453, 200, 11, 10)",110,0.5875,0.3179,0.5405,1.0,0.8706,0.5143,0.5731,870.5909
Image_36_jpg.rf.fnSHzQWmbZWSVVTwtyiQ.jpg,24,366,183,"(352, 176, 28, 14)",392,0.5444,0.311,0.5377,1.0,0.4739,0.5091,0.5663,473.9037
Image_36_jpg.rf.fnSHzQWmbZWSVVTwtyiQ.jpg,25,314,186,"(301, 167, 27, 39)",1053,0.7345,0.725,0.5163,1.0,1.0,0.5235,0.5264,1609.8187
Image_36_jpg.rf.fnSHzQWmbZWSVVTwtyiQ.jpg,26,407,173,"(399, 166, 17, 15)",255,0.5386,0.3058,0.5354,1.0,0.4417,0.5093,0.576,441.7215
Image_36_jpg.rf.fnSHzQWmbZWSVVTwtyiQ.jpg,27,371,161,"(366, 157, 11, 9)",99,0.6157,0.5486,0.5489,1.0,0.3158,0.5058,0.4741,315.7852
Image_36_jpg.rf.fnSHzQWmbZWSVVTwtyiQ.jpg,28,220,173,"(183, 143, 75, 60)",4500,0.5875,0.3179,0.5036,1.0,1.0,0.534,0.7356,2788.6505
Image_36_jpg.rf.fnSHzQWmbZWSVVTwtyiQ.jpg,29,365,133,"(358, 129, 14, 8)",112,0.5379,0.2984,0.5694,1.0,0.3422,0.5093,0.5808,342.2372
Image_36_jpg.rf.fnSHzQWmbZWSVVTwtyiQ.jpg,30,299,136,"(288, 113, 23, 46)",1058,0.7926,0.9544,0.4532,1.0,1.0,0.5308,0.5394,1665.8995
Image_36_jpg.rf.fnSHzQWmbZWSVVTwtyiQ.jpg,31,190,82,"(180, 73, 20, 18)",360,0.5182,0.2984,0.5335,1.0,0.2703,0.5099,0.6885,270.3093
Image_37_jpg.rf.2doXht8HnoftjHB1uroL.jpg,1,145,312,"(131, 279, 28, 66)",1848,0.5767,0.5458,0.4951,1.0,0.1239,0.5071,0.6949,123.876
Image_39_jpg.rf.w902xaqiEQdZmSksrSHw.jpg,1,24,142,"(0, 117, 48, 50)",2400,0.5062,0.3087,0.4954,1.0,0.2478,0.5103,0.6947,247.7751
Image_44_jpg.rf.1pRepM76cR1qVX50ogwx.jpg,1,345,239,"(322, 226, 46, 26)",1196,0.5729,0.3037,0.4761,1.0,1.0,0.5067,0.2346,5165.7899
Image_44_jpg.rf.1pRepM76cR1qVX50ogwx.jpg,2,313,231,"(304, 219, 18, 25)",450,0.5739,0.2964,0.4862,1.0,1.0,0.509,0.2306,3196.1207
Image_44_jpg.rf.1pRepM76cR1qVX50ogwx.jpg,3,152,216,"(145, 209, 14, 15)",210,0.567,0.2964,0.4763,0.9829,1.0,0.5085,0.1966,3410.4443
Image_48_jpg.rf.bhcJZsKEhY32fwSxuvyz.jpg,1,311,269,"(268, 219, 87, 100)",8700,0.5162,0.2894,0.4873,1.0,0.4433,0.51,0.3397,443.2924
Image_48_jpg.rf.bhcJZsKEhY32fwSxuvyz.jpg,2,196,263,"(152, 217, 89, 93)",8277,0.5234,0.2946,0.5001,1.0,0.4524,0.5114,0.3457,452.4491
Image_48_jpg.rf.bhcJZsKEhY32fwSxuvyz.jpg,3,267,198,"(214, 155, 106, 87)",9222,0.506,0.2894,0.4905,1.0,0.3302,0.5119,0.3665,330.2017
Image_49_jpg.rf.1rJoDLWhawyS7vAmYTAd.jpg,1,181,508,"(175, 504, 12, 8)",96,0.5143,0.3612,0.5292,1.0,0.027,0.4928,0.8452,26.964
Image_50_jpg.rf.pI0uvxZBQTeUaIuztJd3.jpg,1,254,263,"(232, 242, 44, 43)",1892,0.5005,0.2955,0.483,1.0,0.2801,0.4858,0.674,280.1097
Image_50_jpg.rf.pI0uvxZBQTeUaIuztJd3.jpg,2,342,248,"(301, 235, 82, 27)",2214,0.5097,0.2699,0.4787,1.0,0.4763,0.5053,0.6765,476.3031
Image_50_jpg.rf.pI0uvxZBQTeUaIuztJd3.jpg,3,175,247,"(139, 232, 72, 30)",2160,0.5288,0.2813,0.4615,1.0,0.6878,0.5112,0.6596,687.7774
Image_50_jpg.rf.pI0uvxZBQTeUaIuztJd3.jpg,4,377,227,"(369, 224, 16, 6)",96,0.5878,0.2894,0.5328,1.0,1.0,0.5221,0.2361,1475.2422
Image_50_jpg.rf.pI0uvxZBQTeUaIuztJd3.jpg,5,257,172,"(242, 164, 31, 17)",527,0.5745,0.2942,0.4901,1.0,1.0,0.5279,0.7698,1162.1022
Image_50_jpg.rf.pI0uvxZBQTeUaIuztJd3.jpg,6,344,188,"(314, 160, 60, 56)",3360,0.5072,0.2813,0.49,1.0,0.3724,0.5167,0.6511,372.3624
Image_50_jpg.rf.pI0uvxZBQTeUaIuztJd3.jpg,7,170,192,"(141, 160, 59, 65)",3835,0.5318,0.2813,0.491,1.0,0.6154,0.5168,0.6605,615.3531
Image_50_jpg.rf.pI0uvxZBQTeUaIuztJd3.jpg,8,203,166,"(191, 155, 24, 22)",528,0.5635,0.2946,0.4583,1.0,1.0,0.5085,0.2516,1230.8681
Image_50_jpg.rf.pI0uvxZBQTeUaIuztJd3.jpg,9,311,164,"(300, 154, 23, 21)",483,0.583,0.2946,0.514,1.0,1.0,0.5138,0.2537,1340.2102
Image_51_jpg.rf.vCAGwnPcaKM00C024HbH.jpg,1,380,419,"(374, 413, 12, 12)",144,0.5023,0.3037,0.5148,1.0,0.1585,0.5104,0.7222,158.5405
Image_51_jpg.rf.vCAGwnPcaKM00C024HbH.jpg,2,266,386,"(247, 361, 38, 51)",1938,0.5748,0.5451,0.4944,1.0,0.1099,0.5026,0.6333,109.8832
Image_51_jpg.rf.vCAGwnPcaKM00C024HbH.jpg,3,74,360,"(68, 353, 12, 14)",168,0.5267,0.3972,0.4482,1.0,0.3086,0.5108,0.4744,308.5562
Image_51_jpg.rf.vCAGwnPcaKM00C024HbH.jpg,4,251,320,"(199, 273, 104, 94)",9776,0.5605,0.5273,0.4786,1.0,0.0841,0.5213,0.5947,84.1125
Image_51_jpg.rf.vCAGwnPcaKM00C024HbH.jpg,5,507,270,"(502, 255, 10, 30)",300,0.4991,0.3127,0.5266,1.0,0.0536,0.5042,0.9271,53.6036
Image_51_jpg.rf.vCAGwnPcaKM00C024HbH.jpg,6,21,101,"(0, 78, 43, 47)",2021,0.4865,0.3024,0.5123,1.0,0.0138,0.5075,0.9896,13.8148
Image_52_jpg.rf.uv5p088SqorbI1IRTPiS.jpg,1,21,500,"(6, 489, 30, 23)",690,0.6317,0.717,0.4936,1.0,0.0795,0.5016,0.7816,79.4656
Image_52_jpg.rf.uv5p088SqorbI1IRTPiS.jpg,2,15,444,"(9, 439, 13, 11)",143,0.7425,0.96,0.5201,1.0,0.2452,0.5049,0.913,245.214
Image_52_jpg.rf.uv5p088SqorbI1IRTPiS.jpg,3,40,453,"(27, 438, 27, 30)",810,0.7364,0.9544,0.5192,1.0,0.2067,0.5032,0.8327,206.6958
Image_52_jpg.rf.uv5p088SqorbI1IRTPiS.jpg,4,115,427,"(98, 413, 35, 29)",1015,0.6948,0.725,0.49,1.0,0.6955,0.5259,0.7774,695.4663
Image_52_jpg.rf.uv5p088SqorbI1IRTPiS.jpg,5,328,428,"(310, 410, 37, 36)",1332,0.6989,0.6641,0.4756,1.0,1.0,0.5253,0.7317,2382.5694
Image_52_jpg.rf.uv5p088SqorbI1IRTPiS.jpg,6,187,414,"(180, 409, 15, 11)",165,0.8098,0.9659,0.4906,1.0,1.0,0.5126,0.5459,1915.9088
Image_52_jpg.rf.uv5p088SqorbI1IRTPiS.jpg,7,226,422,"(203, 388, 46, 68)",3128,0.7217,0.725,0.4798,1.0,1.0,0.5282,0.8284,1070.5754
Image_52_jpg.rf.uv5p088SqorbI1IRTPiS.jpg,8,313,389,"(304, 374, 18, 30)",540,0.6182,0.3868,0.5222,1.0,1.0,0.5259,0.6873,1510.1944
Image_52_jpg.rf.uv5p088SqorbI1IRTPiS.jpg,9,288,377,"(282, 369, 13, 16)",208,0.6664,0.5401,0.5242,1.0,0.9393,0.5149,0.6014,939.2785
Image_52_jpg.rf.uv5p088SqorbI1IRTPiS.jpg,10,7,295,"(0, 287, 15, 17)",255,0.6564,0.717,0.5056,1.0,0.285,0.5029,0.844,285.0499
Image_52_jpg.rf.uv5p088SqorbI1IRTPiS.jpg,11,25,221,"(19, 213, 12, 17)",204,0.6312,0.7102,0.5175,1.0,0.0155,0.4987,0.8578,15.4975
Image_52_jpg.rf.uv5p088SqorbI1IRTPiS.jpg,12,203,187,"(195, 178, 16, 18)",288,0.8127,0.9715,0.5205,0.9524,1.0,0.5169,0.1905,3900.4011
Image_52_jpg.rf.uv5p088SqorbI1IRTPiS.jpg,13,187,144,"(181, 137, 13, 14)",182,0.8114,0.9715,0.4896,1.0,1.0,0.5127,0.2154,3532.9061
Image_53_jpg.rf.LFoiY7c7h3MQaaujVtGe.jpg,1,260,501,"(233, 490, 54, 22)",1188,0.5977,0.3179,0.5327,1.0,1.0,0.5213,0.8772,1726.1641
Image_53_jpg.rf.LFoiY7c7h3MQaaujVtGe.jpg,2,315,489,"(292, 467, 46, 45)",2070,0.5893,0.3179,0.5086,1.0,1.0,0.5271,0.7316,2355.4638
Image_53_jpg.rf.LFoiY7c7h3MQaaujVtGe.jpg,3,296,327,"(291, 313, 10, 28)",280,0.5833,0.321,0.4883,1.0,1.0,0.5255,0.7898,2659.9915
Image_53_jpg.rf.LFoiY7c7h3MQaaujVtGe.jpg,4,350,272,"(341, 268, 18, 9)",162,0.5615,0.2968,0.4503,1.0,1.0,0.5128,0.7048,1724.4186
Image_53_jpg.rf.LFoiY7c7h3MQaaujVtGe.jpg,5,292,204,"(280, 155, 24, 98)",2352,0.6601,0.5333,0.4956,1.0,1.0,0.5163,0.2937,1012.6813
Image_53_jpg.rf.LFoiY7c7h3MQaaujVtGe.jpg,6,248,132,"(244, 125, 8, 15)",120,0.5318,0.6239,0.5198,0.1574,1.0,0.5105,0.0315,2832.1367
Image_53_jpg.rf.LFoiY7c7h3MQaaujVtGe.jpg,7,175,49,"(168, 41, 14, 17)",238,0.586,0.3037,0.5135,1.0,1.0,0.5157,0.6048,2101.9706
Image_54_jpg.rf.dhcvambmtkLa2KNcRW3j.jpg,1,381,430,"(373, 426, 16, 9)",144,0.5963,0.3179,0.5287,1.0,1.0,0.5189,0.6446,6157.7269
Image_54_jpg.rf.dhcvambmtkLa2KNcRW3j.jpg,2,129,320,"(124, 313, 11, 15)",165,0.6702,0.5549,0.5028,1.0,1.0,0.525,0.3092,2034.6005
Image_54_jpg.rf.dhcvambmtkLa2KNcRW3j.jpg,3,319,303,"(311, 278, 17, 51)",867,0.8199,1.0,0.4856,1.0,1.0,0.5308,0.3032,1448.5741
Image_54_jpg.rf.dhcvambmtkLa2KNcRW3j.jpg,4,409,249,"(403, 241, 13, 17)",221,0.5985,0.3179,0.5349,1.0,1.0,0.525,0.6152,3591.83
Image_54_jpg.rf.dhcvambmtkLa2KNcRW3j.jpg,5,134,241,"(123, 229, 22, 25)",550,0.7537,1.0,0.5193,0.7353,0.7489,0.5213,0.1471,748.8867
Image_54_jpg.rf.dhcvambmtkLa2KNcRW3j.jpg,6,343,213,"(320, 193, 46, 41)",1886,0.5303,0.1445,0.5135,1.0,1.0,0.514,0.5309,1452.3629
Image_54_jpg.rf.dhcvambmtkLa2KNcRW3j.jpg,7,383,191,"(364, 180, 38, 22)",836,0.6645,0.5549,0.4865,1.0,1.0,0.5192,0.3882,1578.1811
Image_55_jpg.rf.nwKrZV8MbMamH90KHGdi.jpg,1,159,103,"(149, 86, 20, 35)",700,0.7863,0.9544,0.4856,1.0,0.8233,0.5252,0.4947,823.3289
Image_55_jpg.rf.nwKrZV8MbMamH90KHGdi.jpg,2,45,21,"(20, 10, 50, 22)",1100,0.7449,0.9405,0.5263,0.899,0.5178,0.505,0.1798,517.7684
Image_56_jpg.rf.uqCS51CN4wqjNkUYjVKS.jpg,1,310,456,"(300, 446, 21, 21)",441,0.5527,0.3219,0.4884,1.0,0.6909,0.5074,0.7741,690.9112
Image_56_jpg.rf.uqCS51CN4wqjNkUYjVKS.jpg,2,304,430,"(300, 420, 9, 20)",180,0.5769,0.3179,0.4887,1.0,0.9454,0.51,0.4554,945.4076
Image_56_jpg.rf.uqCS51CN4wqjNkUYjVKS.jpg,3,27,401,"(21, 394, 12, 15)",180,0.5944,0.3037,0.5375,1.0,1.0,0.5067,0.3935,1327.8415
Image_56_jpg.rf.uqCS51CN4wqjNkUYjVKS.jpg,4,12,333,"(0, 327, 24, 12)",288,0.5975,0.3044,0.5456,1.0,1.0,0.5066,0.6528,1700.9818
Image_56_jpg.rf.uqCS51CN4wqjNkUYjVKS.jpg,5,75,291,"(68, 285, 15, 12)",180,0.5924,0.3037,0.5317,1.0,1.0,0.5087,0.6944,1610.3251
Image_56_jpg.rf.uqCS51CN4wqjNkUYjVKS.jpg,6,475,270,"(461, 261, 29, 19)",551,0.5838,0.3037,0.5071,1.0,1.0,0.5062,0.5389,1218.0798
Image_56_jpg.rf.uqCS51CN4wqjNkUYjVKS.jpg,7,90,259,"(84, 254, 13, 10)",130,0.5977,0.3037,0.5469,1.0,1.0,0.5015,0.5673,1786.6338
Image_56_jpg.rf.uqCS51CN4wqjNkUYjVKS.jpg,8,394,247,"(388, 240, 12, 15)",180,0.5962,0.3037,0.5426,1.0,1.0,0.5094,0.4151,1230.2098
Image_56_jpg.rf.uqCS51CN4wqjNkUYjVKS.jpg,9,15,246,"(3, 231, 24, 30)",720,0.6708,0.5361,0.5234,1.0,1.0,0.5099,0.5022,1616.7144
Image_56_jpg.rf.uqCS51CN4wqjNkUYjVKS.jpg,10,453,232,"(440, 221, 26, 22)",572,0.5861,0.3037,0.5138,1.0,1.0,0.5119,0.3344,1221.8343
Image_56_jpg.rf.uqCS51CN4wqjNkUYjVKS.jpg,11,423,197,"(415, 191, 16, 12)",192,0.5905,0.3037,0.5264,1.0,1.0,0.506,0.4926,1399.5228
Image_56_jpg.rf.uqCS51CN4wqjNkUYjVKS.jpg,12,278,170,"(270, 164, 16, 13)",208,0.5972,0.3037,0.5453,1.0,1.0,0.508,0.4271,1530.1818
Image_56_jpg.rf.uqCS51CN4wqjNkUYjVKS.jpg,13,318,88,"(311, 78, 14, 20)",280,0.7192,0.7735,0.5045,1.0,0.7194,0.5168,0.5565,719.3876
Image_57_jpg.rf.6FmR5uzRPXWGhMcqKY6d.jpg,1,292,337,"(282, 321, 20, 32)",640,0.7326,0.955,0.5066,1.0,0.2107,0.5286,0.3714,210.6773
Image_57_jpg.rf.6FmR5uzRPXWGhMcqKY6d.jpg,2,234,227,"(230, 211, 8, 32)",256,0.4906,0.0316,0.5131,1.0,1.0,0.4951,0.5716,1200.7994
Image_58_jpg.rf.FR6Xg5WbuHzy75osHgGB.jpg,1,337,501,"(326, 491, 23, 21)",483,0.4899,0.5361,0.4931,0.1481,1.0,0.5081,0.0296,2242.479
Image_58_jpg.rf.FR6Xg5WbuHzy75osHgGB.jpg,2,108,401,"(100, 392, 16, 19)",304,0.7025,0.9435,0.4719,0.8871,0.2969,0.5239,0.1774,296.9492
Image_58_jpg.rf.FR6Xg5WbuHzy75osHgGB.jpg,3,504,396,"(497, 391, 15, 11)",165,0.473,0.5373,0.5107,0.0311,1.0,0.5009,0.0062,1253.7613
Image_58_jpg.rf.FR6Xg5WbuHzy75osHgGB.jpg,4,61,376,"(53, 371, 16, 10)",160,0.6307,0.9482,0.5001,0.5032,0.2319,0.5123,0.1006,231.9324
Image_59_jpg.rf.7RYvHldg2nzxasiRBNuS.jpg,1,186,505,"(173, 499, 27, 13)",351,0.7134,0.9499,0.5156,1.0,0.0052,0.4972,0.39,5.1521
Image_59_jpg.rf.7RYvHldg2nzxasiRBNuS.jpg,2,465,501,"(451, 490, 29, 22)",638,0.7061,0.9499,0.4949,1.0,0.0044,0.4991,0.6359,4.3743
Image_59_jpg.rf.7RYvHldg2nzxasiRBNuS.jpg,3,25,425,"(21, 415, 9, 20)",180,0.5176,0.3179,0.4489,1.0,0.492,0.5049,0.875,492.0089
Image_59_jpg.rf.7RYvHldg2nzxasiRBNuS.jpg,4,24,18,"(0, 0, 48, 37)",1776,0.4993,0.2893,0.5634,1.0,0.0084,0.4984,0.7046,8.42
Image_5_jpg.rf.54SzRrjIeThNIl8MGdE9.jpg,1,101,366,"(95, 359, 13, 15)",195,0.6173,0.6162,0.5141,1.0,0.2166,0.5094,0.2178,216.5799
Image_5_jpg.rf.54SzRrjIeThNIl8MGdE9.jpg,2,22,135,"(16, 125, 12, 21)",252,0.4872,0.2985,0.4758,1.0,0.1618,0.497,0.6275,161.8498
Image_60_jpg.rf.u2gPTif2eqE97xmQfZ0k.jpg,1,141,482,"(126, 468, 30, 28)",840,0.7269,0.725,0.4947,1.0,1.0,0.5322,0.7321,4221.6368
Image_60_jpg.rf.u2gPTif2eqE97xmQfZ0k.jpg,2,161,471,"(155, 465, 13, 13)",169,0.7279,0.7378,0.4847,1.0,1.0,0.516,0.6816,4744.1457
Image_60_jpg.rf.u2gPTif2eqE97xmQfZ0k.jpg,3,265,471,"(244, 437, 43, 69)",2967,0.8191,0.9796,0.5035,1.0,1.0,0.538,0.5203,3070.3081
Image_60_jpg.rf.u2gPTif2eqE97xmQfZ0k.jpg,4,81,451,"(60, 437, 42, 29)",1218,0.8138,1.0,0.4679,1.0,1.0,0.5229,0.5136,2214.259
Image_60_jpg.rf.u2gPTif2eqE97xmQfZ0k.jpg,5,222,437,"(209, 414, 27, 47)",1269,0.8195,1.0,0.4842,1.0,1.0,0.5311,0.2999,1373.399
Image_60_jpg.rf.u2gPTif2eqE97xmQfZ0k.jpg,6,15,348,"(8, 342, 15, 13)",195,0.7032,0.6779,0.4742,1.0,1.0,0.5027,0.9319,2123.105
Image_60_jpg.rf.u2gPTif2eqE97xmQfZ0k.jpg,7,267,385,"(218, 341, 99, 89)",8811,0.5758,0.3179,0.47,1.0,1.0,0.5405,0.5614,3203.4051
Image_60_jpg.rf.u2gPTif2eqE97xmQfZ0k.jpg,8,135,318,"(125, 300, 21, 36)",756,0.7181,0.725,0.4695,1.0,1.0,0.5268,0.7506,2182.5542
Image_60_jpg.rf.u2gPTif2eqE97xmQfZ0k.jpg,9,17,132,"(5, 128, 24, 8)",192,0.5279,0.2841,0.5347,1.0,0.4136,0.5004,0.4686,413.6005
Image_60_jpg.rf.u2gPTif2eqE97xmQfZ0k.jpg,10,329,103,"(324, 98, 11, 10)",110,0.811,0.9476,0.5123,1.0,1.0,0.5197,0.3142,1888.7613
Image_60_jpg.rf.u2gPTif2eqE97xmQfZ0k.jpg,11,224,110,"(211, 95, 27, 30)",810,0.5607,0.4505,0.4566,1.0,0.4325,0.5172,0.5653,432.5123
Image_60_jpg.rf.u2gPTif2eqE97xmQfZ0k.jpg,12,253,99,"(244, 92, 19, 15)",285,0.7639,0.9544,0.4694,1.0,0.6562,0.5183,0.4301,656.169
Image_60_jpg.rf.u2gPTif2eqE97xmQfZ0k.jpg,13,286,102,"(277, 91, 18, 22)",396,0.7974,0.8942,0.5269,1.0,1.0,0.5316,0.3882,1356.9507
Image_60_jpg.rf.u2gPTif2eqE97xmQfZ0k.jpg,14,492,90,"(473, 85, 39, 11)",429,0.6809,0.6641,0.4925,1.0,0.7603,0.5274,0.5614,760.3201
Image_60_jpg.rf.u2gPTif2eqE97xmQfZ0k.jpg,15,55,109,"(9, 85, 92, 48)",4416,0.557,0.3868,0.4676,1.0,0.5792,0.5189,0.541,579.1708
Image_60_jpg.rf.u2gPTif2eqE97xmQfZ0k.jpg,16,449,88,"(437, 83, 24, 11)",264,0.7384,0.7788,0.4785,1.0,0.9834,0.5085,0.2633,983.3554
Image_60_jpg.rf.u2gPTif2eqE97xmQfZ0k.jpg,17,375,87,"(347, 80, 56, 14)",784,0.6834,0.6239,0.5004,1.0,0.8995,0.5133,0.2607,899.4542
Image_60_jpg.rf.u2gPTif2eqE97xmQfZ0k.jpg,18,275,37,"(269, 33, 12, 9)",108,0.5547,0.3179,0.4945,1.0,0.7034,0.5105,0.4405,703.4227
Image_61_jpg.rf.y8Z48ld2GEBTKTHbUf0R.jpg,1,389,506,"(384, 501, 11, 11)",121,0.7201,0.9367,0.5311,1.0,0.0633,0.5002,0.7238,63.3266
Image_61_jpg.rf.y8Z48ld2GEBTKTHbUf0R.jpg,2,455,499,"(444, 494, 23, 11)",253,0.733,0.9606,0.5284,1.0,0.1182,0.4979,0.7329,118.1827
Image_61_jpg.rf.y8Z48ld2GEBTKTHbUf0R.jpg,3,44,493,"(40, 486, 8, 14)",112,0.5042,0.2984,0.5517,1.0,0.0666,0.508,0.4365,66.5725
Image_61_jpg.rf.y8Z48ld2GEBTKTHbUf0R.jpg,4,14,498,"(0, 484, 28, 28)",784,0.719,0.9435,0.5263,1.0,0.0453,0.5206,0.8547,45.2974
Image_61_jpg.rf.y8Z48ld2GEBTKTHbUf0R.jpg,5,169,482,"(159, 470, 21, 24)",504,0.7079,0.8911,0.5404,1.0,0.0691,0.5206,0.7652,69.0527
Image_61_jpg.rf.y8Z48ld2GEBTKTHbUf0R.jpg,6,193,479,"(187, 468, 12, 23)",276,0.6798,0.763,0.5776,1.0,0.1058,0.5144,0.7631,105.8234
Image_61_jpg.rf.y8Z48ld2GEBTKTHbUf0R.jpg,7,58,463,"(54, 456, 8, 14)",112,0.566,0.4816,0.5167,1.0,0.1658,0.5183,0.7923,165.8133
Image_61_jpg.rf.y8Z48ld2GEBTKTHbUf0R.jpg,8,406,459,"(402, 453, 9, 12)",108,0.7575,0.9544,0.5315,1.0,0.3747,0.5087,0.7698,374.6626
Image_61_jpg.rf.y8Z48ld2GEBTKTHbUf0R.jpg,9,36,460,"(24, 447, 24, 27)",648,0.7229,0.9627,0.4732,1.0,0.203,0.5211,0.8989,202.9888
Image_61_jpg.rf.y8Z48ld2GEBTKTHbUf0R.jpg,10,57,441,"(51, 431, 12, 20)",240,0.7592,0.9544,0.5083,1.0,0.4732,0.514,0.7513,473.2047
Image_61_jpg.rf.y8Z48ld2GEBTKTHbUf0R.jpg,11,235,434,"(230, 430, 11, 9)",99,0.5543,0.311,0.5613,1.0,0.4901,0.5157,0.6687,490.1475
Image_61_jpg.rf.y8Z48ld2GEBTKTHbUf0R.jpg,12,383,461,"(355, 428, 56, 67)",3752,0.7417,0.9544,0.5129,1.0,0.2812,0.524,0.7427,281.2354
Image_61_jpg.rf.y8Z48ld2GEBTKTHbUf0R.jpg,13,97,445,"(78, 428, 38, 35)",1330,0.6615,0.725,0.4906,1.0,0.3599,0.5231,0.7179,359.9231
Image_61_jpg.rf.y8Z48ld2GEBTKTHbUf0R.jpg,14,6,432,"(0, 424, 13, 17)",221,0.544,0.3179,0.5364,1.0,0.45,0.5121,0.6697,449.9778
Image_61_jpg.rf.y8Z48ld2GEBTKTHbUf0R.jpg,15,152,427,"(145, 422, 15, 11)",165,0.809,0.9715,0.5017,1.0,0.9335,0.5055,0.9227,933.4899
Image_61_jpg.rf.y8Z48ld2GEBTKTHbUf0R.jpg,16,310,400,"(290, 387, 41, 27)",1107,0.5765,0.3179,0.472,1.0,1.0,0.5235,0.6076,2997.5331
Image_61_jpg.rf.y8Z48ld2GEBTKTHbUf0R.jpg,17,110,401,"(88, 384, 44, 34)",1496,0.5779,0.3179,0.476,1.0,1.0,0.5281,0.6052,2321.7317
Image_61_jpg.rf.y8Z48ld2GEBTKTHbUf0R.jpg,18,22,398,"(0, 382, 44, 33)",1452,0.5726,0.3179,0.4609,1.0,1.0,0.5188,0.4298,3376.9116
Image_61_jpg.rf.y8Z48ld2GEBTKTHbUf0R.jpg,19,224,394,"(212, 380, 24, 28)",672,0.5779,0.3179,0.4761,1.0,1.0,0.5178,0.3854,3592.0276
Image_61_jpg.rf.y8Z48ld2GEBTKTHbUf0R.jpg,20,57,385,"(49, 376, 17, 19)",323,0.5803,0.3179,0.4829,1.0,1.0,0.5236,0.4716,4818.3199
Image_61_jpg.rf.y8Z48ld2GEBTKTHbUf0R.jpg,21,419,379,"(413, 374, 12, 11)",132,0.5831,0.3179,0.4911,1.0,1.0,0.52,0.3732,7442.3325
Image_61_jpg.rf.y8Z48ld2GEBTKTHbUf0R.jpg,22,100,378,"(92, 372, 17, 13)",221,0.6657,0.5538,0.4909,1.0,1.0,0.5236,0.3862,4101.668
Image_61_jpg.rf.y8Z48ld2GEBTKTHbUf0R.jpg,23,395,399,"(359, 357, 73, 84)",6132,0.5992,0.3876,0.4672,1.0,1.0,0.536,0.5197,3885.2917
Image_61_jpg.rf.y8Z48ld2GEBTKTHbUf0R.jpg,24,471,358,"(463, 352, 17, 13)",221,0.6746,0.5549,0.5153,1.0,1.0,0.5139,0.2276,1574.0476
Image_61_jpg.rf.y8Z48ld2GEBTKTHbUf0R.jpg,25,488,337,"(472, 328, 33, 18)",594,0.7744,0.9544,0.5049,1.0,0.6359,0.5099,0.8867,635.895
Image_61_jpg.rf.y8Z48ld2GEBTKTHbUf0R.jpg,26,35,295,"(20, 289, 30, 12)",360,0.8084,0.9688,0.4837,1.0,1.0,0.5033,0.752,3849.5743
Image_61_jpg.rf.y8Z48ld2GEBTKTHbUf0R.jpg,27,482,281,"(474, 276, 16, 10)",160,0.8096,0.957,0.499,1.0,1.0,0.5074,0.9886,1103.1339
Image_61_jpg.rf.y8Z48ld2GEBTKTHbUf0R.jpg,28,291,281,"(279, 275, 25, 13)",325,0.705,0.6641,0.493,1.0,1.0,0.5159,0.5838,2637.7584
Image_61_jpg.rf.y8Z48ld2GEBTKTHbUf0R.jpg,29,215,263,"(208, 252, 15, 22)",330,0.6083,0.3868,0.494,1.0,1.0,0.5152,0.3431,2993.4938
Image_61_jpg.rf.y8Z48ld2GEBTKTHbUf0R.jpg,30,293,253,"(284, 245, 18, 16)",288,0.8067,0.9516,0.496,1.0,1.0,0.5121,0.5869,2610.8527
Image_61_jpg.rf.y8Z48ld2GEBTKTHbUf0R.jpg,31,480,243,"(470, 234, 20, 19)",380,0.7328,0.962,0.4798,1.0,0.2815,0.5127,0.9083,281.5043
Image_61_jpg.rf.y8Z48ld2GEBTKTHbUf0R.jpg,32,488,219,"(464, 209, 48, 21)",1008,0.6692,0.7164,0.478,1.0,0.5111,0.5191,0.8659,511.1431
Image_61_jpg.rf.y8Z48ld2GEBTKTHbUf0R.jpg,33,21,242,"(0, 205, 43, 74)",3182,0.6609,0.6641,0.4772,1.0,0.6144,0.5003,0.6891,614.4487
Image_61_jpg.rf.y8Z48ld2GEBTKTHbUf0R.jpg,34,487,190,"(479, 181, 17, 19)",323,0.701,0.9569,0.4732,1.0,0.005,0.506,1.0,5.0007
Image_61_jpg.rf.y8Z48ld2GEBTKTHbUf0R.jpg,35,288,192,"(269, 163, 39, 59)",2301,0.6611,0.5401,0.4917,1.0,1.0,0.5063,0.5534,1572.7166
Image_61_jpg.rf.y8Z48ld2GEBTKTHbUf0R.jpg,36,164,181,"(154, 154, 21, 55)",1155,0.5233,0.3726,0.4898,1.0,0.2146,0.5181,0.5708,214.5616
Image_61_jpg.rf.y8Z48ld2GEBTKTHbUf0R.jpg,37,23,174,"(0, 144, 47, 60)",2820,0.6344,0.7128,0.4923,1.0,0.1264,0.5071,0.7917,126.4408
Image_61_jpg.rf.y8Z48ld2GEBTKTHbUf0R.jpg,38,488,160,"(465, 137, 47, 47)",2209,0.7163,0.9549,0.4656,1.0,0.1912,0.4996,0.9178,191.2103
Image_61_jpg.rf.y8Z48ld2GEBTKTHbUf0R.jpg,39,49,119,"(42, 112, 14, 15)",210,0.7284,0.9314,0.5645,1.0,0.0485,0.5032,0.8219,48.5035
Image_61_jpg.rf.y8Z48ld2GEBTKTHbUf0R.jpg,40,304,124,"(291, 107, 27, 34)",918,0.7782,0.96,0.5148,1.0,0.6207,0.4919,0.4186,620.6903
Image_61_jpg.rf.y8Z48ld2GEBTKTHbUf0R.jpg,41,189,113,"(183, 106, 12, 14)",168,0.802,0.9532,0.4812,1.0,1.0,0.4953,0.742,1178.3252
Image_61_jpg.rf.y8Z48ld2GEBTKTHbUf0R.jpg,42,400,118,"(384, 102, 33, 32)",1056,0.7332,0.725,0.5129,1.0,1.0,0.5084,0.2687,1629.3022
Image_61_jpg.rf.y8Z48ld2GEBTKTHbUf0R.jpg,43,151,101,"(135, 75, 32, 52)",1664,0.7141,0.9433,0.483,1.0,0.1488,0.5011,0.7425,148.8425
Image_61_jpg.rf.y8Z48ld2GEBTKTHbUf0R.jpg,44,215,76,"(205, 70, 20, 12)",240,0.7418,0.9576,0.4965,1.0,0.3283,0.4975,0.6185,328.2819
Image_61_jpg.rf.y8Z48ld2GEBTKTHbUf0R.jpg,45,361,49,"(332, 33, 58, 32)",1856,0.7291,0.9644,0.4549,1.0,0.3234,0.4913,0.901,323.3539
Image_62_jpg.rf.IymscFev6WtCQ3rZ7dVb.jpg,1,349,472,"(346, 462, 6, 20)",120,0.5107,0.3037,0.478,1.0,0.3705,0.5236,0.2587,370.5487
Image_62_jpg.rf.IymscFev6WtCQ3rZ7dVb.jpg,2,131,235,"(125, 226, 12, 18)",216,0.5177,0.3037,0.475,0.9583,0.5348,0.5195,0.1917,534.81
Image_63_png.rf.tGRzccDEQOLH3wLVRvwE.jpg,1,192,220,"(189, 208, 7, 24)",168,0.5852,0.2997,0.5153,1.0,1.0,0.5275,0.2529,1293.0919
Image_63_png.rf.tGRzccDEQOLH3wLVRvwE.jpg,2,219,216,"(211, 196, 17, 41)",697,0.4822,0.2997,0.2209,1.0,1.0,0.5281,0.2544,1507.9811
Image_63_png.rf.tGRzccDEQOLH3wLVRvwE.jpg,3,296,150,"(282, 117, 29, 66)",1914,0.5676,0.3179,0.5217,1.0,0.7377,0.5234,0.581,737.7071
Image_63_png.rf.tGRzccDEQOLH3wLVRvwE.jpg,4,260,37,"(255, 28, 10, 19)",190,0.5728,0.2997,0.4873,1.0,0.974,0.5066,0.2287,973.9706
Image_65_jpg.rf.53yC1r3n9j6ylgN2R4Il.jpg,1,387,398,"(381, 392, 12, 13)",156,0.5758,0.5445,0.496,1.0,0.1166,0.5042,0.405,116.6093
Image_65_jpg.rf.53yC1r3n9j6ylgN2R4Il.jpg,2,255,389,"(246, 373, 19, 33)",627,0.5836,0.5485,0.5064,1.0,0.1436,0.517,0.6337,143.615
Image_65_jpg.rf.53yC1r3n9j6ylgN2R4Il.jpg,3,333,237,"(326, 222, 14, 30)",420,0.4967,0.3016,0.4903,1.0,0.1958,0.5187,0.7656,195.8331
Image_65_jpg.rf.53yC1r3n9j6ylgN2R4Il.jpg,4,155,210,"(149, 202, 13, 17)",221,0.4974,0.3127,0.502,1.0,0.1222,0.5145,0.5834,122.2482
Image_65_jpg.rf.53yC1r3n9j6ylgN2R4Il.jpg,5,275,198,"(269, 182, 12, 32)",384,0.4962,0.2985,0.5235,1.0,0.0851,0.5087,0.4337,85.1125
Image_65_jpg.rf.53yC1r3n9j6ylgN2R4Il.jpg,6,170,166,"(158, 150, 25, 32)",800,0.4837,0.2842,0.5202,1.0,0.0216,0.5097,0.8452,21.6311
Image_65_jpg.rf.53yC1r3n9j6ylgN2R4Il.jpg,7,368,83,"(353, 73, 30, 21)",630,0.502,0.3158,0.5347,1.0,0.0432,0.5052,0.8687,43.1514
Image_65_jpg.rf.53yC1r3n9j6ylgN2R4Il.jpg,8,209,64,"(203, 59, 12, 11)",132,0.5964,0.6162,0.5005,1.0,0.0554,0.5041,0.2283,55.3838
Image_65_jpg.rf.53yC1r3n9j6ylgN2R4Il.jpg,9,236,55,"(227, 40, 19, 31)",589,0.4889,0.2985,0.5169,1.0,0.0357,0.5208,0.5874,35.6712
Image_65_jpg.rf.53yC1r3n9j6ylgN2R4Il.jpg,10,349,43,"(337, 37, 25, 12)",300,0.4802,0.2943,0.4932,1.0,0.0456,0.5089,0.8412,45.577
Image_65_jpg.rf.53yC1r3n9j6ylgN2R4Il.jpg,11,273,27,"(267, 20, 13, 15)",195,0.4819,0.2882,0.5098,1.0,0.0254,0.5061,0.5719,25.4263
Image_65_jpg.rf.53yC1r3n9j6ylgN2R4Il.jpg,12,402,29,"(342, 0, 120, 59)",7080,0.4975,0.3127,0.5297,1.0,0.0268,0.5263,0.8464,26.8434
Image_65_jpg.rf.53yC1r3n9j6ylgN2R4Il.jpg,13,298,4,"(290, 0, 17, 8)",136,0.5217,0.6145,0.4952,0.6281,0.0768,0.5054,0.1256,76.7552
Image_67_jpg.rf.OSPZTDKSbJqv0VECuc0b.jpg,1,9,270,"(0, 236, 18, 69)",1242,0.7349,0.9544,0.5102,1.0,0.2224,0.5042,0.5756,222.4336
Image_67_jpg.rf.OSPZTDKSbJqv0VECuc0b.jpg,2,142,112,"(135, 107, 14, 11)",154,0.619,0.6162,0.4967,1.0,0.2953,0.5049,0.306,295.3087
Image_68_jpg.rf.l9aBlIA48dLByooBfRIl.jpg,1,14,248,"(0, 198, 29, 101)",2929,0.5235,0.3179,0.4741,1.0,0.4634,0.524,0.8668,463.3587
Image_6_jpg.rf.D3OJWaTLDuN7SdgcJBYD.jpg,1,94,298,"(82, 291, 24, 15)",360,0.4761,0.2865,0.4879,1.0,0.0501,0.4971,0.7613,50.0739
Image_70_jpg.rf.cQn3NhZy1mT5nScKhYve.jpg,1,322,464,"(315, 458, 15, 13)",195,0.7109,0.9522,0.5062,1.0,0.0044,0.5077,0.7244,4.4159
Image_70_jpg.rf.cQn3NhZy1mT5nScKhYve.jpg,2,359,432,"(340, 413, 38, 39)",1482,0.697,0.9529,0.465,1.0,0.007,0.5058,0.5745,7.0353
Image_70_jpg.rf.cQn3NhZy1mT5nScKhYve.jpg,3,251,329,"(236, 319, 30, 20)",600,0.6119,0.5445,0.5146,1.0,0.4122,0.5267,0.433,412.2151
Image_70_jpg.rf.cQn3NhZy1mT5nScKhYve.jpg,4,418,314,"(409, 307, 19, 14)",266,0.6877,0.784,0.4726,1.0,0.479,0.5124,0.3722,479.0047
Image_70_jpg.rf.cQn3NhZy1mT5nScKhYve.jpg,5,319,307,"(309, 300, 21, 15)",315,0.7512,1.0,0.5196,1.0,0.1931,0.5212,0.6083,193.0552
Image_70_jpg.rf.cQn3NhZy1mT5nScKhYve.jpg,6,311,248,"(305, 244, 13, 9)",117,0.5744,0.3127,0.4826,1.0,0.9609,0.5188,0.4667,960.8527
Image_70_jpg.rf.cQn3NhZy1mT5nScKhYve.jpg,7,20,240,"(0, 228, 40, 24)",960,0.6467,0.7778,0.4946,1.0,0.0139,0.5221,1.0,13.8622
Image_70_jpg.rf.cQn3NhZy1mT5nScKhYve.jpg,8,410,191,"(401, 187, 18, 9)",162,0.4787,0.2911,0.449,1.0,0.197,0.521,0.6937,197.0444
Image_70_jpg.rf.cQn3NhZy1mT5nScKhYve.jpg,9,14,160,"(0, 150, 29, 21)",609,0.6283,0.7161,0.497,1.0,0.0369,0.5188,1.0,36.891
Image_70_jpg.rf.cQn3NhZy1mT5nScKhYve.jpg,10,268,136,"(246, 124, 44, 24)",1056,0.5385,0.3804,0.4523,1.0,0.4701,0.5231,0.5685,470.1106
Image_70_jpg.rf.cQn3NhZy1mT5nScKhYve.jpg,11,421,33,"(406, 14, 30, 38)",1140,0.6241,0.7352,0.4734,1.0,0.0109,0.5076,0.7105,10.8542
Image_72_jpg.rf.M0Vdx6wBGtwbMO9kqu8m.jpg,1,421,298,"(397, 282, 48, 32)",1536,0.503,0.2985,0.505,1.0,0.2183,0.5079,0.3549,218.3428
Image_72_jpg.rf.M0Vdx6wBGtwbMO9kqu8m.jpg,2,462,232,"(454, 219, 17, 26)",442,0.4756,0.2882,0.4851,1.0,0.0492,0.5012,0.3094,49.1595
Image_72_jpg.rf.M0Vdx6wBGtwbMO9kqu8m.jpg,3,165,79,"(161, 71, 8, 16)",128,0.6091,0.8749,0.5108,0.6071,0.0263,0.4918,0.1214,26.3344
Image_72_jpg.rf.M0Vdx6wBGtwbMO9kqu8m.jpg,4,155,31,"(111, 0, 89, 62)",5518,0.5784,0.5485,0.5086,1.0,0.0842,0.5034,0.3992,84.2324
Image_73_jpg.rf.owqHgE3tESo9A9g37aqo.jpg,1,502,506,"(493, 500, 19, 12)",228,0.46,0.1167,0.5105,0.9111,0.5831,0.4963,0.1822,583.0906
Image_73_jpg.rf.owqHgE3tESo9A9g37aqo.jpg,2,304,346,"(297, 329, 15, 34)",510,0.6596,0.5549,0.4724,1.0,1.0,0.51,0.2874,2773.894
Image_74_jpg.rf.ow9gicGAwVsneURpuZdQ.jpg,1,489,443,"(479, 435, 20, 17)",340,0.5871,0.3179,0.5024,1.0,1.0,0.522,0.2608,2557.7689
Image_74_jpg.rf.ow9gicGAwVsneURpuZdQ.jpg,2,26,330,"(12, 327, 29, 7)",203,0.5678,0.3037,0.4616,1.0,1.0,0.5217,0.2426,3236.4999
Image_74_jpg.rf.ow9gicGAwVsneURpuZdQ.jpg,3,448,329,"(438, 325, 20, 8)",160,0.4635,0.1011,0.5133,1.0,0.4846,0.4945,0.2,484.6473
Image_74_jpg.rf.ow9gicGAwVsneURpuZdQ.jpg,4,363,91,"(356, 84, 14, 14)",196,0.5266,0.2894,0.4877,1.0,0.5459,0.4976,0.3787,545.8737
Image_75_jpg.rf.lZeDQMmJPOB9ei2lEo5O.jpg,1,281,421,"(272, 416, 18, 11)",198,0.7548,0.8911,0.5257,0.9203,0.749,0.5046,0.1841,748.9892
Image_75_jpg.rf.lZeDQMmJPOB9ei2lEo5O.jpg,2,349,375,"(340, 366, 19, 18)",342,0.5241,0.9444,0.519,0.0161,0.0864,0.5053,0.0032,86.4422
Image_75_jpg.rf.lZeDQMmJPOB9ei2lEo5O.jpg,3,340,291,"(321, 278, 39, 26)",1014,0.4991,0.3054,0.5125,1.0,0.1285,0.4861,0.2466,128.5145
Image_75_jpg.rf.lZeDQMmJPOB9ei2lEo5O.jpg,4,25,280,"(14, 272, 22, 16)",352,0.5473,0.2971,0.4937,1.0,0.7053,0.5028,0.396,705.3049
Image_75_jpg.rf.lZeDQMmJPOB9ei2lEo5O.jpg,5,172,159,"(157, 148, 31, 22)",682,0.6513,0.725,0.5026,1.0,0.2168,0.5096,0.2907,216.7683
Image_77_jpg.rf.4gnIpBpZ5IUTlsVUg4fM.jpg,1,401,421,"(395, 417, 12, 9)",108,0.7257,0.9423,0.535,1.0,0.0869,0.4933,0.4127,86.9441
Image_77_jpg.rf.4gnIpBpZ5IUTlsVUg4fM.jpg,2,181,362,"(166, 353, 30, 18)",540,0.4819,0.2968,0.4853,1.0,0.0818,0.5048,0.681,81.7831
Image_77_jpg.rf.4gnIpBpZ5IUTlsVUg4fM.jpg,3,95,239,"(89, 234, 12, 10)",120,0.7131,0.9444,0.4922,1.0,0.1032,0.4923,0.5208,103.1894
Image_77_jpg.rf.4gnIpBpZ5IUTlsVUg4fM.jpg,4,51,215,"(0, 197, 102, 36)",3672,0.4944,0.3087,0.4714,1.0,0.2141,0.4913,0.4157,214.078
Image_77_jpg.rf.4gnIpBpZ5IUTlsVUg4fM.jpg,5,411,181,"(395, 172, 33, 18)",594,0.5318,0.3804,0.5089,1.0,0.2051,0.5229,0.2511,205.0936
Image_78_jpg.rf.xjJ0NJhgdkIYLZNMQwrc.jpg,1,505,458,"(499, 444, 13, 28)",364,0.4503,0.0316,0.499,1.0,0.6454,0.4972,0.4895,645.4492
Image_78_jpg.rf.xjJ0NJhgdkIYLZNMQwrc.jpg,2,346,428,"(340, 422, 13, 12)",156,0.4964,0.2985,0.533,1.0,0.0541,0.5011,0.3833,54.1223
Image_78_jpg.rf.xjJ0NJhgdkIYLZNMQwrc.jpg,3,307,423,"(289, 409, 37, 29)",1073,0.4613,0.2985,0.4808,0.8537,0.1783,0.4977,0.1707,178.3282
Image_78_jpg.rf.xjJ0NJhgdkIYLZNMQwrc.jpg,4,453,406,"(444, 401, 19, 11)",209,0.4821,0.2944,0.4953,1.0,0.0572,0.5153,0.2749,57.1531
Image_78_jpg.rf.xjJ0NJhgdkIYLZNMQwrc.jpg,5,497,411,"(482, 400, 30, 23)",690,0.4894,0.2842,0.5362,1.0,0.0223,0.5067,0.5548,22.3074
Image_78_jpg.rf.xjJ0NJhgdkIYLZNMQwrc.jpg,6,341,406,"(336, 396, 11, 21)",231,0.4956,0.2985,0.5144,1.0,0.1111,0.5031,0.3966,111.0623
Image_78_jpg.rf.xjJ0NJhgdkIYLZNMQwrc.jpg,7,337,383,"(332, 376, 11, 14)",154,0.4962,0.2985,0.5293,1.0,0.0648,0.5043,0.3629,64.8185
Image_78_jpg.rf.xjJ0NJhgdkIYLZNMQwrc.jpg,8,338,346,"(324, 336, 28, 20)",560,0.506,0.2944,0.4938,1.0,0.301,0.5031,0.4062,301.0397
Image_78_jpg.rf.xjJ0NJhgdkIYLZNMQwrc.jpg,9,433,358,"(411, 329, 44, 58)",2552,0.4811,0.2968,0.4936,1.0,0.0443,0.5285,0.3156,44.2978
Image_78_jpg.rf.xjJ0NJhgdkIYLZNMQwrc.jpg,10,36,287,"(30, 277, 12, 21)",252,0.5403,0.3077,0.5116,1.0,0.5355,0.5071,0.7652,535.461
Image_78_jpg.rf.xjJ0NJhgdkIYLZNMQwrc.jpg,11,244,253,"(238, 245, 12, 17)",204,0.5184,0.2985,0.5277,1.0,0.2924,0.496,0.5101,292.3626
Image_78_jpg.rf.xjJ0NJhgdkIYLZNMQwrc.jpg,12,372,253,"(362, 242, 21, 22)",462,0.48,0.2985,0.4898,1.0,0.0408,0.5235,0.2068,40.8068
Image_78_jpg.rf.xjJ0NJhgdkIYLZNMQwrc.jpg,13,16,206,"(0, 196, 33, 21)",693,0.5118,0.3025,0.5254,1.0,0.2205,0.5004,0.5998,220.5033
Image_78_jpg.rf.xjJ0NJhgdkIYLZNMQwrc.jpg,14,186,250,"(140, 188, 92, 125)",11500,0.5489,0.3179,0.478,1.0,0.7029,0.5329,0.4876,702.9094
Image_78_jpg.rf.xjJ0NJhgdkIYLZNMQwrc.jpg,15,314,203,"(306, 183, 17, 40)",680,0.4947,0.3025,0.5174,1.0,0.0777,0.511,0.6432,77.7127
Image_78_jpg.rf.xjJ0NJhgdkIYLZNMQwrc.jpg,16,43,177,"(36, 168, 15, 19)",285,0.5049,0.3016,0.5386,1.0,0.1079,0.4962,0.4146,107.8634
Image_78_jpg.rf.xjJ0NJhgdkIYLZNMQwrc.jpg,17,471,159,"(462, 147, 18, 24)",432,0.5021,0.2882,0.5545,1.0,0.0712,0.5102,0.7648,71.2332
Image_78_jpg.rf.xjJ0NJhgdkIYLZNMQwrc.jpg,18,395,153,"(382, 139, 27, 29)",783,0.5258,0.2985,0.5276,1.0,0.3671,0.5066,0.5854,367.079
Image_78_jpg.rf.xjJ0NJhgdkIYLZNMQwrc.jpg,19,493,127,"(489, 119, 8, 16)",128,0.4998,0.2882,0.5532,1.0,0.0537,0.5037,0.7964,53.7123
Image_78_jpg.rf.xjJ0NJhgdkIYLZNMQwrc.jpg,20,124,108,"(119, 94, 10, 28)",280,0.5397,0.3037,0.5069,0.9261,0.708,0.5251,0.1852,707.9519
Image_78_jpg.rf.xjJ0NJhgdkIYLZNMQwrc.jpg,21,394,107,"(380, 89, 29, 36)",1044,0.5723,0.5419,0.51,0.9782,0.0848,0.5041,0.1956,84.7573
Image_78_jpg.rf.xjJ0NJhgdkIYLZNMQwrc.jpg,22,273,72,"(267, 63, 12, 19)",228,0.5012,0.2985,0.5134,1.0,0.1706,0.5012,0.5188,170.6491
Image_78_jpg.rf.xjJ0NJhgdkIYLZNMQwrc.jpg,23,308,39,"(298, 21, 21, 36)",756,0.6416,0.5373,0.5112,1.0,0.7465,0.5031,0.536,746.4575
Image_78_jpg.rf.xjJ0NJhgdkIYLZNMQwrc.jpg,24,137,32,"(108, 13, 59, 38)",2242,0.5049,0.2916,0.5281,1.0,0.1806,0.5085,0.5172,180.6241
Image_78_jpg.rf.xjJ0NJhgdkIYLZNMQwrc.jpg,25,403,6,"(394, 0, 18, 12)",216,0.4888,0.5174,0.4778,0.6852,0.0341,0.4993,0.137,34.1265
Image_78_jpg.rf.xjJ0NJhgdkIYLZNMQwrc.jpg,26,363,7,"(356, 0, 14, 15)",210,0.4797,0.2842,0.5044,1.0,0.0369,0.5024,0.8425,36.9117
Image_79_jpg.rf.nN4FptNMqyT8ZzUZ4MbH.jpg,1,285,457,"(270, 452, 30, 10)",300,0.4785,0.2791,0.4846,1.0,0.1123,0.5082,0.8755,112.3443
Image_79_jpg.rf.nN4FptNMqyT8ZzUZ4MbH.jpg,2,172,431,"(158, 416, 29, 31)",899,0.5579,0.2985,0.4682,1.0,0.896,0.4933,0.3965,896.0318
Image_79_jpg.rf.nN4FptNMqyT8ZzUZ4MbH.jpg,3,245,429,"(211, 403, 69, 53)",3657,0.5084,0.2944,0.4844,1.0,0.3582,0.5165,0.5983,358.2486
Image_79_jpg.rf.nN4FptNMqyT8ZzUZ4MbH.jpg,4,482,397,"(477, 388, 11, 18)",198,0.5768,0.3037,0.487,1.0,1.0,0.5063,0.2246,1501.8881
Image_79_jpg.rf.nN4FptNMqyT8ZzUZ4MbH.jpg,5,242,378,"(231, 367, 23, 22)",506,0.5003,0.2801,0.4937,1.0,0.2943,0.4958,0.5328,294.3497
Image_79_jpg.rf.nN4FptNMqyT8ZzUZ4MbH.jpg,6,124,66,"(90, 32, 69, 68)",4692,0.5268,0.2968,0.4642,1.0,0.604,0.5279,0.5611,604.0087
Image_79_jpg.rf.nN4FptNMqyT8ZzUZ4MbH.jpg,7,89,8,"(73, 0, 33, 17)",561,0.5245,0.2926,0.49,1.0,0.5055,0.5074,0.5362,505.5052
Image_80_jpg.rf.bKWEe5HCRikI4sfipOaZ.jpg,1,178,271,"(167, 260, 23, 23)",529,0.5726,0.3179,0.4895,1.0,0.8998,0.5101,0.5094,899.8323
Image_80_jpg.rf.bKWEe5HCRikI4sfipOaZ.jpg,2,151,262,"(145, 254, 13, 17)",221,0.4749,0.0316,0.468,1.0,1.0,0.4877,0.7103,1243.6132
Image_80_jpg.rf.bKWEe5HCRikI4sfipOaZ.jpg,3,223,233,"(220, 224, 7, 19)",133,0.5042,0.0316,0.5518,1.0,1.0,0.4857,0.3039,1810.3021
Image_80_jpg.rf.bKWEe5HCRikI4sfipOaZ.jpg,4,181,222,"(162, 190, 39, 64)",2496,0.5466,0.3179,0.4689,1.0,0.7124,0.5227,0.5506,712.4049
Image_81_jpg.rf.32nwhMNp0Rbt8IxTtWoY.jpg,1,164,23,"(150, 14, 28, 18)",504,0.5024,0.2943,0.5498,1.0,0.0694,0.5176,0.48,69.385
Image_81_jpg.rf.32nwhMNp0Rbt8IxTtWoY.jpg,2,229,16,"(221, 10, 16, 13)",208,0.5007,0.2951,0.5468,1.0,0.06,0.5148,0.4714,59.9978
Image_81_jpg.rf.32nwhMNp0Rbt8IxTtWoY.jpg,3,309,11,"(290, 5, 38, 12)",456,0.5654,0.5192,0.4946,1.0,0.1052,0.5124,0.4843,105.1773
Image_82_jpg.rf.pVeDURFrd0LslpUptyDO.jpg,1,507,496,"(502, 480, 10, 32)",320,0.4918,0.2985,0.5028,1.0,0.1139,0.4987,0.4803,113.9079
Image_82_jpg.rf.pVeDURFrd0LslpUptyDO.jpg,2,224,438,"(217, 430, 14, 17)",238,0.7937,0.9544,0.4899,1.0,0.8819,0.5062,0.4403,881.9215
Image_82_jpg.rf.pVeDURFrd0LslpUptyDO.jpg,3,194,435,"(184, 425, 21, 21)",441,0.7294,0.725,0.5019,1.0,1.0,0.5145,0.461,1157.1671
Image_82_jpg.rf.pVeDURFrd0LslpUptyDO.jpg,4,251,432,"(244, 423, 14, 18)",252,0.8014,0.9659,0.5181,0.9103,1.0,0.4997,0.1821,1611.3036
Image_82_jpg.rf.pVeDURFrd0LslpUptyDO.jpg,5,118,403,"(107, 391, 23, 24)",552,0.8022,0.9544,0.4804,1.0,1.0,0.5084,0.4437,1840.5993
Image_82_jpg.rf.pVeDURFrd0LslpUptyDO.jpg,6,242,389,"(236, 380, 12, 19)",228,0.8033,0.9715,0.4807,0.9946,0.961,0.501,0.1989,961.0035
Image_82_jpg.rf.pVeDURFrd0LslpUptyDO.jpg,7,222,380,"(218, 372, 8, 17)",136,0.5777,0.3179,0.4756,1.0,1.0,0.5105,0.6931,1194.4307
Image_82_jpg.rf.pVeDURFrd0LslpUptyDO.jpg,8,334,346,"(328, 337, 12, 19)",228,0.8119,0.9715,0.4911,1.0,1.0,0.4943,0.2997,1294.5234
Image_82_jpg.rf.pVeDURFrd0LslpUptyDO.jpg,9,315,329,"(311, 320, 9, 19)",171,0.8124,0.9544,0.5097,1.0,1.0,0.5049,0.2504,2134.313
Image_82_jpg.rf.pVeDURFrd0LslpUptyDO.jpg,10,490,165,"(476, 147, 28, 37)",1036,0.4862,0.3058,0.4787,1.0,0.1162,0.5132,0.6408,116.1775
Image_82_jpg.rf.pVeDURFrd0LslpUptyDO.jpg,11,462,146,"(446, 134, 32, 25)",800,0.529,0.3037,0.5032,1.0,0.4656,0.5293,0.3857,465.5672
Image_82_jpg.rf.pVeDURFrd0LslpUptyDO.jpg,12,472,106,"(469, 93, 7, 26)",182,0.4795,0.2841,0.488,1.0,0.0929,0.511,0.705,92.8817
Image_83_jpg.rf.HQizh8HfNFSW0OUs3A86.jpg,1,503,464,"(494, 459, 18, 10)",180,0.4662,0.0152,0.4598,1.0,1.0,0.4992,0.6004,1538.4159
Image_83_jpg.rf.HQizh8HfNFSW0OUs3A86.jpg,2,321,404,"(316, 396, 10, 16)",160,0.5841,0.3037,0.5079,1.0,1.0,0.4977,0.3133,3739.445
Image_83_jpg.rf.HQizh8HfNFSW0OUs3A86.jpg,3,87,339,"(78, 322, 18, 35)",630,0.5639,0.3037,0.5123,1.0,0.7834,0.5261,0.7064,783.4444
Image_83_jpg.rf.HQizh8HfNFSW0OUs3A86.jpg,4,351,258,"(343, 252, 16, 12)",192,0.5811,0.3037,0.4994,1.0,1.0,0.5264,0.7515,1407.7807
Image_83_jpg.rf.HQizh8HfNFSW0OUs3A86.jpg,5,47,55,"(43, 47, 9, 16)",144,0.4838,0.2841,0.4762,1.0,0.1768,0.4941,0.4371,176.8141
Image_84_jpg.rf.Zi4P8kDunpveFEA9NxrV.jpg,1,128,297,"(111, 280, 35, 34)",1190,0.4526,0.2893,0.5053,0.8187,0.1076,0.5093,0.1637,107.6478
Image_86_jpg.rf.ucKcPON2jlBmrrRtZowg.jpg,1,240,271,"(227, 221, 27, 100)",2700,0.4821,0.0316,0.4885,1.0,1.0,0.5031,0.467,2200.7353
Image_87_jpg.rf.PJWIGSFcD5QZZO4xad8J.jpg,1,235,434,"(223, 423, 24, 22)",528,0.7105,0.9086,0.4788,1.0,0.2485,0.4988,0.4698,248.4884
Image_87_jpg.rf.PJWIGSFcD5QZZO4xad8J.jpg,2,87,216,"(82, 198, 11, 37)",407,0.4892,0.2985,0.4885,1.0,0.1375,0.4994,0.7737,137.5048
Image_88_jpg.rf.KdgKOCbfrmOuTx332rrD.jpg,1,508,422,"(504, 410, 8, 25)",200,0.478,0.3024,0.488,1.0,0.014,0.4993,1.0,14.0148
Image_88_jpg.rf.KdgKOCbfrmOuTx332rrD.jpg,2,232,390,"(222, 365, 20, 51)",1020,0.467,0.2885,0.4731,1.0,0.0048,0.5042,0.9807,4.7717
Image_88_jpg.rf.KdgKOCbfrmOuTx332rrD.jpg,3,188,319,"(181, 310, 14, 18)",252,0.5112,0.3068,0.4777,1.0,0.366,0.502,0.5962,366.0486
Image_88_jpg.rf.KdgKOCbfrmOuTx332rrD.jpg,4,98,22,"(93, 13, 11, 19)",209,0.4679,0.2842,0.4783,1.0,0.0103,0.5059,0.9635,10.3128
Image_88_jpg.rf.KdgKOCbfrmOuTx332rrD.jpg,5,281,16,"(261, 0, 41, 33)",1353,0.478,0.3025,0.4816,1.0,0.035,0.5119,0.6546,35.0426
Image_8_jpg.rf.I5oi9GdhigCdMU5WZN4r.jpg,1,270,453,"(263, 448, 14, 11)",154,0.7489,0.9544,0.5137,1.0,0.3502,0.5046,0.2408,350.1937
Image_8_jpg.rf.I5oi9GdhigCdMU5WZN4r.jpg,2,114,452,"(108, 442, 13, 20)",260,0.718,0.9541,0.49,1.0,0.1257,0.5013,0.6338,125.695
Image_8_jpg.rf.I5oi9GdhigCdMU5WZN4r.jpg,3,436,401,"(410, 390, 52, 22)",1144,0.4722,0.5327,0.505,0.4573,0.1761,0.4972,0.0915,176.1194
Image_8_jpg.rf.I5oi9GdhigCdMU5WZN4r.jpg,4,483,368,"(465, 360, 37, 16)",592,0.4969,0.3127,0.4756,1.0,0.2101,0.5048,0.2369,210.1291
Image_8_jpg.rf.I5oi9GdhigCdMU5WZN4r.jpg,5,306,365,"(302, 355, 8, 21)",168,0.5186,0.6239,0.5291,0.4621,0.2263,0.4957,0.0924,226.2583
Image_8_jpg.rf.I5oi9GdhigCdMU5WZN4r.jpg,6,65,328,"(52, 322, 26, 12)",312,0.6376,0.7214,0.5014,1.0,0.0959,0.5123,0.3147,95.9224
Image_8_jpg.rf.I5oi9GdhigCdMU5WZN4r.jpg,7,311,324,"(306, 313, 10, 23)",230,0.6163,0.5497,0.4989,1.0,0.4926,0.5044,0.2714,492.5735
Image_8_jpg.rf.I5oi9GdhigCdMU5WZN4r.jpg,8,6,314,"(0, 307, 13, 15)",195,0.7228,0.9484,0.5179,1.0,0.096,0.5035,0.4483,96.0075
Image_8_jpg.rf.I5oi9GdhigCdMU5WZN4r.jpg,9,379,310,"(371, 305, 17, 10)",170,0.5462,0.3179,0.4905,0.8856,0.8615,0.5027,0.1771,861.499
Image_8_jpg.rf.I5oi9GdhigCdMU5WZN4r.jpg,10,506,293,"(500, 285, 12, 17)",204,0.5324,0.3127,0.5159,1.0,0.4244,0.5009,0.3506,424.3537
Image_8_jpg.rf.I5oi9GdhigCdMU5WZN4r.jpg,11,232,295,"(210, 264, 44, 63)",2772,0.6475,0.5549,0.4842,1.0,0.8382,0.5106,0.2655,838.1535
Image_8_jpg.rf.I5oi9GdhigCdMU5WZN4r.jpg,12,249,266,"(241, 261, 16, 10)",160,0.4799,0.0316,0.4824,1.0,1.0,0.511,0.4854,2487.5422
Image_8_jpg.rf.I5oi9GdhigCdMU5WZN4r.jpg,13,7,263,"(0, 253, 15, 21)",315,0.7116,0.9473,0.5028,1.0,0.0412,0.5067,0.557,41.1969
Image_8_jpg.rf.I5oi9GdhigCdMU5WZN4r.jpg,14,188,258,"(181, 247, 14, 22)",308,0.6831,0.6239,0.4797,0.9842,1.0,0.5056,0.1968,1832.6374
Image_8_jpg.rf.I5oi9GdhigCdMU5WZN4r.jpg,15,69,253,"(49, 234, 40, 39)",1560,0.7104,0.9512,0.4917,1.0,0.0541,0.509,0.5106,54.1305
Image_8_jpg.rf.I5oi9GdhigCdMU5WZN4r.jpg,16,146,310,"(94, 232, 104, 157)",16328,0.7088,0.8915,0.4521,1.0,0.3855,0.509,0.3572,385.5088
Image_8_jpg.rf.I5oi9GdhigCdMU5WZN4r.jpg,17,140,238,"(123, 224, 35, 28)",980,0.6595,0.5549,0.4721,1.0,1.0,0.4956,0.216,1113.308
Image_8_jpg.rf.I5oi9GdhigCdMU5WZN4r.jpg,18,74,219,"(67, 214, 15, 11)",165,0.6357,0.7194,0.5083,1.0,0.0599,0.4973,0.475,59.871
Image_8_jpg.rf.I5oi9GdhigCdMU5WZN4r.jpg,19,476,251,"(441, 204, 71, 95)",6745,0.5626,0.3816,0.5043,1.0,0.5256,0.5154,0.5166,525.5876
Image_8_jpg.rf.I5oi9GdhigCdMU5WZN4r.jpg,20,140,200,"(134, 194, 13, 13)",169,0.4891,0.0316,0.5213,0.992,0.9717,0.4772,0.1984,971.7463
Image_8_jpg.rf.I5oi9GdhigCdMU5WZN4r.jpg,21,8,200,"(0, 191, 17, 19)",323,0.519,0.3804,0.5051,1.0,0.0901,0.4937,0.223,90.122
Image_8_jpg.rf.I5oi9GdhigCdMU5WZN4r.jpg,22,390,179,"(371, 142, 39, 75)",2925,0.5169,0.2934,0.491,1.0,0.4234,0.5199,0.6187,423.4291
Image_8_jpg.rf.I5oi9GdhigCdMU5WZN4r.jpg,23,482,165,"(452, 127, 60, 76)",4560,0.6325,0.6649,0.4843,1.0,0.3032,0.5095,0.4217,303.21
Image_8_jpg.rf.I5oi9GdhigCdMU5WZN4r.jpg,24,229,98,"(202, 75, 55, 46)",2530,0.5282,0.3037,0.5163,1.0,0.4124,0.5347,0.3531,412.4434
Image_8_jpg.rf.I5oi9GdhigCdMU5WZN4r.jpg,25,90,78,"(79, 66, 22, 25)",550,0.7065,0.9499,0.4917,1.0,0.0199,0.5052,0.8649,19.8814
Image_8_jpg.rf.I5oi9GdhigCdMU5WZN4r.jpg,26,351,63,"(344, 55, 15, 17)",255,0.6182,0.9367,0.5085,0.5109,0.102,0.502,0.1022,102.0332
Image_8_jpg.rf.I5oi9GdhigCdMU5WZN4r.jpg,27,304,64,"(271, 45, 66, 38)",2508,0.5414,0.3127,0.4977,1.0,0.5779,0.5124,0.2979,577.9266
Image_8_jpg.rf.I5oi9GdhigCdMU5WZN4r.jpg,28,271,8,"(257, 0, 28, 17)",476,0.6198,0.7214,0.468,1.0,0.0352,0.509,0.4348,35.2119
Image_91_jpg.rf.F2Nn36Y4fwaTeB5ZqrMu.jpg,1,161,482,"(154, 479, 14, 7)",98,0.4882,0.0271,0.5106,1.0,1.0,0.5184,0.4696,11744.4458
Image_91_jpg.rf.F2Nn36Y4fwaTeB5ZqrMu.jpg,2,378,363,"(366, 353, 25, 20)",500,0.4849,0.0271,0.5013,1.0,1.0,0.51,0.4696,10702.6045
Image_91_jpg.rf.F2Nn36Y4fwaTeB5ZqrMu.jpg,3,148,358,"(116, 347, 65, 22)",1430,0.4934,0.0271,0.5253,1.0,1.0,0.5163,0.6532,11906.8593
Image_91_jpg.rf.F2Nn36Y4fwaTeB5ZqrMu.jpg,4,46,257,"(35, 240, 23, 34)",782,0.4889,0.0271,0.5125,1.0,1.0,0.5218,0.5099,13185.2215
Image_91_jpg.rf.F2Nn36Y4fwaTeB5ZqrMu.jpg,5,218,233,"(214, 227, 9, 12)",108,0.4785,0.0278,0.4823,1.0,1.0,0.5121,0.3234,10019.4064
Image_91_jpg.rf.F2Nn36Y4fwaTeB5ZqrMu.jpg,6,305,183,"(298, 178, 15, 11)",165,0.4761,0.0278,0.4754,1.0,1.0,0.5075,0.4573,12193.5564
Image_91_jpg.rf.F2Nn36Y4fwaTeB5ZqrMu.jpg,7,248,173,"(240, 164, 16, 18)",288,0.5884,0.3037,0.5204,1.0,1.0,0.5095,0.3036,10768.743
Image_91_jpg.rf.F2Nn36Y4fwaTeB5ZqrMu.jpg,8,148,96,"(140, 76, 17, 40)",680,0.4777,0.0271,0.4807,1.0,1.0,0.5137,0.4954,12184.9446
Image_91_jpg.rf.F2Nn36Y4fwaTeB5ZqrMu.jpg,9,184,63,"(177, 57, 15, 12)",180,0.481,0.0271,0.49,1.0,1.0,0.5156,0.5046,13400.2451
Image_92_jpg.rf.Of3lo3RFQLAOFdXCJglU.jpg,1,260,373,"(211, 293, 99, 161)",15939,0.7271,0.7182,0.5021,1.0,1.0,0.5328,0.3595,4957.6895
Image_92_jpg.rf.Of3lo3RFQLAOFdXCJglU.jpg,2,133,315,"(94, 244, 79, 142)",11218,0.5395,0.2946,0.5177,1.0,0.5512,0.5242,0.458,551.2247
Image_93_jpg.rf.qyUtj8W0BL9BaYlXQnt7.jpg,1,481,490,"(468, 485, 26, 10)",260,0.5784,0.3037,0.4917,1.0,1.0,0.5044,0.3385,4915.0039
Image_93_jpg.rf.qyUtj8W0BL9BaYlXQnt7.jpg,2,234,472,"(214, 457, 40, 31)",1240,0.5802,0.3037,0.4969,1.0,1.0,0.5211,0.2639,2711.3062
Image_93_jpg.rf.qyUtj8W0BL9BaYlXQnt7.jpg,3,212,444,"(208, 439, 8, 11)",88,0.5742,0.3037,0.4796,1.0,1.0,0.5185,0.3717,4290.8748
Image_93_jpg.rf.qyUtj8W0BL9BaYlXQnt7.jpg,4,322,435,"(313, 428, 18, 14)",252,0.5801,0.3037,0.4967,1.0,1.0,0.5139,0.2103,3237.1954
Image_93_jpg.rf.qyUtj8W0BL9BaYlXQnt7.jpg,5,245,388,"(217, 349, 57, 79)",4503,0.5853,0.3037,0.5114,1.0,1.0,0.529,0.4298,3883.9815
Image_93_jpg.rf.qyUtj8W0BL9BaYlXQnt7.jpg,6,223,336,"(217, 331, 12, 11)",132,0.5803,0.3037,0.4971,1.0,1.0,0.5083,0.2446,4698.6656
Image_93_jpg.rf.qyUtj8W0BL9BaYlXQnt7.jpg,7,211,314,"(204, 305, 15, 19)",285,0.5759,0.3037,0.4895,0.9916,1.0,0.5268,0.1983,3660.7129
Image_93_jpg.rf.qyUtj8W0BL9BaYlXQnt7.jpg,8,402,281,"(398, 272, 8, 18)",144,0.5769,0.3037,0.4876,1.0,1.0,0.5155,0.255,3587.5525
Image_93_jpg.rf.qyUtj8W0BL9BaYlXQnt7.jpg,9,250,270,"(211, 234, 78, 72)",5616,0.5997,0.3037,0.5527,1.0,1.0,0.531,0.4194,4041.6368
Image_93_jpg.rf.qyUtj8W0BL9BaYlXQnt7.jpg,10,170,241,"(163, 231, 15, 20)",300,0.5735,0.3037,0.4778,1.0,1.0,0.5056,0.2188,2742.8655
Image_93_jpg.rf.qyUtj8W0BL9BaYlXQnt7.jpg,11,412,230,"(389, 206, 47, 48)",2256,0.5836,0.3037,0.5066,1.0,1.0,0.5186,0.2836,2789.3771
Image_93_jpg.rf.qyUtj8W0BL9BaYlXQnt7.jpg,12,284,202,"(264, 192, 40, 21)",840,0.5767,0.3037,0.487,1.0,1.0,0.519,0.3118,2405.5533
Image_93_jpg.rf.qyUtj8W0BL9BaYlXQnt7.jpg,13,368,211,"(346, 187, 44, 49)",2156,0.5838,0.3037,0.5072,1.0,1.0,0.5211,0.2878,2386.5732
Image_93_jpg.rf.qyUtj8W0BL9BaYlXQnt7.jpg,14,205,200,"(195, 187, 20, 27)",540,0.583,0.3037,0.505,1.0,1.0,0.5129,0.3037,4141.1744
Image_93_jpg.rf.qyUtj8W0BL9BaYlXQnt7.jpg,15,241,195,"(233, 184, 17, 23)",391,0.5871,0.3037,0.5165,1.0,1.0,0.5192,0.3291,3198.6126
Image_93_jpg.rf.qyUtj8W0BL9BaYlXQnt7.jpg,16,340,169,"(331, 161, 18, 16)",288,0.5766,0.3037,0.4867,1.0,1.0,0.509,0.2964,3407.0762
Image_93_jpg.rf.qyUtj8W0BL9BaYlXQnt7.jpg,17,212,170,"(205, 159, 14, 23)",322,0.5734,0.3037,0.4776,1.0,1.0,0.5012,0.3538,5262.1259
Image_93_jpg.rf.qyUtj8W0BL9BaYlXQnt7.jpg,18,109,151,"(100, 135, 18, 33)",594,0.5843,0.3037,0.5087,1.0,1.0,0.5175,0.3793,4254.1577
Image_93_jpg.rf.qyUtj8W0BL9BaYlXQnt7.jpg,19,334,140,"(324, 132, 20, 16)",320,0.577,0.3037,0.4877,1.0,1.0,0.5145,0.24,4580.5762
Image_93_jpg.rf.qyUtj8W0BL9BaYlXQnt7.jpg,20,194,120,"(190, 112, 9, 16)",144,0.58,0.3037,0.4963,1.0,1.0,0.5125,0.3197,3527.8696
Image_93_jpg.rf.qyUtj8W0BL9BaYlXQnt7.jpg,21,331,111,"(321, 106, 20, 10)",200,0.5767,0.3037,0.4868,1.0,1.0,0.5157,0.3622,2795.2352
Image_93_jpg.rf.qyUtj8W0BL9BaYlXQnt7.jpg,22,435,112,"(427, 105, 17, 15)",255,0.5754,0.3037,0.4833,1.0,1.0,0.5187,0.3091,5218.1881
Image_93_jpg.rf.qyUtj8W0BL9BaYlXQnt7.jpg,23,91,115,"(79, 105, 24, 21)",504,0.5758,0.3037,0.4843,1.0,1.0,0.5162,0.314,4471.5786
Image_93_jpg.rf.qyUtj8W0BL9BaYlXQnt7.jpg,24,400,123,"(364, 94, 73, 59)",4307,0.5756,0.3037,0.4837,1.0,1.0,0.5147,0.343,3380.4828
Image_93_jpg.rf.qyUtj8W0BL9BaYlXQnt7.jpg,25,101,99,"(95, 93, 13, 13)",169,0.5727,0.3037,0.4754,1.0,1.0,0.5203,0.208,3160.4427
Image_93_jpg.rf.qyUtj8W0BL9BaYlXQnt7.jpg,26,379,64,"(370, 54, 18, 21)",378,0.5774,0.3037,0.4889,1.0,1.0,0.5163,0.2545,3795.8608
Image_93_jpg.rf.qyUtj8W0BL9BaYlXQnt7.jpg,27,424,62,"(417, 45, 15, 35)",525,0.5652,0.3037,0.454,1.0,1.0,0.5118,0.3286,3571.3857
Image_94_jpg.rf.Fy6LPeYvz4CL23NJRZRm.jpg,1,262,315,"(233, 278, 59, 75)",4425,0.4867,0.0316,0.5018,1.0,1.0,0.5068,0.4685,1048.9547
Image_94_jpg.rf.Fy6LPeYvz4CL23NJRZRm.jpg,2,180,315,"(135, 262, 90, 106)",9540,0.4806,0.0204,0.4956,1.0,1.0,0.505,0.3945,1102.8274
Image_94_jpg.rf.Fy6LPeYvz4CL23NJRZRm.jpg,3,264,135,"(206, 90, 117, 91)",10647,0.482,0.0204,0.4997,1.0,0.9995,0.5155,0.3491,999.4721
Image_95_jpg.rf.SiKeIrCcvJDwKRVLzNR1.jpg,1,176,337,"(126, 293, 101, 89)",8989,0.5845,0.3037,0.5091,1.0,1.0,0.5295,0.4701,2795.117
Image_95_jpg.rf.SiKeIrCcvJDwKRVLzNR1.jpg,2,60,342,"(32, 290, 57, 104)",5928,0.5866,0.2997,0.5192,1.0,1.0,0.5226,0.4731,2554.6826
Image_95_jpg.rf.SiKeIrCcvJDwKRVLzNR1.jpg,3,310,353,"(257, 287, 106, 133)",14098,0.5774,0.2946,0.498,1.0,1.0,0.5299,0.3621,2254.7415
Image_95_jpg.rf.SiKeIrCcvJDwKRVLzNR1.jpg,4,443,319,"(409, 259, 68, 121)",8228,0.5906,0.2997,0.5305,1.0,1.0,0.5315,0.4294,2463.1106
Image_95_jpg.rf.SiKeIrCcvJDwKRVLzNR1.jpg,5,151,109,"(133, 62, 37, 95)",3515,0.58,0.3037,0.4964,1.0,1.0,0.5211,0.4455,2412.8485
Image_95_jpg.rf.SiKeIrCcvJDwKRVLzNR1.jpg,6,270,110,"(228, 60, 84, 101)",8484,0.5887,0.2946,0.5302,1.0,1.0,0.5188,0.4264,1938.5097
Image_95_jpg.rf.SiKeIrCcvJDwKRVLzNR1.jpg,7,69,95,"(55, 56, 28, 79)",2212,0.5817,0.3037,0.5013,1.0,1.0,0.5263,0.4456,3464.6572
Image_95_jpg.rf.SiKeIrCcvJDwKRVLzNR1.jpg,8,376,116,"(333, 55, 87, 123)",10701,0.5846,0.2946,0.5185,1.0,1.0,0.5231,0.3559,1524.2052
Image_97_jpg.rf.NkdipCVKyocWyNG9NtPy.jpg,1,229,67,"(170, 8, 118, 118)",13924,0.4871,0.2944,0.501,1.0,0.0872,0.5055,0.6046,87.2156
Image_9_jpg.rf.hTPePfzHQZhu58YNeaCm.jpg,1,245,457,"(238, 438, 15, 38)",570,0.5582,0.3179,0.4698,1.0,0.8256,0.524,0.6689,825.5983
Image_9_jpg.rf.hTPePfzHQZhu58YNeaCm.jpg,2,487,338,"(479, 329, 17, 18)",306,0.5732,0.3037,0.4768,1.0,1.0,0.5192,0.6851,2756.5203
Image_9_jpg.rf.hTPePfzHQZhu58YNeaCm.jpg,3,214,334,"(203, 314, 22, 40)",880,0.5748,0.3113,0.4738,1.0,1.0,0.5231,0.5566,1991.0225
Image_9_jpg.rf.hTPePfzHQZhu58YNeaCm.jpg,4,26,310,"(20, 301, 13, 18)",234,0.6551,0.5549,0.4598,1.0,1.0,0.5143,0.8067,1400.2784
Image_9_jpg.rf.hTPePfzHQZhu58YNeaCm.jpg,5,409,302,"(403, 295, 12, 15)",180,0.5813,0.3037,0.5002,1.0,1.0,0.4968,0.5031,2593.1046
Image_9_jpg.rf.hTPePfzHQZhu58YNeaCm.jpg,6,11,295,"(7, 288, 8, 15)",120,0.5981,0.3179,0.5338,1.0,1.0,0.5103,0.8889,1123.2699
Image_9_jpg.rf.hTPePfzHQZhu58YNeaCm.jpg,7,74,256,"(69, 251, 10, 11)",110,0.5783,0.3113,0.4838,1.0,1.0,0.5078,0.6581,5291.4281
Image_9_jpg.rf.hTPePfzHQZhu58YNeaCm.jpg,8,252,173,"(248, 165, 8, 16)",128,0.584,0.3037,0.5077,1.0,1.0,0.5119,0.4214,5269.9839
Is_Saffron_More_Expensive_Than_Gold_1_1024x1024_webp.rf.0uuR8FOBkzy8ZXtOZoCH.jpg,1,115,394,"(97, 391, 36, 7)",252,0.5436,0.2894,0.5006,1.0,0.6708,0.5257,0.295,670.7704
Is_Saffron_More_Expensive_Than_Gold_1_1024x1024_webp.rf.0uuR8FOBkzy8ZXtOZoCH.jpg,2,9,290,"(0, 282, 18, 16)",288,0.5397,0.2894,0.524,1.0,0.5506,0.5291,0.2887,550.5823
Is_Saffron_More_Expensive_Than_Gold_1_1024x1024_webp.rf.0uuR8FOBkzy8ZXtOZoCH.jpg,3,359,278,"(352, 265, 14, 27)",378,0.5035,0.2894,0.4776,1.0,0.3506,0.5117,0.6095,350.6299
Is_Saffron_More_Expensive_Than_Gold_1_1024x1024_webp.rf.0uuR8FOBkzy8ZXtOZoCH.jpg,4,254,78,"(248, 64, 12, 29)",348,0.5401,0.2946,0.5163,1.0,0.5631,0.5144,0.2053,563.0896
Pure_Saffron_webp.rf.UUkUQ7bcyUwxaISoXhuu.jpg,1,344,468,"(334, 447, 20, 43)",860,0.8055,0.9544,0.5126,1.0,0.9205,0.5018,0.2642,920.5414
Pure_Saffron_webp.rf.UUkUQ7bcyUwxaISoXhuu.jpg,2,319,442,"(313, 432, 13, 21)",273,0.6431,0.9544,0.5084,0.4,0.5111,0.4979,0.08,511.0739
Pure_Saffron_webp.rf.UUkUQ7bcyUwxaISoXhuu.jpg,3,23,303,"(17, 297, 12, 13)",156,0.752,1.0,0.509,1.0,0.2389,0.5175,0.2717,238.9499
Pure_Saffron_webp.rf.UUkUQ7bcyUwxaISoXhuu.jpg,4,489,192,"(466, 170, 46, 44)",2024,0.5098,0.3127,0.4967,1.0,0.2648,0.515,0.6405,264.7546
Pure_Saffron_webp.rf.UUkUQ7bcyUwxaISoXhuu.jpg,5,118,32,"(56, 0, 124, 64)",7936,0.5856,0.5433,0.5195,1.0,0.1364,0.5031,0.4157,136.3502
Saffron-crocus-bloom-stigmas-flower-saffron-spice_webp.rf.ZflA1BsVYOjiqFJH7CKX.jpg,1,241,506,"(233, 500, 16, 12)",192,0.7166,0.9538,0.5205,1.0,0.006,0.4996,0.2996,6.0091
Saffron-crocus-bloom-stigmas-flower-saffron-spice_webp.rf.ZflA1BsVYOjiqFJH7CKX.jpg,2,220,461,"(202, 453, 37, 16)",592,0.6975,0.9499,0.4695,1.0,0.0071,0.5015,0.4118,7.1119
Saffron-crocus-bloom-stigmas-flower-saffron-spice_webp.rf.ZflA1BsVYOjiqFJH7CKX.jpg,3,438,449,"(430, 443, 16, 13)",208,0.7073,0.9538,0.4931,1.0,0.0089,0.4988,0.2529,8.8859
Saffron-crocus-bloom-stigmas-flower-saffron-spice_webp.rf.ZflA1BsVYOjiqFJH7CKX.jpg,4,28,101,"(0, 72, 57, 58)",3306,0.6185,0.6699,0.5206,1.0,0.0181,0.5038,0.6154,18.1308
Saffron-crocus-bloom-stigmas-flower-saffron-spice_webp.rf.ZflA1BsVYOjiqFJH7CKX.jpg,5,368,31,"(352, 10, 32, 43)",1376,0.7179,0.9384,0.4997,1.0,0.1457,0.4891,0.3099,145.6669
Saffron-crocus-bloom-stigmas-flower-saffron-spice_webp.rf.ZflA1BsVYOjiqFJH7CKX.jpg,6,20,9,"(14, 0, 13, 19)",247,0.546,1.0,0.5546,0.0,0.019,0.503,0.0,19.0039
Saffron_Flower_2_pixabay_098ab0a1-83c0-4d5e-bfc2-2df3d41bed56-2x_webp.rf.s2u8pkRtT1uULAyB2r4u.jpg,1,305,59,"(287, 42, 36, 34)",1224,0.5601,0.536,0.4759,1.0,0.0596,0.4978,0.7636,59.6304
Saffron_Flower_2_pixabay_098ab0a1-83c0-4d5e-bfc2-2df3d41bed56-2x_webp.rf.s2u8pkRtT1uULAyB2r4u.jpg,2,363,23,"(337, 0, 53, 47)",2491,0.4836,0.3127,0.4943,1.0,0.0113,0.5057,0.4665,11.2965
Saffron_Plant_saffron_crocus_autumn_crocus_Crocus_sativus_Sow_Exotic_Live_Herb_and_Spice_Plant_2_1800x1800_webp.rf.DRQ9F31aOmxsb9DXZtr5.jpg,1,89,300,"(84, 296, 11, 8)",88,0.552,0.5033,0.498,1.0,0.0156,0.4892,0.3065,15.613
Saffron_Plant_saffron_crocus_autumn_crocus_Crocus_sativus_Sow_Exotic_Live_Herb_and_Spice_Plant_2_1800x1800_webp.rf.DRQ9F31aOmxsb9DXZtr5.jpg,2,51,224,"(0, 203, 102, 42)",4284,0.478,0.3036,0.4684,1.0,0.0782,0.4915,0.4376,78.2358
Saffron_Plant_saffron_crocus_autumn_crocus_Crocus_sativus_Sow_Exotic_Live_Herb_and_Spice_Plant_2_1800x1800_webp.rf.DRQ9F31aOmxsb9DXZtr5.jpg,3,411,187,"(394, 177, 34, 20)",680,0.5337,0.3804,0.5077,1.0,0.229,0.5212,0.2656,229.0331
U0WCfc2XbOtFjZUQFDfa6oYEaWMSSha1n3vcFEgl_jpg.rf.DCWS7hjnuhxbt1ioLytJ.jpg,1,279,311,"(271, 306, 17, 10)",170,0.563,0.3037,0.4923,1.0,0.8442,0.4957,0.5705,844.2332
U0WCfc2XbOtFjZUQFDfa6oYEaWMSSha1n3vcFEgl_jpg.rf.DCWS7hjnuhxbt1ioLytJ.jpg,2,406,280,"(364, 231, 84, 98)",8232,0.5671,0.3868,0.4822,1.0,0.6287,0.5213,0.4175,628.7334
V0rJjvdQrA4Y02ZlTJFW9rHHMnMkq0ogjnJXNEej_jpg.rf.vRekn3kiQRYPmkNLqN05.jpg,1,176,327,"(167, 320, 19, 14)",266,0.4693,0.0316,0.5066,1.0,0.8091,0.5053,0.5868,809.0894
XB055_450x_webp.rf.3RlwtoNOLa3ZLAGziu51.jpg,1,209,335,"(176, 318, 66, 35)",2310,0.5076,0.2985,0.4981,1.0,0.2877,0.5084,0.6768,287.7002
XB055_450x_webp.rf.3RlwtoNOLa3ZLAGziu51.jpg,2,269,289,"(263, 282, 12, 14)",168,0.7402,0.9512,0.4939,1.0,0.3442,0.5208,0.3269,344.2318
XB055_450x_webp.rf.3RlwtoNOLa3ZLAGziu51.jpg,3,417,242,"(404, 229, 26, 27)",702,0.5052,0.2966,0.4815,1.0,0.3286,0.5121,0.3954,328.6033
a-single-tender-saffron-flower-1300x729_webp.rf.FZ19assOkWUv129E6rdw.jpg,1,111,438,"(103, 423, 16, 30)",480,0.7093,0.9435,0.5063,1.0,0.0193,0.5154,0.5408,19.3056
a-single-tender-saffron-flower-1300x729_webp.rf.FZ19assOkWUv129E6rdw.jpg,2,142,417,"(132, 404, 21, 27)",567,0.4809,0.5192,0.5053,0.6061,0.0111,0.5114,0.1212,11.0748
a-single-tender-saffron-flower-1300x729_webp.rf.FZ19assOkWUv129E6rdw.jpg,3,496,344,"(488, 335, 17, 18)",306,0.557,0.5192,0.4946,1.0,0.022,0.5063,0.3575,21.9934
a-single-tender-saffron-flower-1300x729_webp.rf.FZ19assOkWUv129E6rdw.jpg,4,135,345,"(123, 317, 25, 57)",1425,0.7094,0.9314,0.5222,1.0,0.0065,0.5058,0.3243,6.4859
a-single-tender-saffron-flower-1300x729_webp.rf.FZ19assOkWUv129E6rdw.jpg,5,445,286,"(440, 279, 11, 15)",165,0.7107,0.9444,0.4934,1.0,0.0747,0.5067,0.6554,74.6735
a-single-tender-saffron-flower-1300x729_webp.rf.FZ19assOkWUv129E6rdw.jpg,6,117,67,"(109, 52, 17, 31)",527,0.7104,0.9569,0.5004,1.0,0.0037,0.5019,0.9928,3.6692
a-single-tender-saffron-flower-1300x729_webp.rf.FZ19assOkWUv129E6rdw.jpg,7,505,36,"(498, 0, 14, 73)",1022,0.7052,0.9569,0.4858,1.0,0.0027,0.5066,0.9994,2.6702
a-single-tender-saffron-flower-1300x729_webp.rf.FZ19assOkWUv129E6rdw.jpg,8,295,12,"(283, 0, 25, 24)",600,0.7115,0.9569,0.5038,1.0,0.0022,0.5073,1.0,2.2332
a2e79a8e6629c59adfd4bc2cbe46b16f_jpg.rf.iDu5WOLrSAwApW7AP45i.jpg,1,126,459,"(122, 452, 8, 14)",112,0.6109,0.6279,0.4835,1.0,0.2184,0.5128,0.3192,218.4154
a2e79a8e6629c59adfd4bc2cbe46b16f_jpg.rf.iDu5WOLrSAwApW7AP45i.jpg,2,106,428,"(99, 418, 15, 20)",300,0.7133,0.8833,0.5133,1.0,0.2452,0.5218,0.4248,245.2193
a2e79a8e6629c59adfd4bc2cbe46b16f_jpg.rf.iDu5WOLrSAwApW7AP45i.jpg,3,59,393,"(51, 385, 16, 17)",272,0.731,0.955,0.4882,1.0,0.2591,0.5165,0.4397,259.0991
a2e79a8e6629c59adfd4bc2cbe46b16f_jpg.rf.iDu5WOLrSAwApW7AP45i.jpg,4,348,322,"(330, 306, 37, 33)",1221,0.5323,0.2985,0.4619,1.0,0.6617,0.5066,0.4381,661.704
a2e79a8e6629c59adfd4bc2cbe46b16f_jpg.rf.iDu5WOLrSAwApW7AP45i.jpg,5,319,303,"(312, 292, 15, 22)",330,0.5678,0.3179,0.4678,1.0,0.9283,0.5271,0.4673,928.3495
abcdef1.jpg,1,169,252,"(156, 239, 27, 27)",729,0.5004,0.3044,0.5428,1.0,0.0393,0.5032,0.38,39.2572
abcdef1.jpg,2,332,187,"(319, 175, 26, 25)",650,0.5394,0.3127,0.5334,1.0,0.4329,0.5056,0.527,432.9352
abcdef1.jpg,3,355,145,"(329, 121, 53, 48)",2544,0.5479,0.3179,0.4656,1.0,0.7369,0.5063,0.3687,736.9076
abcdef1.jpg,4,25,79,"(0, 75, 51, 9)",459,0.6283,0.7144,0.5049,1.0,0.0157,0.5116,0.8889,15.6709
abcdef2.jpg,1,395,495,"(374, 479, 43, 33)",1419,0.7338,0.7387,0.5006,1.0,1.0,0.5078,0.4988,2619.2939
abcdef2.jpg,2,238,474,"(227, 461, 23, 26)",598,0.7964,0.9544,0.4639,1.0,1.0,0.5051,0.4564,2031.3363
abcdef2.jpg,3,398,448,"(387, 432, 23, 32)",736,0.7053,0.6779,0.4802,1.0,1.0,0.506,0.4299,2777.1132
abcdef2.jpg,4,371,437,"(365, 431, 13, 13)",169,0.8015,0.9715,0.4612,1.0,1.0,0.503,0.4576,1925.1209
abcdef2.jpg,5,6,431,"(0, 425, 13, 13)",169,0.8041,0.9688,0.4716,1.0,1.0,0.5141,0.4442,1244.8138
abcdef2.jpg,6,430,399,"(421, 392, 18, 14)",252,0.806,0.9715,0.4742,1.0,1.0,0.5055,0.8564,1912.6443
abcdef2.jpg,7,34,397,"(23, 381, 23, 32)",736,0.7901,0.9715,0.4835,1.0,0.8084,0.5114,0.7188,808.353
abcdef2.jpg,8,146,417,"(123, 373, 46, 89)",4094,0.5792,0.3186,0.4792,1.0,1.0,0.4997,0.3389,1153.6778
abcdef2.jpg,9,264,373,"(255, 365, 19, 16)",304,0.729,0.7378,0.4878,1.0,1.0,0.5103,0.7512,1725.2081
abcdef2.jpg,10,354,362,"(349, 357, 11, 10)",110,0.7279,0.7387,0.4838,1.0,1.0,0.5039,0.8261,1770.2891
abcdef2.jpg,11,88,374,"(69, 354, 38, 40)",1520,0.7859,0.9516,0.4541,1.0,0.9385,0.5091,0.7104,938.4853
abcdef2.jpg,12,144,326,"(127, 313, 35, 26)",910,0.7704,0.9544,0.47,1.0,0.7186,0.5183,0.5913,718.5527
abcdef2.jpg,13,481,327,"(472, 310, 18, 35)",630,0.7564,0.9715,0.4578,1.0,0.5612,0.5062,0.5227,561.1866
abcdef2.jpg,14,47,318,"(30, 310, 34, 17)",578,0.804,0.9715,0.4861,1.0,0.9381,0.5083,0.5652,938.0923
abcdef2.jpg,15,159,282,"(127, 255, 65, 54)",3510,0.7003,0.725,0.4869,1.0,0.7613,0.5229,0.5862,761.2968
abcdef2.jpg,16,203,257,"(193, 252, 21, 11)",231,0.669,0.7387,0.4911,1.0,0.3855,0.5049,0.9592,385.4856
abcdef2.jpg,17,241,245,"(233, 240, 17, 10)",170,0.689,0.7387,0.4788,1.0,0.6283,0.5082,0.9436,628.2962
abcdef2.jpg,18,28,251,"(19, 240, 18, 22)",396,0.6791,0.7352,0.4937,1.0,0.4906,0.5064,0.8657,490.6248
abcdef2.jpg,19,49,243,"(43, 239, 12, 9)",108,0.6487,0.6779,0.4727,1.0,0.4601,0.5041,0.5595,460.121
abcdef2.jpg,20,23,204,"(17, 199, 13, 10)",130,0.6247,0.6621,0.4931,1.0,0.2034,0.504,0.9255,203.4437
abcdef2.jpg,21,497,221,"(483, 193, 29, 57)",1653,0.7621,0.9544,0.4686,1.0,0.6409,0.5135,0.6696,640.8705
abcdef2.jpg,22,35,149,"(26, 138, 19, 23)",437,0.6191,0.6605,0.4604,1.0,0.2673,0.5141,0.7281,267.2718
abcdef2.jpg,23,393,127,"(387, 121, 13, 13)",169,0.5526,0.3816,0.4893,1.0,0.4774,0.5122,0.52,477.3768
abcdef2.jpg,24,450,111,"(442, 102, 16, 18)",288,0.7202,0.8942,0.4725,1.0,0.4184,0.5195,0.4833,418.3545
abcdef2.jpg,25,334,85,"(328, 82, 13, 7)",91,0.5153,0.3702,0.4835,1.0,0.1645,0.5021,0.6947,164.5498
abcdef2.jpg,26,441,81,"(435, 77, 12, 9)",108,0.6305,0.6713,0.495,1.0,0.2224,0.5043,0.8036,222.4106
abcdef5.jpg,1,399,462,"(378, 432, 43, 61)",2623,0.7143,0.9512,0.5066,1.0,0.0405,0.5046,0.4423,40.5395
abcdef5.jpg,2,486,403,"(469, 376, 34, 54)",1836,0.6301,0.7322,0.469,1.0,0.0971,0.5111,0.781,97.0909
abcdef5.jpg,3,346,361,"(329, 339, 35, 44)",1540,0.5353,0.3179,0.4371,1.0,0.7104,0.5271,0.8036,710.3904
abcdef5.jpg,4,40,305,"(0, 277, 81, 57)",4617,0.4995,0.3054,0.4891,1.0,0.2146,0.5166,0.7183,214.6457
abcdef5.jpg,5,88,285,"(69, 272, 38, 26)",988,0.5266,0.3127,0.5142,1.0,0.3717,0.5102,0.6384,371.6515
abcdef5.jpg,6,203,252,"(191, 247, 24, 11)",264,0.5036,0.3127,0.4933,1.0,0.215,0.5,0.7126,214.9977
abcdef5.jpg,7,452,265,"(442, 246, 21, 39)",819,0.6172,0.6613,0.5003,1.0,0.1068,0.5048,0.7302,106.8033
abcdef5.jpg,8,506,239,"(501, 233, 11, 12)",132,0.7213,0.9616,0.5213,1.0,0.0231,0.499,0.7206,23.0807
abcdef5.jpg,9,163,226,"(159, 219, 9, 15)",135,0.5059,0.3127,0.5341,1.0,0.0957,0.496,0.6226,95.7439
abcdef5.jpg,10,104,179,"(79, 153, 51, 53)",2703,0.4882,0.3127,0.4622,1.0,0.17,0.5144,0.62,169.9502
abcdef5.jpg,11,492,181,"(473, 151, 39, 60)",2340,0.7217,0.9627,0.507,1.0,0.073,0.5119,0.4701,72.9976
abcdef5.jpg,12,180,168,"(167, 122, 26, 93)",2418,0.4992,0.3127,0.4959,1.0,0.1623,0.497,0.6451,162.3458
abcdef5.jpg,13,276,63,"(272, 55, 9, 17)",153,0.616,0.5403,0.5157,1.0,0.4643,0.5048,0.3071,464.2649
abcdef5.jpg,14,334,51,"(324, 42, 20, 19)",380,0.6987,0.9405,0.5187,0.9123,0.055,0.5049,0.1825,55.0223
abcdef5.jpg,15,455,53,"(436, 19, 38, 68)",2584,0.7128,0.9684,0.4921,1.0,0.0166,0.5013,0.4818,16.58
abcdef5.jpg,16,352,10,"(347, 3, 10, 15)",150,0.72,0.9423,0.519,1.0,0.085,0.4967,0.2936,85.0243
acd8f9e8821defeaa18850c312f274b8_jpg.rf.B17103w66Er3JGjLB39I.jpg,1,174,434,"(166, 406, 16, 57)",912,0.4794,0.2879,0.4536,1.0,0.1988,0.5205,0.7433,198.8044
acd8f9e8821defeaa18850c312f274b8_jpg.rf.B17103w66Er3JGjLB39I.jpg,2,143,403,"(131, 388, 24, 30)",720,0.6542,0.6641,0.5149,1.0,0.4156,0.5172,0.6025,415.6177
acd8f9e8821defeaa18850c312f274b8_jpg.rf.B17103w66Er3JGjLB39I.jpg,3,196,368,"(181, 352, 30, 32)",960,0.498,0.3127,0.4615,1.0,0.2707,0.5212,0.8371,270.7329
acd8f9e8821defeaa18850c312f274b8_jpg.rf.B17103w66Er3JGjLB39I.jpg,4,426,290,"(401, 269, 51, 43)",2193,0.4683,0.2801,0.4671,1.0,0.0682,0.506,0.8231,68.186
acd8f9e8821defeaa18850c312f274b8_jpg.rf.B17103w66Er3JGjLB39I.jpg,5,300,248,"(296, 243, 9, 10)",90,0.5271,0.2985,0.5511,1.0,0.2971,0.4963,0.7424,297.0886
acd8f9e8821defeaa18850c312f274b8_jpg.rf.B17103w66Er3JGjLB39I.jpg,6,417,228,"(411, 224, 12, 9)",108,0.5965,0.5313,0.4985,1.0,0.3604,0.4968,0.4345,360.447
acd8f9e8821defeaa18850c312f274b8_jpg.rf.B17103w66Er3JGjLB39I.jpg,7,120,219,"(116, 212, 8, 14)",112,0.5273,0.3037,0.5161,1.0,0.404,0.4917,0.3769,403.9716
acd8f9e8821defeaa18850c312f274b8_jpg.rf.B17103w66Er3JGjLB39I.jpg,8,201,279,"(144, 211, 115, 136)",15640,0.5305,0.3179,0.49,1.0,0.4778,0.537,0.5733,477.8061
acd8f9e8821defeaa18850c312f274b8_jpg.rf.B17103w66Er3JGjLB39I.jpg,9,100,173,"(78, 151, 45, 45)",2025,0.4931,0.3061,0.4835,1.0,0.167,0.5123,0.6516,166.9686
acd8f9e8821defeaa18850c312f274b8_jpg.rf.B17103w66Er3JGjLB39I.jpg,10,186,110,"(183, 102, 7, 16)",112,0.5495,0.5421,0.4913,0.7613,0.3557,0.4862,0.1523,355.7339
acd8f9e8821defeaa18850c312f274b8_jpg.rf.B17103w66Er3JGjLB39I.jpg,11,57,140,"(41, 97, 32, 86)",2752,0.4922,0.3127,0.4914,1.0,0.1074,0.5216,0.718,107.3776
acd8f9e8821defeaa18850c312f274b8_jpg.rf.B17103w66Er3JGjLB39I.jpg,12,248,101,"(240, 94, 17, 15)",255,0.5357,0.3037,0.4967,1.0,0.5554,0.4933,0.493,555.396
acd8f9e8821defeaa18850c312f274b8_jpg.rf.B17103w66Er3JGjLB39I.jpg,13,223,90,"(213, 81, 21, 19)",399,0.5251,0.3037,0.5053,1.0,0.4195,0.5041,0.5024,419.4686
acd8f9e8821defeaa18850c312f274b8_jpg.rf.B17103w66Er3JGjLB39I.jpg,14,160,81,"(154, 71, 13, 20)",260,0.5179,0.2926,0.5925,1.0,0.0816,0.4876,0.4175,81.6244
acd8f9e8821defeaa18850c312f274b8_jpg.rf.B17103w66Er3JGjLB39I.jpg,15,170,52,"(165, 41, 10, 23)",230,0.5112,0.2841,0.5643,1.0,0.1421,0.4852,0.3779,142.1349
acd8f9e8821defeaa18850c312f274b8_jpg.rf.B17103w66Er3JGjLB39I.jpg,16,110,6,"(99, 0, 23, 13)",299,0.707,0.8937,0.5485,1.0,0.0227,0.4956,0.5895,22.7483
adc9666bce53bef67d5412ff3b869bbd_jpg.rf.xbWH4bGZ4aKkeCc38zCl.jpg,1,102,366,"(98, 360, 9, 12)",108,0.5979,0.5485,0.5171,1.0,0.2491,0.5021,0.246,249.1068
adc9666bce53bef67d5412ff3b869bbd_jpg.rf.xbWH4bGZ4aKkeCc38zCl.jpg,2,23,138,"(18, 130, 10, 16)",160,0.4899,0.2841,0.4891,1.0,0.1927,0.5002,0.7289,192.702
autumn-crocus-3661690__340_jpg.rf.KBQ9a2rnbbaUteP1ISHi.jpg,1,263,164,"(256, 158, 15, 13)",195,0.5376,0.2985,0.4965,1.0,0.594,0.5012,0.5807,593.9962
autumn-crocus-3661690__340_jpg.rf.KBQ9a2rnbbaUteP1ISHi.jpg,2,187,159,"(177, 151, 20, 16)",320,0.5336,0.2985,0.4969,1.0,0.5524,0.5017,0.4252,552.4023
autumn-crocus-5626735__340_jpg.rf.CUAgTweoI2xjnSG1CjdN.jpg,1,233,25,"(223, 18, 21, 15)",315,0.5606,0.5192,0.5098,1.0,0.0047,0.4964,0.5522,4.6781
autumn-crocus-5626735__340_jpg.rf.ymrcDfdqf6GiTYeweg4P.jpg,1,233,25,"(223, 18, 21, 15)",315,0.5606,0.5192,0.5098,1.0,0.0047,0.4964,0.5522,4.6781
b1254d7be60fecece97817291c1ade2684a4fd2f-600x398_webp.rf.biycuNcajZVi0A17AoOi.jpg,1,78,403,"(45, 343, 66, 120)",7920,0.5109,0.3179,0.478,1.0,0.3238,0.528,0.6376,323.8406
b1254d7be60fecece97817291c1ade2684a4fd2f-600x398_webp.rf.biycuNcajZVi0A17AoOi.jpg,2,230,340,"(216, 330, 29, 21)",609,0.4971,0.3127,0.5017,1.0,0.1202,0.5033,0.677,120.2428
b1a122f41058b231ffbbb460a4dde70b_jpg.rf.WiJSAPyCqKPujEXtsLdd.jpg,1,158,47,"(153, 37, 10, 21)",210,0.5501,0.3037,0.4762,1.0,0.7719,0.4911,0.573,771.8919
b1a122f41058b231ffbbb460a4dde70b_jpg.rf.WiJSAPyCqKPujEXtsLdd.jpg,2,213,53,"(206, 27, 14, 53)",742,0.5338,0.3037,0.498,1.0,0.5321,0.5083,0.3799,532.0834
b1a122f41058b231ffbbb460a4dde70b_jpg.rf.WiJSAPyCqKPujEXtsLdd.jpg,3,179,16,"(165, 0, 28, 32)",896,0.5104,0.3037,0.4888,1.0,0.3301,0.5133,0.6776,330.1171
b1a122f41058b231ffbbb460a4dde70b_jpg.rf.WiJSAPyCqKPujEXtsLdd.jpg,4,157,5,"(150, 0, 14, 10)",140,0.4935,0.2985,0.4797,1.0,0.2114,0.4929,0.8029,211.4321
b2af22f730fe920c428bcb733be89c1c_jpg.rf.lcpBhp30dyW6A4lqgCZe.jpg,1,212,365,"(197, 350, 31, 31)",961,0.7257,0.9606,0.5061,1.0,0.1234,0.5174,0.9908,123.3726
b2af22f730fe920c428bcb733be89c1c_jpg.rf.lcpBhp30dyW6A4lqgCZe.jpg,2,204,89,"(186, 83, 36, 12)",432,0.7222,0.9377,0.5186,1.0,0.1249,0.5097,0.7708,124.8533
b2af22f730fe920c428bcb733be89c1c_jpg.rf.lcpBhp30dyW6A4lqgCZe.jpg,3,401,61,"(394, 57, 15, 8)",120,0.5425,1.0,0.5448,0.0,0.0181,0.5073,0.0,18.0804
b2af22f730fe920c428bcb733be89c1c_jpg.rf.lcpBhp30dyW6A4lqgCZe.jpg,4,497,56,"(482, 51, 30, 10)",300,0.7059,0.9405,0.4992,1.0,0.0198,0.5041,0.5467,19.7862
b2af22f730fe920c428bcb733be89c1c_jpg.rf.lcpBhp30dyW6A4lqgCZe.jpg,5,458,50,"(437, 45, 42, 11)",462,0.7102,0.9405,0.5119,1.0,0.0187,0.505,0.5233,18.7326
b3569950fc8a4c8afa048e025b0e756c_jpg.rf.HELFwJ7Ov5FFLJxlirwp.jpg,1,461,485,"(411, 459, 101, 53)",5353,0.5149,0.3127,0.4925,1.0,0.331,0.5469,0.7741,330.962
b3569950fc8a4c8afa048e025b0e756c_jpg.rf.HELFwJ7Ov5FFLJxlirwp.jpg,2,66,310,"(59, 306, 14, 8)",112,0.5177,0.3061,0.4926,1.0,0.3813,0.5007,0.5019,381.3378
b3569950fc8a4c8afa048e025b0e756c_jpg.rf.HELFwJ7Ov5FFLJxlirwp.jpg,3,461,28,"(411, 0, 101, 57)",5757,0.4871,0.311,0.4979,1.0,0.0399,0.5056,0.3121,39.883
b3569950fc8a4c8afa048e025b0e756c_jpg.rf.HELFwJ7Ov5FFLJxlirwp.jpg,4,171,24,"(110, 0, 123, 49)",6027,0.5169,0.3127,0.5343,1.0,0.205,0.5038,0.6292,204.9516
b3569950fc8a4c8afa048e025b0e756c_jpg.rf.HELFwJ7Ov5FFLJxlirwp.jpg,5,65,28,"(0, 0, 130, 56)",7280,0.513,0.3127,0.541,1.0,0.1427,0.512,0.6938,142.6886
b5a2db04bd33e701efd8f047d40e3d18_jpg.rf.7TXK6HM8FDYDn9qeL6Ly.jpg,1,257,320,"(254, 299, 7, 42)",294,0.5046,0.3179,0.5055,1.0,0.1644,0.4906,0.2281,164.3687
b6330ed4-9307-4dec-bba4-2539781944ef-8f18360_jpg.rf.K0c47hQJpnrLREjohX5U.jpg,1,16,439,"(0, 393, 33, 92)",3036,0.7106,0.9576,0.4996,1.0,0.006,0.5105,0.7367,5.9683
b6330ed4-9307-4dec-bba4-2539781944ef-8f18360_jpg.rf.K0c47hQJpnrLREjohX5U.jpg,2,316,397,"(311, 388, 10, 18)",180,0.4746,0.0316,0.5221,1.0,0.8075,0.5232,0.9136,807.464
b6330ed4-9307-4dec-bba4-2539781944ef-8f18360_jpg.rf.K0c47hQJpnrLREjohX5U.jpg,3,108,348,"(76, 321, 64, 55)",3520,0.6056,0.6503,0.4948,1.0,0.048,0.51,0.6966,47.9759
b6330ed4-9307-4dec-bba4-2539781944ef-8f18360_jpg.rf.K0c47hQJpnrLREjohX5U.jpg,4,351,318,"(343, 312, 16, 12)",192,0.739,0.9544,0.4973,1.0,0.3091,0.5315,0.6667,309.0995
b6330ed4-9307-4dec-bba4-2539781944ef-8f18360_jpg.rf.K0c47hQJpnrLREjohX5U.jpg,5,322,326,"(309, 306, 27, 41)",1107,0.7331,0.8942,0.4975,1.0,0.4597,0.5324,0.3299,459.7267
b6330ed4-9307-4dec-bba4-2539781944ef-8f18360_jpg.rf.K0c47hQJpnrLREjohX5U.jpg,6,481,219,"(476, 211, 10, 16)",160,0.5224,0.9367,0.5242,0.0,0.1112,0.4945,0.0,111.1566
b6330ed4-9307-4dec-bba4-2539781944ef-8f18360_jpg.rf.K0c47hQJpnrLREjohX5U.jpg,7,379,107,"(370, 95, 18, 24)",432,0.5629,0.9476,0.4937,0.0417,0.5013,0.4981,0.0083,501.268
b6330ed4-9307-4dec-bba4-2539781944ef-8f18360_jpg.rf.K0c47hQJpnrLREjohX5U.jpg,8,498,91,"(494, 82, 8, 19)",152,0.5073,0.9435,0.5034,0.0,0.0091,0.4934,0.0,9.1016
b6330ed4-9307-4dec-bba4-2539781944ef-8f18360_jpg.rf.K0c47hQJpnrLREjohX5U.jpg,9,132,103,"(114, 68, 37, 71)",2627,0.7457,0.9544,0.4936,1.0,0.3892,0.5032,0.2368,389.2048
b6330ed4-9307-4dec-bba4-2539781944ef-8f18360_jpg.rf.K0c47hQJpnrLREjohX5U.jpg,10,507,55,"(503, 43, 9, 24)",216,0.7161,0.9616,0.5103,1.0,0.0098,0.4983,0.4407,9.7726
b6330ed4-9307-4dec-bba4-2539781944ef-8f18360_jpg.rf.K0c47hQJpnrLREjohX5U.jpg,11,16,64,"(0, 36, 32, 56)",1792,0.5093,0.9499,0.5037,0.0,0.0055,0.5033,0.0,5.522
b6330ed4-9307-4dec-bba4-2539781944ef-8f18360_jpg.rf.K0c47hQJpnrLREjohX5U.jpg,12,45,36,"(38, 24, 14, 25)",350,0.5057,0.9499,0.4901,0.0,0.0173,0.5017,0.0,17.2501
b6330ed4-9307-4dec-bba4-2539781944ef-8f18360_jpg.rf.K0c47hQJpnrLREjohX5U.jpg,13,441,45,"(388, 0, 106, 90)",9540,0.6743,0.9405,0.4856,0.8188,0.114,0.5093,0.1638,114.0077
b6330ed4-9307-4dec-bba4-2539781944ef-8f18360_jpg.rf.K0c47hQJpnrLREjohX5U.jpg,14,353,75,"(331, 0, 45, 150)",6750,0.6028,0.9476,0.4878,0.4009,0.202,0.5032,0.0802,201.9777
b6330ed4-9307-4dec-bba4-2539781944ef-8f18360_jpg.rf.K0c47hQJpnrLREjohX5U.jpg,15,318,10,"(316, 0, 5, 20)",100,0.5165,0.9367,0.5036,0.0,0.124,0.4921,0.0,124.0002
ba887462b31cfa4b0a2a0ad6461b40e9_jpg.rf.npQmUweTJHxV5tGBBsV8.jpg,1,233,337,"(229, 331, 9, 12)",108,0.7809,0.9631,0.4751,1.0,0.7748,0.5128,0.4901,774.8276
ba887462b31cfa4b0a2a0ad6461b40e9_jpg.rf.npQmUweTJHxV5tGBBsV8.jpg,2,202,141,"(183, 119, 38, 45)",1710,0.5267,0.3179,0.4888,1.0,0.4435,0.5244,0.4,443.4851
ba887462b31cfa4b0a2a0ad6461b40e9_jpg.rf.npQmUweTJHxV5tGBBsV8.jpg,3,163,121,"(146, 106, 34, 30)",1020,0.5147,0.3804,0.4915,1.0,0.0948,0.5216,0.5466,94.8485
bafc56e0039cd58877583828253cf574_jpg.rf.Q50xrnp5dbNE95WtO6tL.jpg,1,7,274,"(0, 266, 14, 17)",238,0.4819,0.2985,0.4933,1.0,0.0475,0.5016,0.3086,47.5315
bafc56e0039cd58877583828253cf574_jpg.rf.Q50xrnp5dbNE95WtO6tL.jpg,2,98,180,"(92, 175, 13, 11)",143,0.4845,0.3127,0.4912,1.0,0.0312,0.5103,0.313,31.1908
bc0e33e9623ce11796ffde89ee68d7cc_jpg.rf.CV9E1ky57Bqik3y54wHG.jpg,1,362,304,"(355, 301, 14, 7)",98,0.5768,0.3037,0.4967,1.0,0.9663,0.4849,0.3097,966.2917
bc0e33e9623ce11796ffde89ee68d7cc_jpg.rf.CV9E1ky57Bqik3y54wHG.jpg,2,132,221,"(124, 213, 17, 16)",272,0.5928,0.312,0.5246,1.0,1.0,0.5139,0.2672,1168.4312
beautiful-saffron-flowers-field-34716529_webp.rf.H9zOpAk5jnICocSqB6Xd.jpg,1,181,362,"(167, 353, 29, 18)",522,0.4807,0.2944,0.4864,1.0,0.0739,0.5019,0.6967,73.8969
beautiful-saffron-flowers-field-34716529_webp.rf.H9zOpAk5jnICocSqB6Xd.jpg,2,51,215,"(0, 197, 102, 36)",3672,0.4938,0.3087,0.4714,1.0,0.2074,0.4878,0.4118,207.3839
beautiful-saffron-flowers-field-34716529_webp.rf.H9zOpAk5jnICocSqB6Xd.jpg,3,411,181,"(395, 172, 33, 18)",594,0.5303,0.3787,0.5072,1.0,0.2019,0.5199,0.257,201.9026
c7204c4d1406d33686d6992150115d65_jpg.rf.8CzuYaawkS0hebBgXGiz.jpg,1,316,436,"(303, 426, 26, 21)",546,0.7143,0.9314,0.5094,1.0,0.1006,0.4963,0.6746,100.6394
c7204c4d1406d33686d6992150115d65_jpg.rf.8CzuYaawkS0hebBgXGiz.jpg,2,284,395,"(265, 388, 39, 14)",546,0.4702,0.2782,0.4829,1.0,0.0382,0.4987,0.9253,38.1786
c7204c4d1406d33686d6992150115d65_jpg.rf.8CzuYaawkS0hebBgXGiz.jpg,3,505,342,"(499, 338, 13, 8)",104,0.7197,0.9384,0.5265,1.0,0.0699,0.4909,0.4026,69.859
c7204c4d1406d33686d6992150115d65_jpg.rf.8CzuYaawkS0hebBgXGiz.jpg,4,123,338,"(118, 334, 11, 8)",88,0.4885,0.3127,0.4833,1.0,0.0988,0.5042,0.5261,98.7799
close-up-saffron-flowers-flower-46680580_webp.rf.ryiiHJFvXH3fZitvhJUd.jpg,1,256,470,"(214, 428, 84, 84)",7056,0.4799,0.2894,0.5026,1.0,0.0272,0.505,0.5001,27.2044
close-up-saffron-flowers-flower-46680580_webp.rf.ryiiHJFvXH3fZitvhJUd.jpg,2,343,268,"(323, 233, 41, 70)",2870,0.6384,0.725,0.4851,1.0,0.1487,0.4932,0.2803,148.6888
close-up-saffron-flowers-flower-46680580_webp.rf.ryiiHJFvXH3fZitvhJUd.jpg,3,280,66,"(275, 56, 10, 21)",210,0.4818,0.2985,0.4897,1.0,0.0598,0.4952,0.6488,59.82
crocus-4073076__340_jpg.rf.kqGpx0x0UIPFdqCICzfj.jpg,1,403,381,"(397, 356, 12, 50)",600,0.5915,0.5485,0.5567,1.0,0.0472,0.4879,0.291,47.1958
crocus-4073076__340_jpg.rf.kqGpx0x0UIPFdqCICzfj.jpg,2,43,166,"(37, 149, 13, 35)",455,0.4942,0.2943,0.5436,1.0,0.0094,0.4932,0.6945,9.3832
crocus-4073076__340_jpg.rf.kqGpx0x0UIPFdqCICzfj.jpg,3,197,49,"(188, 29, 19, 40)",760,0.7094,0.9538,0.4988,1.0,0.0095,0.4986,0.2115,9.4851
crocus-4073076__340_jpg.rf.oHpqe9dA4jdi9pBhIzMN.jpg,1,403,381,"(397, 356, 12, 50)",600,0.591,0.5485,0.555,1.0,0.0476,0.4873,0.2937,47.5753
crocus-4073076__340_jpg.rf.oHpqe9dA4jdi9pBhIzMN.jpg,2,252,333,"(249, 325, 7, 16)",112,0.4869,0.2841,0.5224,1.0,0.0463,0.4961,0.5695,46.2886
crocus-4073076__340_jpg.rf.oHpqe9dA4jdi9pBhIzMN.jpg,3,43,166,"(37, 149, 13, 35)",455,0.4942,0.2943,0.5436,1.0,0.0094,0.4932,0.6945,9.3832
crocus-4073076__340_jpg.rf.oHpqe9dA4jdi9pBhIzMN.jpg,4,197,49,"(188, 29, 19, 40)",760,0.7094,0.9538,0.4988,1.0,0.0095,0.4986,0.2115,9.4851
crocus-4878623__340_jpg.rf.1SnWjUMjHUMYf5zL7j1D.jpg,1,237,258,"(231, 240, 13, 37)",481,0.5639,0.3077,0.4463,1.0,1.0,0.506,0.4906,1434.9712
crocus-4878623__340_jpg.rf.1SnWjUMjHUMYf5zL7j1D.jpg,2,344,238,"(336, 231, 16, 15)",240,0.6597,0.5549,0.5529,0.8598,1.0,0.5102,0.172,1599.587
crocus-4878623__340_jpg.rf.1SnWjUMjHUMYf5zL7j1D.jpg,3,158,187,"(145, 177, 27, 21)",567,0.5782,0.3037,0.4911,1.0,1.0,0.5117,0.575,1826.3482
crocus-4878623__340_jpg.rf.1SnWjUMjHUMYf5zL7j1D.jpg,4,80,221,"(54, 176, 52, 91)",4732,0.5818,0.3179,0.4871,1.0,1.0,0.5163,0.5058,1077.1619
crocus-4878623__340_jpg.rf.1SnWjUMjHUMYf5zL7j1D.jpg,5,426,101,"(421, 92, 10, 18)",180,0.54,0.3043,0.5728,1.0,0.3307,0.5048,0.2197,330.7297
crocus-4878623__340_jpg.rf.1SnWjUMjHUMYf5zL7j1D.jpg,6,343,102,"(331, 82, 24, 40)",960,0.5567,0.3036,0.5831,1.0,0.4638,0.5122,0.3579,463.7903
crocus-4878623__340_jpg.rf.1SnWjUMjHUMYf5zL7j1D.jpg,7,11,78,"(7, 70, 9, 17)",153,0.5224,0.2985,0.5252,1.0,0.3415,0.5068,0.6995,341.5009
crocus-4878623__340_jpg.rf.1SnWjUMjHUMYf5zL7j1D.jpg,8,502,80,"(492, 65, 20, 30)",600,0.5606,0.3113,0.5096,1.0,0.733,0.5107,0.5641,732.9839
crocus-4878623__340_jpg.rf.1SnWjUMjHUMYf5zL7j1D.jpg,9,239,55,"(235, 49, 9, 12)",108,0.5324,0.2984,0.5965,1.0,0.1916,0.4998,0.2163,191.6167
crocus-4878623__340_jpg.rf.1SnWjUMjHUMYf5zL7j1D.jpg,10,86,51,"(76, 43, 21, 16)",336,0.5343,0.2984,0.5726,1.0,0.2942,0.5036,0.2468,294.2397
crocus-4878623__340_jpg.rf.1SnWjUMjHUMYf5zL7j1D.jpg,11,363,42,"(359, 35, 9, 14)",126,0.5386,0.3179,0.5249,1.0,0.4359,0.5074,0.2015,435.8781
crocus-4878623__340_jpg.rf.1SnWjUMjHUMYf5zL7j1D.jpg,12,454,41,"(444, 33, 21, 17)",357,0.5242,0.2984,0.5688,1.0,0.2066,0.5004,0.2978,206.577
crocus-4878623__340_jpg.rf.1SnWjUMjHUMYf5zL7j1D.jpg,13,124,35,"(119, 30, 11, 11)",121,0.5228,0.2984,0.5412,1.0,0.2898,0.4989,0.2854,289.7741
crocus-4878623__340_jpg.rf.1SnWjUMjHUMYf5zL7j1D.jpg,14,30,27,"(26, 20, 9, 15)",135,0.6348,0.7534,0.5426,0.8113,0.1895,0.4906,0.1623,189.4734
crocus-4878623__340_jpg.rf.RGe6hSZKVO7iAvq7ZWau.jpg,1,452,261,"(449, 251, 7, 20)",140,0.6046,0.3037,0.5665,1.0,1.0,0.4986,0.7303,1235.4948
crocus-4878623__340_jpg.rf.RGe6hSZKVO7iAvq7ZWau.jpg,2,237,258,"(232, 240, 11, 37)",407,0.5657,0.3077,0.4515,1.0,1.0,0.506,0.5333,1569.9639
crocus-4878623__340_jpg.rf.RGe6hSZKVO7iAvq7ZWau.jpg,3,344,238,"(336, 231, 16, 15)",240,0.6571,0.5549,0.5531,0.8466,1.0,0.5108,0.1693,1598.8145
crocus-4878623__340_jpg.rf.RGe6hSZKVO7iAvq7ZWau.jpg,4,158,187,"(145, 177, 27, 20)",540,0.5785,0.3037,0.4921,1.0,1.0,0.5089,0.5697,1826.7529
crocus-4878623__340_jpg.rf.RGe6hSZKVO7iAvq7ZWau.jpg,5,80,221,"(55, 175, 50, 92)",4600,0.5833,0.3179,0.4915,1.0,1.0,0.5156,0.5127,1091.2876
crocus-4878623__340_jpg.rf.RGe6hSZKVO7iAvq7ZWau.jpg,6,426,100,"(421, 92, 10, 17)",170,0.5351,0.3043,0.5599,1.0,0.3265,0.5069,0.2194,326.4708
crocus-4878623__340_jpg.rf.RGe6hSZKVO7iAvq7ZWau.jpg,7,343,102,"(331, 82, 24, 40)",960,0.5576,0.3036,0.5854,1.0,0.4644,0.5131,0.3499,464.379
crocus-4878623__340_jpg.rf.RGe6hSZKVO7iAvq7ZWau.jpg,8,11,78,"(7, 70, 9, 16)",144,0.5226,0.2985,0.5244,1.0,0.3459,0.5052,0.7398,345.8859
crocus-4878623__340_jpg.rf.RGe6hSZKVO7iAvq7ZWau.jpg,9,502,80,"(492, 65, 20, 30)",600,0.5605,0.3113,0.5096,1.0,0.7321,0.5107,0.5641,732.1364
crocus-4878623__340_jpg.rf.RGe6hSZKVO7iAvq7ZWau.jpg,10,240,54,"(235, 49, 10, 11)",110,0.5319,0.2984,0.5984,1.0,0.1804,0.5008,0.2134,180.4227
crocus-4878623__340_jpg.rf.RGe6hSZKVO7iAvq7ZWau.jpg,11,87,51,"(78, 43, 19, 16)",304,0.5364,0.2984,0.5776,1.0,0.2986,0.5039,0.2477,298.56
crocus-4878623__340_jpg.rf.RGe6hSZKVO7iAvq7ZWau.jpg,12,364,42,"(360, 35, 8, 14)",112,0.541,0.3179,0.5359,1.0,0.4216,0.5061,0.2077,421.6111
crocus-4878623__340_jpg.rf.RGe6hSZKVO7iAvq7ZWau.jpg,13,454,42,"(444, 33, 21, 18)",378,0.523,0.2984,0.5656,1.0,0.2064,0.501,0.2859,206.3886
crocus-4878623__340_jpg.rf.RGe6hSZKVO7iAvq7ZWau.jpg,14,124,35,"(119, 30, 11, 11)",121,0.5233,0.2984,0.5425,1.0,0.2904,0.4989,0.2779,290.3557
crocus-4878623__340_jpg.rf.RGe6hSZKVO7iAvq7ZWau.jpg,15,30,27,"(26, 20, 9, 14)",126,0.6318,0.7534,0.5307,0.8242,0.1752,0.4919,0.1648,175.1717
crocus-4878639__340_jpg.rf.n4T2X2cXoqyb8sGX5QsS.jpg,1,98,316,"(90, 307, 17, 19)",323,0.6066,0.3179,0.5582,1.0,1.0,0.5174,0.3026,2234.1008
crocus-4878639__340_jpg.rf.n4T2X2cXoqyb8sGX5QsS.jpg,2,377,335,"(351, 292, 53, 86)",4558,0.5477,0.3179,0.489,1.0,0.6525,0.5166,0.4703,652.5018
crocus-4878639__340_jpg.rf.n4T2X2cXoqyb8sGX5QsS.jpg,3,123,296,"(70, 249, 107, 94)",10058,0.588,0.3179,0.5049,1.0,1.0,0.5257,0.4076,1367.0817
crocus-4878639__340_jpg.rf.n4T2X2cXoqyb8sGX5QsS.jpg,4,406,259,"(400, 236, 12, 47)",564,0.5182,0.2991,0.5478,1.0,0.2177,0.5077,0.2662,217.7255
crocus-4878639__340_jpg.rf.n4T2X2cXoqyb8sGX5QsS.jpg,5,283,155,"(265, 126, 37, 59)",2183,0.4954,0.3127,0.5198,1.0,0.0403,0.5115,0.6048,40.3384
crocus-4878639__340_jpg.rf.n4T2X2cXoqyb8sGX5QsS.jpg,6,138,130,"(134, 124, 9, 12)",108,0.7141,0.9423,0.5206,1.0,0.0212,0.4905,0.2421,21.1702
crocus-4878639__340_jpg.rf.n4T2X2cXoqyb8sGX5QsS.jpg,7,378,148,"(343, 100, 70, 97)",6790,0.4858,0.3068,0.5014,1.0,0.0295,0.5164,0.4996,29.5181
crocus-4878639__340_jpg.rf.n4T2X2cXoqyb8sGX5QsS.jpg,8,234,109,"(225, 96, 18, 26)",468,0.4911,0.3001,0.5237,1.0,0.0274,0.5104,0.3088,27.3686
crocus-4878639__340_jpg.rf.n4T2X2cXoqyb8sGX5QsS.jpg,9,489,101,"(480, 84, 19, 34)",646,0.4782,0.2985,0.4816,1.0,0.0517,0.5083,0.3836,51.7023
crocus-4878639__340_jpg.rf.n4T2X2cXoqyb8sGX5QsS.jpg,10,83,69,"(80, 62, 6, 15)",90,0.4956,0.3179,0.4739,1.0,0.1849,0.5101,0.2551,184.8688
crocus-4878639__340_jpg.rf.n4T2X2cXoqyb8sGX5QsS.jpg,11,407,62,"(403, 53, 8, 18)",144,0.5126,0.3804,0.4997,1.0,0.0453,0.5015,0.5083,45.3327
crocus-4878639__340_jpg.rf.n4T2X2cXoqyb8sGX5QsS.jpg,12,204,51,"(194, 38, 20, 27)",540,0.6181,0.7214,0.4584,1.0,0.0522,0.5142,0.7396,52.1623
crocus-4878639__340_jpg.rf.n4T2X2cXoqyb8sGX5QsS.jpg,13,97,23,"(88, 11, 18, 24)",432,0.7251,0.9627,0.513,1.0,0.0862,0.5051,0.3019,86.1922
crocus-4878639__340_jpg.rf.n4T2X2cXoqyb8sGX5QsS.jpg,14,264,34,"(249, 8, 31, 52)",1612,0.5211,0.3804,0.527,1.0,0.0347,0.5194,0.7071,34.6656
crocus-4878639__340_jpg.rf.n4T2X2cXoqyb8sGX5QsS.jpg,15,340,15,"(320, 0, 41, 30)",1230,0.6356,0.7084,0.5333,1.0,0.0101,0.5089,0.8889,10.1088
crocus-4878639__340_jpg.rf.ygAMpZRtOlSiXeTy62O8.jpg,1,98,316,"(90, 307, 17, 19)",323,0.607,0.3179,0.5593,1.0,1.0,0.5175,0.2992,2237.0772
crocus-4878639__340_jpg.rf.ygAMpZRtOlSiXeTy62O8.jpg,2,377,335,"(351, 293, 53, 84)",4452,0.5491,0.3179,0.4932,1.0,0.6516,0.5165,0.4779,651.6287
crocus-4878639__340_jpg.rf.ygAMpZRtOlSiXeTy62O8.jpg,3,123,295,"(70, 249, 107, 93)",9951,0.585,0.3179,0.4963,1.0,1.0,0.5268,0.4107,1367.5547
crocus-4878639__340_jpg.rf.ygAMpZRtOlSiXeTy62O8.jpg,4,406,260,"(400, 238, 12, 45)",540,0.5194,0.2991,0.5505,1.0,0.2205,0.5061,0.2317,220.5486
crocus-4878639__340_jpg.rf.ygAMpZRtOlSiXeTy62O8.jpg,5,283,155,"(265, 126, 37, 59)",2183,0.4957,0.3127,0.5206,1.0,0.0403,0.5116,0.6036,40.3444
crocus-4878639__340_jpg.rf.ygAMpZRtOlSiXeTy62O8.jpg,6,138,130,"(134, 124, 9, 12)",108,0.7141,0.9423,0.5206,1.0,0.0212,0.4905,0.2421,21.1702
crocus-4878639__340_jpg.rf.ygAMpZRtOlSiXeTy62O8.jpg,7,378,149,"(343, 101, 70, 96)",6720,0.4861,0.3068,0.5021,1.0,0.0299,0.5156,0.4991,29.8569
crocus-4878639__340_jpg.rf.ygAMpZRtOlSiXeTy62O8.jpg,8,234,109,"(225, 96, 18, 26)",468,0.4911,0.3001,0.5237,1.0,0.0274,0.5104,0.3088,27.3686
crocus-4878639__340_jpg.rf.ygAMpZRtOlSiXeTy62O8.jpg,9,489,101,"(480, 84, 19, 34)",646,0.4785,0.2985,0.4824,1.0,0.0517,0.5082,0.3829,51.7472
crocus-4878639__340_jpg.rf.ygAMpZRtOlSiXeTy62O8.jpg,10,83,69,"(80, 62, 6, 15)",90,0.4956,0.3179,0.4739,1.0,0.1849,0.5101,0.2551,184.8688
crocus-4878639__340_jpg.rf.ygAMpZRtOlSiXeTy62O8.jpg,11,407,63,"(403, 55, 8, 16)",128,0.5132,0.3804,0.5016,1.0,0.0451,0.5019,0.4929,45.1187
crocus-4878639__340_jpg.rf.ygAMpZRtOlSiXeTy62O8.jpg,12,204,51,"(194, 38, 20, 27)",540,0.6181,0.7214,0.4584,1.0,0.0522,0.5142,0.7396,52.1623
crocus-4878639__340_jpg.rf.ygAMpZRtOlSiXeTy62O8.jpg,13,97,23,"(88, 11, 18, 24)",432,0.7251,0.9627,0.513,1.0,0.0862,0.5051,0.3019,86.1922
crocus-4878639__340_jpg.rf.ygAMpZRtOlSiXeTy62O8.jpg,14,264,34,"(249, 8, 31, 52)",1612,0.5211,0.3804,0.527,1.0,0.0347,0.5194,0.7071,34.6656
crocus-4878639__340_jpg.rf.ygAMpZRtOlSiXeTy62O8.jpg,15,340,15,"(320, 0, 41, 30)",1230,0.6356,0.7084,0.5333,1.0,0.0101,0.5089,0.8889,10.1088
crocus-4896815__340--1-_jpg.rf.44tP0LkRQRWIBGAOpbL7.jpg,1,495,385,"(484, 379, 22, 12)",264,0.6385,0.723,0.5022,1.0,0.0972,0.502,0.7831,97.1993
crocus-4896815__340--1-_jpg.rf.44tP0LkRQRWIBGAOpbL7.jpg,2,340,303,"(334, 299, 13, 9)",117,0.6738,0.8096,0.5197,1.0,0.0858,0.4961,0.76,85.8184
crocus-4896815__340--1-_jpg.rf.44tP0LkRQRWIBGAOpbL7.jpg,3,355,279,"(352, 273, 7, 13)",91,0.6296,0.7161,0.5005,1.0,0.0375,0.4974,0.8737,37.5076
crocus-4896815__340--1-_jpg.rf.44tP0LkRQRWIBGAOpbL7.jpg,4,50,274,"(44, 268, 12, 12)",144,0.6967,0.9055,0.4939,1.0,0.0692,0.4944,0.8003,69.2422
crocus-4896815__340--1-_jpg.rf.44tP0LkRQRWIBGAOpbL7.jpg,5,506,261,"(501, 254, 11, 15)",165,0.714,0.9538,0.5108,1.0,0.0142,0.4989,0.9913,14.2008
crocus-4896815__340--1-_jpg.rf.44tP0LkRQRWIBGAOpbL7.jpg,6,45,169,"(34, 161, 23, 17)",391,0.7155,0.9511,0.5172,1.0,0.0163,0.4987,0.9744,16.2695
crocus-4896815__340--1-_jpg.rf.fKLY0V7xR2rQeBZHASz5.jpg,1,494,385,"(482, 379, 24, 12)",288,0.6413,0.7322,0.5041,1.0,0.0863,0.503,0.7373,86.2664
crocus-4896815__340--1-_jpg.rf.fKLY0V7xR2rQeBZHASz5.jpg,2,340,303,"(334, 299, 13, 9)",117,0.6739,0.8096,0.5199,1.0,0.086,0.4958,0.7581,85.9937
crocus-4896815__340--1-_jpg.rf.fKLY0V7xR2rQeBZHASz5.jpg,3,355,279,"(352, 273, 7, 12)",84,0.6297,0.7161,0.5014,1.0,0.0357,0.4979,0.8794,35.7409
crocus-4896815__340--1-_jpg.rf.fKLY0V7xR2rQeBZHASz5.jpg,4,50,274,"(44, 268, 12, 12)",144,0.6967,0.9055,0.4939,1.0,0.0692,0.4944,0.8003,69.2422
crocus-4896815__340--1-_jpg.rf.fKLY0V7xR2rQeBZHASz5.jpg,5,506,261,"(501, 254, 11, 15)",165,0.714,0.9538,0.5108,1.0,0.0142,0.4989,0.9913,14.2008
crocus-4896815__340--1-_jpg.rf.fKLY0V7xR2rQeBZHASz5.jpg,6,45,169,"(34, 160, 22, 18)",396,0.716,0.9511,0.5181,1.0,0.0178,0.4999,0.9735,17.7711
crocus-4918148__340_jpg.rf.9W66u8s2fHJx8Zb6CLTd.jpg,1,47,502,"(30, 493, 34, 19)",646,0.5607,0.3179,0.5203,1.0,0.6737,0.4915,0.4983,673.7144
crocus-4918148__340_jpg.rf.9W66u8s2fHJx8Zb6CLTd.jpg,2,231,476,"(200, 440, 62, 72)",4464,0.5804,0.3179,0.529,1.0,0.8399,0.5109,0.334,839.9173
crocus-4918148__340_jpg.rf.9W66u8s2fHJx8Zb6CLTd.jpg,3,212,388,"(209, 377, 6, 22)",132,0.7944,0.8865,0.538,1.0,0.9579,0.4864,0.2222,957.8526
crocus-4918148__340_jpg.rf.9W66u8s2fHJx8Zb6CLTd.jpg,4,185,353,"(177, 333, 17, 41)",697,0.5947,0.3179,0.524,1.0,1.0,0.51,0.4099,1492.2364
crocus-4918148__340_jpg.rf.9W66u8s2fHJx8Zb6CLTd.jpg,5,6,327,"(0, 310, 13, 35)",455,0.5993,0.3179,0.5372,1.0,1.0,0.5097,0.467,1286.1037
crocus-4918148__340_jpg.rf.9W66u8s2fHJx8Zb6CLTd.jpg,6,79,340,"(62, 274, 34, 132)",4488,0.5897,0.3179,0.5098,1.0,1.0,0.515,0.4268,1060.357
crocus-4918148__340_jpg.rf.9W66u8s2fHJx8Zb6CLTd.jpg,7,148,303,"(135, 254, 26, 98)",2548,0.5959,0.3179,0.5276,1.0,1.0,0.516,0.3711,1201.6221
crocus-4918148__340_jpg.rf.9W66u8s2fHJx8Zb6CLTd.jpg,8,77,247,"(71, 240, 13, 14)",182,0.573,0.3037,0.4763,1.0,1.0,0.5053,0.3308,1245.0497
crocus-4918148__340_jpg.rf.9W66u8s2fHJx8Zb6CLTd.jpg,9,9,228,"(0, 215, 18, 26)",468,0.5964,0.3179,0.5289,1.0,1.0,0.5063,0.42,1259.0687
crocus-4918148__340_jpg.rf.9W66u8s2fHJx8Zb6CLTd.jpg,10,169,239,"(140, 208, 58, 62)",3596,0.5841,0.3179,0.5099,1.0,0.9433,0.5192,0.4365,943.3485
crocus-4918148__340_jpg.rf.9W66u8s2fHJx8Zb6CLTd.jpg,11,76,212,"(68, 204, 16, 17)",272,0.5912,0.3179,0.5141,1.0,1.0,0.5064,0.3448,1333.3568
crocus-4918148__340_jpg.rf.9W66u8s2fHJx8Zb6CLTd.jpg,12,220,208,"(208, 196, 24, 24)",576,0.5668,0.3179,0.5106,1.0,0.7682,0.5078,0.2477,768.19
crocus-4918148__340_jpg.rf.9W66u8s2fHJx8Zb6CLTd.jpg,13,120,200,"(116, 190, 9, 21)",189,0.5881,0.3179,0.5164,1.0,0.9609,0.5017,0.2439,960.9324
crocus-4918148__340_jpg.rf.9W66u8s2fHJx8Zb6CLTd.jpg,14,251,171,"(246, 157, 11, 29)",319,0.5322,0.312,0.5178,1.0,0.4175,0.4989,0.3065,417.5395
crocus-4918148__340_jpg.rf.9W66u8s2fHJx8Zb6CLTd.jpg,15,442,162,"(437, 143, 11, 38)",418,0.583,0.3707,0.5622,1.0,0.5645,0.5042,0.3948,564.479
crocus-4918148__340_jpg.rf.9W66u8s2fHJx8Zb6CLTd.jpg,16,194,163,"(185, 140, 18, 47)",846,0.5381,0.312,0.5052,1.0,0.5207,0.5098,0.3395,520.7361
crocus-4918148__340_jpg.rf.9W66u8s2fHJx8Zb6CLTd.jpg,17,60,152,"(34, 131, 52, 42)",2184,0.5465,0.3179,0.5037,1.0,0.589,0.5281,0.3432,588.9885
crocus-4918148__340_jpg.rf.9W66u8s2fHJx8Zb6CLTd.jpg,18,8,149,"(0, 131, 17, 37)",629,0.5758,0.3179,0.5139,1.0,0.847,0.5102,0.3665,847.038
crocus-4918148__340_jpg.rf.9W66u8s2fHJx8Zb6CLTd.jpg,19,282,129,"(271, 115, 22, 28)",616,0.535,0.3179,0.4841,1.0,0.5431,0.5111,0.3243,543.0658
crocus-4918148__340_jpg.rf.9W66u8s2fHJx8Zb6CLTd.jpg,20,138,134,"(121, 108, 34, 52)",1768,0.5345,0.3179,0.5426,1.0,0.3331,0.5138,0.3353,333.14
crocus-4918148__340_jpg.rf.9W66u8s2fHJx8Zb6CLTd.jpg,21,226,108,"(216, 92, 21, 32)",672,0.5366,0.3113,0.5327,1.0,0.412,0.511,0.3299,411.9706
crocus-4918148__340_jpg.rf.9W66u8s2fHJx8Zb6CLTd.jpg,22,185,109,"(175, 92, 20, 34)",680,0.5393,0.3179,0.5259,1.0,0.4392,0.5073,0.3336,439.2048
crocus-4918148__340_jpg.rf.9W66u8s2fHJx8Zb6CLTd.jpg,23,341,95,"(330, 85, 22, 21)",462,0.5209,0.3179,0.4787,1.0,0.4208,0.5084,0.279,420.8141
crocus-4918148__340_jpg.rf.9W66u8s2fHJx8Zb6CLTd.jpg,24,500,109,"(488, 80, 24, 59)",1416,0.5303,0.3179,0.5172,1.0,0.3799,0.5091,0.4822,379.8688
crocus-4918148__340_jpg.rf.9W66u8s2fHJx8Zb6CLTd.jpg,25,24,102,"(0, 80, 49, 45)",2205,0.5373,0.3179,0.5218,1.0,0.4339,0.5129,0.4089,433.9244
crocus-4918148__340_jpg.rf.9W66u8s2fHJx8Zb6CLTd.jpg,26,149,97,"(142, 75, 14, 45)",630,0.5214,0.3179,0.5187,1.0,0.2864,0.5079,0.388,286.4184
crocus-4918148__340_jpg.rf.9W66u8s2fHJx8Zb6CLTd.jpg,27,475,80,"(458, 63, 35, 35)",1225,0.5223,0.3127,0.5578,1.0,0.1767,0.5215,0.3083,176.7305
crocus-4918148__340_jpg.rf.9W66u8s2fHJx8Zb6CLTd.jpg,28,61,70,"(56, 59, 10, 23)",230,0.5503,0.3714,0.5469,1.0,0.2887,0.5045,0.287,288.6505
crocus-4918148__340_jpg.rf.9W66u8s2fHJx8Zb6CLTd.jpg,29,194,69,"(181, 58, 27, 22)",594,0.5066,0.3061,0.4936,1.0,0.2669,0.5158,0.4027,266.9001
crocus-4918148__340_jpg.rf.9W66u8s2fHJx8Zb6CLTd.jpg,30,353,62,"(350, 53, 7, 19)",133,0.4702,0.3179,0.4959,0.6791,0.4948,0.5016,0.1358,494.8213
crocus-4918148__340_jpg.rf.9W66u8s2fHJx8Zb6CLTd.jpg,31,263,57,"(256, 46, 14, 23)",322,0.5324,0.3179,0.5394,1.0,0.3232,0.5068,0.3879,323.2192
crocus-4918148__340_jpg.rf.9W66u8s2fHJx8Zb6CLTd.jpg,32,309,61,"(293, 39, 32, 44)",1408,0.515,0.3179,0.5062,1.0,0.2661,0.5073,0.2131,266.0975
crocus-4918148__340_jpg.rf.9W66u8s2fHJx8Zb6CLTd.jpg,33,434,45,"(427, 36, 14, 18)",252,0.513,0.3642,0.5114,1.0,0.0647,0.4965,0.3949,64.7246
crocus-4918148__340_jpg.rf.9W66u8s2fHJx8Zb6CLTd.jpg,34,13,48,"(0, 27, 26, 42)",1092,0.5243,0.3179,0.5342,1.0,0.2604,0.5101,0.467,260.4032
crocus-4918148__340_jpg.rf.9W66u8s2fHJx8Zb6CLTd.jpg,35,46,30,"(39, 17, 14, 26)",364,0.5312,0.3179,0.5381,1.0,0.3162,0.5111,0.3107,316.2338
crocus-4918148__340_jpg.rf.9W66u8s2fHJx8Zb6CLTd.jpg,36,252,21,"(249, 14, 6, 15)",90,0.5298,0.3804,0.5351,1.0,0.0934,0.5053,0.321,93.4307
crocus-4918148__340_jpg.rf.9W66u8s2fHJx8Zb6CLTd.jpg,37,153,25,"(146, 10, 15, 31)",465,0.5389,0.3868,0.5214,1.0,0.2099,0.5066,0.2205,209.9421
crocus-4918148__340_jpg.rf.9W66u8s2fHJx8Zb6CLTd.jpg,38,209,22,"(200, 9, 18, 27)",486,0.5093,0.3058,0.559,1.0,0.0664,0.4992,0.4282,66.4459
crocus-4918148__340_jpg.rf.9W66u8s2fHJx8Zb6CLTd.jpg,39,265,4,"(260, 0, 10, 9)",90,0.5134,0.2984,0.58,1.0,0.06,0.5067,0.2727,59.9626
crocus-675490__340_jpg.rf.PBR6KSm1LlZ7XvXjfTlV.jpg,1,486,307,"(477, 290, 19, 35)",665,0.4846,0.2946,0.5176,1.0,0.0037,0.4997,0.941,3.7171
crocus-675490__340_jpg.rf.PBR6KSm1LlZ7XvXjfTlV.jpg,2,498,219,"(491, 198, 14, 42)",588,0.4563,0.2234,0.5039,1.0,0.0177,0.503,0.8269,17.7371
crocus-675490__340_jpg.rf.PBR6KSm1LlZ7XvXjfTlV.jpg,3,507,182,"(503, 167, 9, 30)",270,0.4872,0.2882,0.5268,1.0,0.0191,0.5003,0.9714,19.0709
crocus-675490__340_jpg.rf.pvJvT3vqifX4JugRPvbV.jpg,1,486,307,"(477, 290, 19, 35)",665,0.4846,0.2946,0.5176,1.0,0.0037,0.4997,0.941,3.7171
crocus-675490__340_jpg.rf.pvJvT3vqifX4JugRPvbV.jpg,2,498,219,"(491, 198, 14, 42)",588,0.4563,0.2234,0.5039,1.0,0.0177,0.503,0.8269,17.7371
crocus-675490__340_jpg.rf.pvJvT3vqifX4JugRPvbV.jpg,3,507,182,"(503, 167, 9, 30)",270,0.4872,0.2882,0.5268,1.0,0.0191,0.5003,0.9714,19.0709
crocus-675492__340_jpg.rf.HwJC0XCRkSfvpQ6WA1wP.jpg,1,259,488,"(244, 474, 30, 29)",870,0.4858,0.2841,0.5239,1.0,0.0302,0.4968,0.6278,30.1948
crocus-675492__340_jpg.rf.HwJC0XCRkSfvpQ6WA1wP.jpg,2,307,435,"(292, 418, 31, 34)",1054,0.4869,0.2985,0.5002,1.0,0.0736,0.5085,0.5566,73.6464
crocus-675492__340_jpg.rf.HwJC0XCRkSfvpQ6WA1wP.jpg,3,398,387,"(380, 370, 36, 34)",1224,0.4887,0.2926,0.5179,1.0,0.0506,0.4975,0.5498,50.6289
crocus-675492__340_jpg.rf.HwJC0XCRkSfvpQ6WA1wP.jpg,4,7,367,"(0, 348, 15, 39)",585,0.6658,0.5508,0.5492,1.0,0.8077,0.5005,0.4547,807.7133
crocus-675492__340_jpg.rf.HwJC0XCRkSfvpQ6WA1wP.jpg,5,317,320,"(305, 306, 25, 29)",725,0.495,0.2985,0.5035,1.0,0.143,0.5127,0.4733,142.981
crocus-675492__340_jpg.rf.HwJC0XCRkSfvpQ6WA1wP.jpg,6,341,283,"(327, 271, 28, 25)",700,0.5008,0.2841,0.4849,1.0,0.3164,0.5112,0.6324,316.3514
crocus-675492__340_jpg.rf.HwJC0XCRkSfvpQ6WA1wP.jpg,7,122,165,"(94, 114, 57, 102)",5814,0.5165,0.3179,0.502,1.0,0.2951,0.5235,0.4886,295.0872
crocus-675492__340_jpg.rf.HwJC0XCRkSfvpQ6WA1wP.jpg,8,83,117,"(67, 90, 33, 54)",1782,0.522,0.3179,0.5314,1.0,0.2473,0.5234,0.4081,247.3453
crocus-675492__340_jpg.rf.HwJC0XCRkSfvpQ6WA1wP.jpg,9,499,103,"(486, 88, 26, 31)",806,0.5097,0.3127,0.509,1.0,0.2211,0.5107,0.5174,221.0894
crocus-675492__340_jpg.rf.HwJC0XCRkSfvpQ6WA1wP.jpg,10,342,110,"(325, 87, 34, 46)",1564,0.5229,0.3127,0.5368,1.0,0.2559,0.5211,0.4618,255.9331
crocus-675492__340_jpg.rf.HwJC0XCRkSfvpQ6WA1wP.jpg,11,443,152,"(375, 83, 137, 139)",19043,0.5157,0.3179,0.4967,1.0,0.3059,0.5318,0.4383,305.8806
crocus-675492__340_jpg.rf.HwJC0XCRkSfvpQ6WA1wP.jpg,12,435,60,"(429, 53, 13, 15)",195,0.5072,0.2841,0.5585,1.0,0.1232,0.4905,0.4252,123.1972
crocus-675492__340_jpg.rf.HwJC0XCRkSfvpQ6WA1wP.jpg,13,260,104,"(220, 52, 80, 105)",8400,0.5173,0.3127,0.5373,1.0,0.1985,0.5237,0.4361,198.5434
crocus-675492__340_jpg.rf.HwJC0XCRkSfvpQ6WA1wP.jpg,14,175,74,"(150, 47, 50, 54)",2700,0.4984,0.2985,0.4999,1.0,0.1896,0.5196,0.4216,189.5686
crocus-675492__340_jpg.rf.HwJC0XCRkSfvpQ6WA1wP.jpg,15,17,59,"(0, 38, 35, 42)",1470,0.5155,0.3127,0.5541,1.0,0.1208,0.5105,0.5429,120.7623
crocus-675492__340_jpg.rf.HwJC0XCRkSfvpQ6WA1wP.jpg,16,221,53,"(211, 36, 21, 35)",735,0.5019,0.3127,0.5172,1.0,0.1143,0.5076,0.3204,114.2553
crocus-675492__340_jpg.rf.HwJC0XCRkSfvpQ6WA1wP.jpg,17,124,46,"(93, 19, 63, 55)",3465,0.4998,0.3078,0.5209,1.0,0.0976,0.5118,0.5023,97.5812
crocus-675492__340_jpg.rf.HwJC0XCRkSfvpQ6WA1wP.jpg,18,378,37,"(342, 5, 72, 65)",4680,0.4958,0.3127,0.5107,1.0,0.0765,0.5178,0.4738,76.5015
crocus-675492__340_jpg.rf.HwJC0XCRkSfvpQ6WA1wP.jpg,19,495,20,"(479, 0, 33, 41)",1353,0.5026,0.3037,0.4934,1.0,0.2365,0.4976,0.3595,236.4901
crocus-675492__340_jpg.rf.HwJC0XCRkSfvpQ6WA1wP.jpg,20,462,30,"(447, 0, 31, 60)",1860,0.5108,0.2985,0.5602,1.0,0.1025,0.5042,0.445,102.5302
crocus-675492__340_jpg.rf.HwJC0XCRkSfvpQ6WA1wP.jpg,21,307,24,"(280, 0, 55, 48)",2640,0.5044,0.2985,0.5423,1.0,0.101,0.5077,0.4005,101.0102
crocus-675492__340_jpg.rf.HwJC0XCRkSfvpQ6WA1wP.jpg,22,243,6,"(235, 0, 17, 13)",221,0.5044,0.2985,0.5385,1.0,0.1151,0.4997,0.4283,115.1068
crocus-675492__340_jpg.rf.HwJC0XCRkSfvpQ6WA1wP.jpg,23,85,26,"(65, 0, 41, 52)",2132,0.4925,0.2985,0.5144,1.0,0.0805,0.5031,0.3949,80.4836
crocus-675492__340_jpg.rf.HwJC0XCRkSfvpQ6WA1wP.jpg,24,23,6,"(0, 0, 46, 13)",598,0.4929,0.2985,0.5122,1.0,0.0919,0.4979,0.4109,91.9141
crocus-675492__340_jpg.rf.PxrEgQmJTSUxdABVkbqP.jpg,1,259,488,"(244, 474, 30, 29)",870,0.4858,0.2841,0.5239,1.0,0.0302,0.4968,0.6278,30.1948
crocus-675492__340_jpg.rf.PxrEgQmJTSUxdABVkbqP.jpg,2,307,435,"(292, 418, 31, 34)",1054,0.4869,0.2985,0.5002,1.0,0.0736,0.5084,0.5566,73.6067
crocus-675492__340_jpg.rf.PxrEgQmJTSUxdABVkbqP.jpg,3,398,387,"(380, 370, 36, 34)",1224,0.4889,0.2926,0.5183,1.0,0.0506,0.4975,0.5521,50.6341
crocus-675492__340_jpg.rf.PxrEgQmJTSUxdABVkbqP.jpg,4,7,367,"(0, 348, 15, 39)",585,0.6658,0.5508,0.5492,1.0,0.8081,0.5006,0.4575,808.1038
crocus-675492__340_jpg.rf.PxrEgQmJTSUxdABVkbqP.jpg,5,317,320,"(305, 306, 25, 29)",725,0.4944,0.2985,0.5019,1.0,0.1426,0.5139,0.4825,142.6433
crocus-675492__340_jpg.rf.PxrEgQmJTSUxdABVkbqP.jpg,6,341,283,"(327, 271, 29, 25)",725,0.4993,0.2841,0.48,1.0,0.3183,0.5101,0.6256,318.3253
crocus-675492__340_jpg.rf.PxrEgQmJTSUxdABVkbqP.jpg,7,122,165,"(94, 114, 57, 102)",5814,0.5177,0.3179,0.5058,1.0,0.2946,0.5237,0.4877,294.6355
crocus-675492__340_jpg.rf.PxrEgQmJTSUxdABVkbqP.jpg,8,83,117,"(67, 90, 33, 55)",1815,0.5202,0.3179,0.5261,1.0,0.248,0.5233,0.3987,247.972
crocus-675492__340_jpg.rf.PxrEgQmJTSUxdABVkbqP.jpg,9,499,103,"(486, 88, 26, 31)",806,0.5096,0.3127,0.5088,1.0,0.2207,0.5101,0.5174,220.7355
crocus-675492__340_jpg.rf.PxrEgQmJTSUxdABVkbqP.jpg,10,342,110,"(325, 87, 34, 46)",1564,0.5231,0.3127,0.5376,1.0,0.2551,0.5205,0.4618,255.0909
crocus-675492__340_jpg.rf.PxrEgQmJTSUxdABVkbqP.jpg,11,443,153,"(375, 83, 137, 140)",19180,0.5152,0.3179,0.4945,1.0,0.3084,0.5323,0.4345,308.357
crocus-675492__340_jpg.rf.PxrEgQmJTSUxdABVkbqP.jpg,12,435,60,"(429, 53, 13, 15)",195,0.5072,0.2841,0.5585,1.0,0.1232,0.4905,0.4252,123.1972
crocus-675492__340_jpg.rf.PxrEgQmJTSUxdABVkbqP.jpg,13,260,104,"(220, 52, 80, 105)",8400,0.5177,0.3127,0.5383,1.0,0.1984,0.5244,0.4355,198.3703
crocus-675492__340_jpg.rf.PxrEgQmJTSUxdABVkbqP.jpg,14,175,74,"(151, 47, 49, 54)",2646,0.4963,0.2985,0.4944,1.0,0.188,0.519,0.4213,188.0209
crocus-675492__340_jpg.rf.PxrEgQmJTSUxdABVkbqP.jpg,15,17,59,"(0, 38, 35, 42)",1470,0.5156,0.3127,0.5544,1.0,0.1209,0.5106,0.5447,120.8902
crocus-675492__340_jpg.rf.PxrEgQmJTSUxdABVkbqP.jpg,16,221,53,"(211, 36, 21, 35)",735,0.5022,0.3127,0.5181,1.0,0.1142,0.5078,0.3204,114.1701
crocus-675492__340_jpg.rf.PxrEgQmJTSUxdABVkbqP.jpg,17,124,46,"(93, 19, 63, 55)",3465,0.5018,0.3127,0.5218,1.0,0.0977,0.5122,0.5009,97.6755
crocus-675492__340_jpg.rf.PxrEgQmJTSUxdABVkbqP.jpg,18,378,38,"(342, 5, 72, 66)",4752,0.4927,0.3127,0.5022,1.0,0.0748,0.5181,0.4691,74.7908
crocus-675492__340_jpg.rf.PxrEgQmJTSUxdABVkbqP.jpg,19,307,24,"(280, 0, 55, 48)",2640,0.504,0.2985,0.5412,1.0,0.1011,0.5078,0.3986,101.1309
crocus-675492__340_jpg.rf.PxrEgQmJTSUxdABVkbqP.jpg,20,244,5,"(236, 0, 16, 11)",176,0.5041,0.2985,0.541,1.0,0.103,0.5012,0.458,102.9753
crocus-675492__340_jpg.rf.PxrEgQmJTSUxdABVkbqP.jpg,21,85,26,"(65, 0, 41, 52)",2132,0.4952,0.3061,0.5143,1.0,0.081,0.5029,0.3939,81.0201
crocus-675492__340_jpg.rf.PxrEgQmJTSUxdABVkbqP.jpg,22,23,6,"(0, 0, 46, 13)",598,0.4932,0.2985,0.513,1.0,0.0922,0.4977,0.413,92.1583
crocus-sativus-saffron-crocus_webp.rf.v69MUTLaPDdN6udY5sWl.jpg,1,203,444,"(199, 429, 9, 31)",279,0.5458,0.4157,0.5592,1.0,0.0463,0.4985,0.2137,46.3472
crocus-sativus-saffron-crocus_webp.rf.v69MUTLaPDdN6udY5sWl.jpg,2,218,379,"(213, 367, 10, 24)",240,0.4695,0.5458,0.5328,0.3598,0.2002,0.5001,0.072,200.2185
crocus-sativus-saffron-crocus_webp.rf.v69MUTLaPDdN6udY5sWl.jpg,3,349,389,"(324, 354, 50, 71)",3550,0.7229,0.9512,0.532,1.0,0.0383,0.5258,0.2326,38.2783
crocus-sativus-saffron-crocus_webp.rf.v69MUTLaPDdN6udY5sWl.jpg,4,112,220,"(97, 209, 31, 23)",713,0.495,0.3068,0.5195,1.0,0.0584,0.5156,0.5269,58.3607
crocus-sativus-saffron-crocus_webp.rf.v69MUTLaPDdN6udY5sWl.jpg,5,291,106,"(279, 55, 24, 103)",2472,0.4659,0.2825,0.4639,1.0,0.0463,0.5005,0.5123,46.3217
d05da2d47493b44d41047e0a12cd059d_jpg.rf.vWXd6sPqwQ75Oi0am6S2.jpg,1,139,144,"(133, 131, 13, 26)",338,0.4893,0.0316,0.5092,1.0,1.0,0.4877,0.4021,1100.3193
d05da2d47493b44d41047e0a12cd059d_jpg.rf.vWXd6sPqwQ75Oi0am6S2.jpg,2,303,135,"(299, 114, 8, 42)",336,0.7332,0.8949,0.5063,1.0,0.4275,0.529,0.5602,427.5136
d05da2d47493b44d41047e0a12cd059d_jpg.rf.vWXd6sPqwQ75Oi0am6S2.jpg,3,116,135,"(104, 113, 24, 44)",1056,0.4537,0.0316,0.47,1.0,0.7811,0.5017,0.5754,781.109
d05da2d47493b44d41047e0a12cd059d_jpg.rf.vWXd6sPqwQ75Oi0am6S2.jpg,4,106,96,"(100, 86, 12, 21)",252,0.5326,0.3179,0.4678,1.0,0.5761,0.5178,0.7917,576.0529
d4e7266e9d0572647f4d25862aa1b798_jpg.rf.DRqs9DKWWpKUGvoaeRVh.jpg,1,384,506,"(375, 501, 18, 11)",198,0.7213,0.9444,0.5223,1.0,0.0791,0.4951,0.3118,79.1444
d4e7266e9d0572647f4d25862aa1b798_jpg.rf.DRqs9DKWWpKUGvoaeRVh.jpg,2,414,397,"(408, 393, 12, 9)",108,0.7722,0.9444,0.5001,0.8333,1.0,0.5027,0.1667,1330.5771
d4e7266e9d0572647f4d25862aa1b798_jpg.rf.DRqs9DKWWpKUGvoaeRVh.jpg,3,351,115,"(335, 98, 32, 34)",1088,0.7248,0.9512,0.5227,1.0,0.0891,0.5103,0.2727,89.0552
d4e7266e9d0572647f4d25862aa1b798_jpg.rf.DRqs9DKWWpKUGvoaeRVh.jpg,4,113,101,"(101, 86, 24, 31)",744,0.4643,0.0316,0.5029,1.0,0.7715,0.4861,0.4083,771.5043
d4e7266e9d0572647f4d25862aa1b798_jpg.rf.DRqs9DKWWpKUGvoaeRVh.jpg,5,38,112,"(0, 56, 76, 113)",8588,0.5361,0.3179,0.4804,1.0,0.5671,0.5155,0.4875,567.1416
d4e7266e9d0572647f4d25862aa1b798_jpg.rf.DRqs9DKWWpKUGvoaeRVh.jpg,6,466,80,"(421, 47, 91, 66)",6006,0.7166,0.9444,0.5131,1.0,0.0646,0.4974,0.3361,64.5691
d4e7266e9d0572647f4d25862aa1b798_jpg.rf.DRqs9DKWWpKUGvoaeRVh.jpg,7,41,38,"(34, 30, 14, 16)",224,0.7254,0.9512,0.502,1.0,0.1681,0.5157,0.6951,168.0539
d4e7266e9d0572647f4d25862aa1b798_jpg.rf.DRqs9DKWWpKUGvoaeRVh.jpg,8,101,45,"(35, 0, 132, 91)",12012,0.496,0.3127,0.4749,1.0,0.2039,0.4989,0.7223,203.9247
d7cc4c1a7f04af4aee901fdb5ebed077_jpg.rf.MTeP18BLXUcl800eSfzH.jpg,1,7,391,"(0, 384, 14, 14)",196,0.7324,1.0,0.4921,1.0,0.1018,0.5146,0.7558,101.8108
d7cc4c1a7f04af4aee901fdb5ebed077_jpg.rf.MTeP18BLXUcl800eSfzH.jpg,2,56,20,"(17, 0, 79, 41)",3239,0.4873,0.3127,0.498,1.0,0.0356,0.5359,0.4227,35.5758
depositphotos_424504712-stock-photo-saffron-flowers-field-crocus-sativus_jpg.rf.3Rgpi5pcL89nUubo31pV.jpg,1,266,396,"(254, 368, 25, 56)",1400,0.5677,0.5485,0.4853,1.0,0.059,0.5125,0.2925,59.0432
depositphotos_424504712-stock-photo-saffron-flowers-field-crocus-sativus_jpg.rf.3Rgpi5pcL89nUubo31pV.jpg,2,40,374,"(18, 361, 45, 27)",1215,0.4857,0.2751,0.5382,1.0,0.0098,0.5032,0.4642,9.8148
depositphotos_57308167-stock-photo-close-up-of-saffron-flowers_jpg.rf.AiYDgQJSIy2R9lCDjfWv.jpg,1,407,494,"(401, 488, 12, 13)",156,0.634,0.7102,0.5251,1.0,0.016,0.5024,0.52,16.0485
depositphotos_57308167-stock-photo-close-up-of-saffron-flowers_jpg.rf.AiYDgQJSIy2R9lCDjfWv.jpg,2,251,475,"(237, 462, 28, 27)",756,0.722,0.9616,0.4993,1.0,0.107,0.505,0.8385,107.04
depositphotos_57308167-stock-photo-close-up-of-saffron-flowers_jpg.rf.AiYDgQJSIy2R9lCDjfWv.jpg,3,183,468,"(170, 459, 26, 18)",468,0.7255,0.9414,0.5503,1.0,0.0337,0.4918,0.7465,33.6935
depositphotos_57308167-stock-photo-close-up-of-saffron-flowers_jpg.rf.AiYDgQJSIy2R9lCDjfWv.jpg,4,411,421,"(405, 415, 13, 13)",169,0.6238,0.7084,0.4999,1.0,0.0087,0.4915,0.4624,8.6557
depositphotos_57308167-stock-photo-close-up-of-saffron-flowers_jpg.rf.AiYDgQJSIy2R9lCDjfWv.jpg,5,283,421,"(275, 412, 17, 18)",306,0.7225,0.9423,0.5476,1.0,0.0103,0.4955,0.5264,10.3173
depositphotos_57308167-stock-photo-close-up-of-saffron-flowers_jpg.rf.AiYDgQJSIy2R9lCDjfWv.jpg,6,382,405,"(376, 398, 13, 15)",195,0.6294,0.7194,0.4985,1.0,0.0315,0.4874,0.2904,31.4908
depositphotos_57308167-stock-photo-close-up-of-saffron-flowers_jpg.rf.AiYDgQJSIy2R9lCDjfWv.jpg,7,234,400,"(224, 396, 20, 8)",160,0.4771,0.3036,0.4637,1.0,0.085,0.5063,0.7812,85.0328
depositphotos_57308167-stock-photo-close-up-of-saffron-flowers_jpg.rf.AiYDgQJSIy2R9lCDjfWv.jpg,8,96,396,"(85, 390, 22, 12)",264,0.6413,0.7262,0.5126,1.0,0.0776,0.509,0.4081,77.6045
depositphotos_57308167-stock-photo-close-up-of-saffron-flowers_jpg.rf.AiYDgQJSIy2R9lCDjfWv.jpg,9,501,398,"(491, 379, 21, 38)",798,0.5004,0.2984,0.5467,1.0,0.0461,0.4929,0.5119,46.1241
depositphotos_57308167-stock-photo-close-up-of-saffron-flowers_jpg.rf.AiYDgQJSIy2R9lCDjfWv.jpg,10,177,385,"(166, 378, 22, 14)",308,0.467,0.2893,0.4548,1.0,0.0651,0.5066,0.7081,65.0511
depositphotos_57308167-stock-photo-close-up-of-saffron-flowers_jpg.rf.AiYDgQJSIy2R9lCDjfWv.jpg,11,138,381,"(120, 372, 36, 19)",684,0.6349,0.7214,0.492,1.0,0.1025,0.503,0.3394,102.474
depositphotos_57308167-stock-photo-close-up-of-saffron-flowers_jpg.rf.AiYDgQJSIy2R9lCDjfWv.jpg,12,395,333,"(385, 317, 21, 33)",693,0.4852,0.2984,0.5087,1.0,0.0277,0.485,0.4034,27.6513
depositphotos_57308167-stock-photo-close-up-of-saffron-flowers_jpg.rf.AiYDgQJSIy2R9lCDjfWv.jpg,13,453,239,"(438, 220, 30, 39)",1170,0.4721,0.2944,0.478,1.0,0.0179,0.4903,0.6536,17.9204
depositphotos_57308167-stock-photo-close-up-of-saffron-flowers_jpg.rf.AiYDgQJSIy2R9lCDjfWv.jpg,14,195,123,"(189, 115, 13, 16)",208,0.5151,0.3179,0.5025,1.0,0.2796,0.4853,0.4314,279.6354
depositphotos_57308167-stock-photo-close-up-of-saffron-flowers_jpg.rf.AiYDgQJSIy2R9lCDjfWv.jpg,15,488,47,"(482, 37, 12, 21)",252,0.5616,0.499,0.5322,1.0,0.0072,0.4869,0.8699,7.1921
dfc9f15e563b3396beff52dc42b40250_jpg.rf.WRXr2VzVwoNbuRHE4OKd.jpg,1,166,325,"(134, 314, 64, 23)",1472,0.4903,0.2842,0.5198,1.0,0.0887,0.5055,0.7617,88.7376
dfc9f15e563b3396beff52dc42b40250_jpg.rf.WRXr2VzVwoNbuRHE4OKd.jpg,2,261,139,"(235, 133, 52, 12)",624,0.4734,0.2835,0.4823,1.0,0.0536,0.506,0.4466,53.6344
dffdgfdg_jpg.rf.Zc8RddZbuzmzhZrj3Eqw.jpg,1,361,420,"(356, 406, 11, 29)",319,0.5731,0.5159,0.5247,1.0,0.0893,0.49,0.3807,89.313
dfgdfg_jpg.rf.F0lvKqv1N0JIcbRKt75A.jpg,1,236,121,"(228, 90, 16, 63)",1008,0.4724,0.2841,0.4789,1.0,0.054,0.5062,0.5943,53.9634
dfgfdgdf_jpg.rf.0E01j3l3luDh0rFASKD4.jpg,1,185,137,"(148, 104, 75, 66)",4950,0.4974,0.2997,0.4785,1.0,0.2506,0.5297,0.662,250.5534
dfgfdgdf_jpg.rf.0E01j3l3luDh0rFASKD4.jpg,2,260,155,"(234, 92, 52, 127)",6604,0.485,0.2944,0.4966,1.0,0.0817,0.5083,0.66,81.7073
dgbf_jpg.rf.ykqMxVUj7GQhwbM9QoA1.jpg,1,153,405,"(146, 397, 15, 17)",255,0.5095,0.2984,0.5145,1.0,0.2501,0.5072,0.5147,250.1362
dgbf_jpg.rf.ykqMxVUj7GQhwbM9QoA1.jpg,2,114,322,"(101, 311, 26, 23)",598,0.5148,0.3127,0.5048,1.0,0.2868,0.5207,0.6045,286.7739
dgbf_jpg.rf.ykqMxVUj7GQhwbM9QoA1.jpg,3,138,311,"(134, 302, 9, 18)",162,0.6158,0.5401,0.4727,1.0,0.6132,0.5158,0.7778,613.205
dgbf_jpg.rf.ykqMxVUj7GQhwbM9QoA1.jpg,4,359,98,"(341, 46, 36, 104)",3744,0.5087,0.3179,0.4802,1.0,0.2938,0.5053,0.6279,293.8431
dghn_jpg.rf.qdc4KZ7gJsDftCEdT9nl.jpg,1,236,385,"(233, 377, 7, 17)",119,0.5816,0.7663,0.5237,0.6352,0.0304,0.5034,0.127,30.3867
dghnbfxv_jpg.rf.jASFnIbHG1QpMhH66pGX.jpg,1,231,281,"(225, 277, 13, 9)",117,0.6045,0.6009,0.5182,1.0,0.1284,0.5106,0.8667,128.3964
dghnf_jpg.rf.oqWKlIEX0TJJxr7r6IRj.jpg,1,357,407,"(353, 400, 8, 15)",120,0.5466,0.3037,0.4909,0.8426,1.0,0.5048,0.1685,1237.8525
dghnf_jpg.rf.oqWKlIEX0TJJxr7r6IRj.jpg,2,267,274,"(262, 267, 10, 15)",150,0.5713,0.3077,0.4941,1.0,0.907,0.504,0.5589,906.9789
dghnfbxv_jpg.rf.kptm9L2G0P9GsYY8tvGg.jpg,1,131,324,"(127, 318, 9, 13)",117,0.4931,0.2985,0.4821,1.0,0.1989,0.5044,0.5695,198.9362
dhgn_jpg.rf.HsRhrJIUAAsPZ342oosj.jpg,1,168,313,"(160, 304, 17, 19)",323,0.5378,0.7619,0.5181,0.3893,0.1193,0.5057,0.0779,119.3202
dhgn_jpg.rf.HsRhrJIUAAsPZ342oosj.jpg,2,270,183,"(194, 128, 153, 111)",16983,0.4835,0.3058,0.4815,1.0,0.0799,0.5221,0.5358,79.8704
dhgnfbx_jpg.rf.OMgcHMub2G3y2coiH3Bf.jpg,1,214,496,"(204, 486, 20, 20)",400,0.7196,0.9684,0.4746,1.0,0.1456,0.5053,0.4199,145.5962
dhgnfbx_jpg.rf.OMgcHMub2G3y2coiH3Bf.jpg,2,216,473,"(207, 467, 18, 13)",234,0.7319,0.9684,0.4732,1.0,0.2736,0.5016,0.4827,273.5783
dhgnfbx_jpg.rf.OMgcHMub2G3y2coiH3Bf.jpg,3,219,454,"(213, 448, 12, 12)",144,0.7354,0.9684,0.4797,1.0,0.2854,0.4935,0.6285,285.4398
dhgnfbx_jpg.rf.OMgcHMub2G3y2coiH3Bf.jpg,4,77,449,"(57, 437, 40, 24)",960,0.7358,0.9627,0.502,1.0,0.2316,0.5169,0.4856,231.6181
dhgnfbx_jpg.rf.OMgcHMub2G3y2coiH3Bf.jpg,5,367,438,"(359, 424, 16, 28)",448,0.5014,0.2878,0.5334,1.0,0.14,0.5058,0.817,139.9941
dhgnfbx_jpg.rf.OMgcHMub2G3y2coiH3Bf.jpg,6,110,431,"(105, 421, 10, 21)",210,0.7238,0.9484,0.4933,1.0,0.1918,0.5085,0.6556,191.7653
dhgnfbx_jpg.rf.OMgcHMub2G3y2coiH3Bf.jpg,7,6,432,"(0, 420, 12, 25)",300,0.7319,0.9512,0.5162,1.0,0.1833,0.5076,0.6336,183.2852
dhgnfbx_jpg.rf.OMgcHMub2G3y2coiH3Bf.jpg,8,43,418,"(31, 405, 25, 27)",675,0.726,0.9684,0.4813,1.0,0.1865,0.5077,0.9023,186.5434
dhgnfbx_jpg.rf.OMgcHMub2G3y2coiH3Bf.jpg,9,465,450,"(418, 388, 94, 124)",11656,0.6338,0.7214,0.495,1.0,0.0807,0.5095,0.6578,80.6739
dhgnfbx_jpg.rf.OMgcHMub2G3y2coiH3Bf.jpg,10,138,388,"(129, 384, 18, 8)",144,0.7297,0.9656,0.4805,1.0,0.2359,0.504,0.8467,235.9432
dhgnfbx_jpg.rf.OMgcHMub2G3y2coiH3Bf.jpg,11,105,380,"(91, 372, 28, 16)",448,0.7222,0.9684,0.4846,1.0,0.1366,0.5047,0.875,136.5941
dhgnfbx_jpg.rf.OMgcHMub2G3y2coiH3Bf.jpg,12,417,386,"(405, 368, 24, 37)",888,0.4696,0.2769,0.4784,1.0,0.0526,0.5166,0.9099,52.5696
dhgnfbx_jpg.rf.OMgcHMub2G3y2coiH3Bf.jpg,13,73,373,"(65, 364, 16, 19)",304,0.718,0.9684,0.4786,1.0,0.1161,0.5094,0.9896,116.1338
dhgnfbx_jpg.rf.OMgcHMub2G3y2coiH3Bf.jpg,14,84,339,"(67, 329, 35, 20)",700,0.7215,0.9684,0.4867,1.0,0.1221,0.507,0.7773,122.0979
dhgnfbx_jpg.rf.OMgcHMub2G3y2coiH3Bf.jpg,15,30,354,"(0, 322, 61, 64)",3904,0.7079,0.96,0.4521,1.0,0.1364,0.5113,0.8085,136.4228
dhgnfbx_jpg.rf.OMgcHMub2G3y2coiH3Bf.jpg,16,461,336,"(448, 320, 27, 33)",891,0.5753,0.5451,0.5002,1.0,0.0947,0.5042,0.6718,94.7119
dhgnfbx_jpg.rf.OMgcHMub2G3y2coiH3Bf.jpg,17,406,338,"(377, 294, 59, 88)",5192,0.4829,0.3127,0.4428,1.0,0.1847,0.5095,0.7489,184.6545
dhgnfbx_jpg.rf.OMgcHMub2G3y2coiH3Bf.jpg,18,156,318,"(135, 288, 42, 60)",2520,0.6313,0.6641,0.4762,1.0,0.3215,0.5103,0.6155,321.4571
dhgnfbx_jpg.rf.OMgcHMub2G3y2coiH3Bf.jpg,19,453,285,"(446, 275, 14, 20)",280,0.7282,0.9516,0.5075,1.0,0.175,0.501,0.5048,175.045
dhgnfbx_jpg.rf.OMgcHMub2G3y2coiH3Bf.jpg,20,96,277,"(64, 255, 65, 45)",2925,0.6741,0.7999,0.4825,1.0,0.253,0.5083,0.5792,252.9944
dhgnfbx_jpg.rf.OMgcHMub2G3y2coiH3Bf.jpg,21,5,250,"(0, 245, 11, 11)",121,0.7469,0.9616,0.4989,1.0,0.3576,0.5048,0.6905,357.6324
dhgnfbx_jpg.rf.OMgcHMub2G3y2coiH3Bf.jpg,22,57,224,"(53, 219, 8, 11)",88,0.6486,0.7352,0.5042,1.0,0.1483,0.5117,0.7804,148.2539
dhgnfbx_jpg.rf.OMgcHMub2G3y2coiH3Bf.jpg,23,488,234,"(465, 215, 47, 38)",1786,0.5135,0.3804,0.4951,1.0,0.0706,0.5114,0.6453,70.607
dhgnfbx_jpg.rf.OMgcHMub2G3y2coiH3Bf.jpg,24,101,227,"(89, 212, 25, 30)",750,0.6366,0.7352,0.4561,1.0,0.1972,0.506,0.7651,197.2376
dhgnfbx_jpg.rf.OMgcHMub2G3y2coiH3Bf.jpg,25,412,247,"(360, 181, 105, 133)",13965,0.5084,0.3127,0.4557,1.0,0.3946,0.504,0.648,394.5641
dhgnfbx_jpg.rf.OMgcHMub2G3y2coiH3Bf.jpg,26,56,192,"(30, 177, 52, 30)",1560,0.7213,0.9684,0.5037,1.0,0.0607,0.5027,0.7284,60.69
dhgnfbx_jpg.rf.OMgcHMub2G3y2coiH3Bf.jpg,27,402,167,"(396, 161, 12, 13)",156,0.4792,0.0271,0.4848,1.0,1.0,0.5018,0.3633,1224.898
dhgnfbx_jpg.rf.OMgcHMub2G3y2coiH3Bf.jpg,28,473,167,"(455, 154, 36, 26)",936,0.6023,0.6621,0.4708,1.0,0.0576,0.5063,0.9561,57.6411
dhgnfbx_jpg.rf.OMgcHMub2G3y2coiH3Bf.jpg,29,41,159,"(18, 137, 47, 44)",2068,0.713,0.9684,0.4807,1.0,0.0579,0.504,0.7718,57.8949
dhgnfbx_jpg.rf.OMgcHMub2G3y2coiH3Bf.jpg,30,17,139,"(12, 133, 11, 13)",143,0.7281,0.9684,0.5247,1.0,0.0557,0.5038,0.8522,55.6744
dhgnfbx_jpg.rf.OMgcHMub2G3y2coiH3Bf.jpg,31,122,156,"(73, 118, 98, 77)",7546,0.6326,0.7274,0.4701,1.0,0.1352,0.5157,0.7123,135.2448
dhgnfbx_jpg.rf.OMgcHMub2G3y2coiH3Bf.jpg,32,94,109,"(89, 101, 10, 16)",160,0.7177,0.9684,0.496,1.0,0.0519,0.5094,0.7516,51.9033
dhgnfbx_jpg.rf.OMgcHMub2G3y2coiH3Bf.jpg,33,368,107,"(361, 97, 14, 21)",294,0.7449,0.9684,0.4886,1.0,0.35,0.5016,0.7995,349.9791
dhgnfbx_jpg.rf.OMgcHMub2G3y2coiH3Bf.jpg,34,12,105,"(0, 88, 24, 35)",840,0.6054,0.6727,0.474,1.0,0.0412,0.5045,0.8156,41.2021
dhgnfbx_jpg.rf.OMgcHMub2G3y2coiH3Bf.jpg,35,96,83,"(84, 76, 24, 14)",336,0.6444,0.7387,0.4837,1.0,0.165,0.5062,0.6068,164.9683
dhgnfbx_jpg.rf.OMgcHMub2G3y2coiH3Bf.jpg,36,311,74,"(301, 63, 20, 23)",460,0.6298,0.6779,0.4585,1.0,0.3204,0.5054,0.6687,320.3976
dhgnfbx_jpg.rf.OMgcHMub2G3y2coiH3Bf.jpg,37,96,62,"(90, 58, 13, 9)",117,0.6366,0.7144,0.5177,1.0,0.0539,0.5052,0.9848,53.9294
dhgnfbx_jpg.rf.OMgcHMub2G3y2coiH3Bf.jpg,38,247,55,"(241, 49, 12, 13)",156,0.6373,0.6641,0.5163,1.0,0.2417,0.5039,0.5617,241.654
dhgnfbx_jpg.rf.OMgcHMub2G3y2coiH3Bf.jpg,39,356,56,"(349, 43, 14, 27)",378,0.7262,0.9491,0.5005,1.0,0.1882,0.5054,0.5799,188.2345
dhgnfbx_jpg.rf.OMgcHMub2G3y2coiH3Bf.jpg,40,278,54,"(265, 40, 27, 28)",756,0.5107,0.3764,0.4749,1.0,0.127,0.5089,0.6404,126.9869
dhgnfbx_jpg.rf.OMgcHMub2G3y2coiH3Bf.jpg,41,108,33,"(101, 27, 15, 13)",195,0.723,0.9684,0.5088,1.0,0.06,0.5058,0.6444,59.9525
dhgnfbx_jpg.rf.OMgcHMub2G3y2coiH3Bf.jpg,42,507,42,"(503, 26, 9, 33)",297,0.6342,0.7161,0.5138,1.0,0.0374,0.5012,0.9481,37.3955
dhgnfbx_jpg.rf.OMgcHMub2G3y2coiH3Bf.jpg,43,320,19,"(315, 8, 10, 23)",230,0.6056,0.6713,0.4716,1.0,0.0554,0.5058,0.739,55.4027
dhgnfbx_jpg.rf.OMgcHMub2G3y2coiH3Bf.jpg,44,237,12,"(229, 0, 17, 24)",408,0.7101,0.8972,0.4943,1.0,0.2303,0.5078,0.8253,230.3475
dhgnfbx_jpg.rf.OMgcHMub2G3y2coiH3Bf.jpg,45,44,11,"(35, 0, 19, 22)",418,0.5845,0.9538,0.4925,0.3802,0.022,0.5034,0.076,21.96
download--10-_jpg.rf.kGuNN8gD98R1weEiVIpR.jpg,1,124,374,"(118, 369, 12, 11)",132,0.7718,0.9796,0.4906,1.0,0.5721,0.5203,0.3714,572.1023
download--10-_jpg.rf.kGuNN8gD98R1weEiVIpR.jpg,2,121,331,"(110, 323, 22, 16)",352,0.5453,0.3151,0.4837,1.0,0.6576,0.5081,0.8519,657.6344
download--10-_jpg.rf.kGuNN8gD98R1weEiVIpR.jpg,3,71,295,"(50, 282, 42, 27)",1134,0.5182,0.2985,0.4694,1.0,0.4946,0.5027,0.3447,494.6087
download--10-_jpg.rf.kGuNN8gD98R1weEiVIpR.jpg,4,380,251,"(366, 232, 28, 38)",1064,0.4996,0.3029,0.4698,1.0,0.2918,0.5066,0.9655,291.8084
download--12-_jpg.rf.pKO33BHXPPAvIRYXg5nS.jpg,1,217,484,"(211, 466, 13, 37)",481,0.7574,0.9544,0.4905,1.0,0.5167,0.5092,0.209,516.7345
download--12-_jpg.rf.pKO33BHXPPAvIRYXg5nS.jpg,2,115,424,"(110, 417, 10, 15)",150,0.597,0.5549,0.4946,0.6987,0.8997,0.5093,0.1397,899.7085
download--12-_jpg.rf.pKO33BHXPPAvIRYXg5nS.jpg,3,181,427,"(157, 408, 49, 38)",1862,0.4995,0.3113,0.4509,1.0,0.3278,0.5155,0.8416,327.8289
download--12-_jpg.rf.pKO33BHXPPAvIRYXg5nS.jpg,4,78,227,"(51, 219, 54, 17)",918,0.4911,0.3036,0.4479,1.0,0.28,0.4999,0.8971,279.9527
download--12-_jpg.rf.pKO33BHXPPAvIRYXg5nS.jpg,5,260,58,"(255, 50, 11, 16)",176,0.523,0.3037,0.4849,1.0,0.4699,0.5121,0.4689,469.9113
download--13-_jpg.rf.FJKwdC2VKOIQ31Q3BluG.jpg,1,150,507,"(145, 503, 11, 9)",99,0.5983,0.5538,0.5221,0.6087,1.0,0.5088,0.1217,1204.1023
download--13-_jpg.rf.FJKwdC2VKOIQ31Q3BluG.jpg,2,168,479,"(158, 465, 20, 28)",560,0.5181,0.3037,0.4886,0.918,0.5722,0.5149,0.1836,572.2137
download--13-_jpg.rf.FJKwdC2VKOIQ31Q3BluG.jpg,3,408,203,"(402, 199, 12, 9)",108,0.4942,0.2934,0.5355,1.0,0.0406,0.5006,1.0,40.6208
download--13-_jpg.rf.FJKwdC2VKOIQ31Q3BluG.jpg,4,292,209,"(278, 193, 28, 33)",924,0.5152,0.2841,0.5995,1.0,0.0591,0.515,0.9661,59.118
download--13-_jpg.rf.FJKwdC2VKOIQ31Q3BluG.jpg,5,459,52,"(453, 47, 13, 11)",143,0.6156,0.5549,0.4903,1.0,0.4982,0.4997,0.2748,498.2051
download--14-_jpg.rf.kJfRQStp3BvGybkz3LT7.jpg,1,297,257,"(291, 246, 12, 22)",264,0.5203,0.3113,0.4917,1.0,0.3922,0.5043,0.674,392.2436
download--14-_jpg.rf.kJfRQStp3BvGybkz3LT7.jpg,2,253,232,"(222, 185, 63, 94)",5922,0.6068,0.5549,0.4691,1.0,0.4839,0.5223,0.5634,483.9035
download--15-_jpg.rf.uOHmgZVjssNxMlVFcbOn.jpg,1,335,190,"(329, 184, 13, 12)",156,0.4523,0.0271,0.4911,1.0,0.7093,0.4951,0.4283,709.3239
download--16-_jpg.rf.LNeBFXJesrmNyvlUbvcQ.jpg,1,444,300,"(436, 286, 17, 28)",476,0.5965,0.5497,0.5218,1.0,0.215,0.5116,0.2595,215.0355
download--16-_jpg.rf.LNeBFXJesrmNyvlUbvcQ.jpg,2,278,277,"(268, 266, 20, 22)",440,0.5365,0.3061,0.5468,1.0,0.38,0.506,0.5248,380.016
download--16-_jpg.rf.LNeBFXJesrmNyvlUbvcQ.jpg,3,226,245,"(221, 235, 11, 20)",220,0.5975,0.5321,0.5315,1.0,0.2525,0.5119,0.5095,252.4765
download--16-_jpg.rf.LNeBFXJesrmNyvlUbvcQ.jpg,4,473,244,"(450, 223, 46, 43)",1978,0.5044,0.2841,0.551,1.0,0.1208,0.5109,0.7922,120.8075
download--16-_jpg.rf.LNeBFXJesrmNyvlUbvcQ.jpg,5,286,224,"(278, 214, 17, 21)",357,0.5681,0.3077,0.5258,1.0,0.7641,0.5056,0.559,764.071
download--16-_jpg.rf.LNeBFXJesrmNyvlUbvcQ.jpg,6,324,227,"(307, 212, 34, 31)",1054,0.5537,0.3037,0.5178,1.0,0.6621,0.5161,0.5844,662.1142
download--16-_jpg.rf.LNeBFXJesrmNyvlUbvcQ.jpg,7,41,219,"(32, 204, 19, 31)",589,0.5206,0.2985,0.5607,1.0,0.1985,0.5091,0.3706,198.5089
download--16-_jpg.rf.LNeBFXJesrmNyvlUbvcQ.jpg,8,234,198,"(220, 171, 29, 54)",1566,0.5144,0.2882,0.5397,1.0,0.2464,0.5148,0.7288,246.4129
download--16-_jpg.rf.LNeBFXJesrmNyvlUbvcQ.jpg,9,265,155,"(262, 146, 7, 18)",126,0.5317,0.2934,0.5221,1.0,0.463,0.4987,0.4947,463.0129
download--16-_jpg.rf.LNeBFXJesrmNyvlUbvcQ.jpg,10,448,158,"(430, 139, 36, 38)",1368,0.5036,0.2984,0.5016,1.0,0.2356,0.5318,0.5554,235.6408
download--16-_jpg.rf.LNeBFXJesrmNyvlUbvcQ.jpg,11,378,184,"(351, 125, 54, 118)",6372,0.5017,0.2985,0.4968,1.0,0.2336,0.5095,0.6135,233.5654
download--16-_jpg.rf.LNeBFXJesrmNyvlUbvcQ.jpg,12,266,132,"(262, 124, 8, 17)",136,0.5485,0.2934,0.5507,1.0,0.5304,0.5052,0.5845,530.3928
download--16-_jpg.rf.LNeBFXJesrmNyvlUbvcQ.jpg,13,495,152,"(479, 119, 33, 67)",2211,0.4908,0.2985,0.4891,1.0,0.151,0.5072,0.5586,150.9996
download--16-_jpg.rf.LNeBFXJesrmNyvlUbvcQ.jpg,14,313,131,"(283, 89, 60, 85)",5100,0.5079,0.3127,0.4628,1.0,0.3651,0.5361,0.6455,365.0982
download--17-_jpg.rf.mZFeSGZUbTdCmhC0jC2e.jpg,1,271,421,"(252, 406, 39, 31)",1209,0.7805,0.9544,0.4922,1.0,0.7415,0.5123,0.4373,741.5412
download--17-_jpg.rf.mZFeSGZUbTdCmhC0jC2e.jpg,2,161,326,"(144, 308, 34, 37)",1258,0.5269,0.3179,0.4823,1.0,0.4679,0.5032,0.6167,467.8843
download--17-_jpg.rf.mZFeSGZUbTdCmhC0jC2e.jpg,3,78,274,"(70, 262, 16, 24)",384,0.5152,0.3037,0.4693,1.0,0.4466,0.5101,0.7708,446.6115
download--17-_jpg.rf.mZFeSGZUbTdCmhC0jC2e.jpg,4,107,245,"(101, 240, 12, 10)",120,0.4962,0.2882,0.4896,1.0,0.2397,0.5015,0.9867,239.7145
download--17-_jpg.rf.mZFeSGZUbTdCmhC0jC2e.jpg,5,183,269,"(159, 226, 48, 86)",4128,0.5307,0.3179,0.4794,1.0,0.5161,0.522,0.5923,516.0826
download--17-_jpg.rf.mZFeSGZUbTdCmhC0jC2e.jpg,6,128,177,"(125, 170, 6, 15)",90,0.4654,0.5549,0.4921,0.3498,0.2901,0.5084,0.07,290.1115
download--17-_jpg.rf.mZFeSGZUbTdCmhC0jC2e.jpg,7,37,165,"(29, 154, 16, 22)",352,0.5266,0.2985,0.5134,1.0,0.4247,0.4993,0.6313,424.6765
download--17-_jpg.rf.mZFeSGZUbTdCmhC0jC2e.jpg,8,198,187,"(171, 131, 55, 113)",6215,0.4962,0.3127,0.4586,1.0,0.2623,0.5266,0.4781,262.3402
download--17-_jpg.rf.mZFeSGZUbTdCmhC0jC2e.jpg,9,336,196,"(287, 126, 99, 141)",13959,0.5087,0.3127,0.4572,1.0,0.3918,0.509,0.4218,391.7893
download--18-_jpg.rf.NNjEgLNVLvrvDEvAZYbl.jpg,1,343,501,"(339, 495, 9, 12)",108,0.5033,0.2984,0.561,1.0,0.0248,0.5027,1.0,24.8349
download--18-_jpg.rf.NNjEgLNVLvrvDEvAZYbl.jpg,2,71,481,"(62, 477, 18, 9)",162,0.5006,0.2918,0.5611,1.0,0.0204,0.5001,1.0,20.4177
download--18-_jpg.rf.NNjEgLNVLvrvDEvAZYbl.jpg,3,280,490,"(265, 468, 30, 44)",1320,0.4998,0.2984,0.5522,1.0,0.0212,0.513,1.0,21.1537
download--18-_jpg.rf.NNjEgLNVLvrvDEvAZYbl.jpg,4,342,449,"(333, 443, 18, 13)",234,0.4959,0.2984,0.5179,1.0,0.1019,0.5184,0.9053,101.8808
download--18-_jpg.rf.NNjEgLNVLvrvDEvAZYbl.jpg,5,310,452,"(296, 442, 29, 20)",580,0.5008,0.2984,0.5345,1.0,0.0934,0.5193,0.9748,93.4312
download--18-_jpg.rf.NNjEgLNVLvrvDEvAZYbl.jpg,6,8,450,"(0, 441, 16, 19)",304,0.4961,0.3024,0.5291,1.0,0.0505,0.5053,1.0,50.5409
download--18-_jpg.rf.NNjEgLNVLvrvDEvAZYbl.jpg,7,28,437,"(24, 430, 9, 14)",126,0.4988,0.3024,0.5337,1.0,0.0621,0.5078,1.0,62.0704
download--18-_jpg.rf.NNjEgLNVLvrvDEvAZYbl.jpg,8,80,434,"(57, 423, 46, 22)",1012,0.4989,0.2984,0.5301,1.0,0.0896,0.5263,0.9037,89.5772
download--18-_jpg.rf.NNjEgLNVLvrvDEvAZYbl.jpg,9,293,429,"(283, 419, 20, 20)",400,0.7099,0.9259,0.5045,1.0,0.0923,0.5262,0.8066,92.3257
download--18-_jpg.rf.NNjEgLNVLvrvDEvAZYbl.jpg,10,55,409,"(38, 389, 35, 40)",1400,0.5058,0.2984,0.5366,1.0,0.1359,0.5297,0.9141,135.8916
download--18-_jpg.rf.NNjEgLNVLvrvDEvAZYbl.jpg,11,27,394,"(21, 386, 12, 16)",192,0.5109,0.3024,0.5467,1.0,0.1377,0.5146,0.9628,137.6754
download--18-_jpg.rf.NNjEgLNVLvrvDEvAZYbl.jpg,12,42,360,"(29, 343, 27, 34)",918,0.4989,0.2975,0.5374,1.0,0.0669,0.5318,0.9303,66.8843
download--18-_jpg.rf.NNjEgLNVLvrvDEvAZYbl.jpg,13,44,314,"(38, 308, 12, 13)",156,0.4998,0.2934,0.5588,1.0,0.0155,0.5082,1.0,15.4788
download--18-_jpg.rf.NNjEgLNVLvrvDEvAZYbl.jpg,14,507,286,"(502, 278, 10, 16)",160,0.5119,0.3219,0.5124,1.0,0.1986,0.5022,0.8237,198.575
download--18-_jpg.rf.NNjEgLNVLvrvDEvAZYbl.jpg,15,52,272,"(42, 267, 21, 11)",231,0.5009,0.2924,0.563,1.0,0.015,0.5139,0.9947,15.0186
download--18-_jpg.rf.NNjEgLNVLvrvDEvAZYbl.jpg,16,475,77,"(439, 32, 73, 91)",6643,0.4731,0.2952,0.4755,1.0,0.0339,0.5142,0.9016,33.8952
download--2-_jpg.rf.N6qknv8WEY7jvrdsdp4H.jpg,1,384,351,"(374, 340, 21, 23)",483,0.4723,0.5327,0.5159,0.4329,0.1868,0.4992,0.0866,186.8306
download--2-_jpg.rf.N6qknv8WEY7jvrdsdp4H.jpg,2,92,255,"(87, 249, 10, 12)",120,0.5768,0.3868,0.4743,1.0,0.7537,0.5175,0.3258,753.6688
download--2-_jpg.rf.N6qknv8WEY7jvrdsdp4H.jpg,3,479,183,"(464, 164, 30, 39)",1170,0.4831,0.2873,0.4859,1.0,0.1248,0.5105,0.6331,124.7518
download--24-_jpg.rf.mApQw0gkbG8e59Y1vWlQ.jpg,1,328,337,"(290, 306, 77, 62)",4774,0.5119,0.3061,0.4969,1.0,0.3084,0.5055,0.6001,308.414
download--24-_jpg.rf.mApQw0gkbG8e59Y1vWlQ.jpg,2,425,253,"(421, 247, 9, 12)",108,0.4632,0.6239,0.5241,0.0,0.6138,0.4892,0.0,613.7982
download--28-_jpg.rf.qBMahJkcrDSkyhysQBsc.jpg,1,215,133,"(207, 123, 17, 21)",357,0.52,0.3179,0.4772,1.0,0.417,0.518,0.3856,416.9681
download_webp.rf.rOmrQxhveTQziHbaZbkl.jpg,1,242,456,"(236, 448, 13, 17)",221,0.5117,0.3735,0.4734,1.0,0.1531,0.5095,0.469,153.0706
download_webp.rf.rOmrQxhveTQziHbaZbkl.jpg,2,300,400,"(259, 384, 83, 33)",2739,0.5434,0.5214,0.4562,1.0,0.0121,0.5083,0.7174,12.0965
drtmsaffroncrocusa_webp.rf.yIkRjOwRzi9RH0BOijno.jpg,1,309,451,"(299, 442, 20, 18)",360,0.5903,0.9499,0.494,0.4219,0.0058,0.4992,0.0844,5.7914
drtmsaffroncrocusa_webp.rf.yIkRjOwRzi9RH0BOijno.jpg,2,197,33,"(172, 10, 51, 46)",2346,0.7297,0.9384,0.4962,1.0,0.2757,0.4916,0.341,275.6809
e174da79d2cebf1af28882909f4077ba_jpg.rf.FHdO517cDhWuEtxr4KFw.jpg,1,177,402,"(165, 396, 24, 12)",288,0.6523,0.7461,0.4996,1.0,0.1627,0.5016,0.3727,162.7178
e174da79d2cebf1af28882909f4077ba_jpg.rf.FHdO517cDhWuEtxr4KFw.jpg,2,494,234,"(477, 225, 35, 18)",630,0.5672,0.5287,0.5126,1.0,0.0275,0.4872,0.5415,27.4989
e3600af76276d89387e81207c36e35ff_jpg.rf.4rh9g0AiAZMjQ06BL0vc.jpg,1,128,109,"(118, 102, 20, 14)",280,0.5938,0.9435,0.5065,0.3245,0.2142,0.5118,0.0649,214.161
e3600af76276d89387e81207c36e35ff_jpg.rf.4rh9g0AiAZMjQ06BL0vc.jpg,2,183,68,"(172, 53, 22, 31)",682,0.7351,1.0,0.4634,1.0,0.2287,0.5249,0.2059,228.7418
e5d5bec75b05a126b6ba85189fc1162f_jpg.rf.xK8ex4pwXPbyoN8rKLCH.jpg,1,152,466,"(147, 458, 10, 17)",170,0.6143,0.9367,0.4911,0.5329,0.0793,0.5089,0.1066,79.323
e5d5bec75b05a126b6ba85189fc1162f_jpg.rf.xK8ex4pwXPbyoN8rKLCH.jpg,2,126,438,"(116, 427, 20, 23)",460,0.6766,0.9435,0.4774,0.8482,0.0962,0.5196,0.1696,96.1817
e5d5bec75b05a126b6ba85189fc1162f_jpg.rf.xK8ex4pwXPbyoN8rKLCH.jpg,3,65,404,"(56, 398, 18, 13)",234,0.6082,0.9794,0.4957,0.4067,0.1055,0.5103,0.0813,105.4533
e5d5bec75b05a126b6ba85189fc1162f_jpg.rf.xK8ex4pwXPbyoN8rKLCH.jpg,4,454,381,"(445, 368, 19, 26)",494,0.5317,0.3037,0.4569,1.0,0.6554,0.5047,0.3048,655.398
e5d5bec75b05a126b6ba85189fc1162f_jpg.rf.xK8ex4pwXPbyoN8rKLCH.jpg,5,71,378,"(49, 365, 45, 26)",1170,0.7219,1.0,0.4687,1.0,0.0783,0.5236,0.3476,78.3001
ed80900a41c9212239685383d61ba691_jpg.rf.GBwWB1syXE8nv7w2qKws.jpg,1,394,407,"(367, 394, 54, 27)",1458,0.5258,0.3857,0.4869,1.0,0.204,0.5135,0.2479,203.9946
ed80900a41c9212239685383d61ba691_jpg.rf.GBwWB1syXE8nv7w2qKws.jpg,2,35,226,"(0, 207, 70, 38)",2660,0.4767,0.2894,0.4863,1.0,0.0515,0.4879,0.4011,51.5306
ed80900a41c9212239685383d61ba691_jpg.rf.GBwWB1syXE8nv7w2qKws.jpg,3,412,191,"(396, 183, 33, 16)",528,0.5799,0.5451,0.4952,1.0,0.1578,0.5183,0.3167,157.7929
ed80900a41c9212239685383d61ba691_jpg.rf.GBwWB1syXE8nv7w2qKws.jpg,4,327,111,"(286, 48, 83, 126)",10458,0.4849,0.3127,0.4836,1.0,0.062,0.5304,0.596,62.0239
ergerg_jpg.rf.l6EB2WyZWN2mJNzH6bxR.jpg,1,12,468,"(0, 424, 25, 88)",2200,0.4879,0.2893,0.5294,1.0,0.013,0.504,0.535,13.0306
ergerg_jpg.rf.l6EB2WyZWN2mJNzH6bxR.jpg,2,131,380,"(120, 372, 22, 16)",352,0.4926,0.3087,0.4946,1.0,0.1144,0.499,0.6208,114.404
ergerg_jpg.rf.l6EB2WyZWN2mJNzH6bxR.jpg,3,5,176,"(0, 170, 11, 13)",143,0.68,0.8881,0.4811,1.0,0.0074,0.4989,0.3929,7.4483
ergregr_jpg.rf.zv4JA76boXL2TPoqMCt1.jpg,1,174,442,"(169, 433, 11, 19)",209,0.517,0.3642,0.5255,1.0,0.0561,0.509,0.6045,56.0685
f1d422b206952cbe2a6f3b5d1541de92_jpg.rf.qX4hhkpJ9GoMu1siuRl4.jpg,1,111,408,"(99, 405, 25, 7)",175,0.7095,0.9314,0.5042,1.0,0.0705,0.5052,0.2518,70.45
f1d422b206952cbe2a6f3b5d1541de92_jpg.rf.qX4hhkpJ9GoMu1siuRl4.jpg,2,173,402,"(162, 397, 23, 11)",253,0.7313,0.9444,0.4985,1.0,0.2627,0.5034,0.2683,262.6522
f2ea4c26946a449b312421e2c749dda6-1-_jpg.rf.esnFsgk6eJG03PJQUvZq.jpg,1,186,477,"(179, 471, 14, 12)",168,0.7732,0.9544,0.5327,1.0,0.5271,0.5206,0.6346,527.1291
f2ea4c26946a449b312421e2c749dda6-1-_jpg.rf.esnFsgk6eJG03PJQUvZq.jpg,2,380,446,"(374, 431, 12, 31)",372,0.67,1.0,0.4871,0.7316,0.0324,0.5146,0.1463,32.4041
f2ea4c26946a449b312421e2c749dda6-1-_jpg.rf.esnFsgk6eJG03PJQUvZq.jpg,3,20,425,"(16, 414, 8, 22)",176,0.5043,0.9499,0.4888,0.0,0.0078,0.496,0.0,7.7902
f2ea4c26946a449b312421e2c749dda6-1-_jpg.rf.esnFsgk6eJG03PJQUvZq.jpg,4,13,399,"(9, 391, 9, 17)",153,0.5759,0.9538,0.5106,0.312,0.01,0.4968,0.0624,9.9862
f2ea4c26946a449b312421e2c749dda6-1-_jpg.rf.esnFsgk6eJG03PJQUvZq.jpg,5,9,347,"(0, 333, 19, 28)",532,0.7013,0.9512,0.4686,1.0,0.0435,0.5032,0.441,43.5478
flower-4051007__340_jpg.rf.AUWY8jUz08zmmHfRrxeS.jpg,1,394,228,"(347, 154, 95, 148)",14060,0.5517,0.3179,0.4948,1.0,0.6729,0.5184,0.4327,672.8689
flower-4051007__340_jpg.rf.AUWY8jUz08zmmHfRrxeS.jpg,2,483,136,"(458, 70, 51, 133)",6783,0.4883,0.3127,0.4762,1.0,0.1216,0.5237,0.5279,121.629
flowers-6143044__340_jpg.rf.jn55LjP0NYrKSiXR7U55.jpg,1,156,328,"(153, 322, 7, 13)",91,0.8143,0.8942,0.5753,1.0,1.0,0.5026,0.2884,1445.7141
flowers-6143044__340_jpg.rf.ttG59x7eix7XZAghHmD4.jpg,1,156,328,"(153, 322, 7, 13)",91,0.814,0.8942,0.5742,1.0,1.0,0.5021,0.3032,1444.2678
gdagfg_jpg.rf.aQo62gaKh5HkJeaz2fRP.jpg,1,286,51,"(279, 42, 14, 18)",252,0.4658,0.2842,0.4639,1.0,0.0394,0.5015,0.8782,39.3945
gdfgdag_jpg.rf.fVcB2PLxWBts72mtffpb.jpg,1,452,506,"(447, 500, 11, 12)",132,0.543,0.2916,0.5171,1.0,0.6,0.5052,0.7947,600.0009
gdfgdag_jpg.rf.fVcB2PLxWBts72mtffpb.jpg,2,11,444,"(0, 414, 23, 60)",1380,0.5094,0.3127,0.5109,1.0,0.2115,0.51,0.7668,211.4778
gdfgdag_jpg.rf.fVcB2PLxWBts72mtffpb.jpg,3,347,414,"(340, 411, 14, 7)",98,0.5151,0.2873,0.5507,1.0,0.2184,0.5026,0.8704,218.411
gdfgdag_jpg.rf.fVcB2PLxWBts72mtffpb.jpg,4,52,406,"(37, 380, 30, 52)",1560,0.5073,0.3061,0.4781,1.0,0.3286,0.5092,0.7958,328.6164
gdfgdag_jpg.rf.fVcB2PLxWBts72mtffpb.jpg,5,4,388,"(0, 376, 8, 25)",200,0.5099,0.2882,0.5447,1.0,0.1833,0.4991,0.9344,183.3079
gdfgdag_jpg.rf.fVcB2PLxWBts72mtffpb.jpg,6,95,361,"(89, 353, 13, 16)",208,0.5551,0.3113,0.5068,1.0,0.6878,0.5088,0.4986,687.8267
gdfgdag_jpg.rf.fVcB2PLxWBts72mtffpb.jpg,7,279,372,"(195, 309, 168, 127)",21336,0.5286,0.3037,0.5057,1.0,0.4529,0.5253,0.5799,452.9339
gdfgdag_jpg.rf.fVcB2PLxWBts72mtffpb.jpg,8,480,314,"(474, 305, 12, 19)",228,0.5178,0.2985,0.5264,1.0,0.2913,0.5032,0.6922,291.2695
gdfgdag_jpg.rf.fVcB2PLxWBts72mtffpb.jpg,9,416,337,"(365, 282, 102, 110)",11220,0.5348,0.3037,0.4862,1.0,0.583,0.5263,0.4917,583.0467
gdfgdag_jpg.rf.fVcB2PLxWBts72mtffpb.jpg,10,151,261,"(142, 240, 19, 43)",817,0.515,0.2926,0.4818,1.0,0.4396,0.5082,0.8592,439.5836
gdfgdag_jpg.rf.fVcB2PLxWBts72mtffpb.jpg,11,249,238,"(245, 226, 9, 24)",216,0.5268,0.3068,0.482,1.0,0.5073,0.5009,0.7196,507.2798
gdfgdag_jpg.rf.fVcB2PLxWBts72mtffpb.jpg,12,176,236,"(170, 226, 13, 21)",273,0.554,0.3037,0.5363,1.0,0.5999,0.5121,0.5952,599.8591
gdfgdag_jpg.rf.fVcB2PLxWBts72mtffpb.jpg,13,360,190,"(342, 175, 36, 30)",1080,0.5185,0.3037,0.4702,1.0,0.4762,0.5105,0.5977,476.2115
gdfgdag_jpg.rf.fVcB2PLxWBts72mtffpb.jpg,14,395,174,"(390, 167, 10, 15)",150,0.5488,0.2978,0.5207,1.0,0.6228,0.5022,0.6347,622.7505
gdfgdag_jpg.rf.fVcB2PLxWBts72mtffpb.jpg,15,232,170,"(226, 165, 12, 11)",132,0.5269,0.2985,0.5379,1.0,0.3417,0.5051,0.6467,341.747
gdfgdag_jpg.rf.fVcB2PLxWBts72mtffpb.jpg,16,263,162,"(256, 151, 14, 22)",308,0.5249,0.3037,0.5054,1.0,0.4175,0.5057,0.7805,417.5424
gdfgdag_jpg.rf.fVcB2PLxWBts72mtffpb.jpg,17,132,179,"(73, 150, 118, 59)",6962,0.5156,0.3037,0.488,1.0,0.3853,0.5161,0.7055,385.2949
gdfgdag_jpg.rf.fVcB2PLxWBts72mtffpb.jpg,18,442,156,"(437, 148, 11, 16)",176,0.5313,0.2985,0.5396,1.0,0.3796,0.5095,0.5388,379.6056
gdfgdag_jpg.rf.fVcB2PLxWBts72mtffpb.jpg,19,57,143,"(53, 136, 9, 15)",135,0.5616,0.3037,0.5425,1.0,0.6549,0.505,0.5961,654.863
gdfgdag_jpg.rf.fVcB2PLxWBts72mtffpb.jpg,20,224,128,"(220, 122, 8, 13)",104,0.557,0.3037,0.5424,1.0,0.6088,0.5079,0.502,608.819
gdfgdag_jpg.rf.fVcB2PLxWBts72mtffpb.jpg,21,388,125,"(381, 113, 15, 24)",360,0.564,0.3037,0.5355,1.0,0.7027,0.5116,0.7315,702.7251
gdfgdag_jpg.rf.fVcB2PLxWBts72mtffpb.jpg,22,506,113,"(501, 108, 11, 10)",110,0.502,0.2958,0.4696,1.0,0.3411,0.5004,0.9626,341.0895
gdfgdag_jpg.rf.fVcB2PLxWBts72mtffpb.jpg,23,229,99,"(224, 93, 10, 12)",120,0.546,0.2931,0.5245,1.0,0.5982,0.5073,0.7178,598.2405
gdfgdag_jpg.rf.fVcB2PLxWBts72mtffpb.jpg,24,412,98,"(401, 92, 23, 13)",299,0.5398,0.3077,0.5325,1.0,0.4576,0.5044,0.7051,457.6391
gdfgdag_jpg.rf.fVcB2PLxWBts72mtffpb.jpg,25,454,108,"(439, 91, 30, 34)",1020,0.5362,0.3037,0.5013,1.0,0.5443,0.503,0.7376,544.2549
gdfgdag_jpg.rf.fVcB2PLxWBts72mtffpb.jpg,26,301,101,"(285, 78, 33, 46)",1518,0.5314,0.3037,0.4814,1.0,0.5657,0.5066,0.7291,565.7156
gdhn_jpg.rf.H5G3cERCRIcZx9It7q6B.jpg,1,333,293,"(323, 248, 20, 91)",1820,0.5552,0.3179,0.5088,1.0,0.6581,0.5002,0.6511,658.092
ghdnbf_jpg.rf.TD45GVHfeH0LvYm1h7H3.jpg,1,222,380,"(214, 372, 16, 17)",272,0.689,0.9435,0.4899,0.8251,0.223,0.5107,0.165,222.965
ghdnbf_jpg.rf.TD45GVHfeH0LvYm1h7H3.jpg,2,258,335,"(229, 328, 59, 15)",885,0.7251,0.9435,0.4871,1.0,0.2441,0.5064,0.5055,244.0948
ghdnbf_jpg.rf.TD45GVHfeH0LvYm1h7H3.jpg,3,196,330,"(179, 319, 35, 22)",770,0.717,0.9435,0.4782,1.0,0.1936,0.5083,0.296,193.5706
ghdnbf_jpg.rf.TD45GVHfeH0LvYm1h7H3.jpg,4,192,281,"(149, 265, 87, 32)",2784,0.7039,0.8911,0.4937,1.0,0.1922,0.507,0.2674,192.1504
ghndbfvd_jpg.rf.DFeQHQ3U81HXRzBfKTad.jpg,1,150,398,"(140, 390, 21, 16)",336,0.7399,1.0,0.4858,1.0,0.1983,0.5167,0.2803,198.2818
ghndbfvd_jpg.rf.DFeQHQ3U81HXRzBfKTad.jpg,2,255,387,"(245, 379, 21, 16)",336,0.7699,1.0,0.4815,1.0,0.5141,0.5248,0.75,514.0884
ghndbfvd_jpg.rf.DFeQHQ3U81HXRzBfKTad.jpg,3,133,384,"(125, 378, 17, 13)",221,0.7329,0.9733,0.4946,1.0,0.1908,0.5174,0.2414,190.7763
ghndbfvd_jpg.rf.DFeQHQ3U81HXRzBfKTad.jpg,4,51,336,"(46, 332, 11, 8)",88,0.6915,0.9388,0.4912,0.8913,0.1275,0.5052,0.1783,127.5442
hdnf_jpg.rf.DPIWFppUEvLbXIMWKzJZ.jpg,1,257,246,"(244, 225, 27, 42)",1134,0.722,0.9435,0.4881,1.0,0.2093,0.4992,0.2631,209.2614
hdnf_jpg.rf.DPIWFppUEvLbXIMWKzJZ.jpg,2,275,233,"(270, 224, 11, 18)",198,0.7386,0.96,0.5256,1.0,0.1861,0.504,0.2232,186.0928
hdngfb_jpg.rf.EOHCcK5NgimWoo0RKOCt.jpg,1,317,506,"(313, 500, 8, 12)",96,0.7179,0.9538,0.5217,1.0,0.015,0.5004,0.5056,15.0247
hdngfb_jpg.rf.EOHCcK5NgimWoo0RKOCt.jpg,2,497,50,"(482, 38, 30, 24)",720,0.7382,1.0,0.5318,1.0,0.021,0.5215,0.7469,21.0205
hdngfb_jpg.rf.EOHCcK5NgimWoo0RKOCt.jpg,3,501,4,"(491, 0, 21, 9)",189,0.5248,1.0,0.4989,0.0,0.0022,0.5122,0.0,2.2193
hfgd_jpg.rf.bce2gPvErYYEqqPDyh9l.jpg,1,402,379,"(396, 357, 12, 44)",528,0.5891,0.5485,0.5508,1.0,0.0431,0.4876,0.2909,43.1393
hfgd_jpg.rf.bce2gPvErYYEqqPDyh9l.jpg,2,252,332,"(249, 324, 6, 17)",102,0.4915,0.2841,0.541,1.0,0.0268,0.4964,0.567,26.7514
hfgd_jpg.rf.bce2gPvErYYEqqPDyh9l.jpg,3,44,166,"(39, 148, 11, 37)",407,0.4988,0.2943,0.5562,1.0,0.0107,0.4927,0.7152,10.662
hfgd_jpg.rf.bce2gPvErYYEqqPDyh9l.jpg,4,142,51,"(137, 41, 11, 20)",220,0.5827,0.9499,0.519,0.3329,0.0204,0.4985,0.0666,20.3958
hfgd_jpg.rf.bce2gPvErYYEqqPDyh9l.jpg,5,195,52,"(188, 37, 14, 31)",434,0.7097,0.9538,0.4995,1.0,0.0098,0.4948,0.246,9.8436
hgdn_jpg.rf.j70LbB5juiWovFNeso0J.jpg,1,291,225,"(283, 208, 17, 35)",595,0.5062,0.3127,0.5164,1.0,0.1599,0.5044,0.81,159.9361
hgndf_jpg.rf.CIS5H1Z7qcHcp9TJN0lO.jpg,1,129,509,"(121, 506, 17, 6)",102,0.7225,0.9538,0.5111,1.0,0.0973,0.5018,0.7586,97.3415
hgndf_jpg.rf.CIS5H1Z7qcHcp9TJN0lO.jpg,2,424,505,"(408, 499, 33, 13)",429,0.6695,0.7387,0.4819,1.0,0.4227,0.5072,0.7906,422.6943
hgndf_jpg.rf.CIS5H1Z7qcHcp9TJN0lO.jpg,3,159,477,"(149, 466, 21, 23)",483,0.7176,0.9627,0.4853,1.0,0.1081,0.5091,0.6502,108.1183
hgndf_jpg.rf.CIS5H1Z7qcHcp9TJN0lO.jpg,4,387,456,"(381, 447, 12, 18)",216,0.7343,0.9544,0.4671,1.0,0.3681,0.5046,0.4014,368.0556
hgndf_jpg.rf.CIS5H1Z7qcHcp9TJN0lO.jpg,5,9,450,"(0, 440, 19, 20)",380,0.5939,0.5549,0.4761,1.0,0.3305,0.5046,0.3688,330.5273
hgndf_jpg.rf.CIS5H1Z7qcHcp9TJN0lO.jpg,6,220,431,"(215, 425, 11, 12)",132,0.7417,0.9684,0.4689,1.0,0.3867,0.4962,0.6214,386.7476
hgndf_jpg.rf.CIS5H1Z7qcHcp9TJN0lO.jpg,7,171,430,"(164, 422, 14, 17)",238,0.7279,0.9659,0.4893,1.0,0.1859,0.5017,0.5239,185.8558
hgndf_jpg.rf.CIS5H1Z7qcHcp9TJN0lO.jpg,8,368,415,"(360, 404, 16, 23)",368,0.5249,0.2984,0.5608,1.0,0.2418,0.4991,0.8133,241.7825
hgndf_jpg.rf.CIS5H1Z7qcHcp9TJN0lO.jpg,9,109,413,"(103, 403, 13, 20)",260,0.6443,0.6605,0.4947,1.0,0.3996,0.5143,0.64,399.5898
hgndf_jpg.rf.CIS5H1Z7qcHcp9TJN0lO.jpg,10,61,412,"(26, 388, 71, 49)",3479,0.6976,0.8792,0.4748,1.0,0.2374,0.5154,0.6964,237.408
hgndf_jpg.rf.CIS5H1Z7qcHcp9TJN0lO.jpg,11,394,392,"(387, 384, 14, 16)",224,0.5062,0.2827,0.547,1.0,0.158,0.4916,0.8874,157.996
hgndf_jpg.rf.CIS5H1Z7qcHcp9TJN0lO.jpg,12,191,382,"(184, 376, 14, 13)",182,0.6998,0.8911,0.502,0.9538,0.2151,0.5037,0.1908,215.0956
hgndf_jpg.rf.CIS5H1Z7qcHcp9TJN0lO.jpg,13,464,433,"(417, 371, 95, 125)",11875,0.6311,0.7214,0.4746,1.0,0.1249,0.4929,0.6704,124.8742
hgndf_jpg.rf.CIS5H1Z7qcHcp9TJN0lO.jpg,14,16,364,"(8, 357, 17, 14)",238,0.7367,0.9544,0.4935,1.0,0.2995,0.5088,0.6963,299.5362
hgndf_jpg.rf.CIS5H1Z7qcHcp9TJN0lO.jpg,15,36,362,"(31, 356, 11, 12)",132,0.7369,0.9684,0.521,1.0,0.1568,0.5031,0.837,156.7853
hgndf_jpg.rf.CIS5H1Z7qcHcp9TJN0lO.jpg,16,70,361,"(62, 352, 16, 19)",304,0.7141,0.9656,0.4674,1.0,0.1255,0.5119,0.9585,125.4696
hgndf_jpg.rf.CIS5H1Z7qcHcp9TJN0lO.jpg,17,193,354,"(187, 350, 12, 9)",108,0.5363,0.3804,0.5013,1.0,0.2767,0.5017,0.5893,276.6961
hgndf_jpg.rf.CIS5H1Z7qcHcp9TJN0lO.jpg,18,110,343,"(105, 337, 10, 13)",130,0.7285,0.9684,0.4954,1.0,0.1615,0.5075,0.8818,161.4814
hgndf_jpg.rf.CIS5H1Z7qcHcp9TJN0lO.jpg,19,43,330,"(0, 313, 87, 35)",3045,0.718,0.9656,0.4728,1.0,0.1453,0.5102,0.784,145.2882
hgndf_jpg.rf.CIS5H1Z7qcHcp9TJN0lO.jpg,20,344,235,"(337, 226, 15, 18)",270,0.4591,0.0271,0.5224,1.0,0.6675,0.493,0.6235,667.451
hgndf_jpg.rf.CIS5H1Z7qcHcp9TJN0lO.jpg,21,57,228,"(53, 223, 8, 10)",80,0.6446,0.7284,0.4958,1.0,0.161,0.506,0.7977,160.9797
hgndf_jpg.rf.CIS5H1Z7qcHcp9TJN0lO.jpg,22,392,181,"(386, 175, 13, 13)",169,0.4768,0.0271,0.4781,1.0,1.0,0.494,0.3392,1883.7788
hgndf_jpg.rf.CIS5H1Z7qcHcp9TJN0lO.jpg,23,473,175,"(456, 161, 34, 28)",952,0.5945,0.6621,0.4493,1.0,0.055,0.5019,0.9065,54.9547
hgndf_jpg.rf.CIS5H1Z7qcHcp9TJN0lO.jpg,24,49,180,"(14, 148, 70, 64)",4480,0.7023,0.9627,0.4545,1.0,0.0625,0.5214,0.6784,62.479
hgndf_jpg.rf.CIS5H1Z7qcHcp9TJN0lO.jpg,25,19,152,"(12, 147, 15, 11)",165,0.7176,0.9684,0.4966,1.0,0.0486,0.5044,0.7987,48.6153
hgndf_jpg.rf.CIS5H1Z7qcHcp9TJN0lO.jpg,26,370,125,"(360, 114, 20, 22)",440,0.6525,0.7355,0.4322,1.0,0.4376,0.5107,0.6838,437.6047
hgndf_jpg.rf.CIS5H1Z7qcHcp9TJN0lO.jpg,27,12,118,"(1, 108, 22, 21)",462,0.6126,0.6659,0.494,1.0,0.066,0.4981,0.813,65.9526
hgndf_jpg.rf.CIS5H1Z7qcHcp9TJN0lO.jpg,28,92,100,"(85, 93, 14, 14)",196,0.6842,0.8477,0.4751,1.0,0.2115,0.5136,0.5399,211.5239
hgndf_jpg.rf.CIS5H1Z7qcHcp9TJN0lO.jpg,29,389,92,"(383, 83, 12, 18)",216,0.7358,0.9684,0.49,1.0,0.2541,0.4989,0.5486,254.0787
hgndf_jpg.rf.CIS5H1Z7qcHcp9TJN0lO.jpg,30,311,92,"(302, 82, 19, 20)",380,0.6546,0.6779,0.4772,1.0,0.5031,0.5029,0.7339,503.0997
hgndf_jpg.rf.CIS5H1Z7qcHcp9TJN0lO.jpg,31,247,79,"(241, 73, 13, 12)",156,0.6406,0.6641,0.5171,1.0,0.2717,0.5022,0.4717,271.75
hgndf_jpg.rf.CIS5H1Z7qcHcp9TJN0lO.jpg,32,72,76,"(64, 71, 16, 11)",176,0.6171,0.6675,0.4871,1.0,0.1296,0.5001,0.6196,129.6058
hgndf_jpg.rf.CIS5H1Z7qcHcp9TJN0lO.jpg,33,507,81,"(503, 70, 9, 23)",207,0.6257,0.7352,0.4718,1.0,0.0324,0.5024,0.939,32.4034
hgndf_jpg.rf.CIS5H1Z7qcHcp9TJN0lO.jpg,34,356,79,"(349, 65, 15, 29)",435,0.728,0.9491,0.4878,1.0,0.2513,0.51,0.5447,251.2653
hgndf_jpg.rf.CIS5H1Z7qcHcp9TJN0lO.jpg,35,279,73,"(266, 63, 26, 20)",520,0.5185,0.3823,0.4817,1.0,0.1608,0.5088,0.7294,160.7912
hgndf_jpg.rf.CIS5H1Z7qcHcp9TJN0lO.jpg,36,109,60,"(101, 54, 16, 13)",208,0.7177,0.9684,0.4962,1.0,0.0506,0.5011,0.68,50.6005
hgndf_jpg.rf.CIS5H1Z7qcHcp9TJN0lO.jpg,37,319,45,"(313, 33, 13, 24)",312,0.6095,0.6665,0.4833,1.0,0.0706,0.5061,0.6944,70.6482
hgndf_jpg.rf.CIS5H1Z7qcHcp9TJN0lO.jpg,38,462,24,"(452, 12, 21, 24)",504,0.6213,0.6727,0.493,1.0,0.1337,0.5043,0.6229,133.726
hgndf_jpg.rf.CIS5H1Z7qcHcp9TJN0lO.jpg,39,505,9,"(499, 0, 13, 19)",247,0.7268,0.9684,0.4961,1.0,0.1427,0.5088,0.5495,142.655
hgndf_jpg.rf.CIS5H1Z7qcHcp9TJN0lO.jpg,40,372,12,"(364, 0, 16, 25)",400,0.7385,0.9684,0.514,1.0,0.1969,0.5003,0.6279,196.8613
hgndf_jpg.rf.CIS5H1Z7qcHcp9TJN0lO.jpg,41,238,25,"(211, 0, 54, 50)",2700,0.6321,0.7274,0.4727,1.0,0.1209,0.5068,0.7849,120.9488
hgndf_jpg.rf.CIS5H1Z7qcHcp9TJN0lO.jpg,42,175,5,"(162, 0, 27, 10)",270,0.7173,0.9656,0.4982,1.0,0.0499,0.5046,0.6699,49.9132
hrgfda_jpg.rf.I09g3WyEIsTTUyvFmCAu.jpg,1,222,130,"(210, 121, 25, 18)",450,0.5368,0.3037,0.5105,1.0,0.5187,0.507,0.5883,518.6939
htygrs_jpg.rf.npn0IeJtDnAbzq2kbknu.jpg,1,458,457,"(451, 451, 14, 13)",182,0.7933,0.9512,0.4881,1.0,0.8951,0.507,0.7523,895.1165
htygrs_jpg.rf.npn0IeJtDnAbzq2kbknu.jpg,2,498,434,"(485, 420, 27, 29)",783,0.6526,0.7974,0.48,1.0,0.0549,0.5073,1.0,54.8878
htygrs_jpg.rf.npn0IeJtDnAbzq2kbknu.jpg,3,394,355,"(378, 345, 33, 21)",693,0.6403,0.7322,0.4642,1.0,0.2157,0.5166,0.8492,215.7027
htygrs_jpg.rf.npn0IeJtDnAbzq2kbknu.jpg,4,33,341,"(27, 333, 12, 17)",204,0.7264,0.9627,0.5139,1.0,0.0959,0.5079,0.648,95.8677
htygrs_jpg.rf.npn0IeJtDnAbzq2kbknu.jpg,5,505,174,"(498, 157, 14, 34)",476,0.6345,0.723,0.5016,1.0,0.0589,0.5033,1.0,58.9021
htygrs_jpg.rf.npn0IeJtDnAbzq2kbknu.jpg,6,3,131,"(0, 125, 7, 13)",91,0.639,0.7284,0.4987,1.0,0.095,0.5035,0.9908,95.0461
htygrs_jpg.rf.npn0IeJtDnAbzq2kbknu.jpg,7,491,104,"(484, 95, 14, 19)",266,0.6407,0.7352,0.4903,1.0,0.1178,0.504,0.9504,117.7996
htygrs_jpg.rf.npn0IeJtDnAbzq2kbknu.jpg,8,284,35,"(278, 27, 13, 16)",208,0.7208,0.9511,0.5222,1.0,0.0512,0.5009,0.9114,51.179
htygrs_jpg.rf.npn0IeJtDnAbzq2kbknu.jpg,9,502,26,"(493, 10, 19, 32)",608,0.6368,0.7274,0.5049,1.0,0.0555,0.506,0.9536,55.4511
htygrs_jpg.rf.npn0IeJtDnAbzq2kbknu.jpg,10,185,26,"(178, 8, 14, 36)",504,0.736,0.9656,0.4887,1.0,0.2702,0.4943,0.8277,270.2078
htygrs_jpg.rf.npn0IeJtDnAbzq2kbknu.jpg,11,439,12,"(421, 0, 36, 25)",900,0.6441,0.7214,0.503,1.0,0.1558,0.5048,0.8138,155.7705
htygrs_jpg.rf.npn0IeJtDnAbzq2kbknu.jpg,12,247,12,"(242, 0, 10, 24)",240,0.7018,0.8765,0.5343,1.0,0.0803,0.5044,0.5227,80.2922
htygrs_jpg.rf.npn0IeJtDnAbzq2kbknu.jpg,13,138,7,"(131, 0, 14, 15)",210,0.6438,0.7024,0.5295,1.0,0.1265,0.4925,0.7051,126.4503
htygrs_jpg.rf.npn0IeJtDnAbzq2kbknu.jpg,14,62,26,"(45, 0, 34, 52)",1768,0.631,0.7352,0.482,1.0,0.0502,0.5159,0.9277,50.1768
htygrs_jpg.rf.npn0IeJtDnAbzq2kbknu.jpg,15,18,24,"(0, 0, 37, 48)",1776,0.6191,0.7352,0.4467,1.0,0.0548,0.5081,0.9991,54.7743
iStock-1456843284-how-to-grow-saffron-Saffron-crocus-flower-with-red-stigmas-on-a-blurred-natural-background_webp.rf.92dhL0nLNDgcuQFHCdaf.jpg,1,321,453,"(303, 427, 36, 53)",1908,0.7088,0.9541,0.4966,1.0,0.0106,0.5067,0.6324,10.5848
il_570xN-2999244286_mvac_webp.rf.FtvJ1n0OTqskOYhYMT3L.jpg,1,291,405,"(279, 400, 25, 11)",275,0.5648,0.3167,0.4981,1.0,0.7958,0.5041,0.9307,795.8026
images---2022-08-07T114843-992_jpg.rf.p12kCMfzdqyDHtUS89DY.jpg,1,208,244,"(166, 166, 84, 157)",13188,0.582,0.5339,0.4834,1.0,0.2594,0.5196,0.4207,259.4291
images---2022-08-07T114843-992_jpg.rf.p12kCMfzdqyDHtUS89DY.jpg,2,60,234,"(21, 165, 78, 139)",10842,0.5928,0.5497,0.5026,1.0,0.245,0.5187,0.4954,245.0486
images---2022-08-07T114843-992_jpg.rf.p12kCMfzdqyDHtUS89DY.jpg,3,76,82,"(51, 37, 51, 90)",4590,0.554,0.5327,0.4762,1.0,0.0088,0.5101,0.6369,8.7566
images---2022-08-07T114843-992_jpg.rf.p12kCMfzdqyDHtUS89DY.jpg,4,247,45,"(213, 0, 69, 91)",6279,0.5593,0.5269,0.4986,1.0,0.0044,0.5149,0.6328,4.4195
images---2022-08-07T114844-023_jpg.rf.5kUhRhz8ajlhYyRSpUgC.jpg,1,215,316,"(209, 304, 12, 25)",300,0.7603,0.9688,0.4491,1.0,0.6401,0.5081,0.6993,640.0998
images---2022-08-07T114844-023_jpg.rf.5kUhRhz8ajlhYyRSpUgC.jpg,2,327,214,"(311, 207, 33, 14)",462,0.4939,0.2944,0.4832,1.0,0.2168,0.5127,0.5991,216.7598
images---2022-08-07T114844-023_jpg.rf.5kUhRhz8ajlhYyRSpUgC.jpg,3,326,186,"(317, 175, 18, 23)",414,0.5145,0.3061,0.4684,1.0,0.4346,0.512,0.3543,434.5866
images---2022-08-07T114844-023_jpg.rf.5kUhRhz8ajlhYyRSpUgC.jpg,4,392,72,"(386, 55, 13, 34)",442,0.6611,0.7387,0.4782,1.0,0.3518,0.5031,0.9896,351.8021
images---2022-08-07T114844-023_jpg.rf.5kUhRhz8ajlhYyRSpUgC.jpg,5,387,21,"(382, 16, 10, 11)",110,0.6627,0.7387,0.4906,1.0,0.3247,0.5006,0.9486,324.6742
images---2022-08-07T114844-146_jpg.rf.iicAzrlJpqcKce6UhHsJ.jpg,1,112,289,"(83, 230, 58, 118)",6844,0.5299,0.3037,0.4669,1.0,0.6022,0.5211,0.6112,602.2398
images---2022-08-07T114844-207_jpg.rf.tgUFPEITKftP2m49xCDn.jpg,1,164,156,"(159, 144, 11, 25)",275,0.4849,0.2985,0.4661,1.0,0.1732,0.507,0.6604,173.1549
images---2022-08-07T114844-270_jpg.rf.0B1mdWh7P0QHUqyMaonD.jpg,1,120,338,"(107, 293, 27, 91)",2457,0.5468,0.3037,0.4682,1.0,0.7662,0.5089,0.3734,766.1729
images---2022-08-07T114844-270_jpg.rf.0B1mdWh7P0QHUqyMaonD.jpg,2,410,296,"(400, 284, 21, 25)",525,0.5362,0.3179,0.4761,1.0,0.583,0.5105,0.5094,582.959
images---2022-08-07T114844-270_jpg.rf.0B1mdWh7P0QHUqyMaonD.jpg,3,486,156,"(477, 148, 19, 16)",304,0.8002,0.9715,0.4859,1.0,0.9006,0.5064,0.371,900.5798
images---2022-08-07T114844-270_jpg.rf.0B1mdWh7P0QHUqyMaonD.jpg,4,49,152,"(12, 120, 74, 64)",4736,0.5922,0.5473,0.508,1.0,0.228,0.5123,0.4048,228.0148
images---2022-08-07T114844-270_jpg.rf.0B1mdWh7P0QHUqyMaonD.jpg,5,122,129,"(106, 114, 32, 30)",960,0.5191,0.3127,0.5256,1.0,0.257,0.506,0.7662,257.0359
images---2022-08-07T114844-270_jpg.rf.0B1mdWh7P0QHUqyMaonD.jpg,6,229,97,"(220, 85, 18, 24)",432,0.5541,0.3179,0.513,1.0,0.6327,0.5078,0.5009,632.6785
images---2022-08-07T114844-270_jpg.rf.0B1mdWh7P0QHUqyMaonD.jpg,7,160,128,"(111, 48, 99, 160)",15840,0.4996,0.3127,0.4773,1.0,0.2309,0.5142,0.5122,230.8757
images---2022-08-07T114844-270_jpg.rf.0B1mdWh7P0QHUqyMaonD.jpg,8,73,78,"(37, 44, 72, 68)",4896,0.5206,0.3127,0.5538,1.0,0.1738,0.505,0.6104,173.838
images---2022-08-07T114844-299_jpg.rf.xyfIxkoa4rqKLVeugb6m.jpg,1,302,268,"(290, 261, 25, 15)",375,0.4678,0.1215,0.4982,0.8959,0.7171,0.4859,0.1792,717.0976
images---2022-08-07T114844-330_jpg.rf.zbYjkOPJHTtUqQna5XDo.jpg,1,115,230,"(110, 224, 10, 13)",130,0.7197,0.9627,0.4961,1.0,0.0905,0.5022,0.2109,90.5466
images---2022-08-07T114844-361_jpg.rf.ymgEdDxe11mrvTc0ldL7.jpg,1,232,434,"(225, 426, 14, 16)",224,0.7574,0.9864,0.4898,1.0,0.407,0.5188,0.419,407.0247
images---2022-08-07T114844-361_jpg.rf.ymgEdDxe11mrvTc0ldL7.jpg,2,474,343,"(468, 339, 12, 9)",108,0.6267,1.0,0.4864,0.4365,0.1913,0.5039,0.0873,191.2821
images---2022-08-07T114844-361_jpg.rf.ymgEdDxe11mrvTc0ldL7.jpg,3,303,359,"(262, 321, 82, 77)",6314,0.7555,1.0,0.4577,1.0,0.4533,0.5336,0.505,453.3204
images---2022-08-07T114844-361_jpg.rf.ymgEdDxe11mrvTc0ldL7.jpg,4,131,298,"(104, 247, 55, 103)",5665,0.5941,0.5486,0.4968,1.0,0.2821,0.5312,0.6761,282.1036
images---2022-08-07T114844-361_jpg.rf.ymgEdDxe11mrvTc0ldL7.jpg,5,120,228,"(115, 222, 10, 13)",130,0.5915,0.5233,0.5783,1.0,0.0597,0.503,0.76,59.7019
images---2022-08-07T114844-391_jpg.rf.M0A4GkMiVkBjJa5M1DUf.jpg,1,236,318,"(186, 256, 100, 125)",12500,0.489,0.3061,0.4731,1.0,0.1628,0.5246,0.5569,162.8156
images---2022-08-07T114844-422_jpg.rf.BxC6bZUGImH6cFLyIW01.jpg,1,190,455,"(186, 449, 8, 13)",104,0.7527,0.9544,0.4794,1.0,0.5085,0.5042,0.384,508.5357
images---2022-08-07T114844-513_jpg.rf.Nw8blVkaYEBMniZsZt6d.jpg,1,425,505,"(418, 498, 15, 14)",210,0.7187,0.9538,0.5236,1.0,0.0162,0.5006,0.5722,16.1888
images---2022-08-07T114844-513_jpg.rf.Nw8blVkaYEBMniZsZt6d.jpg,2,501,479,"(491, 472, 21, 15)",315,0.7157,0.9499,0.5175,1.0,0.0214,0.5012,0.9931,21.3967
images---2022-08-07T114844-513_jpg.rf.Nw8blVkaYEBMniZsZt6d.jpg,3,103,478,"(95, 468, 17, 20)",340,0.7184,0.9606,0.5107,1.0,0.0342,0.5097,0.9181,34.1823
images---2022-08-07T114844-513_jpg.rf.Nw8blVkaYEBMniZsZt6d.jpg,4,182,487,"(126, 463, 113, 49)",5537,0.7136,0.9606,0.4882,1.0,0.0647,0.5057,0.9551,64.7396
images---2022-08-07T114844-513_jpg.rf.Nw8blVkaYEBMniZsZt6d.jpg,5,35,482,"(0, 452, 71, 60)",4260,0.7119,0.9499,0.5064,1.0,0.0223,0.5116,0.9134,22.3011
images---2022-08-07T114844-513_jpg.rf.Nw8blVkaYEBMniZsZt6d.jpg,6,298,480,"(272, 449, 52, 63)",3276,0.7253,0.9684,0.509,1.0,0.0824,0.5093,0.8261,82.379
images---2022-08-07T114844-513_jpg.rf.Nw8blVkaYEBMniZsZt6d.jpg,7,332,453,"(326, 448, 12, 10)",120,0.7097,0.9538,0.484,1.0,0.0649,0.5073,1.0,64.9248
images---2022-08-07T114844-513_jpg.rf.Nw8blVkaYEBMniZsZt6d.jpg,8,236,455,"(231, 446, 11, 18)",198,0.7361,0.9715,0.5018,1.0,0.2044,0.5026,0.9217,204.4153
images---2022-08-07T114844-513_jpg.rf.Nw8blVkaYEBMniZsZt6d.jpg,9,37,452,"(29, 445, 16, 15)",240,0.7182,0.9606,0.4933,1.0,0.0931,0.5087,0.9206,93.0676
images---2022-08-07T114844-513_jpg.rf.Nw8blVkaYEBMniZsZt6d.jpg,10,376,464,"(340, 436, 73, 56)",4088,0.7208,0.9628,0.504,1.0,0.0745,0.5126,0.7637,74.4849
images---2022-08-07T114844-513_jpg.rf.Nw8blVkaYEBMniZsZt6d.jpg,11,5,435,"(0, 431, 11, 8)",88,0.7333,0.9538,0.5252,1.0,0.1567,0.5046,0.9735,156.6627
images---2022-08-07T114844-513_jpg.rf.Nw8blVkaYEBMniZsZt6d.jpg,12,330,434,"(325, 428, 10, 13)",130,0.7177,0.9538,0.5133,1.0,0.0423,0.5105,0.9964,42.2538
images---2022-08-07T114844-513_jpg.rf.Nw8blVkaYEBMniZsZt6d.jpg,13,461,443,"(422, 418, 79, 50)",3950,0.7229,0.9684,0.4812,1.0,0.1552,0.5115,0.8506,155.1581
images---2022-08-07T114844-513_jpg.rf.Nw8blVkaYEBMniZsZt6d.jpg,14,62,432,"(42, 414, 40, 37)",1480,0.7217,0.9606,0.5018,1.0,0.0985,0.5106,0.7936,98.5165
images---2022-08-07T114844-513_jpg.rf.Nw8blVkaYEBMniZsZt6d.jpg,15,63,404,"(56, 398, 14, 13)",182,0.7099,0.9606,0.478,1.0,0.0639,0.5086,0.8108,63.8826
images---2022-08-07T114844-513_jpg.rf.Nw8blVkaYEBMniZsZt6d.jpg,16,118,393,"(112, 388, 12, 10)",120,0.7315,0.9538,0.549,1.0,0.0547,0.5063,1.0,54.7475
images---2022-08-07T114844-513_jpg.rf.Nw8blVkaYEBMniZsZt6d.jpg,17,209,402,"(201, 385, 17, 34)",578,0.7028,0.7387,0.4803,1.0,0.7616,0.506,0.7766,761.5938
images---2022-08-07T114844-513_jpg.rf.Nw8blVkaYEBMniZsZt6d.jpg,18,145,376,"(129, 366, 32, 20)",640,0.734,0.9647,0.4983,1.0,0.2193,0.5092,0.9176,219.3138
images---2022-08-07T114844-513_jpg.rf.Nw8blVkaYEBMniZsZt6d.jpg,19,35,374,"(26, 364, 18, 20)",360,0.7109,0.9606,0.4904,1.0,0.0299,0.5092,0.9344,29.9332
images---2022-08-07T114844-513_jpg.rf.Nw8blVkaYEBMniZsZt6d.jpg,20,7,373,"(0, 351, 15, 45)",675,0.7217,0.9606,0.522,1.0,0.0274,0.504,0.9156,27.4339
images---2022-08-07T114844-513_jpg.rf.Nw8blVkaYEBMniZsZt6d.jpg,21,47,351,"(38, 343, 19, 17)",323,0.7264,0.9606,0.5395,1.0,0.0132,0.5046,1.0,13.1825
images---2022-08-07T114844-513_jpg.rf.Nw8blVkaYEBMniZsZt6d.jpg,22,338,376,"(323, 338, 31, 77)",2387,0.5063,0.3127,0.5526,1.0,0.035,0.521,0.7154,35.0165
images---2022-08-07T114844-513_jpg.rf.Nw8blVkaYEBMniZsZt6d.jpg,23,461,323,"(435, 303, 52, 40)",2080,0.5067,0.3036,0.5691,1.0,0.013,0.5234,0.9165,13.0163
images---2022-08-07T114844-513_jpg.rf.Nw8blVkaYEBMniZsZt6d.jpg,24,27,307,"(12, 281, 31, 53)",1643,0.6119,0.6612,0.5108,1.0,0.0171,0.5106,0.8673,17.1296
images---2022-08-07T114844-513_jpg.rf.Nw8blVkaYEBMniZsZt6d.jpg,25,300,317,"(264, 279, 73, 77)",5621,0.4863,0.3127,0.4964,1.0,0.0306,0.5307,0.7194,30.6235
images---2022-08-07T114844-513_jpg.rf.Nw8blVkaYEBMniZsZt6d.jpg,26,278,281,"(273, 271, 11, 20)",220,0.4971,0.2984,0.5235,1.0,0.0943,0.5119,0.5707,94.3375
images---2022-08-07T114844-513_jpg.rf.Nw8blVkaYEBMniZsZt6d.jpg,27,79,259,"(72, 251, 14, 17)",238,0.7236,0.9512,0.5197,1.0,0.0879,0.5089,0.7175,87.8836
images---2022-08-07T114844-513_jpg.rf.Nw8blVkaYEBMniZsZt6d.jpg,28,342,252,"(336, 246, 12, 13)",156,0.4871,0.2882,0.4955,1.0,0.1285,0.5061,0.6383,128.4983
images---2022-08-07T114844-513_jpg.rf.Nw8blVkaYEBMniZsZt6d.jpg,29,391,333,"(352, 243, 79, 180)",14220,0.5127,0.3127,0.5306,1.0,0.1754,0.525,0.6433,175.3745
images---2022-08-07T114844-513_jpg.rf.Nw8blVkaYEBMniZsZt6d.jpg,30,239,216,"(198, 168, 82, 96)",7872,0.4978,0.3127,0.4969,1.0,0.1442,0.5279,0.5618,144.163
images---2022-08-07T114844-513_jpg.rf.Nw8blVkaYEBMniZsZt6d.jpg,31,342,190,"(327, 167, 30, 47)",1410,0.4888,0.2893,0.5343,1.0,0.0051,0.5066,0.3462,5.1138
images---2022-08-07T114844-513_jpg.rf.Nw8blVkaYEBMniZsZt6d.jpg,32,104,170,"(98, 163, 12, 15)",180,0.4832,0.2934,0.5144,1.0,0.0047,0.5015,0.4938,4.7334
images---2022-08-07T114844-513_jpg.rf.Nw8blVkaYEBMniZsZt6d.jpg,33,62,205,"(22, 163, 80, 85)",6800,0.5001,0.3036,0.5514,1.0,0.0087,0.521,0.6375,8.7386
images---2022-08-07T114844-607_jpg.rf.EFDPEd4vuDKnufOmlBKb.jpg,1,357,297,"(353, 291, 9, 12)",108,0.5774,0.3179,0.4944,1.0,0.931,0.4954,0.2163,931.0072
images---2022-08-07T114844-607_jpg.rf.EFDPEd4vuDKnufOmlBKb.jpg,2,313,204,"(291, 185, 44, 38)",1672,0.5548,0.3037,0.4672,1.0,0.8502,0.5047,0.5421,850.2481
images---2022-08-07T114844-607_jpg.rf.EFDPEd4vuDKnufOmlBKb.jpg,3,359,187,"(357, 175, 5, 25)",125,0.5842,0.3179,0.494,1.0,1.0,0.5114,0.3752,1122.2861
images---2022-08-07T114844-677_jpg.rf.Xm4fQiBeHR7YuGH5h0xb.jpg,1,262,447,"(257, 440, 10, 14)",140,0.6045,0.9423,0.4879,0.472,0.0947,0.4946,0.0944,94.6956
images---2022-08-07T114844-677_jpg.rf.Xm4fQiBeHR7YuGH5h0xb.jpg,2,308,434,"(303, 416, 11, 36)",396,0.7697,0.9544,0.5234,1.0,0.525,0.5204,0.4004,524.9571
images---2022-08-07T114844-677_jpg.rf.Xm4fQiBeHR7YuGH5h0xb.jpg,3,286,404,"(280, 398, 13, 13)",169,0.5412,0.9568,0.4973,0.056,0.2108,0.4986,0.0112,210.8292
images---2022-08-07T114844-677_jpg.rf.Xm4fQiBeHR7YuGH5h0xb.jpg,4,222,362,"(217, 356, 10, 12)",120,0.4661,0.5549,0.4911,0.0,1.0,0.4933,0.0,1244.1313
images---2022-08-07T114844-677_jpg.rf.Xm4fQiBeHR7YuGH5h0xb.jpg,5,170,277,"(162, 272, 16, 11)",176,0.5114,0.3058,0.4945,1.0,0.3128,0.5156,0.5668,312.7907
images---2022-08-07T114844-707_jpg.rf.go2AzESBHXuX6sksjvPd.jpg,1,437,485,"(431, 475, 13, 21)",273,0.5245,0.3037,0.4664,1.0,0.5497,0.5067,0.5285,549.7189
images---2022-08-07T114844-707_jpg.rf.go2AzESBHXuX6sksjvPd.jpg,2,480,471,"(449, 430, 63, 82)",5166,0.5095,0.3179,0.482,1.0,0.2948,0.515,0.8111,294.7946
images---2022-08-07T114844-707_jpg.rf.go2AzESBHXuX6sksjvPd.jpg,3,201,255,"(193, 244, 17, 22)",374,0.5469,0.3037,0.4888,1.0,0.6958,0.504,0.7343,695.7553
images---2022-08-07T114844-707_jpg.rf.go2AzESBHXuX6sksjvPd.jpg,4,127,224,"(116, 216, 22, 17)",374,0.5782,0.3037,0.4912,1.0,1.0,0.5034,0.7394,1269.9398
images---2022-08-07T114844-707_jpg.rf.go2AzESBHXuX6sksjvPd.jpg,5,281,238,"(223, 210, 117, 57)",6669,0.5291,0.3113,0.4902,1.0,0.4853,0.5154,0.6624,485.3217
images---2022-08-07T114844-707_jpg.rf.go2AzESBHXuX6sksjvPd.jpg,6,347,177,"(341, 168, 12, 18)",216,0.5767,0.3037,0.4869,1.0,1.0,0.5071,0.6,1280.8299
images---2022-08-07T114844-707_jpg.rf.go2AzESBHXuX6sksjvPd.jpg,7,238,166,"(231, 153, 14, 27)",378,0.5675,0.3037,0.4789,1.0,0.9355,0.5051,0.6065,935.4757
images---2022-08-07T114844-707_jpg.rf.go2AzESBHXuX6sksjvPd.jpg,8,153,148,"(136, 128, 35, 40)",1400,0.5795,0.3113,0.4872,1.0,1.0,0.5044,0.6649,1347.146
images---2022-08-07T114844-707_jpg.rf.go2AzESBHXuX6sksjvPd.jpg,9,188,115,"(179, 110, 19, 10)",190,0.5802,0.3037,0.4968,1.0,1.0,0.5034,0.4326,1745.8885
images---2022-08-07T114844-707_jpg.rf.go2AzESBHXuX6sksjvPd.jpg,10,214,114,"(204, 100, 20, 29)",580,0.5758,0.3037,0.4844,1.0,1.0,0.5048,0.6204,1312.4054
images---2022-08-07T114844-740_jpg.rf.RmJxi7uYxpOS74nXICYN.jpg,1,346,405,"(311, 340, 70, 130)",9100,0.5081,0.3127,0.4673,1.0,0.3513,0.5139,0.6552,351.3276
images---2022-08-07T114844-773_jpg.rf.n4oelpmc2QdlAmFTs3nY.jpg,1,252,465,"(209, 427, 86, 77)",6622,0.6542,0.6641,0.4686,1.0,0.5774,0.5377,0.5008,577.3744
images---2022-08-07T114844-773_jpg.rf.n4oelpmc2QdlAmFTs3nY.jpg,2,255,276,"(221, 217, 68, 119)",8092,0.5163,0.302,0.5061,1.0,0.3341,0.518,0.3861,334.137
images---2022-08-07T114844-773_jpg.rf.n4oelpmc2QdlAmFTs3nY.jpg,3,221,206,"(211, 194, 21, 24)",504,0.7236,0.9512,0.5138,1.0,0.109,0.5098,0.4032,108.9571
images---2022-08-07T114844-773_jpg.rf.n4oelpmc2QdlAmFTs3nY.jpg,4,404,185,"(385, 145, 38, 81)",3078,0.5342,0.3179,0.4904,1.0,0.5131,0.5214,0.5796,513.1208
images---2022-08-07T114844-773_jpg.rf.n4oelpmc2QdlAmFTs3nY.jpg,5,468,146,"(452, 125, 32, 42)",1344,0.5825,0.3179,0.5165,1.0,0.9045,0.5118,0.5535,904.5294
images---2022-08-07T114844-773_jpg.rf.n4oelpmc2QdlAmFTs3nY.jpg,6,161,176,"(131, 113, 60, 127)",7620,0.7612,0.9688,0.4921,1.0,0.4986,0.5081,0.2856,498.5572
images---2022-08-07T114844-773_jpg.rf.n4oelpmc2QdlAmFTs3nY.jpg,7,429,127,"(415, 103, 28, 48)",1344,0.5761,0.3179,0.515,1.0,0.8459,0.5096,0.5954,845.9014
images---2022-08-07T114844-773_jpg.rf.n4oelpmc2QdlAmFTs3nY.jpg,8,35,68,"(31, 63, 8, 11)",88,0.7921,1.0,0.5108,1.0,0.6335,0.5097,0.9783,633.461
images---2022-08-07T114844-773_jpg.rf.n4oelpmc2QdlAmFTs3nY.jpg,9,347,145,"(313, 54, 69, 183)",12627,0.5496,0.3179,0.4687,1.0,0.7431,0.5266,0.5588,743.0771
images---2022-08-07T114844-773_jpg.rf.n4oelpmc2QdlAmFTs3nY.jpg,10,110,43,"(103, 32, 15, 22)",330,0.6875,0.7378,0.4738,1.0,0.6339,0.5154,0.8366,633.8661
images---2022-08-07T114844-773_jpg.rf.n4oelpmc2QdlAmFTs3nY.jpg,11,228,97,"(163, 17, 130, 160)",20800,0.6594,0.725,0.4827,1.0,0.3667,0.5526,0.4538,366.6623
images---2022-08-07T114844-773_jpg.rf.n4oelpmc2QdlAmFTs3nY.jpg,12,458,23,"(404, 0, 108, 47)",5076,0.5177,0.2841,0.5615,1.0,0.2172,0.5108,0.7061,217.2219
images---2022-08-07T114844-803_jpg.rf.5xbPLl7DMqyTwBpjqDzS.jpg,1,343,141,"(340, 134, 7, 14)",98,0.4768,0.0316,0.5117,1.0,0.8664,0.4894,0.3866,866.3597
images---2022-08-07T114844-803_jpg.rf.5xbPLl7DMqyTwBpjqDzS.jpg,2,213,132,"(209, 112, 9, 41)",369,0.7042,0.8911,0.5205,1.0,0.1016,0.51,0.5319,101.5897
images---2022-08-07T114844-803_jpg.rf.5xbPLl7DMqyTwBpjqDzS.jpg,3,370,92,"(365, 83, 11, 19)",209,0.5008,0.3127,0.4898,1.0,0.1994,0.511,0.7461,199.3643
images---2022-08-07T114844-836_jpg.rf.oghrJyc2iSmqkW4dg3Zz.jpg,1,299,142,"(294, 137, 11, 10)",110,0.4642,0.2791,0.4722,1.0,0.0124,0.5021,0.8281,12.3713
images---2022-08-07T114844-903_jpg.rf.xPcD15YMZDRU0qvrGHYq.jpg,1,272,55,"(268, 46, 8, 19)",152,0.529,0.3037,0.4706,1.0,0.5804,0.5049,0.7403,580.3955
images---2022-08-07T114844-937_jpg.rf.SsgkgRBzdirXqGopgHwe.jpg,1,142,364,"(124, 335, 37, 58)",2146,0.7277,0.8915,0.5031,1.0,0.3956,0.5246,0.3703,395.573
images---2022-08-07T114844-937_jpg.rf.SsgkgRBzdirXqGopgHwe.jpg,2,354,243,"(337, 229, 35, 29)",1015,0.4931,0.2893,0.5402,1.0,0.0279,0.5105,0.8817,27.9152
images---2022-08-07T114844-937_jpg.rf.SsgkgRBzdirXqGopgHwe.jpg,3,379,217,"(374, 209, 11, 17)",187,0.4901,0.2934,0.5284,1.0,0.0246,0.5036,0.9805,24.6252
images---2022-08-07T114844-937_jpg.rf.SsgkgRBzdirXqGopgHwe.jpg,4,347,201,"(320, 184, 54, 34)",1836,0.503,0.3077,0.5259,1.0,0.1129,0.511,0.9947,112.9088
images---2022-08-07T114844-937_jpg.rf.SsgkgRBzdirXqGopgHwe.jpg,5,27,78,"(22, 71, 10, 14)",140,0.7347,0.9684,0.5143,1.0,0.158,0.5013,0.5245,158.0494
images---2022-08-07T114844-937_jpg.rf.SsgkgRBzdirXqGopgHwe.jpg,6,267,38,"(263, 32, 9, 13)",117,0.5097,0.2949,0.5783,1.0,0.0413,0.5025,0.9143,41.3058
images---2022-08-07T114844-972_jpg.rf.rDPoMyKMkxSsPhbkrH9P.jpg,1,192,420,"(185, 409, 14, 23)",322,0.6251,0.6605,0.4857,1.0,0.2394,0.516,0.6934,239.4051
images---2022-08-07T114844-972_jpg.rf.rDPoMyKMkxSsPhbkrH9P.jpg,2,468,340,"(461, 333, 15, 14)",210,0.5005,0.2975,0.5099,1.0,0.1784,0.5029,0.9729,178.4015
images---2022-08-07T114844-972_jpg.rf.rDPoMyKMkxSsPhbkrH9P.jpg,3,422,298,"(405, 285, 34, 26)",884,0.5166,0.3127,0.5384,1.0,0.1871,0.5151,0.9502,187.1386
images---2022-08-07T114844-972_jpg.rf.rDPoMyKMkxSsPhbkrH9P.jpg,4,359,260,"(349, 252, 20, 17)",340,0.5292,0.3098,0.5568,1.0,0.2585,0.5223,0.9946,258.5373
images---2022-08-07T114844-972_jpg.rf.rDPoMyKMkxSsPhbkrH9P.jpg,5,318,244,"(310, 239, 17, 11)",187,0.6555,0.772,0.5235,1.0,0.0209,0.5059,0.2879,20.8808
images---2022-08-07T114844-972_jpg.rf.rDPoMyKMkxSsPhbkrH9P.jpg,6,314,205,"(307, 197, 14, 16)",224,0.6498,0.7207,0.547,1.0,0.0607,0.5092,0.6745,60.6972
images---2022-08-07T114844-972_jpg.rf.rDPoMyKMkxSsPhbkrH9P.jpg,7,388,166,"(384, 155, 9, 22)",198,0.7126,0.9538,0.5059,1.0,0.0165,0.5099,1.0,16.4744
images---2022-08-07T114844-972_jpg.rf.rDPoMyKMkxSsPhbkrH9P.jpg,8,398,95,"(391, 87, 15, 17)",255,0.625,0.7144,0.4973,1.0,0.0093,0.5093,1.0,9.2592
images---2022-08-07T114844-972_jpg.rf.rDPoMyKMkxSsPhbkrH9P.jpg,9,306,127,"(248, 77, 116, 101)",11716,0.4822,0.3127,0.4562,1.0,0.131,0.5096,0.6814,131.0308
images---2022-08-07T114844-972_jpg.rf.rDPoMyKMkxSsPhbkrH9P.jpg,10,264,48,"(257, 43, 14, 10)",140,0.7173,0.9314,0.5032,1.0,0.1524,0.5107,0.9336,152.4009
images---2022-08-07T114844-972_jpg.rf.rDPoMyKMkxSsPhbkrH9P.jpg,11,99,71,"(89, 36, 20, 70)",1400,0.495,0.3715,0.4622,1.0,0.0321,0.5031,0.6223,32.1482
images---2022-08-07T114844-972_jpg.rf.rDPoMyKMkxSsPhbkrH9P.jpg,12,316,19,"(288, 0, 56, 38)",2128,0.6951,0.8787,0.5036,1.0,0.1129,0.5173,0.49,112.883
images---2022-08-07T114845-070_jpg.rf.RT9dr6uMW7abyAMaMFOh.jpg,1,261,293,"(256, 282, 10, 23)",230,0.5767,0.5308,0.5201,1.0,0.0891,0.5005,0.4948,89.0747
images---2022-08-07T114845-100_jpg.rf.EW7IcMikqSmvpJD7hLxp.jpg,1,232,483,"(218, 474, 29, 19)",551,0.5799,0.5221,0.5397,1.0,0.082,0.5158,0.753,82.0266
images---2022-08-07T114845-100_jpg.rf.EW7IcMikqSmvpJD7hLxp.jpg,2,309,372,"(305, 363, 8, 18)",144,0.7206,0.9444,0.5066,1.0,0.1271,0.514,0.8883,127.1401
images---2022-08-07T114845-164_jpg.rf.U5t6q8Mvsp6SyqVix51g.jpg,1,362,406,"(355, 401, 14, 10)",140,0.7737,1.0,0.4931,1.0,0.5114,0.5226,0.3514,511.4141
images---2022-08-07T114845-164_jpg.rf.U5t6q8Mvsp6SyqVix51g.jpg,2,158,351,"(148, 345, 20, 12)",240,0.5205,0.5538,0.5011,0.2865,0.9397,0.4962,0.0573,939.6663
images---2022-08-07T114845-164_jpg.rf.U5t6q8Mvsp6SyqVix51g.jpg,3,433,178,"(418, 148, 30, 60)",1800,0.4886,0.2985,0.4657,1.0,0.211,0.5083,0.4511,210.977
images---2022-08-07T114845-164_jpg.rf.U5t6q8Mvsp6SyqVix51g.jpg,4,146,141,"(140, 129, 12, 25)",300,0.493,0.2985,0.506,1.0,0.1142,0.496,0.518,114.2158
images---2022-08-07T114845-164_jpg.rf.U5t6q8Mvsp6SyqVix51g.jpg,5,287,84,"(283, 78, 8, 12)",96,0.507,0.3077,0.4887,1.0,0.2822,0.5004,0.7917,282.2007
images---2022-08-07T114845-224_jpg.rf.c5kAErImdMpKQfWE3d2t.jpg,1,345,364,"(338, 336, 15, 57)",855,0.7662,0.9544,0.4864,1.0,0.6187,0.5252,0.2475,618.7445
images---2022-08-07T114845-224_jpg.rf.c5kAErImdMpKQfWE3d2t.jpg,2,359,294,"(355, 281, 8, 26)",208,0.7307,0.7387,0.4918,1.0,1.0,0.5166,0.4447,1215.881
images---2022-08-07T114845-224_jpg.rf.c5kAErImdMpKQfWE3d2t.jpg,3,153,289,"(132, 263, 43, 52)",2236,0.4961,0.311,0.5052,1.0,0.1044,0.5091,0.4335,104.3759
images---2022-08-07T114845-224_jpg.rf.c5kAErImdMpKQfWE3d2t.jpg,4,80,158,"(18, 94, 124, 129)",15996,0.481,0.3054,0.4663,1.0,0.1092,0.5239,0.6538,109.1953
images---2022-08-07T114845-284_jpg.rf.gcAFX4GKfGxQ9Ezub4X9.jpg,1,379,504,"(371, 496, 16, 16)",256,0.6276,0.6982,0.5133,1.0,0.0356,0.5044,0.9075,35.5581
images---2022-08-07T114845-284_jpg.rf.gcAFX4GKfGxQ9Ezub4X9.jpg,2,509,348,"(507, 335, 5, 27)",135,0.6249,0.6908,0.5263,0.9907,0.0072,0.506,0.1981,7.1824
images---2022-08-07T114845-284_jpg.rf.gcAFX4GKfGxQ9Ezub4X9.jpg,3,491,320,"(486, 312, 11, 16)",176,0.6342,0.7066,0.5195,1.0,0.0501,0.5093,0.3401,50.1413
images---2022-08-07T114845-284_jpg.rf.gcAFX4GKfGxQ9Ezub4X9.jpg,4,363,6,"(359, 0, 8, 12)",96,0.6396,0.7167,0.5209,1.0,0.0643,0.5095,0.3389,64.3347
images---2022-08-07T114845-345_jpg.rf.EXx33l6MudTBmkxakSS7.jpg,1,185,144,"(181, 136, 8, 16)",128,0.5913,0.5373,0.494,1.0,0.3038,0.5002,0.2161,303.7811
images---2022-08-07T114845-434_jpg.rf.JDFwPPPqW2bj2S4Tdk09.jpg,1,350,402,"(308, 329, 84, 147)",12348,0.5008,0.3127,0.4876,1.0,0.2068,0.5314,0.5167,206.7705
images---2022-08-07T114845-495_jpg.rf.EJVQBQvH6FFNaKCnBEcH.jpg,1,325,444,"(319, 438, 12, 12)",144,0.5903,0.5361,0.5027,0.6337,1.0,0.5073,0.1267,1563.5425
images---2022-08-07T114845-495_jpg.rf.EJVQBQvH6FFNaKCnBEcH.jpg,2,310,429,"(304, 424, 12, 11)",132,0.5652,0.3075,0.5057,1.0,0.8058,0.5039,0.3152,805.7845
images---2022-08-07T114845-495_jpg.rf.EJVQBQvH6FFNaKCnBEcH.jpg,3,293,353,"(279, 306, 28, 94)",2632,0.5075,0.3037,0.4848,1.0,0.3149,0.5184,0.6623,314.9024
images---2022-08-07T114845-495_jpg.rf.EJVQBQvH6FFNaKCnBEcH.jpg,4,342,281,"(329, 274, 26, 15)",390,0.5008,0.4604,0.5335,0.4094,0.7104,0.4992,0.0819,710.4348
images---2022-08-07T114845-495_jpg.rf.EJVQBQvH6FFNaKCnBEcH.jpg,5,413,189,"(405, 186, 17, 7)",119,0.4722,0.5268,0.5315,0.0091,1.0,0.497,0.0018,1331.3603
images---2022-08-07T114845-526_jpg.rf.Mvo1mRZzM7kw0Ro3pTyM.jpg,1,290,405,"(276, 390, 29, 31)",899,0.656,0.7319,0.4737,1.0,0.3402,0.4959,0.4175,340.1651
images---2022-08-07T114845-526_jpg.rf.Mvo1mRZzM7kw0Ro3pTyM.jpg,2,14,203,"(6, 197, 16, 13)",208,0.7291,0.9536,0.4871,1.0,0.2483,0.4984,0.4029,248.3105
images---2022-08-07T114845-526_jpg.rf.Mvo1mRZzM7kw0Ro3pTyM.jpg,3,169,110,"(159, 97, 20, 27)",540,0.5248,0.3179,0.4944,1.0,0.4046,0.481,0.4191,404.6231
images---2022-08-07T114845-556_jpg.rf.M4kk6jlAL9UwawwCP5Sv.jpg,1,376,156,"(368, 145, 16, 23)",368,0.4951,0.2966,0.5159,1.0,0.1075,0.5117,0.7704,107.4917
images---2022-08-07T114845-622_jpg.rf.Dh6FQ2nVOfL72L6T202t.jpg,1,168,290,"(160, 284, 17, 12)",204,0.7499,0.9684,0.4946,1.0,0.3782,0.4975,0.3046,378.1679
images---2022-08-07T114845-622_jpg.rf.Dh6FQ2nVOfL72L6T202t.jpg,2,24,267,"(18, 261, 13, 13)",169,0.5529,0.9568,0.4632,0.16,0.2388,0.489,0.032,238.7586
images---2022-08-07T114845-622_jpg.rf.Dh6FQ2nVOfL72L6T202t.jpg,3,94,263,"(76, 256, 37, 14)",518,0.6022,0.9568,0.4939,0.3846,0.1756,0.4972,0.0769,175.559
images---2022-08-07T114845-745_jpg.rf.VbdQwCrrpDARNJpxmilp.jpg,1,20,442,"(0, 373, 40, 139)",5560,0.484,0.2906,0.5196,1.0,0.0038,0.5048,0.7699,3.8452
images---2022-08-07T114845-745_jpg.rf.VbdQwCrrpDARNJpxmilp.jpg,2,353,313,"(344, 302, 19, 23)",437,0.4754,0.2893,0.4956,1.0,0.0066,0.5098,0.7889,6.5519
images---2022-08-07T114845-745_jpg.rf.VbdQwCrrpDARNJpxmilp.jpg,3,351,266,"(347, 259, 9, 14)",126,0.4876,0.2924,0.5263,1.0,0.0107,0.5055,0.848,10.6723
images---2022-08-07T114845-745_jpg.rf.VbdQwCrrpDARNJpxmilp.jpg,4,425,228,"(409, 212, 33, 33)",1089,0.5025,0.3552,0.5057,1.0,0.0122,0.522,0.7615,12.1628
images---2022-08-07T114845-745_jpg.rf.VbdQwCrrpDARNJpxmilp.jpg,5,133,204,"(115, 186, 36, 36)",1296,0.5982,0.6587,0.4722,1.0,0.0241,0.5167,0.7808,24.1153
images---2022-08-07T114845-745_jpg.rf.VbdQwCrrpDARNJpxmilp.jpg,6,479,153,"(468, 143, 23, 21)",483,0.4991,0.3127,0.5159,1.0,0.091,0.5176,0.387,91.0426
images---2022-08-07T114845-745_jpg.rf.VbdQwCrrpDARNJpxmilp.jpg,7,444,35,"(423, 0, 42, 70)",2940,0.5392,0.5204,0.4381,1.0,0.0369,0.5158,0.5945,36.8968
images---2022-08-07T114845-745_jpg.rf.VbdQwCrrpDARNJpxmilp.jpg,8,365,41,"(352, 0, 27, 83)",2241,0.5541,0.5244,0.4762,1.0,0.0393,0.5208,0.5981,39.2737
images---2022-08-07T114845-806_jpg.rf.Hq9bUwmQKokr9maK4pMu.jpg,1,29,415,"(25, 409, 8, 13)",104,0.7334,0.9715,0.4839,1.0,0.2396,0.5015,0.384,239.6394
images---2022-08-07T114845-806_jpg.rf.Hq9bUwmQKokr9maK4pMu.jpg,2,136,366,"(117, 347, 39, 38)",1482,0.7141,0.9512,0.4988,1.0,0.0659,0.5304,0.3345,65.8706
images---2022-08-07T114845-806_jpg.rf.Hq9bUwmQKokr9maK4pMu.jpg,3,244,145,"(234, 132, 21, 27)",567,0.5307,0.3179,0.5216,0.9984,0.3715,0.5115,0.1997,371.4758
images---2022-08-07T114845-806_jpg.rf.Hq9bUwmQKokr9maK4pMu.jpg,4,4,84,"(0, 73, 9, 23)",207,0.6686,0.9538,0.4905,0.7905,0.0496,0.5061,0.1581,49.6013
images---2022-08-07T114845-806_jpg.rf.Hq9bUwmQKokr9maK4pMu.jpg,5,152,47,"(141, 39, 23, 16)",368,0.5056,0.3127,0.5146,1.0,0.1607,0.5084,0.6929,160.6792
images---2022-08-07T114845-806_jpg.rf.Hq9bUwmQKokr9maK4pMu.jpg,6,396,35,"(385, 29, 22, 12)",264,0.5452,0.3037,0.5395,1.0,0.5011,0.4999,0.7218,501.1482
images---2022-08-07T114845-838_jpg.rf.VsXz7PpFbFSPvPRCTlfW.jpg,1,195,184,"(169, 141, 53, 86)",4558,0.5214,0.3179,0.4912,1.0,0.3818,0.5071,0.5342,381.7563
images---2022-08-07T114845-838_jpg.rf.VsXz7PpFbFSPvPRCTlfW.jpg,2,237,131,"(222, 95, 30, 73)",2190,0.5237,0.3179,0.4888,1.0,0.414,0.5121,0.6846,414.0166
images---2022-08-07T114845-867_jpg.rf.Fs0LFPaqF4hglYp4lOKa.jpg,1,210,506,"(204, 501, 12, 11)",132,0.5696,0.536,0.5157,1.0,0.0143,0.5026,0.9828,14.348
images---2022-08-07T114845-867_jpg.rf.Fs0LFPaqF4hglYp4lOKa.jpg,2,428,472,"(421, 467, 15, 10)",150,0.474,0.5373,0.5028,0.2441,0.6117,0.5062,0.0488,611.7375
images---2022-08-07T114845-867_jpg.rf.Fs0LFPaqF4hglYp4lOKa.jpg,3,305,463,"(296, 453, 18, 21)",378,0.4747,0.2804,0.5038,1.0,0.002,0.5044,1.0,2.0201
images---2022-08-07T114845-867_jpg.rf.Fs0LFPaqF4hglYp4lOKa.jpg,4,197,458,"(180, 439, 34, 38)",1292,0.5722,0.5192,0.5305,1.0,0.0485,0.5142,0.6348,48.5131
images---2022-08-07T114845-867_jpg.rf.Fs0LFPaqF4hglYp4lOKa.jpg,5,470,446,"(457, 435, 27, 22)",594,0.4775,0.5373,0.4991,0.3054,0.5365,0.5009,0.0611,536.5223
images---2022-08-07T114845-867_jpg.rf.Fs0LFPaqF4hglYp4lOKa.jpg,6,351,283,"(345, 276, 13, 14)",182,0.6023,0.5308,0.5254,1.0,0.3266,0.5166,0.3046,326.6403
images---2022-08-07T114845-867_jpg.rf.Fs0LFPaqF4hglYp4lOKa.jpg,7,481,159,"(472, 152, 18, 14)",252,0.4772,0.5308,0.4939,0.4231,0.3394,0.5032,0.0846,339.4069
images---2022-08-07T114845-867_jpg.rf.Fs0LFPaqF4hglYp4lOKa.jpg,8,253,125,"(249, 120, 9, 11)",99,0.4675,0.2882,0.534,0.8075,0.182,0.5013,0.1615,182.0305
images---2022-08-07T114845-931_jpg.rf.Cituu3pKaqHdUuQrtb12.jpg,1,208,392,"(196, 385, 25, 15)",375,0.6107,0.5473,0.5034,1.0,0.4289,0.5067,0.4284,428.88
images---2022-08-07T114845-995_jpg.rf.chVetiZ1KnAAVM3CwvtX.jpg,1,272,138,"(265, 131, 14, 14)",196,0.4893,0.2985,0.4723,1.0,0.1951,0.5074,0.5799,195.0772
images---2022-08-07T114845-995_jpg.rf.chVetiZ1KnAAVM3CwvtX.jpg,2,113,120,"(108, 114, 11, 13)",143,0.525,0.2985,0.5195,1.0,0.3872,0.5128,0.5217,387.2213
images---2022-08-07T114845-995_jpg.rf.chVetiZ1KnAAVM3CwvtX.jpg,3,356,118,"(350, 113, 13, 11)",143,0.5673,0.3179,0.5005,1.0,0.8084,0.5125,0.4939,808.4332
images---2022-08-07T114846-056_jpg.rf.NsCKTpNY3C9dRpj90rg8.jpg,1,488,419,"(485, 412, 7, 14)",98,0.5906,0.5538,0.5059,1.0,0.1972,0.5013,0.2996,197.1987
images---2022-08-07T114846-056_jpg.rf.NsCKTpNY3C9dRpj90rg8.jpg,2,115,432,"(109, 403, 13, 58)",754,0.7405,0.9544,0.5122,1.0,0.2719,0.5062,0.3006,271.8807
images---2022-08-07T114846-056_jpg.rf.NsCKTpNY3C9dRpj90rg8.jpg,3,393,377,"(390, 370, 7, 15)",105,0.7614,0.9544,0.5175,1.0,0.4624,0.5005,0.2768,462.3704
images---2022-08-07T114846-056_jpg.rf.NsCKTpNY3C9dRpj90rg8.jpg,4,12,370,"(0, 358, 25, 25)",625,0.7569,0.96,0.5348,1.0,0.337,0.5157,0.5554,337.0042
images---2022-08-07T114846-056_jpg.rf.NsCKTpNY3C9dRpj90rg8.jpg,5,267,335,"(263, 327, 8, 17)",136,0.7866,0.9544,0.5121,1.0,0.7335,0.4967,0.3207,733.5117
images---2022-08-07T114846-056_jpg.rf.NsCKTpNY3C9dRpj90rg8.jpg,6,415,340,"(411, 312, 8, 57)",456,0.601,1.0,0.5143,0.192,0.3263,0.5007,0.0384,326.3302
images---2022-08-07T114846-056_jpg.rf.NsCKTpNY3C9dRpj90rg8.jpg,7,62,285,"(53, 261, 19, 49)",931,0.6527,0.5401,0.5219,1.0,0.8097,0.5068,0.3765,809.6598
images---2022-08-07T114846-056_jpg.rf.NsCKTpNY3C9dRpj90rg8.jpg,8,70,245,"(66, 238, 8, 14)",112,0.5015,0.3179,0.4781,1.0,0.2293,0.497,0.5423,229.3308
images---2022-08-07T114846-056_jpg.rf.NsCKTpNY3C9dRpj90rg8.jpg,9,251,45,"(232, 4, 39, 82)",3198,0.5004,0.3127,0.5373,1.0,0.0295,0.5097,0.6931,29.4713
images---2022-08-07T114846-056_jpg.rf.NsCKTpNY3C9dRpj90rg8.jpg,10,137,30,"(126, 0, 22, 61)",1342,0.4802,0.2985,0.4984,1.0,0.0134,0.5101,0.5219,13.3848
images---2022-08-07T114846-056_jpg.rf.NsCKTpNY3C9dRpj90rg8.jpg,11,89,76,"(51, 0, 77, 152)",11704,0.5021,0.3127,0.5447,1.0,0.0201,0.4991,0.3341,20.1084
images---2022-08-07T114846-089_jpg.rf.3MLKM6hc7rm098uZcGFn.jpg,1,458,508,"(450, 505, 16, 7)",112,0.5223,0.2958,0.5989,1.0,0.0912,0.5033,0.978,91.2322
images---2022-08-07T114846-089_jpg.rf.3MLKM6hc7rm098uZcGFn.jpg,2,489,508,"(483, 504, 12, 8)",96,0.5362,0.3101,0.5583,1.0,0.3226,0.5032,0.9167,322.5624
images---2022-08-07T114846-089_jpg.rf.3MLKM6hc7rm098uZcGFn.jpg,3,417,505,"(408, 499, 19, 13)",247,0.5141,0.2985,0.5151,1.0,0.2941,0.5102,0.6927,294.0991
images---2022-08-07T114846-089_jpg.rf.3MLKM6hc7rm098uZcGFn.jpg,4,258,97,"(253, 89, 11, 16)",176,0.591,0.5373,0.5012,1.0,0.275,0.499,0.3432,274.9709
images---2022-08-07T114846-148_jpg.rf.gmYyMpWdIVAqNHV3CFqy.jpg,1,271,433,"(261, 429, 21, 8)",168,0.4809,0.2791,0.485,1.0,0.1347,0.4999,0.9091,134.6675
images---2022-08-07T114846-148_jpg.rf.gmYyMpWdIVAqNHV3CFqy.jpg,2,290,222,"(229, 167, 122, 111)",13542,0.4757,0.2835,0.4954,1.0,0.0309,0.5259,0.6329,30.9005
images---2022-08-07T114846-148_jpg.rf.gmYyMpWdIVAqNHV3CFqy.jpg,3,21,168,"(10, 138, 22, 60)",1320,0.6514,0.6649,0.4905,1.0,0.4705,0.5276,0.3934,470.47
images---2022-08-07T114846-148_jpg.rf.gmYyMpWdIVAqNHV3CFqy.jpg,4,88,208,"(64, 123, 48, 170)",8160,0.6656,0.725,0.4868,1.0,0.4144,0.5298,0.3368,414.3802
images---2022-08-07T114846-179_jpg.rf.VVyxXDB39MVyr6Yz28ZE.jpg,1,248,332,"(236, 325, 24, 14)",336,0.5558,0.3167,0.5113,1.0,0.6594,0.5078,0.9359,659.4428
images---2022-08-07T114846-179_jpg.rf.VVyxXDB39MVyr6Yz28ZE.jpg,2,254,130,"(249, 125, 11, 11)",121,0.6089,0.5373,0.4783,1.0,0.5349,0.5043,0.3384,534.9098
images---2022-08-07T114846-241_jpg.rf.pIx5rxiLpzYTn7bIGXLt.jpg,1,509,438,"(507, 425, 5, 27)",135,0.5422,0.9476,0.5219,0.0,0.2789,0.4815,0.0,278.9293
images---2022-08-07T114846-241_jpg.rf.pIx5rxiLpzYTn7bIGXLt.jpg,2,33,279,"(28, 269, 11, 20)",220,0.5406,1.0,0.5437,0.0,0.0027,0.4964,0.0,2.7418
images---2022-08-07T114846-241_jpg.rf.pIx5rxiLpzYTn7bIGXLt.jpg,3,333,272,"(320, 256, 27, 32)",864,0.5379,0.3037,0.5081,1.0,0.5372,0.4972,0.3089,537.1522
images---2022-08-07T114846-241_jpg.rf.pIx5rxiLpzYTn7bIGXLt.jpg,4,249,227,"(242, 216, 14, 23)",322,0.6403,0.7214,0.4869,1.0,0.1736,0.5203,0.4187,173.5847
images---2022-08-07T114846-241_jpg.rf.pIx5rxiLpzYTn7bIGXLt.jpg,5,508,167,"(505, 160, 7, 14)",98,0.4719,0.6239,0.5247,0.0,0.6987,0.4863,0.0,698.7348
images---2022-08-07T114846-336_jpg.rf.iRmSwzZOkExYn72UI2E7.jpg,1,435,372,"(431, 363, 9, 19)",171,0.4916,0.2893,0.5336,1.0,0.0356,0.5233,0.3456,35.5606
images---2022-08-07T114846-336_jpg.rf.iRmSwzZOkExYn72UI2E7.jpg,2,209,134,"(202, 124, 14, 20)",280,0.5963,0.3868,0.5044,1.0,0.8433,0.5093,0.6526,843.3
images---2022-08-07T114846-336_jpg.rf.iRmSwzZOkExYn72UI2E7.jpg,3,171,108,"(162, 99, 18, 18)",324,0.6064,0.6576,0.4752,1.0,0.0996,0.5206,0.7689,99.59
images---2022-08-07T114846-336_jpg.rf.iRmSwzZOkExYn72UI2E7.jpg,4,229,89,"(221, 74, 16, 30)",480,0.6707,0.7387,0.486,1.0,0.4205,0.5092,0.7653,420.5014
images---2022-08-07T114846-336_jpg.rf.iRmSwzZOkExYn72UI2E7.jpg,5,179,69,"(161, 48, 37, 43)",1591,0.5959,0.6576,0.4545,1.0,0.067,0.5159,0.6612,66.9752
images---2022-08-07T114846-336_jpg.rf.iRmSwzZOkExYn72UI2E7.jpg,6,264,8,"(259, 3, 11, 10)",110,0.4941,0.3197,0.5051,0.9497,0.1553,0.5038,0.1899,155.2696
images---2022-08-07T114846-399_jpg.rf.WwN1uUeyWxScJdW4ao95.jpg,1,414,497,"(383, 483, 63, 29)",1827,0.72,0.9569,0.5278,1.0,0.004,0.5103,0.952,3.9504
images---2022-08-07T114846-399_jpg.rf.WwN1uUeyWxScJdW4ao95.jpg,2,499,460,"(486, 448, 26, 25)",650,0.5089,0.3826,0.4907,1.0,0.0326,0.5166,0.5608,32.598
images---2022-08-07T114846-399_jpg.rf.WwN1uUeyWxScJdW4ao95.jpg,3,382,431,"(370, 418, 24, 27)",648,0.7002,0.9314,0.4963,1.0,0.0055,0.5117,0.9801,5.5185
images---2022-08-07T114846-399_jpg.rf.WwN1uUeyWxScJdW4ao95.jpg,4,393,377,"(383, 370, 20, 15)",300,0.5683,0.5313,0.5015,1.0,0.0677,0.5168,0.6991,67.6656
images---2022-08-07T114846-399_jpg.rf.WwN1uUeyWxScJdW4ao95.jpg,5,458,194,"(452, 187, 12, 15)",180,0.4628,0.0322,0.4992,1.0,0.7679,0.4971,0.5818,767.9464
images---2022-08-07T114846-399_jpg.rf.WwN1uUeyWxScJdW4ao95.jpg,6,279,91,"(274, 84, 10, 15)",150,0.4858,0.0323,0.4987,1.0,1.0,0.5016,0.8367,1498.969
images---2022-08-07T114846-459_jpg.rf.1UFgvvLrKNNruefUBB2h.jpg,1,280,392,"(276, 386, 8, 13)",104,0.8103,0.9715,0.4864,1.0,1.0,0.5031,0.526,1354.9819
images---2022-08-07T114846-459_jpg.rf.1UFgvvLrKNNruefUBB2h.jpg,2,295,374,"(291, 368, 9, 12)",108,0.7162,0.731,0.4896,1.0,0.8903,0.5025,0.7639,890.2885
images---2022-08-07T114846-459_jpg.rf.1UFgvvLrKNNruefUBB2h.jpg,3,230,271,"(221, 257, 18, 28)",504,0.8021,0.9544,0.4801,1.0,1.0,0.5199,0.3358,1038.8206
images---2022-08-07T114846-459_jpg.rf.1UFgvvLrKNNruefUBB2h.jpg,4,234,182,"(160, 139, 148, 86)",12728,0.5319,0.3127,0.507,1.0,0.4496,0.5214,0.6246,449.6236
images---2022-08-07T114846-520_jpg.rf.z46qy9J2rRU10WOcvuED.jpg,1,284,506,"(277, 501, 14, 11)",154,0.7077,0.8904,0.5178,1.0,0.1477,0.5047,0.8665,147.7001
images---2022-08-07T114846-520_jpg.rf.z46qy9J2rRU10WOcvuED.jpg,2,507,461,"(503, 456, 9, 11)",99,0.6122,0.9499,0.475,0.5652,0.0049,0.4983,0.113,4.8874
images---2022-08-07T114846-520_jpg.rf.z46qy9J2rRU10WOcvuED.jpg,3,503,437,"(494, 427, 18, 21)",378,0.5756,0.9538,0.4989,0.322,0.0274,0.4988,0.0644,27.3519
images---2022-08-07T114846-520_jpg.rf.z46qy9J2rRU10WOcvuED.jpg,4,63,427,"(50, 417, 27, 21)",567,0.7319,0.9684,0.4924,1.0,0.2061,0.4995,0.3955,206.0912
images---2022-08-07T114846-520_jpg.rf.z46qy9J2rRU10WOcvuED.jpg,5,335,436,"(280, 384, 111, 105)",11655,0.7195,0.9644,0.5086,1.0,0.0395,0.5062,0.3028,39.536
images---2022-08-07T114846-520_jpg.rf.z46qy9J2rRU10WOcvuED.jpg,6,474,246,"(468, 236, 12, 21)",252,0.7271,0.9647,0.4685,1.0,0.255,0.4978,0.6136,254.979
images---2022-08-07T114846-520_jpg.rf.z46qy9J2rRU10WOcvuED.jpg,7,479,27,"(446, 0, 66, 54)",3564,0.4706,0.2751,0.495,1.0,0.0106,0.5034,0.5113,10.5689
images---2022-08-07T114846-549_jpg.rf.AWtQZRDg1sUE4iCBWSIP.jpg,1,310,504,"(299, 496, 23, 16)",368,0.6127,0.6454,0.5315,1.0,0.0076,0.5058,0.8883,7.5695
images---2022-08-07T114846-549_jpg.rf.AWtQZRDg1sUE4iCBWSIP.jpg,2,191,373,"(136, 345, 110, 56)",6160,0.4812,0.2894,0.4858,1.0,0.0992,0.5094,0.6725,99.2346
images---2022-08-07T114846-549_jpg.rf.AWtQZRDg1sUE4iCBWSIP.jpg,3,130,328,"(119, 318, 23, 20)",460,0.6391,0.7184,0.4921,1.0,0.1542,0.5148,0.5563,154.2197
images---2022-08-07T114846-549_jpg.rf.AWtQZRDg1sUE4iCBWSIP.jpg,4,458,317,"(442, 312, 32, 11)",352,0.4837,0.2985,0.4882,1.0,0.0839,0.4968,0.3251,83.8686
images---2022-08-07T114846-549_jpg.rf.AWtQZRDg1sUE4iCBWSIP.jpg,5,204,302,"(151, 266, 106, 72)",7632,0.4834,0.2894,0.5034,1.0,0.0593,0.5391,0.6627,59.3401
images---2022-08-07T114846-549_jpg.rf.AWtQZRDg1sUE4iCBWSIP.jpg,6,369,247,"(341, 220, 56, 54)",3024,0.4958,0.2944,0.5092,1.0,0.1449,0.5005,0.3549,144.8993
images---2022-08-07T114846-549_jpg.rf.AWtQZRDg1sUE4iCBWSIP.jpg,7,322,125,"(314, 109, 17, 33)",561,0.496,0.2985,0.499,1.0,0.169,0.5025,0.4199,168.9732
images---2022-08-07T114846-579_jpg.rf.g7SmzIuS0PFIy0w7tPHY.jpg,1,319,502,"(312, 498, 14, 8)",112,0.5485,0.2968,0.4995,0.9615,0.7751,0.511,0.1923,775.1319
images---2022-08-07T114846-579_jpg.rf.g7SmzIuS0PFIy0w7tPHY.jpg,2,217,501,"(210, 490, 15, 22)",330,0.578,0.3037,0.4906,1.0,1.0,0.5211,0.2381,1064.612
images---2022-08-07T114846-579_jpg.rf.g7SmzIuS0PFIy0w7tPHY.jpg,3,82,453,"(74, 443, 16, 20)",320,0.5806,0.3037,0.4979,1.0,1.0,0.5127,0.2422,1576.302
images---2022-08-07T114846-579_jpg.rf.g7SmzIuS0PFIy0w7tPHY.jpg,4,469,424,"(460, 412, 18, 24)",432,0.5737,0.3037,0.4784,1.0,1.0,0.522,0.2231,1191.9548
images---2022-08-07T114846-579_jpg.rf.g7SmzIuS0PFIy0w7tPHY.jpg,5,446,378,"(426, 360, 41, 37)",1517,0.6185,0.3868,0.5232,1.0,1.0,0.5256,0.397,2510.7761
images---2022-08-07T114846-579_jpg.rf.g7SmzIuS0PFIy0w7tPHY.jpg,6,46,349,"(43, 336, 6, 26)",156,0.5726,0.3037,0.4751,1.0,1.0,0.5111,0.2953,1707.4346
images---2022-08-07T114846-579_jpg.rf.g7SmzIuS0PFIy0w7tPHY.jpg,7,447,339,"(435, 332, 24, 15)",360,0.5593,0.3037,0.4858,1.0,0.8299,0.5159,0.4856,829.9464
images---2022-08-07T114846-640_jpg.rf.GPr56y51zwXLGN0Zo9Ba.jpg,1,146,312,"(133, 300, 26, 25)",650,0.451,0.5242,0.5073,0.4445,0.0109,0.5042,0.0889,10.8798
images---2022-08-07T114846-640_jpg.rf.GPr56y51zwXLGN0Zo9Ba.jpg,2,294,260,"(289, 252, 10, 16)",160,0.5452,0.5033,0.4801,1.0,0.0096,0.4981,0.3117,9.5924
images---2022-08-07T114846-640_jpg.rf.GPr56y51zwXLGN0Zo9Ba.jpg,3,302,238,"(297, 232, 11, 12)",132,0.544,0.5015,0.4793,1.0,0.0074,0.4992,0.7518,7.3791
images---2022-08-07T114846-640_jpg.rf.GPr56y51zwXLGN0Zo9Ba.jpg,4,26,212,"(22, 206, 8, 13)",104,0.5458,0.4994,0.4873,1.0,0.0048,0.4993,0.208,4.7519
images---2022-08-07T114846-640_jpg.rf.GPr56y51zwXLGN0Zo9Ba.jpg,5,299,62,"(294, 50, 11, 24)",264,0.5882,0.535,0.5272,1.0,0.1641,0.5084,0.3261,164.127
images---2022-08-07T114846-640_jpg.rf.GPr56y51zwXLGN0Zo9Ba.jpg,6,269,50,"(265, 39, 8, 23)",184,0.4845,0.3087,0.4866,1.0,0.0611,0.5035,0.4586,61.1314
images---2022-08-07T114846-671_jpg.rf.vL3N1qZj464KcC01MKOv.jpg,1,71,508,"(53, 504, 37, 8)",296,0.5903,0.5485,0.5124,1.0,0.1897,0.4961,0.4723,189.6828
images---2022-08-07T114846-671_jpg.rf.vL3N1qZj464KcC01MKOv.jpg,2,292,461,"(273, 444, 38, 34)",1292,0.5062,0.3087,0.5183,1.0,0.1671,0.507,0.9196,167.0924
images---2022-08-07T114846-671_jpg.rf.vL3N1qZj464KcC01MKOv.jpg,3,354,477,"(323, 443, 63, 69)",4347,0.5171,0.3134,0.5199,1.0,0.2547,0.4967,0.6825,254.6871
images---2022-08-07T114846-671_jpg.rf.vL3N1qZj464KcC01MKOv.jpg,4,266,413,"(261, 397, 11, 32)",352,0.5182,0.3037,0.4988,1.0,0.3735,0.5093,0.6097,373.5363
images---2022-08-07T114846-671_jpg.rf.vL3N1qZj464KcC01MKOv.jpg,5,382,192,"(374, 181, 16, 22)",352,0.5504,0.3179,0.5327,1.0,0.527,0.5012,0.4653,527.0432
images---2022-08-07T114846-701_jpg.rf.VuPhFyKh1fo1n8DKqx6Z.jpg,1,306,404,"(300, 399, 12, 11)",132,0.6041,0.3868,0.4821,1.0,1.0,0.522,0.3605,2044.0017
images---2022-08-07T114846-701_jpg.rf.VuPhFyKh1fo1n8DKqx6Z.jpg,2,140,257,"(135, 253, 10, 9)",90,0.5785,0.3037,0.492,1.0,1.0,0.5192,0.2078,1035.2189
images---2022-08-07T114846-701_jpg.rf.VuPhFyKh1fo1n8DKqx6Z.jpg,3,124,236,"(111, 230, 26, 12)",312,0.5475,0.3804,0.4977,1.0,0.4012,0.5336,0.3882,401.1827
images---2022-08-07T114846-701_jpg.rf.VuPhFyKh1fo1n8DKqx6Z.jpg,4,75,226,"(58, 211, 34, 30)",1020,0.5183,0.2985,0.5106,1.0,0.3507,0.5305,0.4193,350.6779
images---2022-08-07T114846-761_jpg.rf.XHtoImiOVxz1CKUW6UcJ.jpg,1,311,261,"(307, 246, 9, 31)",279,0.5922,0.5373,0.4821,1.0,0.3538,0.4975,0.289,353.7934
images---2022-08-07T114846-761_jpg.rf.XHtoImiOVxz1CKUW6UcJ.jpg,2,416,255,"(384, 212, 65, 87)",5655,0.5007,0.3061,0.4971,1.0,0.1961,0.5159,0.591,196.0567
images---2022-08-07T114846-761_jpg.rf.XHtoImiOVxz1CKUW6UcJ.jpg,3,103,195,"(95, 192, 17, 6)",102,0.4535,0.0219,0.4805,1.0,0.776,0.488,0.6169,775.9648
images---2022-08-07T114846-761_jpg.rf.XHtoImiOVxz1CKUW6UcJ.jpg,4,506,173,"(501, 167, 11, 12)",132,0.5108,0.2968,0.4759,1.0,0.4038,0.5024,0.8946,403.7841
images---2022-08-07T114846-761_jpg.rf.XHtoImiOVxz1CKUW6UcJ.jpg,5,179,157,"(172, 140, 14, 34)",476,0.4734,0.2791,0.4951,1.0,0.0243,0.5015,0.8294,24.3423
images---2022-08-07T114846-853_jpg.rf.U9qtq0TMP3gakm6Kfqfc.jpg,1,37,502,"(18, 493, 39, 19)",741,0.656,0.7352,0.5168,1.0,0.1787,0.5137,0.9459,178.6605
images---2022-08-07T114846-853_jpg.rf.U9qtq0TMP3gakm6Kfqfc.jpg,2,397,473,"(392, 468, 10, 10)",100,0.6375,0.7153,0.5272,1.0,0.026,0.4999,0.9752,26.0276
images---2022-08-07T114846-853_jpg.rf.U9qtq0TMP3gakm6Kfqfc.jpg,3,446,457,"(436, 448, 21, 18)",378,0.6591,0.723,0.532,1.0,0.1992,0.509,0.8141,199.2267
images---2022-08-07T114846-853_jpg.rf.U9qtq0TMP3gakm6Kfqfc.jpg,4,251,213,"(247, 205, 9, 17)",153,0.7274,0.9656,0.5099,1.0,0.1096,0.5031,0.9524,109.6271
images---2022-08-07T114846-853_jpg.rf.U9qtq0TMP3gakm6Kfqfc.jpg,5,473,210,"(455, 201, 36, 18)",648,0.6575,0.7352,0.4768,1.0,0.3328,0.5034,0.8632,332.7825
images---2022-08-07T114846-853_jpg.rf.U9qtq0TMP3gakm6Kfqfc.jpg,6,473,150,"(448, 124, 50, 53)",2650,0.6332,0.7352,0.4484,1.0,0.1896,0.5257,0.7645,189.6397
images---2022-08-07T114846-853_jpg.rf.U9qtq0TMP3gakm6Kfqfc.jpg,7,419,103,"(411, 91, 17, 25)",425,0.6112,0.6621,0.4851,1.0,0.0966,0.5092,0.6738,96.6397
images---2022-08-07T114846-853_jpg.rf.U9qtq0TMP3gakm6Kfqfc.jpg,8,505,100,"(499, 83, 13, 34)",442,0.62,0.6638,0.4744,1.0,0.2158,0.5106,0.7243,215.8497
images---2022-08-07T114846-853_jpg.rf.U9qtq0TMP3gakm6Kfqfc.jpg,9,325,68,"(316, 62, 18, 13)",234,0.6501,0.7161,0.5495,1.0,0.0712,0.5008,0.9693,71.2241
images---2022-08-07T114846-853_jpg.rf.U9qtq0TMP3gakm6Kfqfc.jpg,10,286,57,"(270, 46, 32, 22)",704,0.597,0.6459,0.482,1.0,0.0227,0.4964,0.4873,22.6525
images---2022-08-07T114846-853_jpg.rf.U9qtq0TMP3gakm6Kfqfc.jpg,11,434,7,"(426, 0, 17, 15)",255,0.6243,0.7161,0.4806,1.0,0.0548,0.4957,0.8342,54.8242
images---2022-08-07T114846-853_jpg.rf.U9qtq0TMP3gakm6Kfqfc.jpg,12,386,10,"(356, 0, 61, 20)",1220,0.6286,0.723,0.4876,1.0,0.0497,0.5059,0.9009,49.6943
images---2022-08-07T114846-913_jpg.rf.1DItJ7sjmY2sM4Q8yJXT.jpg,1,227,428,"(221, 417, 13, 23)",299,0.7117,0.8911,0.5075,1.0,0.2223,0.5097,0.4994,222.2745
images---2022-08-07T114846-943_jpg.rf.QsqVEUZOpLpuBBerzK5T.jpg,1,475,413,"(468, 407, 15, 13)",195,0.7618,0.9715,0.4996,1.0,0.4684,0.5042,0.2756,468.4404
images---2022-08-07T114846-943_jpg.rf.QsqVEUZOpLpuBBerzK5T.jpg,2,356,285,"(338, 261, 37, 48)",1776,0.5146,0.3127,0.5123,1.0,0.2586,0.5016,0.583,258.5962
images---2022-08-07T114847-002_jpg.rf.r2witrVdBGKUmeNaErGY.jpg,1,189,283,"(182, 248, 15, 70)",1050,0.4524,0.1445,0.5005,1.0,0.2666,0.4994,0.4228,266.5667
images---2022-08-07T114847-034_jpg.rf.0YP6NCzxunZYXZLVeIwL.jpg,1,309,448,"(297, 427, 25, 42)",1050,0.7235,0.9512,0.5,1.0,0.1564,0.5202,0.3604,156.413
images---2022-08-07T114847-126_jpg.rf.zC3rV4esWGmO5N4Cte5t.jpg,1,455,385,"(398, 352, 114, 66)",7524,0.5913,0.5485,0.495,1.0,0.2612,0.4958,0.4466,261.2455
images---2022-08-07T114847-126_jpg.rf.zC3rV4esWGmO5N4Cte5t.jpg,2,414,294,"(405, 288, 19, 12)",228,0.5887,0.3217,0.5422,1.0,0.8633,0.5235,0.9113,863.3472
images---2022-08-07T114847-126_jpg.rf.zC3rV4esWGmO5N4Cte5t.jpg,3,421,269,"(411, 264, 21, 10)",210,0.6693,0.5549,0.5002,1.0,1.0,0.5012,0.2135,1148.8249
images---2022-08-07T114847-126_jpg.rf.zC3rV4esWGmO5N4Cte5t.jpg,4,299,218,"(285, 201, 29, 35)",1015,0.5113,0.2985,0.53,1.0,0.2137,0.5109,0.6015,213.7137
images---2022-08-07T114847-156_jpg.rf.Q8mtztsF2V2wrTIg9fOb.jpg,1,212,267,"(207, 253, 10, 28)",280,0.5031,0.3068,0.4814,1.0,0.2721,0.5074,0.4568,272.0795
images---2022-08-07T114847-188_jpg.rf.znIzMB3uLaOKbGpwoSAk.jpg,1,400,474,"(366, 436, 68, 76)",5168,0.4828,0.2985,0.4701,1.0,0.1386,0.5133,0.5107,138.6301
images---2022-08-07T114847-188_jpg.rf.znIzMB3uLaOKbGpwoSAk.jpg,2,253,414,"(249, 406, 8, 17)",136,0.5164,0.3219,0.4934,1.0,0.3101,0.5056,0.531,310.1179
images---2022-08-07T114847-188_jpg.rf.znIzMB3uLaOKbGpwoSAk.jpg,3,77,405,"(66, 390, 22, 31)",682,0.6901,0.8881,0.5108,1.0,0.0043,0.5021,0.6655,4.3171
images---2022-08-07T114847-188_jpg.rf.znIzMB3uLaOKbGpwoSAk.jpg,4,50,302,"(35, 291, 30, 22)",660,0.7179,0.9499,0.5285,1.0,0.005,0.5007,0.5882,5.0257
images---2022-08-07T114847-188_jpg.rf.znIzMB3uLaOKbGpwoSAk.jpg,5,408,340,"(362, 270, 93, 140)",13020,0.4912,0.3127,0.4671,1.0,0.1825,0.5306,0.5347,182.5059
images---2022-08-07T114847-188_jpg.rf.znIzMB3uLaOKbGpwoSAk.jpg,6,476,255,"(465, 243, 22, 25)",550,0.5217,0.3916,0.4969,1.0,0.1071,0.4975,0.5334,107.0676
images---2022-08-07T114847-188_jpg.rf.znIzMB3uLaOKbGpwoSAk.jpg,7,385,253,"(371, 241, 28, 24)",672,0.6324,0.6605,0.506,1.0,0.2411,0.5169,0.4903,241.1125
images---2022-08-07T114847-188_jpg.rf.znIzMB3uLaOKbGpwoSAk.jpg,8,442,175,"(437, 170, 10, 11)",110,0.7268,0.9538,0.4958,1.0,0.1942,0.4971,0.4921,194.2076
images---2022-08-07T114847-188_jpg.rf.znIzMB3uLaOKbGpwoSAk.jpg,9,51,191,"(37, 155, 29, 73)",2117,0.6849,0.8881,0.4894,1.0,0.0279,0.5058,0.7549,27.8829
images---2022-08-07T114847-188_jpg.rf.znIzMB3uLaOKbGpwoSAk.jpg,10,488,126,"(478, 119, 21, 14)",294,0.6657,0.9499,0.5372,0.7168,0.0183,0.4987,0.1434,18.3084
images---2022-08-07T114847-254_jpg.rf.DPeYUv3cz9ETngP4mlHT.jpg,1,365,199,"(359, 182, 13, 35)",455,0.5624,0.535,0.5507,0.8468,0.1308,0.5052,0.1694,130.799
images---2022-08-07T114847-254_jpg.rf.DPeYUv3cz9ETngP4mlHT.jpg,2,184,187,"(163, 174, 42, 27)",1134,0.5117,0.3179,0.4837,1.0,0.3115,0.5088,0.5133,311.4758
images---2022-08-07T114847-254_jpg.rf.DPeYUv3cz9ETngP4mlHT.jpg,3,366,136,"(355, 109, 23, 54)",1242,0.5906,0.5457,0.5225,1.0,0.1675,0.5169,0.3589,167.4989
images---2022-08-07T114847-254_jpg.rf.DPeYUv3cz9ETngP4mlHT.jpg,4,98,116,"(90, 108, 16, 17)",272,0.4925,0.2985,0.4874,1.0,0.1744,0.4915,0.782,174.3954
images---2022-08-07T114847-254_jpg.rf.DPeYUv3cz9ETngP4mlHT.jpg,5,167,25,"(159, 11, 16, 29)",464,0.5033,0.2985,0.5016,1.0,0.2332,0.4943,0.3258,233.2165
images---2022-08-07T114847-254_jpg.rf.DPeYUv3cz9ETngP4mlHT.jpg,6,439,9,"(435, 0, 8, 19)",152,0.5994,0.6009,0.5189,1.0,0.075,0.508,0.386,74.9593
images---2022-08-07T114847-374_jpg.rf.xaouUXcyhCW3XCvLSfR5.jpg,1,454,253,"(437, 243, 35, 20)",700,0.558,0.3179,0.4986,0.861,1.0,0.4883,0.1722,1272.6349
images---2022-08-07T114847-374_jpg.rf.xaouUXcyhCW3XCvLSfR5.jpg,2,351,253,"(345, 243, 12, 21)",252,0.5796,0.5303,0.5054,1.0,0.1708,0.492,0.2361,170.8327
images---2022-08-07T114847-374_jpg.rf.xaouUXcyhCW3XCvLSfR5.jpg,3,280,256,"(270, 236, 21, 40)",840,0.5405,0.3179,0.4993,1.0,0.5452,0.4997,0.317,545.1986
images---2022-08-07T114847-374_jpg.rf.xaouUXcyhCW3XCvLSfR5.jpg,4,400,242,"(368, 222, 65, 40)",2600,0.5045,0.2894,0.5223,1.0,0.2041,0.504,0.741,204.0608
images---2022-08-07T114847-374_jpg.rf.xaouUXcyhCW3XCvLSfR5.jpg,5,456,226,"(451, 221, 10, 10)",100,0.5066,0.2809,0.5399,1.0,0.1934,0.501,0.8905,193.4267
images---2022-08-07T114847-374_jpg.rf.xaouUXcyhCW3XCvLSfR5.jpg,6,249,214,"(238, 202, 22, 24)",528,0.489,0.2985,0.4827,1.0,0.1559,0.5113,0.6634,155.9209
images---2022-08-07T114847-374_jpg.rf.xaouUXcyhCW3XCvLSfR5.jpg,7,474,200,"(461, 189, 27, 22)",594,0.5017,0.2968,0.498,1.0,0.2351,0.5076,0.6885,235.1177
images---2022-08-07T114847-374_jpg.rf.xaouUXcyhCW3XCvLSfR5.jpg,8,182,215,"(142, 165, 80, 100)",8000,0.5123,0.2985,0.5137,1.0,0.2804,0.5056,0.435,280.3773
images---2022-08-07T114847-374_jpg.rf.xaouUXcyhCW3XCvLSfR5.jpg,9,223,137,"(207, 103, 33, 69)",2277,0.5266,0.3179,0.4521,1.0,0.571,0.518,0.4947,571.037
images---2022-08-07T114847-374_jpg.rf.xaouUXcyhCW3XCvLSfR5.jpg,10,126,103,"(118, 98, 16, 11)",176,0.6528,0.6641,0.5045,1.0,0.4376,0.5074,0.4006,437.6224
images---2022-08-07T114847-436_jpg.rf.BbKOajNHVdjNinErptmV.jpg,1,296,411,"(290, 405, 12, 12)",144,0.5285,0.9538,0.485,0.1128,0.0238,0.4996,0.0226,23.7784
images---2022-08-07T114847-436_jpg.rf.BbKOajNHVdjNinErptmV.jpg,2,426,383,"(422, 377, 9, 12)",108,0.7141,0.9538,0.5023,0.9821,0.0798,0.4998,0.1964,79.7641
images---2022-08-07T114847-436_jpg.rf.BbKOajNHVdjNinErptmV.jpg,3,230,315,"(223, 311, 14, 9)",126,0.4987,0.2911,0.5531,1.0,0.0318,0.5107,0.6044,31.7968
images---2022-08-07T114847-436_jpg.rf.BbKOajNHVdjNinErptmV.jpg,4,505,290,"(498, 283, 14, 15)",210,0.7143,0.9538,0.5101,1.0,0.0196,0.5023,0.5907,19.5774
images---2022-08-07T114847-436_jpg.rf.BbKOajNHVdjNinErptmV.jpg,5,279,288,"(274, 281, 11, 14)",154,0.4964,0.2984,0.5296,1.0,0.066,0.5154,0.7876,65.9863
images---2022-08-07T114847-436_jpg.rf.BbKOajNHVdjNinErptmV.jpg,6,250,294,"(232, 276, 37, 37)",1369,0.6161,0.7092,0.4605,1.0,0.0673,0.5285,0.6389,67.2911
images---2022-08-07T114847-436_jpg.rf.BbKOajNHVdjNinErptmV.jpg,7,187,238,"(157, 213, 60, 51)",3060,0.496,0.3087,0.5011,1.0,0.1264,0.5087,0.705,126.357
images---2022-08-07T114847-436_jpg.rf.BbKOajNHVdjNinErptmV.jpg,8,257,225,"(249, 211, 17, 29)",493,0.4829,0.2984,0.4636,1.0,0.1627,0.5204,0.7645,162.7257
images---2022-08-07T114847-436_jpg.rf.BbKOajNHVdjNinErptmV.jpg,9,264,185,"(261, 176, 6, 18)",108,0.487,0.2882,0.4695,1.0,0.2178,0.509,1.0,217.8485
images---2022-08-07T114847-436_jpg.rf.BbKOajNHVdjNinErptmV.jpg,10,299,193,"(289, 168, 21, 50)",1050,0.4903,0.2985,0.4847,1.0,0.1624,0.514,0.7571,162.44
images---2022-08-07T114847-436_jpg.rf.BbKOajNHVdjNinErptmV.jpg,11,192,163,"(184, 145, 16, 37)",592,0.5121,0.3113,0.4935,1.0,0.3044,0.5122,0.7128,304.3669
images---2022-08-07T114847-436_jpg.rf.BbKOajNHVdjNinErptmV.jpg,12,5,92,"(0, 88, 11, 9)",99,0.5039,0.9538,0.4802,0.0,0.0203,0.4997,0.0,20.2513
images---2022-08-07T114847-526_jpg.rf.PuWJfcPreL6t4c08bUrJ.jpg,1,110,215,"(102, 207, 16, 17)",272,0.5221,0.3037,0.498,1.0,0.4147,0.5044,0.7069,414.7291
images---2022-08-07T114847-555_jpg.rf.GQyWoJ4DOtgiBj16A3VG.jpg,1,151,339,"(142, 329, 18, 21)",378,0.585,0.5339,0.5182,1.0,0.1679,0.5013,0.2768,167.9342
images---2022-08-07T114847-555_jpg.rf.GQyWoJ4DOtgiBj16A3VG.jpg,2,200,303,"(188, 295, 24, 17)",408,0.4984,0.3552,0.5371,0.9243,0.0121,0.488,0.1849,12.0836
images---2022-08-07T114847-589_jpg.rf.gQ1gV5oNVMg9NBxPIV8w.jpg,1,323,373,"(317, 365, 12, 17)",204,0.7253,0.9491,0.4822,1.0,0.2431,0.5046,0.4339,243.111
images---2022-08-07T114847-589_jpg.rf.gQ1gV5oNVMg9NBxPIV8w.jpg,2,228,275,"(217, 268, 23, 15)",345,0.4872,0.2956,0.4512,1.0,0.2582,0.5062,0.9175,258.2196
images---2022-08-07T114847-589_jpg.rf.gQ1gV5oNVMg9NBxPIV8w.jpg,3,252,241,"(244, 224, 17, 35)",595,0.5183,0.2985,0.4853,1.0,0.4401,0.5181,0.5686,440.0788
images---2022-08-07T114847-589_jpg.rf.gQ1gV5oNVMg9NBxPIV8w.jpg,4,277,190,"(262, 180, 31, 20)",620,0.5578,0.3037,0.5189,1.0,0.6987,0.522,0.5451,698.7165
images---2022-08-07T114847-589_jpg.rf.gQ1gV5oNVMg9NBxPIV8w.jpg,5,270,121,"(265, 115, 10, 12)",120,0.4692,0.2882,0.4495,1.0,0.1099,0.5021,0.9792,109.9437
images---2022-08-07T114847-654_jpg.rf.Wivu5qBjLzX3s0zoI3EM.jpg,1,224,388,"(213, 383, 22, 11)",242,0.4727,0.5445,0.5116,0.4412,0.1487,0.5109,0.0882,148.7357
images---2022-08-07T114847-654_jpg.rf.Wivu5qBjLzX3s0zoI3EM.jpg,2,222,363,"(204, 355, 36, 17)",612,0.7205,0.9512,0.5121,1.0,0.0836,0.5137,0.5754,83.5534
images---2022-08-07T114847-654_jpg.rf.Wivu5qBjLzX3s0zoI3EM.jpg,3,495,356,"(479, 347, 33, 18)",594,0.5275,0.3626,0.5316,1.0,0.145,0.513,0.5504,145.0278
images---2022-08-07T114847-654_jpg.rf.Wivu5qBjLzX3s0zoI3EM.jpg,4,145,52,"(138, 48, 14, 8)",112,0.5092,0.2985,0.4931,1.0,0.321,0.4987,0.2173,321.0075
images---2022-08-07T114847-717_jpg.rf.kD1ceEmEDwzJNyORUpaU.jpg,1,494,370,"(486, 363, 17, 15)",255,0.4742,0.1317,0.5021,1.0,0.5239,0.4907,0.5006,523.9104
images---2022-08-07T114847-813_jpg.rf.eVYiEQ9bkXLYbfY8MhN6.jpg,1,255,363,"(246, 354, 18, 19)",342,0.5126,0.6184,0.5012,0.5054,0.1962,0.517,0.1011,196.1755
images---2022-08-07T114847-938_jpg.rf.FJYzsO0sDpsMMhirc23x.jpg,1,352,451,"(347, 446, 11, 10)",110,0.7692,0.9715,0.4834,1.0,0.5999,0.5037,0.3755,599.9334
images---2022-08-07T114847-938_jpg.rf.FJYzsO0sDpsMMhirc23x.jpg,2,273,447,"(265, 439, 17, 16)",272,0.7946,0.9715,0.4927,1.0,0.821,0.5085,0.7562,820.9687
images---2022-08-07T114847-938_jpg.rf.FJYzsO0sDpsMMhirc23x.jpg,3,219,441,"(215, 430, 9, 23)",207,0.8157,0.9715,0.5019,1.0,1.0,0.5144,0.5878,1508.6356
images---2022-08-07T114847-938_jpg.rf.FJYzsO0sDpsMMhirc23x.jpg,4,89,431,"(82, 420, 15, 23)",345,0.7929,0.9715,0.4818,1.0,0.8418,0.5222,0.4212,841.7802
images---2022-08-07T114847-938_jpg.rf.FJYzsO0sDpsMMhirc23x.jpg,5,51,437,"(29, 415, 45, 44)",1980,0.7966,0.9659,0.4706,1.0,0.938,0.5249,0.5031,938.0476
images---2022-08-07T114847-938_jpg.rf.FJYzsO0sDpsMMhirc23x.jpg,6,188,405,"(174, 394, 28, 22)",616,0.7537,0.9544,0.4885,1.0,0.4871,0.5021,0.4368,487.0609
images---2022-08-07T114847-938_jpg.rf.FJYzsO0sDpsMMhirc23x.jpg,7,368,411,"(348, 384, 41, 54)",2214,0.7652,0.9544,0.4528,1.0,0.7267,0.5024,0.4806,726.7225
images---2022-08-07T114847-938_jpg.rf.FJYzsO0sDpsMMhirc23x.jpg,8,92,384,"(88, 377, 8, 15)",120,0.7948,0.9715,0.4807,1.0,0.8653,0.5096,0.8074,865.2758
images---2022-08-07T114847-938_jpg.rf.FJYzsO0sDpsMMhirc23x.jpg,9,495,418,"(479, 373, 33, 91)",3003,0.7442,0.9536,0.5162,1.0,0.2971,0.5204,0.4521,297.1196
images---2022-08-07T114847-938_jpg.rf.FJYzsO0sDpsMMhirc23x.jpg,10,129,348,"(118, 338, 22, 21)",462,0.7808,0.9659,0.4709,1.0,0.7795,0.5091,0.4831,779.5276
images---2022-08-07T114847-938_jpg.rf.FJYzsO0sDpsMMhirc23x.jpg,11,166,335,"(154, 327, 24, 17)",408,0.7635,0.9659,0.4736,1.0,0.5967,0.5041,0.5843,596.6886
images---2022-08-07T114847-938_jpg.rf.FJYzsO0sDpsMMhirc23x.jpg,12,167,307,"(163, 298, 9, 18)",162,0.7907,0.9715,0.4826,1.0,0.8172,0.5103,0.7556,817.197
images---2022-08-07T114847-938_jpg.rf.FJYzsO0sDpsMMhirc23x.jpg,13,197,280,"(187, 273, 21, 14)",294,0.7998,0.9715,0.4742,1.0,0.9375,0.5094,0.6608,937.5316
images---2022-08-07T114847-938_jpg.rf.FJYzsO0sDpsMMhirc23x.jpg,14,486,253,"(481, 248, 10, 11)",110,0.7499,0.9715,0.4975,1.0,0.3573,0.5091,0.4585,357.2668
images---2022-08-07T114847-938_jpg.rf.FJYzsO0sDpsMMhirc23x.jpg,15,155,235,"(148, 230, 14, 10)",140,0.8043,0.9688,0.5187,1.0,0.8366,0.5068,0.8846,836.5967
images---2022-08-07T114847-938_jpg.rf.FJYzsO0sDpsMMhirc23x.jpg,16,477,233,"(467, 221, 21, 25)",525,0.7461,0.9659,0.5006,1.0,0.3284,0.5056,0.5971,328.4451
images---2022-08-07T114847-938_jpg.rf.FJYzsO0sDpsMMhirc23x.jpg,17,92,232,"(81, 219, 22, 27)",594,0.7529,0.9715,0.4576,1.0,0.527,0.5065,0.9035,527.0291
images---2022-08-07T114847-938_jpg.rf.FJYzsO0sDpsMMhirc23x.jpg,18,502,214,"(492, 202, 20, 25)",500,0.7375,0.9715,0.4768,1.0,0.3055,0.511,0.7245,305.4756
images---2022-08-07T114847-938_jpg.rf.FJYzsO0sDpsMMhirc23x.jpg,19,105,196,"(99, 187, 12, 18)",216,0.7582,0.9688,0.5024,1.0,0.433,0.5044,0.8069,433.0388
images---2022-08-07T114847-938_jpg.rf.FJYzsO0sDpsMMhirc23x.jpg,20,477,201,"(471, 186, 12, 30)",360,0.753,0.9715,0.4869,1.0,0.4251,0.5141,0.5694,425.1062
images---2022-08-07T114847-938_jpg.rf.FJYzsO0sDpsMMhirc23x.jpg,21,498,180,"(485, 163, 27, 35)",945,0.7352,0.9659,0.4737,1.0,0.3134,0.5179,0.5268,313.4452
images---2022-08-07T114847-938_jpg.rf.FJYzsO0sDpsMMhirc23x.jpg,22,422,143,"(412, 137, 21, 13)",273,0.7901,0.9688,0.5205,1.0,0.6891,0.5112,0.76,689.1055
images---2022-08-07T114847-938_jpg.rf.FJYzsO0sDpsMMhirc23x.jpg,23,103,132,"(98, 122, 10, 20)",200,0.7427,0.9715,0.4894,1.0,0.3142,0.5022,0.8793,314.1823
images---2022-08-07T114847-938_jpg.rf.FJYzsO0sDpsMMhirc23x.jpg,24,461,116,"(451, 107, 21, 19)",399,0.7325,0.9627,0.4866,1.0,0.2523,0.5126,0.4409,252.3394
images---2022-08-07T114847-938_jpg.rf.FJYzsO0sDpsMMhirc23x.jpg,25,495,115,"(485, 106, 20, 19)",380,0.7498,0.9659,0.5096,1.0,0.3342,0.513,0.4345,334.2106
images---2022-08-07T114847-938_jpg.rf.FJYzsO0sDpsMMhirc23x.jpg,26,435,93,"(429, 86, 13, 15)",195,0.7396,0.9684,0.5177,1.0,0.1944,0.4991,0.6326,194.4456
images---2022-08-07T114847-938_jpg.rf.FJYzsO0sDpsMMhirc23x.jpg,27,74,91,"(69, 84, 11, 14)",154,0.7709,0.9677,0.5362,1.0,0.4452,0.5065,0.9582,445.1568
images---2022-08-07T114847-938_jpg.rf.FJYzsO0sDpsMMhirc23x.jpg,28,164,78,"(154, 70, 20, 16)",320,0.745,0.9715,0.4974,1.0,0.3093,0.5095,0.8739,309.3004
images---2022-08-07T114847-938_jpg.rf.FJYzsO0sDpsMMhirc23x.jpg,29,463,31,"(457, 23, 13, 17)",221,0.7229,0.9684,0.4983,1.0,0.0959,0.5054,0.5559,95.9335
images---2022-08-07T114847-938_jpg.rf.FJYzsO0sDpsMMhirc23x.jpg,30,505,19,"(499, 14, 13, 11)",143,0.7357,0.9684,0.5033,1.0,0.206,0.5015,0.6133,206.0158
images---2022-08-07T114847-938_jpg.rf.FJYzsO0sDpsMMhirc23x.jpg,31,407,20,"(389, 4, 37, 32)",1184,0.7227,0.9684,0.4766,1.0,0.1698,0.517,0.448,169.7794
images---2022-08-07T114847-938_jpg.rf.FJYzsO0sDpsMMhirc23x.jpg,32,455,2,"(446, 0, 18, 5)",90,0.7222,0.9538,0.5197,1.0,0.0644,0.5018,0.9515,64.3982
images---2022-08-07T114848-140_jpg.rf.SskprfjX0KkkHcOFz57L.jpg,1,435,502,"(428, 493, 15, 19)",285,0.5703,0.5242,0.529,1.0,0.0169,0.5064,0.7896,16.8556
images---2022-08-07T114848-140_jpg.rf.SskprfjX0KkkHcOFz57L.jpg,2,466,498,"(454, 485, 25, 27)",675,0.5733,0.5242,0.5402,1.0,0.0077,0.5054,0.9631,7.6943
images---2022-08-07T114848-140_jpg.rf.SskprfjX0KkkHcOFz57L.jpg,3,93,485,"(69, 459, 48, 53)",2544,0.5009,0.2984,0.5567,1.0,0.0163,0.5164,0.9025,16.2621
images---2022-08-07T114848-140_jpg.rf.SskprfjX0KkkHcOFz57L.jpg,4,112,459,"(108, 453, 8, 12)",96,0.5012,0.3024,0.5535,1.0,0.0163,0.5028,0.9187,16.2903
images---2022-08-07T114848-140_jpg.rf.SskprfjX0KkkHcOFz57L.jpg,5,421,456,"(411, 421, 21, 71)",1491,0.5686,0.5316,0.519,1.0,0.009,0.5102,0.8478,9.0384
images---2022-08-07T114848-140_jpg.rf.SskprfjX0KkkHcOFz57L.jpg,6,74,429,"(64, 405, 20, 49)",980,0.4863,0.2934,0.5223,1.0,0.0083,0.5054,0.9775,8.2797
images---2022-08-07T114848-140_jpg.rf.SskprfjX0KkkHcOFz57L.jpg,7,412,401,"(408, 391, 8, 21)",168,0.4963,0.29,0.555,1.0,0.0056,0.5058,0.6106,5.5829
images---2022-08-07T114848-140_jpg.rf.SskprfjX0KkkHcOFz57L.jpg,8,460,407,"(441, 342, 39, 131)",5109,0.4942,0.2934,0.5454,1.0,0.0061,0.5142,0.9894,6.066
images---2022-08-07T114848-140_jpg.rf.SskprfjX0KkkHcOFz57L.jpg,9,286,338,"(282, 333, 9, 11)",99,0.5747,0.54,0.5243,1.0,0.0213,0.5051,0.2588,21.3321
images---2022-08-07T114848-140_jpg.rf.SskprfjX0KkkHcOFz57L.jpg,10,253,136,"(243, 103, 20, 67)",1340,0.4946,0.3127,0.4984,1.0,0.1075,0.5251,0.5938,107.4673
images---2022-08-07T114848-170_jpg.rf.IOocj2xUqWkomconhvu0.jpg,1,98,172,"(88, 164, 21, 16)",336,0.489,0.2791,0.5424,1.0,0.0147,0.5033,0.8983,14.703
images---2022-08-07T114848-170_jpg.rf.IOocj2xUqWkomconhvu0.jpg,2,452,98,"(431, 74, 42, 49)",2058,0.4836,0.3045,0.4733,1.0,0.1137,0.527,0.3749,113.7094
images---2022-08-07T114848-170_jpg.rf.IOocj2xUqWkomconhvu0.jpg,3,338,40,"(333, 32, 10, 17)",170,0.4988,0.3158,0.5108,1.0,0.0942,0.5154,0.3636,94.2164
images---2022-08-07T114848-170_jpg.rf.IOocj2xUqWkomconhvu0.jpg,4,255,27,"(249, 0, 12, 55)",660,0.5784,0.535,0.5407,1.0,0.019,0.499,0.4173,18.9542
images---2022-08-07T114848-203_jpg.rf.UEe7UyCyOcUZRO8N9C1R.jpg,1,172,317,"(163, 313, 18, 9)",162,0.5483,0.2985,0.5386,1.0,0.5534,0.4975,0.4048,553.4421
images---2022-08-07T114848-203_jpg.rf.UEe7UyCyOcUZRO8N9C1R.jpg,2,386,248,"(370, 238, 33, 21)",693,0.5207,0.3127,0.4607,1.0,0.5005,0.5061,0.3576,500.4936
images---2022-08-07T114848-203_jpg.rf.UEe7UyCyOcUZRO8N9C1R.jpg,3,314,231,"(307, 228, 14, 7)",98,0.4818,0.2841,0.4897,1.0,0.109,0.5034,0.5506,109.0308
images---2022-08-07T114848-203_jpg.rf.UEe7UyCyOcUZRO8N9C1R.jpg,4,265,226,"(257, 220, 16, 13)",208,0.5053,0.2916,0.4839,1.0,0.3393,0.5008,0.4471,339.2883
images---2022-08-07T114848-203_jpg.rf.UEe7UyCyOcUZRO8N9C1R.jpg,5,149,212,"(130, 204, 39, 17)",663,0.4722,0.2769,0.4874,1.0,0.0472,0.4915,0.5822,47.1589
images---2022-08-07T114848-203_jpg.rf.UEe7UyCyOcUZRO8N9C1R.jpg,6,450,199,"(417, 169, 67, 61)",4087,0.5085,0.3127,0.4809,1.0,0.3076,0.4999,0.4352,307.6221
images---2022-08-07T114848-203_jpg.rf.UEe7UyCyOcUZRO8N9C1R.jpg,7,314,183,"(287, 145, 54, 76)",4104,0.49,0.2916,0.5113,1.0,0.0902,0.5096,0.6093,90.2376
images---2022-08-07T114848-265_jpg.rf.uUbrVIos1FLEiSE4KnR4.jpg,1,324,371,"(316, 362, 17, 18)",306,0.5206,0.6151,0.5273,0.5402,0.127,0.5221,0.108,127.0007
images---2022-08-07T114848-265_jpg.rf.uUbrVIos1FLEiSE4KnR4.jpg,2,366,291,"(317, 256, 98, 70)",6860,0.4891,0.2971,0.5072,1.0,0.0755,0.5139,0.7382,75.5124
images---2022-08-07T114848-326_jpg.rf.23IJivWRv72cBEvMFKcb.jpg,1,238,259,"(188, 190, 100, 139)",13900,0.5553,0.3179,0.5113,1.0,0.6508,0.5221,0.5017,650.8126
images---2022-08-07T114848-326_jpg.rf.23IJivWRv72cBEvMFKcb.jpg,2,297,213,"(281, 180, 33, 67)",2211,0.5447,0.3037,0.487,1.0,0.6798,0.5093,0.645,679.8259
images---2022-08-07T114848-356_jpg.rf.v2ajeZtNY29c0nUY0FQz.jpg,1,282,317,"(274, 308, 16, 19)",304,0.6383,0.7161,0.5076,1.0,0.1001,0.5075,0.2419,100.0532
images---2022-08-07T114848-449_jpg.rf.91oR0bLfmO1MxGy8DpeW.jpg,1,89,466,"(76, 448, 26, 36)",936,0.7195,0.9512,0.5067,1.0,0.0926,0.5173,0.3087,92.5566
images---2022-08-07T114848-449_jpg.rf.91oR0bLfmO1MxGy8DpeW.jpg,2,174,469,"(168, 427, 12, 85)",1020,0.5839,0.5455,0.5422,1.0,0.032,0.5011,0.2624,31.9972
images---2022-08-07T114848-449_jpg.rf.91oR0bLfmO1MxGy8DpeW.jpg,3,369,457,"(342, 412, 54, 90)",4860,0.7184,0.9512,0.5234,1.0,0.0234,0.5215,0.2634,23.4222
images---2022-08-07T114848-449_jpg.rf.91oR0bLfmO1MxGy8DpeW.jpg,4,167,407,"(163, 396, 9, 22)",198,0.4596,0.8161,0.4882,0.0,0.0314,0.5054,0.0,31.4107
images---2022-08-07T114848-449_jpg.rf.91oR0bLfmO1MxGy8DpeW.jpg,5,125,246,"(114, 233, 22, 27)",594,0.4883,0.3058,0.5048,1.0,0.0465,0.5185,0.5008,46.5456
images---2022-08-07T114848-449_jpg.rf.91oR0bLfmO1MxGy8DpeW.jpg,6,310,104,"(298, 42, 24, 125)",3000,0.4652,0.2801,0.4715,1.0,0.0213,0.5031,0.5353,21.3249
images---2022-08-07T114848-449_jpg.rf.91oR0bLfmO1MxGy8DpeW.jpg,7,311,6,"(303, 0, 17, 12)",204,0.5097,0.3916,0.4824,1.0,0.0375,0.5076,0.433,37.4631
images---2022-08-07T114848-479_jpg.rf.4PMyrEASZBR7jhlHvqiq.jpg,1,365,320,"(351, 310, 28, 21)",588,0.5789,0.3179,0.479,1.0,1.0,0.5255,0.3561,2150.6063
images---2022-08-07T114848-479_jpg.rf.4PMyrEASZBR7jhlHvqiq.jpg,2,394,197,"(390, 187, 8, 21)",168,0.5361,0.3037,0.4891,1.0,0.5857,0.5059,0.3318,585.6754
images---2022-08-07T114848-511_jpg.rf.yelYeoI53R27J0hInhN4.jpg,1,206,294,"(188, 276, 36, 36)",1296,0.4562,0.3037,0.4647,0.4362,1.0,0.5163,0.0872,1584.5792
images---2022-08-07T114848-511_jpg.rf.yelYeoI53R27J0hInhN4.jpg,2,400,268,"(394, 262, 12, 12)",144,0.609,0.9314,0.5014,0.5208,0.0337,0.5037,0.1042,33.697
images---2022-08-07T114848-511_jpg.rf.yelYeoI53R27J0hInhN4.jpg,3,259,234,"(255, 226, 9, 16)",144,0.5232,0.535,0.5109,0.6888,0.1938,0.5114,0.1378,193.7553
images---2022-08-07T114848-511_jpg.rf.yelYeoI53R27J0hInhN4.jpg,4,493,228,"(474, 202, 38, 52)",1976,0.7127,0.9569,0.5068,1.0,0.0041,0.5059,0.332,4.1086
images---2022-08-07T114848-543_jpg.rf.9azmg4NGcnfgffMsBtHf.jpg,1,411,507,"(400, 502, 22, 10)",220,0.6931,0.8881,0.5139,1.0,0.0241,0.508,0.8952,24.0645
images---2022-08-07T114848-543_jpg.rf.9azmg4NGcnfgffMsBtHf.jpg,2,370,491,"(353, 482, 34, 19)",646,0.7185,0.9041,0.4709,1.0,0.3722,0.5183,0.594,372.2477
images---2022-08-07T114848-543_jpg.rf.9azmg4NGcnfgffMsBtHf.jpg,3,366,440,"(362, 433, 8, 14)",112,0.5287,0.3981,0.4576,1.0,0.2921,0.5161,0.5038,292.067
images---2022-08-07T114848-543_jpg.rf.9azmg4NGcnfgffMsBtHf.jpg,4,322,444,"(313, 426, 19, 36)",684,0.5231,0.3916,0.4871,1.0,0.1552,0.5141,0.4341,155.2382
images---2022-08-07T114848-543_jpg.rf.9azmg4NGcnfgffMsBtHf.jpg,5,289,372,"(280, 353, 18, 38)",684,0.606,0.6641,0.4556,1.0,0.1408,0.5219,0.5307,140.8257
images---2022-08-07T114848-543_jpg.rf.9azmg4NGcnfgffMsBtHf.jpg,6,306,267,"(301, 262, 11, 10)",110,0.7795,0.9796,0.4944,1.0,0.6354,0.5133,0.3162,635.4291
images---2022-08-07T114848-543_jpg.rf.9azmg4NGcnfgffMsBtHf.jpg,7,347,268,"(323, 261, 48, 14)",672,0.7355,1.0,0.496,1.0,0.1187,0.5155,0.4192,118.7361
images---2022-08-07T114848-543_jpg.rf.9azmg4NGcnfgffMsBtHf.jpg,8,257,213,"(199, 131, 116, 165)",19140,0.5017,0.3179,0.4576,1.0,0.303,0.5241,0.739,302.9808
images---2022-08-07T114848-543_jpg.rf.9azmg4NGcnfgffMsBtHf.jpg,9,36,26,"(12, 0, 48, 52)",2496,0.4961,0.2769,0.5674,1.0,0.006,0.5065,0.8098,5.9684
images---2022-08-07T114848-573_jpg.rf.sD4suucC0ONYOP9oysfB.jpg,1,504,261,"(496, 257, 16, 9)",144,0.7385,0.9616,0.4871,1.0,0.3145,0.4991,0.5714,314.5204
images---2022-08-07T114848-573_jpg.rf.sD4suucC0ONYOP9oysfB.jpg,2,405,252,"(394, 241, 23, 22)",506,0.681,0.7387,0.4851,1.0,0.527,0.5041,0.4975,527.0329
images---2022-08-07T114848-604_jpg.rf.zVVNXBdraVm5ATNWRLn5.jpg,1,319,484,"(311, 478, 17, 13)",221,0.7742,0.9659,0.4896,1.0,0.6478,0.5164,0.5448,647.7651
images---2022-08-07T114848-604_jpg.rf.zVVNXBdraVm5ATNWRLn5.jpg,2,84,396,"(76, 389, 17, 15)",255,0.7509,0.9606,0.4822,1.0,0.4595,0.5185,0.3333,459.5357
images---2022-08-07T114848-604_jpg.rf.zVVNXBdraVm5ATNWRLn5.jpg,3,121,396,"(113, 388, 16, 16)",256,0.7819,0.9715,0.4613,1.0,0.8041,0.512,0.3954,804.0664
images---2022-08-07T114848-604_jpg.rf.zVVNXBdraVm5ATNWRLn5.jpg,4,242,248,"(236, 242, 13, 13)",169,0.7727,1.0,0.4888,1.0,0.5162,0.5187,0.5552,516.2132
images---2022-08-07T114848-604_jpg.rf.zVVNXBdraVm5ATNWRLn5.jpg,5,77,211,"(54, 183, 47, 57)",2679,0.5257,0.3127,0.4843,1.0,0.4677,0.5146,0.6178,467.7276
images---2022-08-07T114848-604_jpg.rf.zVVNXBdraVm5ATNWRLn5.jpg,6,432,236,"(379, 165, 106, 143)",15158,0.5068,0.3127,0.4745,1.0,0.3133,0.5282,0.4988,313.2703
images---2022-08-07T114848-604_jpg.rf.zVVNXBdraVm5ATNWRLn5.jpg,7,110,179,"(99, 136, 23, 86)",1978,0.5219,0.3037,0.5058,1.0,0.3853,0.5136,0.586,385.3255
images---2022-08-07T114848-636_jpg.rf.banOVqQa2aY7MEwd8G7w.jpg,1,407,489,"(398, 482, 19, 15)",285,0.7183,0.9538,0.5193,1.0,0.027,0.5023,1.0,26.9513
images---2022-08-07T114848-636_jpg.rf.banOVqQa2aY7MEwd8G7w.jpg,2,211,495,"(200, 478, 23, 34)",782,0.7199,0.9367,0.5319,1.0,0.0586,0.5127,0.2379,58.5572
images---2022-08-07T114848-636_jpg.rf.banOVqQa2aY7MEwd8G7w.jpg,3,170,369,"(165, 354, 11, 31)",341,0.7235,0.9491,0.5397,1.0,0.0244,0.4937,0.7017,24.4026
images---2022-08-07T114848-636_jpg.rf.banOVqQa2aY7MEwd8G7w.jpg,4,219,260,"(215, 254, 8, 13)",104,0.5776,0.5497,0.4843,1.0,0.1575,0.5044,0.476,157.4888
images---2022-08-07T114848-697_jpg.rf.ddioFLTe0V5yJlQjVO19.jpg,1,399,401,"(387, 392, 25, 19)",475,0.7376,0.9833,0.4588,1.0,0.3286,0.5165,0.4507,328.5758
images---2022-08-07T114848-697_jpg.rf.ddioFLTe0V5yJlQjVO19.jpg,2,332,373,"(328, 367, 9, 12)",108,0.7517,0.9627,0.4983,1.0,0.4037,0.5051,0.3651,403.6899
images---2022-08-07T114848-697_jpg.rf.ddioFLTe0V5yJlQjVO19.jpg,3,295,363,"(290, 354, 11, 19)",209,0.7194,0.725,0.4732,1.0,1.0,0.5117,0.5372,1162.1151
images---2022-08-07T114848-697_jpg.rf.ddioFLTe0V5yJlQjVO19.jpg,4,224,358,"(216, 348, 17, 21)",357,0.5307,0.3179,0.4658,1.0,0.5642,0.5139,0.5883,564.1936
images---2022-08-07T114848-697_jpg.rf.ddioFLTe0V5yJlQjVO19.jpg,5,318,170,"(307, 150, 22, 40)",880,0.5579,0.3179,0.4877,1.0,0.759,0.512,0.5995,758.972
images---2022-08-07T114848-697_jpg.rf.ddioFLTe0V5yJlQjVO19.jpg,6,381,161,"(362, 128, 38, 67)",2546,0.549,0.3179,0.4849,1.0,0.6802,0.5165,0.719,680.1696
images---2022-08-07T114848-697_jpg.rf.ddioFLTe0V5yJlQjVO19.jpg,7,398,109,"(387, 98, 22, 23)",506,0.5483,0.3179,0.5012,1.0,0.6164,0.5069,0.5588,616.3818
images---2022-08-07T114848-818_jpg.rf.KSc2wDX11L4PzGdZvbfD.jpg,1,20,434,"(0, 406, 40, 57)",2280,0.5002,0.2985,0.5382,1.0,0.0731,0.5038,0.6783,73.0692
images---2022-08-07T114848-818_jpg.rf.KSc2wDX11L4PzGdZvbfD.jpg,2,72,397,"(61, 387, 23, 21)",483,0.4864,0.2985,0.4818,1.0,0.1328,0.5104,0.5558,132.7537
images---2022-08-07T114848-818_jpg.rf.KSc2wDX11L4PzGdZvbfD.jpg,3,232,399,"(213, 374, 39, 51)",1989,0.5447,0.3186,0.5486,1.0,0.4117,0.5182,0.371,411.6746
images---2022-08-07T114848-818_jpg.rf.KSc2wDX11L4PzGdZvbfD.jpg,4,45,369,"(38, 362, 15, 14)",210,0.5218,0.2985,0.5444,1.0,0.2679,0.5041,0.3319,267.8613
images---2022-08-07T114848-818_jpg.rf.KSc2wDX11L4PzGdZvbfD.jpg,5,171,308,"(155, 293, 32, 30)",960,0.5167,0.2841,0.5283,1.0,0.3234,0.508,0.4692,323.4246
images---2022-08-07T114848-818_jpg.rf.KSc2wDX11L4PzGdZvbfD.jpg,6,106,304,"(93, 286, 26, 36)",936,0.5328,0.3037,0.5291,1.0,0.4133,0.5101,0.4468,413.2987
images---2022-08-07T114848-818_jpg.rf.KSc2wDX11L4PzGdZvbfD.jpg,7,3,267,"(0, 246, 7, 43)",301,0.5271,0.3058,0.5613,1.0,0.2362,0.4925,0.4028,236.1946
images---2022-08-07T114848-818_jpg.rf.KSc2wDX11L4PzGdZvbfD.jpg,8,43,264,"(20, 217, 47, 95)",4465,0.5125,0.3127,0.5008,1.0,0.2776,0.5093,0.5539,277.573
images---2022-08-07T114848-818_jpg.rf.KSc2wDX11L4PzGdZvbfD.jpg,9,266,261,"(207, 212, 119, 99)",11781,0.5306,0.3179,0.5262,1.0,0.3514,0.5267,0.4276,351.4433
images---2022-08-07T114848-818_jpg.rf.KSc2wDX11L4PzGdZvbfD.jpg,10,79,175,"(62, 153, 35, 44)",1540,0.524,0.3127,0.5193,1.0,0.3286,0.5112,0.391,328.5735
images---2022-08-07T114848-818_jpg.rf.KSc2wDX11L4PzGdZvbfD.jpg,11,194,157,"(172, 117, 44, 81)",3564,0.5276,0.3179,0.5251,1.0,0.325,0.5106,0.4393,324.9714
images---2022-08-07T114848-818_jpg.rf.KSc2wDX11L4PzGdZvbfD.jpg,12,354,170,"(329, 112, 51, 117)",5967,0.5199,0.3179,0.5061,1.0,0.3146,0.5171,0.4965,314.5731
images---2022-08-07T114848-818_jpg.rf.KSc2wDX11L4PzGdZvbfD.jpg,13,125,107,"(121, 100, 9, 14)",126,0.5201,0.2841,0.5727,1.0,0.2017,0.4971,0.5403,201.7448
images---2022-08-07T114848-818_jpg.rf.KSc2wDX11L4PzGdZvbfD.jpg,14,314,113,"(297, 83, 34, 61)",2074,0.5235,0.3127,0.5281,1.0,0.292,0.5212,0.4011,291.9985
images---2022-08-07T114848-818_jpg.rf.KSc2wDX11L4PzGdZvbfD.jpg,15,481,105,"(450, 68, 62, 74)",4588,0.5225,0.3058,0.5603,1.0,0.1934,0.513,0.5527,193.3628
images---2022-08-07T114848-818_jpg.rf.KSc2wDX11L4PzGdZvbfD.jpg,16,400,71,"(375, 46, 51, 51)",2601,0.5074,0.2985,0.5145,1.0,0.2288,0.5104,0.4603,228.763
images---2022-08-07T114848-818_jpg.rf.KSc2wDX11L4PzGdZvbfD.jpg,17,504,51,"(497, 44, 15, 15)",225,0.5044,0.2985,0.5229,1.0,0.1694,0.5027,0.6861,169.3755
images---2022-08-07T114848-818_jpg.rf.KSc2wDX11L4PzGdZvbfD.jpg,18,93,51,"(33, 27, 120, 48)",5760,0.5052,0.3127,0.5181,1.0,0.1448,0.5123,0.4736,144.8286
images---2022-08-07T114848-818_jpg.rf.KSc2wDX11L4PzGdZvbfD.jpg,19,448,42,"(437, 24, 22, 37)",814,0.5095,0.3127,0.5227,1.0,0.1711,0.512,0.3445,171.124
images---2022-08-07T114848-818_jpg.rf.KSc2wDX11L4PzGdZvbfD.jpg,20,201,33,"(196, 24, 11, 18)",198,0.5055,0.2985,0.5198,1.0,0.1912,0.5023,0.3072,191.2113
images---2022-08-07T114848-818_jpg.rf.KSc2wDX11L4PzGdZvbfD.jpg,21,240,40,"(221, 17, 39, 46)",1794,0.5093,0.2985,0.543,1.0,0.148,0.5082,0.4682,148.0104
images---2022-08-07T114848-818_jpg.rf.KSc2wDX11L4PzGdZvbfD.jpg,22,4,15,"(0, 7, 8, 17)",136,0.5114,0.2841,0.5788,1.0,0.0942,0.4976,0.431,94.2121
images---2022-08-07T114848-818_jpg.rf.KSc2wDX11L4PzGdZvbfD.jpg,23,169,12,"(164, 3, 11, 18)",198,0.5078,0.2841,0.5758,1.0,0.0681,0.4978,0.3285,68.1311
images---2022-08-07T114848-818_jpg.rf.KSc2wDX11L4PzGdZvbfD.jpg,24,348,31,"(317, 0, 62, 62)",3844,0.4998,0.3061,0.5038,1.0,0.1631,0.5023,0.5302,163.0637
images---2022-08-07T114848-818_jpg.rf.KSc2wDX11L4PzGdZvbfD.jpg,25,306,16,"(289, 0, 35, 32)",1120,0.4967,0.2985,0.5193,1.0,0.1044,0.4992,0.3992,104.4068
images---2022-08-07T114848-818_jpg.rf.KSc2wDX11L4PzGdZvbfD.jpg,26,141,12,"(133, 0, 16, 24)",384,0.5146,0.3061,0.5341,1.0,0.2057,0.5016,0.4917,205.6936
images---2022-08-07T114849-000_jpg.rf.e3KmpyzoUC8j48fdMJIh.jpg,1,400,464,"(390, 457, 21, 15)",315,0.7252,1.0,0.4853,1.0,0.0535,0.5091,0.2435,53.506
images---2022-08-07T114849-000_jpg.rf.e3KmpyzoUC8j48fdMJIh.jpg,2,497,437,"(493, 429, 9, 17)",153,0.5373,0.9443,0.511,0.1314,0.0173,0.5064,0.0263,17.3072
images---2022-08-07T114849-000_jpg.rf.e3KmpyzoUC8j48fdMJIh.jpg,3,466,446,"(457, 429, 19, 35)",665,0.7285,1.0,0.4898,1.0,0.0706,0.5099,0.3953,70.5785
images---2022-08-07T114849-000_jpg.rf.e3KmpyzoUC8j48fdMJIh.jpg,4,86,399,"(71, 391, 30, 16)",480,0.593,1.0,0.4704,0.3656,0.0526,0.5107,0.0731,52.5892
images---2022-08-07T114849-000_jpg.rf.e3KmpyzoUC8j48fdMJIh.jpg,5,8,287,"(0, 280, 17, 14)",238,0.7328,1.0,0.5106,1.0,0.0413,0.5149,0.6288,41.3161
images---2022-08-07T114849-000_jpg.rf.e3KmpyzoUC8j48fdMJIh.jpg,6,9,218,"(0, 212, 18, 13)",234,0.7307,1.0,0.5099,1.0,0.0222,0.5089,0.67,22.2186
images---2022-08-07T114849-000_jpg.rf.e3KmpyzoUC8j48fdMJIh.jpg,7,201,78,"(177, 55, 49, 47)",2303,0.4968,0.3087,0.4929,1.0,0.1626,0.5319,0.7602,162.553
images---2022-08-07T114849-000_jpg.rf.e3KmpyzoUC8j48fdMJIh.jpg,8,432,49,"(353, 0, 159, 99)",15741,0.7144,0.9405,0.519,1.0,0.0362,0.5265,0.7733,36.2086
images---2022-08-07T114849-000_jpg.rf.e3KmpyzoUC8j48fdMJIh.jpg,9,347,5,"(331, 0, 32, 11)",352,0.6137,0.6331,0.5218,1.0,0.0946,0.511,0.512,94.5784
images---2022-08-07T114849-031_jpg.rf.BuTDf6RAzqOzb7eH1sni.jpg,1,227,64,"(199, 0, 57, 128)",7296,0.5251,0.3179,0.4793,1.0,0.4605,0.5276,0.6841,460.5084
images---2022-08-07T114849-031_jpg.rf.BuTDf6RAzqOzb7eH1sni.jpg,2,158,26,"(131, 0, 54, 52)",2808,0.5783,0.3179,0.5089,1.0,0.8887,0.509,0.4752,888.736
images---2022-08-07T114849-093_jpg.rf.PIJzFIGEBPMnmUQF8Zik.jpg,1,310,222,"(228, 156, 164, 133)",21812,0.5235,0.3127,0.4967,1.0,0.4024,0.5168,0.441,402.3966
images---2022-08-07T114849-093_jpg.rf.PIJzFIGEBPMnmUQF8Zik.jpg,2,150,146,"(142, 138, 16, 16)",256,0.5571,0.3179,0.5001,1.0,0.7078,0.5057,0.3584,707.839
images---2022-08-07T114849-123_jpg.rf.byJ8d6OvbGwstDmuGQWS.jpg,1,413,473,"(401, 464, 24, 19)",456,0.7669,0.9544,0.5031,1.0,0.5673,0.5426,0.483,567.2665
images---2022-08-07T114849-123_jpg.rf.byJ8d6OvbGwstDmuGQWS.jpg,2,126,445,"(115, 433, 22, 25)",550,0.4968,0.3127,0.4975,1.0,0.1328,0.5098,0.5978,132.8056
images---2022-08-07T114849-123_jpg.rf.byJ8d6OvbGwstDmuGQWS.jpg,3,472,398,"(444, 359, 56, 78)",4368,0.4917,0.3127,0.4918,1.0,0.1016,0.5049,0.7727,101.5875
images---2022-08-07T114849-123_jpg.rf.byJ8d6OvbGwstDmuGQWS.jpg,4,503,337,"(494, 317, 18, 41)",738,0.7053,0.9339,0.4994,1.0,0.0366,0.4974,0.9646,36.5662
images---2022-08-07T114849-123_jpg.rf.byJ8d6OvbGwstDmuGQWS.jpg,5,39,218,"(0, 189, 79, 58)",4582,0.5026,0.3127,0.5019,1.0,0.1751,0.5083,0.7921,175.1226
images---2022-08-07T114849-123_jpg.rf.byJ8d6OvbGwstDmuGQWS.jpg,6,49,165,"(44, 159, 11, 13)",143,0.7071,0.9538,0.491,1.0,0.0146,0.4992,0.9357,14.6382
images---2022-08-07T114849-123_jpg.rf.byJ8d6OvbGwstDmuGQWS.jpg,7,105,148,"(99, 143, 12, 11)",132,0.7254,0.9538,0.5381,1.0,0.0321,0.5017,0.8786,32.1156
images---2022-08-07T114849-123_jpg.rf.byJ8d6OvbGwstDmuGQWS.jpg,8,38,150,"(27, 141, 22, 18)",396,0.7145,0.9538,0.5101,1.0,0.0216,0.5021,0.9529,21.5509
images---2022-08-07T114849-123_jpg.rf.byJ8d6OvbGwstDmuGQWS.jpg,9,313,156,"(290, 135, 47, 42)",1974,0.4909,0.3127,0.5,1.0,0.0644,0.525,0.7254,64.4243
images---2022-08-07T114849-123_jpg.rf.byJ8d6OvbGwstDmuGQWS.jpg,10,65,143,"(57, 134, 16, 18)",288,0.709,0.9499,0.4997,1.0,0.0159,0.4991,0.7405,15.8679
images---2022-08-07T114849-123_jpg.rf.byJ8d6OvbGwstDmuGQWS.jpg,11,57,112,"(48, 106, 19, 12)",228,0.7132,0.9538,0.5071,1.0,0.0183,0.5004,0.9785,18.3423
images---2022-08-07T114849-123_jpg.rf.byJ8d6OvbGwstDmuGQWS.jpg,12,140,115,"(125, 99, 31, 33)",1023,0.6224,0.7092,0.48,1.0,0.0613,0.512,0.9194,61.3483
images---2022-08-07T114849-123_jpg.rf.byJ8d6OvbGwstDmuGQWS.jpg,13,408,107,"(393, 96, 30, 22)",660,0.6094,0.6467,0.4965,1.0,0.0932,0.5078,0.9013,93.1845
images---2022-08-07T114849-123_jpg.rf.byJ8d6OvbGwstDmuGQWS.jpg,14,464,100,"(456, 92, 16, 16)",256,0.6218,0.7352,0.4639,1.0,0.0214,0.5005,0.875,21.4464
images---2022-08-07T114849-123_jpg.rf.byJ8d6OvbGwstDmuGQWS.jpg,15,104,110,"(96, 89, 17, 43)",731,0.7174,0.9579,0.5115,1.0,0.0312,0.5033,0.9843,31.1617
images---2022-08-07T114849-123_jpg.rf.byJ8d6OvbGwstDmuGQWS.jpg,16,282,93,"(272, 78, 20, 31)",620,0.5285,0.3037,0.4952,1.0,0.4894,0.5268,0.3219,489.4203
images---2022-08-07T114849-123_jpg.rf.byJ8d6OvbGwstDmuGQWS.jpg,17,139,80,"(120, 69, 39, 23)",897,0.62,0.7152,0.4703,1.0,0.0509,0.5025,0.9468,50.9035
images---2022-08-07T114849-123_jpg.rf.byJ8d6OvbGwstDmuGQWS.jpg,18,82,70,"(72, 64, 20, 12)",240,0.6351,0.7284,0.494,1.0,0.073,0.498,0.9414,72.9547
images---2022-08-07T114849-123_jpg.rf.byJ8d6OvbGwstDmuGQWS.jpg,19,145,64,"(140, 59, 11, 10)",110,0.6338,0.7161,0.5168,1.0,0.0224,0.5021,1.0,22.3539
images---2022-08-07T114849-123_jpg.rf.byJ8d6OvbGwstDmuGQWS.jpg,20,49,68,"(40, 54, 18, 29)",522,0.7294,0.9684,0.5354,1.0,0.0312,0.4993,0.7626,31.1698
images---2022-08-07T114849-123_jpg.rf.byJ8d6OvbGwstDmuGQWS.jpg,21,439,54,"(435, 48, 9, 13)",117,0.6407,0.7161,0.5332,1.0,0.0339,0.4964,1.0,33.8863
images---2022-08-07T114849-123_jpg.rf.byJ8d6OvbGwstDmuGQWS.jpg,22,75,45,"(67, 38, 17, 14)",238,0.6358,0.7322,0.4983,1.0,0.0512,0.5005,1.0,51.1534
images---2022-08-07T114849-123_jpg.rf.byJ8d6OvbGwstDmuGQWS.jpg,23,420,47,"(413, 37, 15, 21)",315,0.7197,0.9538,0.5208,1.0,0.0355,0.5013,1.0,35.5364
images---2022-08-07T114849-123_jpg.rf.byJ8d6OvbGwstDmuGQWS.jpg,24,32,43,"(20, 33, 25, 20)",500,0.6435,0.7292,0.5237,1.0,0.0496,0.4988,0.7179,49.5703
images---2022-08-07T114849-123_jpg.rf.byJ8d6OvbGwstDmuGQWS.jpg,25,269,88,"(229, 29, 80, 119)",9520,0.489,0.2985,0.482,1.0,0.1585,0.5326,0.5534,158.5265
images---2022-08-07T114849-123_jpg.rf.byJ8d6OvbGwstDmuGQWS.jpg,26,96,37,"(86, 28, 21, 18)",378,0.6288,0.723,0.4939,1.0,0.0291,0.5011,1.0,29.0959
images---2022-08-07T114849-123_jpg.rf.byJ8d6OvbGwstDmuGQWS.jpg,27,309,14,"(302, 9, 15, 11)",165,0.509,0.3804,0.4901,1.0,0.0436,0.5045,0.6795,43.6431
images---2022-08-07T114849-123_jpg.rf.byJ8d6OvbGwstDmuGQWS.jpg,28,474,5,"(468, 0, 13, 10)",130,0.7091,0.9532,0.4961,1.0,0.0187,0.4962,1.0,18.6529
images---2022-08-07T114849-123_jpg.rf.byJ8d6OvbGwstDmuGQWS.jpg,29,432,10,"(424, 0, 17, 21)",357,0.709,0.9538,0.4964,1.0,0.0139,0.5019,1.0,13.8941
images---2022-08-07T114849-123_jpg.rf.byJ8d6OvbGwstDmuGQWS.jpg,30,345,23,"(329, 0, 33, 46)",1518,0.6082,0.6727,0.4839,1.0,0.0339,0.5047,0.8816,33.9485
images---2022-08-07T114849-123_jpg.rf.byJ8d6OvbGwstDmuGQWS.jpg,31,193,6,"(185, 0, 16, 12)",192,0.6318,0.7144,0.4958,1.0,0.082,0.5008,0.9702,81.9634
images---2022-08-07T114849-123_jpg.rf.byJ8d6OvbGwstDmuGQWS.jpg,32,42,3,"(31, 0, 22, 6)",132,0.6215,0.7161,0.4749,1.0,0.046,0.4989,1.0,46.0074
images---2022-08-07T114849-155_jpg.rf.4hUq3fTMVHw7kdzC7zlj.jpg,1,289,349,"(277, 343, 24, 13)",312,0.5212,0.3127,0.4874,1.0,0.4119,0.5028,0.4344,411.9297
images---2022-08-07T114849-187_jpg.rf.OscdZ47plWc73UGFZCow.jpg,1,191,233,"(157, 215, 69, 36)",2484,0.4826,0.2894,0.4912,1.0,0.0938,0.5138,0.7881,93.7826
images---2022-08-07T114849-187_jpg.rf.OscdZ47plWc73UGFZCow.jpg,2,364,116,"(355, 109, 19, 14)",266,0.4972,0.2985,0.4874,1.0,0.2212,0.5054,0.3685,221.2184
images---2022-08-07T114849-187_jpg.rf.OscdZ47plWc73UGFZCow.jpg,3,253,87,"(231, 74, 45, 27)",1215,0.4839,0.2968,0.4863,1.0,0.0977,0.5129,0.4026,97.6848
images---2022-08-07T114849-187_jpg.rf.OscdZ47plWc73UGFZCow.jpg,4,344,80,"(330, 69, 29, 22)",638,0.48,0.2842,0.4942,1.0,0.0758,0.5053,0.6736,75.7746
images---2022-08-07T114849-250_jpg.rf.YXn39YlVqzp8kWFyte1Z.jpg,1,6,507,"(0, 502, 13, 10)",130,0.5179,0.54,0.5042,0.7237,0.0766,0.5061,0.1447,76.5723
images---2022-08-07T114849-250_jpg.rf.YXn39YlVqzp8kWFyte1Z.jpg,2,402,506,"(397, 500, 11, 12)",132,0.583,0.3154,0.5393,1.0,0.8386,0.5108,0.3913,838.6267
images---2022-08-07T114849-250_jpg.rf.YXn39YlVqzp8kWFyte1Z.jpg,3,125,506,"(121, 500, 9, 12)",108,0.6048,0.54,0.5411,1.0,0.2642,0.5095,0.5185,264.2423
images---2022-08-07T114849-250_jpg.rf.YXn39YlVqzp8kWFyte1Z.jpg,4,418,497,"(412, 491, 13, 12)",156,0.6085,0.5371,0.5005,1.0,0.4536,0.5077,0.31,453.6046
images---2022-08-07T114849-250_jpg.rf.YXn39YlVqzp8kWFyte1Z.jpg,5,195,490,"(192, 482, 6, 17)",102,0.646,0.5472,0.5223,1.0,0.7173,0.5032,0.4579,717.2888
images---2022-08-07T114849-250_jpg.rf.YXn39YlVqzp8kWFyte1Z.jpg,6,403,482,"(398, 477, 10, 11)",110,0.4851,0.5485,0.4772,0.1581,0.9446,0.5157,0.0316,944.5673
images---2022-08-07T114849-250_jpg.rf.YXn39YlVqzp8kWFyte1Z.jpg,7,158,485,"(140, 468, 36, 35)",1260,0.6341,0.5472,0.5493,1.0,0.5029,0.5094,0.5332,502.8669
images---2022-08-07T114849-250_jpg.rf.YXn39YlVqzp8kWFyte1Z.jpg,8,273,467,"(266, 461, 14, 13)",182,0.6086,0.5549,0.4936,1.0,0.4166,0.5105,0.4569,416.5664
images---2022-08-07T114849-250_jpg.rf.YXn39YlVqzp8kWFyte1Z.jpg,9,466,469,"(459, 460, 15, 19)",285,0.5364,0.3084,0.5347,1.0,0.4131,0.5138,0.6284,413.1351
images---2022-08-07T114849-250_jpg.rf.YXn39YlVqzp8kWFyte1Z.jpg,10,32,462,"(24, 456, 17, 13)",221,0.5489,0.3167,0.53,1.0,0.5255,0.518,0.429,525.537
images---2022-08-07T114849-250_jpg.rf.YXn39YlVqzp8kWFyte1Z.jpg,11,503,459,"(495, 447, 17, 24)",408,0.5746,0.3044,0.513,1.0,0.8854,0.5067,0.6196,885.3553
images---2022-08-07T114849-250_jpg.rf.YXn39YlVqzp8kWFyte1Z.jpg,12,107,455,"(93, 441, 29, 29)",841,0.6229,0.5473,0.5155,1.0,0.5094,0.517,0.4783,509.3948
images---2022-08-07T114849-250_jpg.rf.YXn39YlVqzp8kWFyte1Z.jpg,13,240,443,"(235, 438, 11, 11)",121,0.6025,0.368,0.5086,1.0,0.9567,0.4981,0.2382,956.7092
images---2022-08-07T114849-250_jpg.rf.YXn39YlVqzp8kWFyte1Z.jpg,14,464,443,"(448, 435, 32, 17)",544,0.632,0.5309,0.5286,1.0,0.6117,0.502,0.4961,611.7306
images---2022-08-07T114849-250_jpg.rf.YXn39YlVqzp8kWFyte1Z.jpg,15,208,428,"(205, 422, 7, 13)",91,0.5852,0.535,0.4931,1.0,0.2538,0.4996,0.2232,253.7521
images---2022-08-07T114849-250_jpg.rf.YXn39YlVqzp8kWFyte1Z.jpg,16,420,391,"(399, 371, 42, 41)",1722,0.5336,0.3037,0.4751,1.0,0.6102,0.5034,0.385,610.1725
images---2022-08-07T114849-250_jpg.rf.YXn39YlVqzp8kWFyte1Z.jpg,17,90,337,"(78, 328, 25, 18)",450,0.611,0.5483,0.4977,1.0,0.4493,0.5088,0.364,449.2734
images---2022-08-07T114849-250_jpg.rf.YXn39YlVqzp8kWFyte1Z.jpg,18,29,333,"(22, 328, 14, 11)",154,0.5613,0.5407,0.5104,0.7107,0.5133,0.5021,0.1421,513.3186
images---2022-08-07T114849-250_jpg.rf.YXn39YlVqzp8kWFyte1Z.jpg,19,26,276,"(15, 271, 22, 10)",220,0.4857,0.5321,0.5095,0.2941,0.623,0.5045,0.0588,622.998
images---2022-08-07T114849-250_jpg.rf.YXn39YlVqzp8kWFyte1Z.jpg,20,227,89,"(209, 79, 37, 20)",740,0.5818,0.5477,0.4534,1.0,0.3143,0.5118,0.544,314.3462
images---2022-08-07T114849-250_jpg.rf.YXn39YlVqzp8kWFyte1Z.jpg,21,323,98,"(308, 76, 31, 45)",1395,0.4982,0.2985,0.4832,1.0,0.2463,0.512,0.2705,246.3107
images---2022-08-07T114849-310_jpg.rf.c71iceUbjyeRWkVgMzkv.jpg,1,269,334,"(258, 317, 22, 34)",748,0.6921,0.6261,0.494,1.0,1.0,0.5213,0.3747,1046.1531
images---2022-08-07T114849-310_jpg.rf.c71iceUbjyeRWkVgMzkv.jpg,2,213,305,"(185, 278, 56, 55)",3080,0.5703,0.3186,0.4537,1.0,1.0,0.5162,0.5114,1751.1984
images---2022-08-07T114849-340_jpg.rf.V595nJ23HydekOjzIM99.jpg,1,131,508,"(123, 504, 17, 8)",136,0.6528,0.6537,0.4918,1.0,0.5185,0.5057,0.4828,518.4716
images---2022-08-07T114849-340_jpg.rf.V595nJ23HydekOjzIM99.jpg,2,149,456,"(137, 441, 24, 31)",744,0.6207,0.7214,0.4631,1.0,0.0615,0.519,0.7099,61.507
images---2022-08-07T114849-340_jpg.rf.V595nJ23HydekOjzIM99.jpg,3,485,468,"(459, 424, 53, 88)",4664,0.7352,1.0,0.4874,1.0,0.1467,0.5322,0.5959,146.7
images---2022-08-07T114849-340_jpg.rf.V595nJ23HydekOjzIM99.jpg,4,410,346,"(384, 278, 52, 137)",7124,0.7189,0.9675,0.4874,1.0,0.0964,0.5084,0.6146,96.4284
images---2022-08-07T114849-340_jpg.rf.V595nJ23HydekOjzIM99.jpg,5,331,194,"(325, 189, 13, 10)",130,0.6599,0.6701,0.4913,1.0,0.5343,0.5092,0.2982,534.2643
images---2022-08-07T114849-340_jpg.rf.V595nJ23HydekOjzIM99.jpg,6,193,90,"(189, 84, 9, 12)",108,0.708,0.9538,0.4943,1.0,0.0118,0.5013,0.3651,11.784
images---2022-08-07T114849-441_jpg.rf.TT9Aj11qMDMOgavb4EVc.jpg,1,193,475,"(186, 468, 14, 14)",196,0.6367,0.7352,0.4835,1.0,0.1018,0.5036,0.9896,101.7687
images---2022-08-07T114849-441_jpg.rf.TT9Aj11qMDMOgavb4EVc.jpg,2,144,459,"(110, 424, 68, 70)",4760,0.7188,0.9684,0.4828,1.0,0.1088,0.5064,0.6546,108.848
images---2022-08-07T114849-441_jpg.rf.TT9Aj11qMDMOgavb4EVc.jpg,3,150,405,"(142, 400, 16, 11)",176,0.7325,0.9684,0.4878,1.0,0.2284,0.5071,0.4099,228.363
images---2022-08-07T114849-441_jpg.rf.TT9Aj11qMDMOgavb4EVc.jpg,4,138,387,"(131, 380, 15, 14)",210,0.7175,0.9606,0.4831,1.0,0.1214,0.5042,0.3134,121.4291
images---2022-08-07T114849-441_jpg.rf.TT9Aj11qMDMOgavb4EVc.jpg,5,384,377,"(372, 372, 24, 11)",264,0.7255,0.9568,0.5078,1.0,0.1292,0.4954,0.3261,129.2148
images---2022-08-07T114849-441_jpg.rf.TT9Aj11qMDMOgavb4EVc.jpg,6,146,360,"(141, 350, 11, 20)",220,0.5343,0.9538,0.4898,0.1155,0.0595,0.5093,0.0231,59.5127
images---2022-08-07T114849-441_jpg.rf.TT9Aj11qMDMOgavb4EVc.jpg,7,191,356,"(166, 338, 50, 36)",1800,0.7273,0.9684,0.4788,1.0,0.2081,0.5063,0.5544,208.0994
images---2022-08-07T114849-441_jpg.rf.TT9Aj11qMDMOgavb4EVc.jpg,8,104,65,"(95, 54, 19, 22)",418,0.4597,0.2751,0.4576,1.0,0.0321,0.5026,0.8956,32.0944
images---2022-08-07T114849-473_jpg.rf.F4J1i2LOgkHZy15gMwhw.jpg,1,292,485,"(279, 458, 27, 54)",1458,0.5272,0.3179,0.5019,1.0,0.403,0.5084,0.256,402.9659
images---2022-08-07T114849-473_jpg.rf.F4J1i2LOgkHZy15gMwhw.jpg,2,368,430,"(364, 417, 8, 26)",208,0.7953,0.9659,0.4791,1.0,0.8953,0.5133,0.2171,895.3055
images---2022-08-07T114849-473_jpg.rf.F4J1i2LOgkHZy15gMwhw.jpg,3,367,375,"(359, 360, 16, 31)",496,0.7328,0.9544,0.505,1.0,0.2197,0.5054,0.2118,219.653
images---2022-08-07T114849-473_jpg.rf.F4J1i2LOgkHZy15gMwhw.jpg,4,390,298,"(371, 280, 39, 36)",1404,0.4878,0.2985,0.4861,1.0,0.1321,0.5099,0.7067,132.1147
images---2022-08-07T114849-473_jpg.rf.F4J1i2LOgkHZy15gMwhw.jpg,5,204,163,"(170, 120, 68, 87)",5916,0.4783,0.2943,0.4902,1.0,0.0372,0.5123,0.8254,37.2164
images---2022-08-07T114849-505_jpg.rf.OjvJBXZDPD6Qo1XmBU4U.jpg,1,8,412,"(0, 392, 17, 41)",697,0.5264,0.3179,0.5139,1.0,0.3524,0.5123,0.6702,352.4176
images---2022-08-07T114849-505_jpg.rf.OjvJBXZDPD6Qo1XmBU4U.jpg,2,316,173,"(310, 166, 12, 14)",168,0.5343,0.3179,0.5092,1.0,0.4478,0.5077,0.5288,447.8333
images---2022-08-07T114849-505_jpg.rf.OjvJBXZDPD6Qo1XmBU4U.jpg,3,226,166,"(222, 159, 9, 15)",135,0.5322,0.3037,0.5173,1.0,0.4486,0.5161,0.4039,448.6313
images---2022-08-07T114849-505_jpg.rf.OjvJBXZDPD6Qo1XmBU4U.jpg,4,475,97,"(466, 81, 18, 33)",594,0.5117,0.3037,0.5128,1.0,0.2593,0.5106,0.4541,259.311
images---2022-08-07T114849-634_jpg.rf.husO7T1lAEGi7jcvMyoJ.jpg,1,258,449,"(248, 428, 20, 42)",840,0.6506,0.7182,0.4899,1.0,0.2772,0.5304,0.2245,277.2331
images---2022-08-07T114849-694_jpg.rf.aY1znGuyyVRIWviSvQaw.jpg,1,127,294,"(121, 288, 12, 12)",144,0.4679,0.0219,0.4954,1.0,0.868,0.4925,0.2118,868.0478
images---2022-08-07T114849-694_jpg.rf.aY1znGuyyVRIWviSvQaw.jpg,2,120,233,"(85, 185, 71, 97)",6887,0.4966,0.3127,0.4439,1.0,0.3181,0.5235,0.5495,318.1373
images---2022-08-07T114849-694_jpg.rf.aY1znGuyyVRIWviSvQaw.jpg,3,462,153,"(413, 94, 99, 119)",11781,0.4902,0.2985,0.4555,1.0,0.2632,0.5104,0.3961,263.1771
images---2022-08-07T114849-724_jpg.rf.cBWokc6YHAIkTpGbf19g.jpg,1,381,454,"(377, 449, 9, 11)",99,0.5686,0.9367,0.4826,0.3313,0.0556,0.5019,0.0663,55.5944
images---2022-08-07T114849-724_jpg.rf.cBWokc6YHAIkTpGbf19g.jpg,2,215,452,"(205, 441, 21, 22)",462,0.7085,0.9367,0.498,1.0,0.0636,0.5007,0.4697,63.6238
images---2022-08-07T114849-724_jpg.rf.cBWokc6YHAIkTpGbf19g.jpg,3,454,412,"(444, 401, 21, 22)",462,0.7036,0.9499,0.4864,1.0,0.0086,0.4982,0.4127,8.6067
images---2022-08-07T114849-724_jpg.rf.cBWokc6YHAIkTpGbf19g.jpg,4,388,403,"(383, 396, 10, 15)",150,0.7183,0.9444,0.5064,1.0,0.1055,0.5015,0.2963,105.4879
images---2022-08-07T114849-724_jpg.rf.cBWokc6YHAIkTpGbf19g.jpg,5,25,91,"(0, 65, 51, 52)",2652,0.6264,0.6729,0.5305,1.0,0.0516,0.5051,0.585,51.6137
images---2022-08-07T114849-724_jpg.rf.cBWokc6YHAIkTpGbf19g.jpg,6,326,29,"(311, 9, 30, 40)",1200,0.7207,0.9491,0.4974,1.0,0.1447,0.4931,0.299,144.7029
images---2022-08-07T114849-755_jpg.rf.Fii2XnfO2uMMmccmtQET.jpg,1,273,75,"(262, 68, 22, 14)",308,0.643,0.725,0.4768,1.0,0.2238,0.5052,0.5475,223.8018
images---2022-08-07T114849-786_jpg.rf.PHQ2Eubfu77MdrjrOilt.jpg,1,312,465,"(297, 461, 30, 9)",270,0.5334,0.2944,0.5079,1.0,0.5258,0.5243,0.2528,525.807
images---2022-08-07T114849-786_jpg.rf.PHQ2Eubfu77MdrjrOilt.jpg,2,171,433,"(167, 425, 8, 16)",128,0.502,0.3037,0.5014,1.0,0.2023,0.5087,0.2304,202.2851
images---2022-08-07T114849-786_jpg.rf.PHQ2Eubfu77MdrjrOilt.jpg,3,414,325,"(402, 314, 25, 22)",550,0.5114,0.3037,0.4702,0.9141,0.5766,0.5394,0.1828,576.5805
images---2022-08-07T114849-786_jpg.rf.PHQ2Eubfu77MdrjrOilt.jpg,4,420,292,"(407, 280, 27, 25)",675,0.5159,0.2985,0.4889,1.0,0.4036,0.537,0.2273,403.5644
images---2022-08-07T114849-786_jpg.rf.PHQ2Eubfu77MdrjrOilt.jpg,5,202,267,"(197, 260, 10, 14)",140,0.4995,0.2926,0.4843,1.0,0.2759,0.519,0.5577,275.9314
images---2022-08-07T114849-786_jpg.rf.PHQ2Eubfu77MdrjrOilt.jpg,6,145,261,"(132, 246, 26, 31)",806,0.5019,0.2935,0.4933,1.0,0.2651,0.5317,0.3329,265.0722
images---2022-08-07T114849-786_jpg.rf.PHQ2Eubfu77MdrjrOilt.jpg,7,343,213,"(323, 192, 40, 42)",1680,0.646,0.7092,0.5046,1.0,0.2112,0.5383,0.4964,211.2106
images---2022-08-07T114849-881_jpg.rf.y2OrYTHoC8ZbxC2gZuyA.jpg,1,441,423,"(411, 375, 61, 97)",5917,0.5049,0.2985,0.4942,1.0,0.2744,0.531,0.5502,274.4203
images---2022-08-07T114849-912_jpg.rf.qhzKaYByWckzp0geecvJ.jpg,1,403,501,"(381, 491, 45, 21)",945,0.5499,0.5391,0.5128,0.4938,0.8295,0.5077,0.0988,829.5069
images---2022-08-07T114849-912_jpg.rf.qhzKaYByWckzp0geecvJ.jpg,2,416,418,"(407, 394, 19, 49)",931,0.6673,0.5538,0.4957,1.0,1.0,0.5189,0.2158,1333.52
images---2022-08-07T114849-912_jpg.rf.qhzKaYByWckzp0geecvJ.jpg,3,326,355,"(318, 348, 16, 14)",224,0.7079,0.9367,0.5114,1.0,0.0103,0.5008,0.2569,10.3318
images---2022-08-07T114849-912_jpg.rf.qhzKaYByWckzp0geecvJ.jpg,4,283,357,"(268, 342, 30, 30)",900,0.7105,0.9405,0.5092,1.0,0.0308,0.5147,0.5261,30.8083
images---2022-08-07T114849-912_jpg.rf.qhzKaYByWckzp0geecvJ.jpg,5,314,333,"(303, 328, 22, 11)",242,0.491,0.2893,0.5391,1.0,0.0109,0.5057,0.7685,10.9204
images---2022-08-07T114849-912_jpg.rf.qhzKaYByWckzp0geecvJ.jpg,6,300,185,"(295, 173, 10, 25)",250,0.4798,0.2984,0.5495,0.9029,0.0249,0.5096,0.1806,24.9134
images---2022-08-07T114849-912_jpg.rf.qhzKaYByWckzp0geecvJ.jpg,7,291,129,"(276, 122, 31, 15)",465,0.5797,0.5313,0.5001,1.0,0.187,0.5125,0.4255,187.0387
images---2022-08-07T114849-912_jpg.rf.qhzKaYByWckzp0geecvJ.jpg,8,293,48,"(270, 17, 47, 63)",2961,0.4943,0.2943,0.5321,1.0,0.0502,0.526,0.4707,50.1934
images---2022-08-07T114849-912_jpg.rf.qhzKaYByWckzp0geecvJ.jpg,9,335,23,"(325, 15, 21, 17)",357,0.5784,0.5445,0.5084,1.0,0.0985,0.5088,0.278,98.5191
images---2022-08-07T114849-912_jpg.rf.qhzKaYByWckzp0geecvJ.jpg,10,392,13,"(371, 0, 42, 26)",1092,0.5939,0.5445,0.557,1.0,0.0837,0.5132,0.2552,83.7285
images---2022-08-07T114849-944_jpg.rf.44137KTGL0dB6e2EoA16.jpg,1,312,506,"(294, 500, 36, 12)",432,0.7152,0.9499,0.5201,1.0,0.0068,0.5101,0.9595,6.8053
images---2022-08-07T114849-944_jpg.rf.44137KTGL0dB6e2EoA16.jpg,2,49,496,"(0, 481, 98, 31)",3038,0.6214,0.7139,0.4891,1.0,0.0035,0.5138,0.8189,3.5065
images---2022-08-07T114849-944_jpg.rf.44137KTGL0dB6e2EoA16.jpg,3,358,100,"(345, 93, 27, 15)",405,0.4988,0.2893,0.5625,1.0,0.007,0.5072,0.7398,7.0322
images---2022-08-07T114849-944_jpg.rf.44137KTGL0dB6e2EoA16.jpg,4,420,4,"(391, 0, 59, 9)",531,0.4897,0.2804,0.5462,1.0,0.004,0.5,0.9793,4.0204
images---2022-08-07T114849-975_jpg.rf.m4RLQB2l1zC1EgPDLzQt.jpg,1,303,365,"(300, 355, 7, 20)",140,0.6005,0.9544,0.4883,0.1069,0.742,0.5018,0.0214,742.0436
images---2022-08-07T114850-036_jpg.rf.Tgsc3YI7TyRBP1qple6E.jpg,1,250,283,"(244, 279, 13, 9)",117,0.7646,1.0,0.4875,1.0,0.4394,0.5146,0.3295,439.4373
images---2022-08-07T114850-036_jpg.rf.Tgsc3YI7TyRBP1qple6E.jpg,2,276,18,"(271, 13, 10, 11)",110,0.7371,0.9627,0.5019,1.0,0.245,0.5018,0.253,245.0081
images---2022-08-07T114850-066_jpg.rf.odE44AvXhgBVRHbhTeLt.jpg,1,299,321,"(277, 232, 45, 178)",8010,0.4973,0.3127,0.4788,1.0,0.2024,0.5078,0.4808,202.3584
images---2022-08-07T114850-098_jpg.rf.cM8GmnA0CVBA9vGCTdFD.jpg,1,167,492,"(149, 473, 37, 39)",1443,0.5489,0.3179,0.4875,1.0,0.6703,0.5202,0.6095,670.3281
images---2022-08-07T114850-098_jpg.rf.cM8GmnA0CVBA9vGCTdFD.jpg,2,224,415,"(217, 399, 15, 33)",495,0.5474,0.3179,0.4493,1.0,0.7893,0.5152,0.3877,789.3457
images---2022-08-07T114850-098_jpg.rf.cM8GmnA0CVBA9vGCTdFD.jpg,3,141,342,"(132, 330, 18, 24)",432,0.5467,0.3037,0.4995,1.0,0.6555,0.5023,0.487,655.5307
images---2022-08-07T114850-098_jpg.rf.cM8GmnA0CVBA9vGCTdFD.jpg,4,228,353,"(222, 328, 12, 50)",600,0.5257,0.3179,0.5197,1.0,0.325,0.508,0.5457,325.0087
images---2022-08-07T114850-128_jpg.rf.GK2Q1NzGhiGckYzIwBAR.jpg,1,260,278,"(241, 255, 38, 47)",1786,0.5236,0.3127,0.4907,1.0,0.4237,0.5249,0.64,423.7495
images---2022-08-07T114850-128_jpg.rf.GK2Q1NzGhiGckYzIwBAR.jpg,2,289,210,"(248, 195, 82, 30)",2460,0.4976,0.2944,0.5092,1.0,0.1633,0.5154,0.5393,163.2591
images---2022-08-07T114850-342_jpg.rf.hiaAdsgVKCCwGFl8xyVY.jpg,1,197,180,"(192, 163, 10, 35)",350,0.4934,0.2985,0.4972,1.0,0.1493,0.487,0.3617,149.3331
images---2022-08-07T114850-372_jpg.rf.qfY2nXZLYfIelLsRTPev.jpg,1,244,197,"(223, 185, 43, 25)",1075,0.5062,0.3127,0.4599,1.0,0.3584,0.5135,0.7224,358.3527
images---2022-08-07T114850-372_jpg.rf.qfY2nXZLYfIelLsRTPev.jpg,2,294,195,"(282, 178, 25, 34)",850,0.5155,0.3037,0.487,1.0,0.3875,0.5143,0.584,387.5439
images---2022-08-07T114850-372_jpg.rf.qfY2nXZLYfIelLsRTPev.jpg,3,258,143,"(222, 108, 72, 71)",5112,0.5181,0.3179,0.4816,1.0,0.3828,0.5309,0.6661,382.7513
images---2022-08-07T114850-402_jpg.rf.R7XIOhhA9hWwHUCmvhXt.jpg,1,273,86,"(261, 40, 24, 93)",2232,0.4785,0.2801,0.4974,1.0,0.0639,0.5129,0.6143,63.9004
images---2022-08-07T114850-461_jpg.rf.oqeE5u7BxAEIr3reuIqG.jpg,1,59,346,"(39, 328, 40, 37)",1480,0.5,0.2984,0.5145,1.0,0.1546,0.5082,0.2406,154.6378
images---2022-08-07T114850-461_jpg.rf.oqeE5u7BxAEIr3reuIqG.jpg,2,43,292,"(31, 288, 24, 9)",216,0.569,0.3847,0.5151,1.0,0.5406,0.5042,0.3929,540.5529
images---2022-08-07T114850-735_jpg.rf.Ps92bZBNyeZhUFkWuMPk.jpg,1,282,500,"(273, 493, 19, 14)",266,0.619,0.6779,0.4571,1.0,0.2174,0.508,0.7123,217.3649
images---2022-08-07T114850-735_jpg.rf.Ps92bZBNyeZhUFkWuMPk.jpg,2,452,496,"(448, 491, 9, 11)",99,0.6713,0.7387,0.4917,1.0,0.4067,0.5037,0.5507,406.7339
images---2022-08-07T114850-735_jpg.rf.Ps92bZBNyeZhUFkWuMPk.jpg,3,433,494,"(428, 485, 10, 18)",180,0.6387,0.6779,0.4775,1.0,0.3433,0.5049,0.5197,343.2909
images---2022-08-07T114850-735_jpg.rf.Ps92bZBNyeZhUFkWuMPk.jpg,4,108,498,"(94, 484, 29, 28)",812,0.6472,0.7387,0.4739,1.0,0.2282,0.5067,0.7339,228.2452
images---2022-08-07T114850-735_jpg.rf.Ps92bZBNyeZhUFkWuMPk.jpg,5,389,466,"(385, 458, 9, 17)",153,0.5314,0.3981,0.472,1.0,0.2685,0.5058,0.3875,268.4649
images---2022-08-07T114850-735_jpg.rf.Ps92bZBNyeZhUFkWuMPk.jpg,6,190,463,"(184, 456, 13, 14)",182,0.6805,0.7387,0.4673,1.0,0.5834,0.5107,0.6662,583.3949
images---2022-08-07T114850-735_jpg.rf.Ps92bZBNyeZhUFkWuMPk.jpg,7,447,459,"(436, 450, 23, 19)",437,0.6281,0.6779,0.484,1.0,0.2142,0.5101,0.6654,214.2065
images---2022-08-07T114850-735_jpg.rf.Ps92bZBNyeZhUFkWuMPk.jpg,8,28,456,"(11, 441, 35, 30)",1050,0.6528,0.677,0.4922,1.0,0.4357,0.5076,0.7057,435.6792
images---2022-08-07T114850-735_jpg.rf.Ps92bZBNyeZhUFkWuMPk.jpg,9,306,412,"(301, 403, 10, 18)",180,0.5432,0.3981,0.4724,1.0,0.3854,0.5068,0.5045,385.37
images---2022-08-07T114850-735_jpg.rf.Ps92bZBNyeZhUFkWuMPk.jpg,10,271,397,"(255, 386, 32, 23)",736,0.5453,0.3981,0.4821,1.0,0.3719,0.5026,0.463,371.9057
images---2022-08-07T114850-735_jpg.rf.Ps92bZBNyeZhUFkWuMPk.jpg,11,67,383,"(55, 370, 24, 26)",624,0.6859,0.7387,0.4669,1.0,0.6391,0.5068,0.6981,639.1121
images---2022-08-07T114850-735_jpg.rf.Ps92bZBNyeZhUFkWuMPk.jpg,12,199,356,"(191, 350, 16, 12)",192,0.671,0.6779,0.491,1.0,0.6187,0.5066,0.6295,618.6606
images---2022-08-07T114850-735_jpg.rf.Ps92bZBNyeZhUFkWuMPk.jpg,13,314,341,"(304, 332, 20, 19)",380,0.6066,0.5539,0.4828,1.0,0.4374,0.5038,0.502,437.4089
images---2022-08-07T114850-735_jpg.rf.Ps92bZBNyeZhUFkWuMPk.jpg,14,430,314,"(426, 306, 8, 16)",128,0.6055,0.3981,0.4815,1.0,0.9769,0.5035,0.5304,976.9166
images---2022-08-07T114850-735_jpg.rf.Ps92bZBNyeZhUFkWuMPk.jpg,15,330,163,"(320, 154, 21, 18)",378,0.6104,0.3981,0.5154,1.0,0.9064,0.5095,0.5404,906.4452
images---2022-08-07T114850-735_jpg.rf.Ps92bZBNyeZhUFkWuMPk.jpg,16,155,171,"(135, 121, 41, 100)",4100,0.5533,0.3113,0.509,1.0,0.6619,0.5219,0.3467,661.8944
images---2022-08-07T114850-735_jpg.rf.Ps92bZBNyeZhUFkWuMPk.jpg,17,486,118,"(480, 109, 13, 19)",247,0.5741,0.3981,0.4842,1.0,0.6528,0.5065,0.5252,652.8381
images---2022-08-07T114850-735_jpg.rf.Ps92bZBNyeZhUFkWuMPk.jpg,18,464,113,"(460, 107, 9, 13)",117,0.5477,0.3929,0.4796,1.0,0.4238,0.5022,0.4648,423.7874
images---2022-08-07T114850-735_jpg.rf.Ps92bZBNyeZhUFkWuMPk.jpg,19,210,132,"(197, 106, 27, 52)",1404,0.537,0.3037,0.4591,1.0,0.6999,0.5122,0.3357,699.9093
images---2022-08-07T114850-735_jpg.rf.Ps92bZBNyeZhUFkWuMPk.jpg,20,3,36,"(0, 31, 7, 11)",77,0.5111,0.3755,0.4855,1.0,0.0976,0.4977,0.8361,97.6016
images---2022-08-07T114850-735_jpg.rf.Ps92bZBNyeZhUFkWuMPk.jpg,21,97,34,"(90, 27, 14, 15)",210,0.5607,0.5289,0.4804,1.0,0.0746,0.5019,0.8675,74.5537
images---2022-08-07T114850-767_jpg.rf.8wgL60iu0iHlE4029HH5.jpg,1,207,312,"(196, 293, 23, 39)",897,0.4623,0.1445,0.504,1.0,0.3531,0.4911,0.2465,353.0731
images---2022-08-07T114850-767_jpg.rf.8wgL60iu0iHlE4029HH5.jpg,2,255,292,"(221, 248, 69, 88)",6072,0.6098,0.5549,0.5029,1.0,0.3954,0.5197,0.499,395.3866
images---2022-08-07T114850-828_jpg.rf.93Q341HNXmpbocBFZcRo.jpg,1,194,306,"(185, 300, 19, 12)",228,0.5432,0.2985,0.4574,1.0,0.7867,0.4919,0.7567,786.6978
images---2022-08-07T114850-828_jpg.rf.93Q341HNXmpbocBFZcRo.jpg,2,117,291,"(104, 282, 26, 18)",468,0.5447,0.3037,0.4813,1.0,0.6996,0.5042,0.2035,699.5995
images---2022-08-07T114850-828_jpg.rf.93Q341HNXmpbocBFZcRo.jpg,3,242,180,"(239, 171, 7, 18)",126,0.5756,0.3179,0.4695,1.0,1.0,0.5152,0.4667,1394.8904
images---2022-08-07T114850-828_jpg.rf.93Q341HNXmpbocBFZcRo.jpg,4,152,177,"(134, 142, 36, 70)",2520,0.5304,0.3037,0.5165,1.0,0.4334,0.4965,0.3176,433.4184
images---2022-08-07T114850-828_jpg.rf.93Q341HNXmpbocBFZcRo.jpg,5,383,139,"(379, 134, 8, 11)",88,0.4929,0.2882,0.4953,1.0,0.1865,0.4988,0.7717,186.4804
images---2022-08-07T114850-828_jpg.rf.93Q341HNXmpbocBFZcRo.jpg,6,390,122,"(386, 115, 9, 14)",126,0.5785,0.3008,0.495,1.0,1.0,0.5017,0.63,1160.3909
images---2022-08-07T114850-949_jpg.rf.5KzYIO2dSzOENlV11Way.jpg,1,342,408,"(335, 403, 14, 10)",140,0.5726,0.3143,0.5062,1.0,0.8544,0.5177,0.3147,854.41
images---2022-08-07T114850-949_jpg.rf.5KzYIO2dSzOENlV11Way.jpg,2,318,406,"(313, 400, 11, 12)",132,0.56,0.3037,0.4908,1.0,0.8191,0.5118,0.2101,819.1302
images---2022-08-07T114850-949_jpg.rf.5KzYIO2dSzOENlV11Way.jpg,3,255,404,"(248, 397, 14, 14)",196,0.5468,0.3037,0.4983,1.0,0.6607,0.5168,0.2071,660.6538
images---2022-08-07T114850-949_jpg.rf.5KzYIO2dSzOENlV11Way.jpg,4,247,369,"(237, 344, 20, 50)",1000,0.506,0.3127,0.483,1.0,0.2756,0.5292,0.4269,275.5716
images---2022-08-07T114850-949_jpg.rf.5KzYIO2dSzOENlV11Way.jpg,5,216,267,"(199, 232, 34, 70)",2380,0.6408,0.7214,0.4675,1.0,0.2473,0.5269,0.5623,247.2778
images---2022-08-07T114851-102_jpg.rf.Pto0SnN2p5g1GAvdbIBH.jpg,1,340,304,"(334, 299, 13, 11)",143,0.7356,0.9656,0.5099,1.0,0.1917,0.4994,0.6609,191.7072
images---2022-08-07T114851-102_jpg.rf.Pto0SnN2p5g1GAvdbIBH.jpg,2,355,276,"(351, 267, 9, 19)",171,0.6085,0.6553,0.5012,1.0,0.0375,0.4985,0.8218,37.4512
images---2022-08-07T114851-102_jpg.rf.Pto0SnN2p5g1GAvdbIBH.jpg,3,507,262,"(502, 254, 10, 16)",160,0.7085,0.9538,0.4933,1.0,0.0201,0.4974,0.9911,20.094
images---2022-08-07T114851-102_jpg.rf.Pto0SnN2p5g1GAvdbIBH.jpg,4,44,168,"(32, 159, 25, 18)",450,0.7139,0.9511,0.5108,1.0,0.022,0.5023,0.9892,21.9712
images---2022-08-07T114851-132_jpg.rf.GygYreD0QCpznDA29iVL.jpg,1,117,393,"(111, 381, 12, 24)",288,0.5127,0.2985,0.4882,1.0,0.3735,0.5058,0.5162,373.5266
images---2022-08-07T114851-132_jpg.rf.GygYreD0QCpznDA29iVL.jpg,2,58,342,"(44, 329, 29, 27)",783,0.7195,0.9627,0.5138,1.0,0.0277,0.5197,0.7061,27.6597
images---2022-08-07T114851-132_jpg.rf.GygYreD0QCpznDA29iVL.jpg,3,146,355,"(132, 317, 28, 76)",2128,0.5116,0.2985,0.5012,1.0,0.3167,0.5112,0.3909,316.7042
images---2022-08-07T114851-132_jpg.rf.GygYreD0QCpznDA29iVL.jpg,4,204,337,"(195, 309, 19, 57)",1083,0.5308,0.3037,0.5202,1.0,0.4247,0.5053,0.4002,424.664
images---2022-08-07T114851-132_jpg.rf.GygYreD0QCpznDA29iVL.jpg,5,34,306,"(0, 268, 68, 77)",5236,0.7199,0.9627,0.5094,1.0,0.0464,0.5095,0.3998,46.4445
images---2022-08-07T114851-132_jpg.rf.GygYreD0QCpznDA29iVL.jpg,6,275,290,"(259, 260, 33, 60)",1980,0.506,0.3061,0.4949,1.0,0.2567,0.5155,0.4772,256.7213
images---2022-08-07T114851-161_jpg.rf.ieyPTAh6eV7lTM6O4es9.jpg,1,116,230,"(110, 210, 12, 41)",492,0.5902,0.3179,0.5113,1.0,1.0,0.5203,0.4316,1477.4425
images---2022-08-07T114851-191_jpg.rf.SP4srjckLGEXB9BSd0LG.jpg,1,316,490,"(305, 487, 22, 7)",154,0.4927,0.8592,0.5481,0.0,0.0017,0.499,0.0,1.6578
images---2022-08-07T114851-191_jpg.rf.SP4srjckLGEXB9BSd0LG.jpg,2,58,429,"(50, 423, 16, 12)",192,0.5469,0.5192,0.5221,0.8929,0.0389,0.4991,0.1786,38.9088
images---2022-08-07T114851-191_jpg.rf.SP4srjckLGEXB9BSd0LG.jpg,3,112,427,"(103, 411, 19, 33)",627,0.5449,0.5214,0.5228,0.8889,0.0165,0.5038,0.1778,16.4828
images---2022-08-07T114851-191_jpg.rf.SP4srjckLGEXB9BSd0LG.jpg,4,70,392,"(57, 379, 27, 27)",729,0.5688,0.531,0.5139,1.0,0.0314,0.5068,0.2249,31.4349
images---2022-08-07T114851-191_jpg.rf.SP4srjckLGEXB9BSd0LG.jpg,5,248,367,"(237, 351, 23, 33)",759,0.6071,0.6596,0.488,1.0,0.0545,0.5206,0.6368,54.4758
images---2022-08-07T114851-191_jpg.rf.SP4srjckLGEXB9BSd0LG.jpg,6,37,337,"(32, 329, 11, 17)",187,0.5199,0.9794,0.5021,0.0,0.0137,0.5085,0.0,13.7416
images---2022-08-07T114851-191_jpg.rf.SP4srjckLGEXB9BSd0LG.jpg,7,295,341,"(282, 328, 26, 27)",702,0.483,0.3087,0.4829,1.0,0.0594,0.506,0.6471,59.3765
images---2022-08-07T114851-191_jpg.rf.SP4srjckLGEXB9BSd0LG.jpg,8,460,242,"(454, 233, 12, 19)",228,0.5088,0.9499,0.4992,0.0,0.0161,0.5014,0.0,16.1112
images---2022-08-07T114851-191_jpg.rf.SP4srjckLGEXB9BSd0LG.jpg,9,366,18,"(357, 13, 18, 10)",180,0.5327,1.0,0.519,0.0,0.0101,0.5081,0.0,10.0559
images---2022-08-07T114851-284_jpg.rf.rw5Ee0xJtWoiXyoKof42.jpg,1,217,330,"(206, 296, 23, 69)",1587,0.5235,0.3037,0.5256,1.0,0.3325,0.5046,0.4751,332.545
images---2022-08-07T114851-284_jpg.rf.rw5Ee0xJtWoiXyoKof42.jpg,2,299,254,"(294, 248, 10, 13)",130,0.5763,0.2968,0.5635,1.0,0.7513,0.5026,0.6473,751.3438
images---2022-08-07T114851-284_jpg.rf.rw5Ee0xJtWoiXyoKof42.jpg,3,239,236,"(214, 163, 51, 146)",7446,0.5217,0.3037,0.4903,1.0,0.4381,0.5219,0.5824,438.0613
images---2022-08-07T114851-284_jpg.rf.rw5Ee0xJtWoiXyoKof42.jpg,4,292,198,"(281, 154, 23, 89)",2047,0.5364,0.3037,0.482,1.0,0.614,0.5079,0.5499,614.0165
images---2022-08-07T114851-284_jpg.rf.rw5Ee0xJtWoiXyoKof42.jpg,5,268,102,"(263, 84, 11, 37)",407,0.5348,0.3037,0.4729,1.0,0.6301,0.5149,0.3576,630.0638
images---2022-08-07T114851-314_jpg.rf.eb7A7yttxOhvL3aMxCPo.jpg,1,46,265,"(41, 256, 10, 19)",190,0.6449,0.5477,0.5304,1.0,0.6762,0.5057,0.2023,676.1957
images---2022-08-07T114851-314_jpg.rf.eb7A7yttxOhvL3aMxCPo.jpg,2,114,306,"(36, 251, 157, 110)",17270,0.606,0.5549,0.4872,1.0,0.4123,0.5268,0.4664,412.2628
images---2022-08-07T114851-314_jpg.rf.eb7A7yttxOhvL3aMxCPo.jpg,3,449,298,"(394, 244, 110, 109)",11990,0.5339,0.3892,0.4803,1.0,0.2955,0.517,0.5494,295.4868
images---2022-08-07T114851-314_jpg.rf.eb7A7yttxOhvL3aMxCPo.jpg,4,279,242,"(218, 194, 122, 96)",11712,0.5284,0.3179,0.482,1.0,0.484,0.5174,0.5828,484.0015
images---2022-08-07T114851-314_jpg.rf.eb7A7yttxOhvL3aMxCPo.jpg,5,5,6,"(0, 0, 11, 12)",132,0.4862,0.2934,0.5231,1.0,0.0044,0.4985,1.0,4.4372
images---2022-08-07T114851-376_jpg.rf.nDMCITcSbihBubFyCf4R.jpg,1,244,296,"(235, 288, 18, 17)",306,0.5282,0.3179,0.4662,1.0,0.5378,0.508,0.6218,537.8498
images---2022-08-07T114851-407_jpg.rf.PQlstRJW74UGD8fXUgFL.jpg,1,279,279,"(271, 273, 17, 12)",204,0.5498,0.3037,0.5438,1.0,0.5322,0.5038,0.6839,532.2476
images---2022-08-07T114851-407_jpg.rf.PQlstRJW74UGD8fXUgFL.jpg,2,153,280,"(144, 269, 18, 22)",396,0.5895,0.5445,0.5254,1.0,0.1504,0.4929,0.402,150.3683
images---2022-08-07T114851-407_jpg.rf.PQlstRJW74UGD8fXUgFL.jpg,3,98,241,"(94, 233, 9, 16)",144,0.5224,0.3061,0.5303,1.0,0.2963,0.504,0.716,296.3336
images---2022-08-07T114851-407_jpg.rf.PQlstRJW74UGD8fXUgFL.jpg,4,508,237,"(504, 230, 8, 14)",112,0.773,0.9647,0.5128,1.0,0.5582,0.5018,0.7033,558.2225
images---2022-08-07T114851-407_jpg.rf.PQlstRJW74UGD8fXUgFL.jpg,5,119,216,"(101, 197, 36, 38)",1368,0.5421,0.3179,0.5079,1.0,0.5307,0.5174,0.6058,530.7494
images---2022-08-07T114851-407_jpg.rf.PQlstRJW74UGD8fXUgFL.jpg,6,123,174,"(118, 170, 11, 9)",99,0.6386,0.6619,0.4824,1.0,0.3809,0.506,0.6046,380.9389
images---2022-08-07T114851-407_jpg.rf.PQlstRJW74UGD8fXUgFL.jpg,7,178,216,"(139, 126, 79, 181)",14299,0.4976,0.3127,0.4565,1.0,0.2835,0.5247,0.645,283.5445
images---2022-08-07T114851-407_jpg.rf.PQlstRJW74UGD8fXUgFL.jpg,8,288,193,"(248, 124, 80, 139)",11120,0.5269,0.3179,0.4726,1.0,0.5019,0.5248,0.5785,501.8928
images---2022-08-07T114851-407_jpg.rf.PQlstRJW74UGD8fXUgFL.jpg,9,313,101,"(309, 95, 8, 13)",104,0.4645,0.0271,0.5001,1.0,0.7994,0.5012,0.734,799.4244
images---2022-08-07T114851-407_jpg.rf.PQlstRJW74UGD8fXUgFL.jpg,10,239,105,"(230, 81, 18, 49)",882,0.5594,0.3179,0.4755,1.0,0.817,0.5201,0.5437,816.9908
images---2022-08-07T114851-407_jpg.rf.PQlstRJW74UGD8fXUgFL.jpg,11,426,156,"(380, 76, 93, 160)",14880,0.5251,0.3179,0.4842,1.0,0.4437,0.5269,0.6399,443.7471
images---2022-08-07T114851-407_jpg.rf.PQlstRJW74UGD8fXUgFL.jpg,12,76,43,"(71, 38, 10, 11)",110,0.5715,0.5451,0.4773,1.0,0.1364,0.499,0.7411,136.4143
images---2022-08-07T114851-531_jpg.rf.9jhuPBh2laloEl40efu3.jpg,1,260,346,"(241, 319, 39, 55)",2145,0.5087,0.3127,0.5217,1.0,0.1663,0.5244,0.595,166.3236
images---2022-08-07T114851-531_jpg.rf.9jhuPBh2laloEl40efu3.jpg,2,320,315,"(295, 296, 50, 39)",1950,0.4931,0.2879,0.4901,1.0,0.2078,0.5159,0.3273,207.8179
images---2022-08-07T114851-594_jpg.rf.jKhr1LOFDuY1Yawgezvp.jpg,1,261,500,"(244, 489, 34, 23)",782,0.7198,0.9512,0.503,1.0,0.108,0.5004,0.491,107.9758
images---2022-08-07T114851-594_jpg.rf.jKhr1LOFDuY1Yawgezvp.jpg,2,127,445,"(121, 441, 12, 9)",108,0.5102,0.9367,0.489,0.0,0.1123,0.4923,0.0,112.3001
images---2022-08-07T114851-594_jpg.rf.jKhr1LOFDuY1Yawgezvp.jpg,3,443,431,"(428, 407, 30, 49)",1470,0.489,0.3127,0.4784,1.0,0.1217,0.5028,0.6565,121.7295
images---2022-08-07T114851-594_jpg.rf.jKhr1LOFDuY1Yawgezvp.jpg,4,326,391,"(312, 370, 29, 43)",1247,0.6549,0.725,0.5099,1.0,0.2266,0.5274,0.3756,226.5553
images---2022-08-07T114851-594_jpg.rf.jKhr1LOFDuY1Yawgezvp.jpg,5,125,351,"(108, 313, 35, 76)",2660,0.7149,0.9512,0.5,1.0,0.0698,0.505,0.3876,69.7974
images---2022-08-07T114851-594_jpg.rf.jKhr1LOFDuY1Yawgezvp.jpg,6,504,266,"(496, 259, 16, 14)",224,0.6905,0.9499,0.4867,0.9353,0.0064,0.4932,0.1871,6.356
images---2022-08-07T114851-594_jpg.rf.jKhr1LOFDuY1Yawgezvp.jpg,7,47,237,"(40, 228, 14, 18)",252,0.7291,0.9538,0.5069,1.0,0.1782,0.4962,0.4641,178.176
images---2022-08-07T114851-594_jpg.rf.jKhr1LOFDuY1Yawgezvp.jpg,8,4,174,"(0, 166, 9, 17)",153,0.7083,0.9499,0.5,1.0,0.0084,0.4995,0.3517,8.3525
images---2022-08-07T114851-594_jpg.rf.jKhr1LOFDuY1Yawgezvp.jpg,9,120,27,"(116, 19, 8, 17)",136,0.7139,0.9538,0.5094,1.0,0.0174,0.4993,0.9276,17.4168
images---2022-08-07T114851-716_jpg.rf.2fp8xSOZo3XDF10fMy84.jpg,1,125,326,"(118, 320, 14, 13)",182,0.5353,0.3179,0.5016,1.0,0.4844,0.5032,0.7769,484.3548
images---2022-08-07T114851-716_jpg.rf.2fp8xSOZo3XDF10fMy84.jpg,2,414,204,"(402, 196, 24, 16)",384,0.4557,0.3804,0.5019,0.6399,0.1889,0.5032,0.128,188.8744
images---2022-08-07T114851-775_jpg.rf.A1IS5TbUU4lCvzTNqjP6.jpg,1,372,454,"(365, 435, 15, 38)",570,0.7457,0.9544,0.5162,1.0,0.31,0.5008,0.2674,310.007
images---2022-08-07T114851-775_jpg.rf.A1IS5TbUU4lCvzTNqjP6.jpg,2,282,431,"(274, 417, 17, 28)",476,0.7227,0.9435,0.5073,1.0,0.149,0.4935,0.2914,149.0065
images---2022-08-07T114851-775_jpg.rf.A1IS5TbUU4lCvzTNqjP6.jpg,3,380,421,"(377, 415, 7, 13)",91,0.5969,0.9544,0.5027,0.2421,0.3847,0.4948,0.0484,384.7003
images---2022-08-07T114851-878_jpg.rf.nxBdNMwgzflsvRG5TIkc.jpg,1,153,290,"(134, 269, 39, 43)",1677,0.6322,0.7092,0.5108,1.0,0.0522,0.5303,0.7291,52.1606
images---2022-08-07T114851-878_jpg.rf.nxBdNMwgzflsvRG5TIkc.jpg,2,376,120,"(367, 110, 19, 21)",399,0.5434,0.9423,0.5274,0.1369,0.0165,0.4969,0.0274,16.5273
images---2022-08-07T114851-878_jpg.rf.nxBdNMwgzflsvRG5TIkc.jpg,3,9,17,"(0, 0, 18, 34)",612,0.6274,0.7139,0.5061,1.0,0.0039,0.5123,1.0,3.8736
images---2022-08-07T114851-909_jpg.rf.hkwA1mwBNMGKqLzaY0Ue.jpg,1,133,472,"(121, 453, 25, 39)",975,0.5741,0.3037,0.4812,1.0,0.9936,0.5157,0.4552,993.6205
images---2022-08-07T114851-909_jpg.rf.hkwA1mwBNMGKqLzaY0Ue.jpg,2,286,422,"(279, 411, 14, 22)",308,0.5747,0.3037,0.4813,1.0,1.0,0.5093,0.3654,1024.8977
images---2022-08-07T114851-909_jpg.rf.hkwA1mwBNMGKqLzaY0Ue.jpg,3,124,370,"(104, 342, 40, 57)",2280,0.5627,0.3037,0.466,1.0,0.9332,0.5215,0.5502,933.2015
images---2022-08-07T114851-909_jpg.rf.hkwA1mwBNMGKqLzaY0Ue.jpg,4,82,319,"(68, 297, 29, 45)",1305,0.5452,0.3037,0.4841,1.0,0.695,0.5135,0.4292,694.9735
images---2022-08-07T114851-909_jpg.rf.hkwA1mwBNMGKqLzaY0Ue.jpg,5,330,311,"(321, 295, 18, 33)",594,0.535,0.3037,0.4898,1.0,0.5724,0.5037,0.4126,572.3962
images---2022-08-07T114851-909_jpg.rf.hkwA1mwBNMGKqLzaY0Ue.jpg,6,281,301,"(270, 262, 23, 78)",1794,0.5574,0.3037,0.4802,1.0,0.8308,0.5005,0.4076,830.751
images---2022-08-07T114851-909_jpg.rf.hkwA1mwBNMGKqLzaY0Ue.jpg,7,456,279,"(443, 239, 26, 81)",2106,0.5337,0.3037,0.4653,1.0,0.6451,0.4968,0.4457,645.1274
images---2022-08-07T114851-909_jpg.rf.hkwA1mwBNMGKqLzaY0Ue.jpg,8,259,231,"(252, 218, 15, 26)",390,0.5499,0.3068,0.5049,1.0,0.6583,0.5155,0.577,658.338
images---2022-08-07T114851-909_jpg.rf.hkwA1mwBNMGKqLzaY0Ue.jpg,9,455,198,"(449, 181, 12, 35)",420,0.5039,0.2985,0.4899,1.0,0.2795,0.5078,0.4902,279.5169
images---2022-08-07T114851-909_jpg.rf.hkwA1mwBNMGKqLzaY0Ue.jpg,10,359,148,"(346, 124, 27, 49)",1323,0.5636,0.3037,0.4931,1.0,0.8474,0.5154,0.4611,847.3749
images---2022-08-07T114851-909_jpg.rf.hkwA1mwBNMGKqLzaY0Ue.jpg,11,217,118,"(206, 99, 23, 38)",874,0.5357,0.3037,0.4982,1.0,0.5501,0.5171,0.388,550.1403
images---2022-08-07T114852-276_jpg.rf.zgyqiqBNgaihTd4XEvhV.jpg,1,292,399,"(285, 392, 14, 14)",196,0.7205,0.9512,0.4956,1.0,0.1415,0.5094,0.2589,141.4608
images---2022-08-07T114852-276_jpg.rf.zgyqiqBNgaihTd4XEvhV.jpg,2,60,349,"(21, 301, 79, 97)",7663,0.4891,0.3127,0.4883,1.0,0.0877,0.5257,0.59,87.679
images---2022-08-07T114852-276_jpg.rf.zgyqiqBNgaihTd4XEvhV.jpg,3,32,277,"(0, 190, 64, 174)",11136,0.4957,0.3127,0.481,1.0,0.1789,0.5373,0.7424,178.8515
images---2022-08-07T114852-341_jpg.rf.ymcVdjWQb6CqXsYDVMpu.jpg,1,269,393,"(260, 386, 18, 15)",270,0.5887,0.3892,0.492,0.9012,1.0,0.5191,0.1802,1035.0653
images---2022-08-07T114852-341_jpg.rf.ymcVdjWQb6CqXsYDVMpu.jpg,2,298,353,"(288, 340, 21, 26)",546,0.5731,0.3179,0.4942,1.0,0.889,0.526,0.3309,889.0399
images---2022-08-07T114852-341_jpg.rf.ymcVdjWQb6CqXsYDVMpu.jpg,3,232,363,"(217, 339, 31, 48)",1488,0.588,0.3179,0.5049,1.0,1.0,0.5217,0.3322,1070.731
images---2022-08-07T114852-341_jpg.rf.ymcVdjWQb6CqXsYDVMpu.jpg,4,298,316,"(290, 309, 16, 15)",240,0.5495,0.3186,0.4912,1.0,0.6603,0.5114,0.3214,660.2549
images---2022-08-07T114852-341_jpg.rf.ymcVdjWQb6CqXsYDVMpu.jpg,5,340,309,"(320, 292, 41, 34)",1394,0.7529,0.9656,0.4656,1.0,0.5197,0.5241,0.5021,519.7348
images---2022-08-07T114852-341_jpg.rf.ymcVdjWQb6CqXsYDVMpu.jpg,6,372,300,"(366, 289, 13, 23)",299,0.7315,0.9606,0.5118,1.0,0.1608,0.5019,0.2629,160.8271
images---2022-08-07T114852-341_jpg.rf.ymcVdjWQb6CqXsYDVMpu.jpg,7,317,128,"(301, 107, 33, 43)",1419,0.5044,0.2984,0.4926,1.0,0.275,0.5284,0.4594,274.9752
images---2022-08-07T114852-372_jpg.rf.sSGo5ktkMLdQU2vpXK61.jpg,1,138,445,"(131, 436, 15, 18)",270,0.7203,0.9512,0.4739,1.0,0.2151,0.5026,0.4506,215.1141
images---2022-08-07T114852-372_jpg.rf.sSGo5ktkMLdQU2vpXK61.jpg,2,187,99,"(169, 63, 36, 72)",2592,0.6644,0.7687,0.5053,1.0,0.1854,0.5107,0.2617,185.3702
images---2022-08-07T114852-494_jpg.rf.wsHKV0tZJc5bniK6dS4t.jpg,1,197,143,"(189, 133, 16, 20)",320,0.5205,0.3037,0.4832,0.7868,0.8773,0.5198,0.1574,877.2693
images---2022-08-07T114852-494_jpg.rf.wsHKV0tZJc5bniK6dS4t.jpg,2,267,80,"(236, 46, 63, 69)",4347,0.4851,0.2968,0.4894,1.0,0.099,0.5018,0.6472,98.9615
images---2022-08-07T114852-524_jpg.rf.WftEN10s2J9MbNYuiqS2.jpg,1,282,374,"(275, 367, 14, 14)",196,0.7111,0.9423,0.4908,1.0,0.0949,0.5124,0.497,94.9179
images---2022-08-07T114852-624_jpg.rf.g7dT57PCphT6mCkhwP6W.jpg,1,351,357,"(335, 350, 32, 14)",448,0.7174,0.9471,0.5034,1.0,0.097,0.5162,0.8689,96.9806
images---2022-08-07T114852-624_jpg.rf.g7dT57PCphT6mCkhwP6W.jpg,2,3,252,"(0, 238, 7, 29)",203,0.7296,0.9454,0.5573,1.0,0.0367,0.502,0.8968,36.6941
images---2022-08-07T114852-624_jpg.rf.g7dT57PCphT6mCkhwP6W.jpg,3,11,128,"(0, 110, 23, 36)",828,0.6027,0.6537,0.4939,1.0,0.0104,0.503,1.0,10.4493
images---2022-08-07T114852-624_jpg.rf.g7dT57PCphT6mCkhwP6W.jpg,4,475,37,"(466, 31, 18, 12)",216,0.7257,0.9684,0.5095,1.0,0.0845,0.5031,0.6833,84.4605
images---2022-08-07T114852-795_jpg.rf.i25XA47KPsAvvQPkdVxs.jpg,1,389,298,"(375, 293, 29, 11)",319,0.8048,0.9544,0.4879,1.0,1.0,0.5118,0.369,1434.9876
images---2022-08-07T114852-795_jpg.rf.i25XA47KPsAvvQPkdVxs.jpg,2,312,276,"(249, 216, 126, 120)",15120,0.5724,0.3179,0.4783,1.0,0.9371,0.5287,0.5255,937.1227
images---2022-08-07T114852-890_jpg.rf.nHr2FZdLf51jvfDnZAFt.jpg,1,303,448,"(292, 438, 22, 21)",462,0.7653,0.9638,0.5016,1.0,0.5234,0.4984,0.9403,523.4209
images---2022-08-07T114852-890_jpg.rf.nHr2FZdLf51jvfDnZAFt.jpg,2,43,424,"(24, 399, 39, 51)",1989,0.5967,0.5549,0.5228,1.0,0.1946,0.5088,0.3953,194.5644
images---2022-08-07T114852-890_jpg.rf.nHr2FZdLf51jvfDnZAFt.jpg,3,54,370,"(51, 363, 7, 14)",98,0.5313,0.3037,0.5121,1.0,0.4578,0.5011,0.4069,457.7811
images---2022-08-07T114852-890_jpg.rf.nHr2FZdLf51jvfDnZAFt.jpg,4,209,325,"(205, 315, 9, 21)",189,0.6746,0.723,0.5304,1.0,0.3594,0.5041,0.9957,359.4235
images---2022-08-07T114852-890_jpg.rf.nHr2FZdLf51jvfDnZAFt.jpg,5,138,309,"(126, 290, 24, 38)",912,0.5395,0.311,0.4917,1.0,0.5852,0.5035,0.2678,585.224
images---2022-08-07T114852-890_jpg.rf.nHr2FZdLf51jvfDnZAFt.jpg,6,254,288,"(249, 278, 11, 20)",220,0.5605,0.3179,0.5189,1.0,0.6766,0.4983,0.4293,676.5587
images---2022-08-07T114852-890_jpg.rf.nHr2FZdLf51jvfDnZAFt.jpg,7,508,287,"(504, 273, 8, 28)",224,0.5682,0.3179,0.5493,1.0,0.6468,0.4916,0.4125,646.8402
images---2022-08-07T114852-890_jpg.rf.nHr2FZdLf51jvfDnZAFt.jpg,8,8,274,"(0, 263, 16, 22)",352,0.5671,0.3179,0.5669,1.0,0.5741,0.4996,0.4225,574.0905
images---2022-08-07T114852-890_jpg.rf.nHr2FZdLf51jvfDnZAFt.jpg,9,115,265,"(109, 256, 12, 19)",228,0.538,0.3037,0.5303,1.0,0.4612,0.5089,0.2836,461.162
images---2022-08-07T114852-890_jpg.rf.nHr2FZdLf51jvfDnZAFt.jpg,10,47,256,"(41, 248, 13, 17)",221,0.553,0.3179,0.56,1.0,0.4575,0.5017,0.2897,457.5371
images---2022-08-07T114852-890_jpg.rf.nHr2FZdLf51jvfDnZAFt.jpg,11,216,251,"(200, 235, 32, 33)",1056,0.548,0.3179,0.5101,1.0,0.5821,0.4969,0.3283,582.0608
images---2022-08-07T114852-923_jpg.rf.fich75PBvp9cL6sevf3o.jpg,1,463,414,"(457, 409, 13, 11)",143,0.7009,0.7956,0.4859,1.0,0.5236,0.5318,0.9478,523.5658
images---2022-08-07T114852-923_jpg.rf.fich75PBvp9cL6sevf3o.jpg,2,384,320,"(374, 311, 20, 18)",360,0.7177,0.9684,0.4919,1.0,0.0663,0.5075,0.2021,66.3005
images---2022-08-07T114852-923_jpg.rf.fich75PBvp9cL6sevf3o.jpg,3,121,354,"(71, 290, 101, 129)",13029,0.5156,0.3179,0.4727,1.0,0.3893,0.5197,0.6611,389.28
images---2022-08-07T114852-923_jpg.rf.fich75PBvp9cL6sevf3o.jpg,4,430,281,"(422, 275, 16, 13)",208,0.5527,0.3127,0.5504,1.0,0.5056,0.5126,0.6971,505.602
images---2022-08-07T114852-923_jpg.rf.fich75PBvp9cL6sevf3o.jpg,5,86,236,"(78, 228, 17, 16)",272,0.7437,0.9715,0.4992,1.0,0.2899,0.5059,0.4741,289.8534
images---2022-08-07T114852-923_jpg.rf.fich75PBvp9cL6sevf3o.jpg,6,153,162,"(148, 144, 10, 37)",370,0.6426,0.5361,0.5467,1.0,0.6356,0.4974,0.3228,635.557
images---2022-08-07T114852-923_jpg.rf.fich75PBvp9cL6sevf3o.jpg,7,478,165,"(462, 139, 32, 53)",1696,0.6127,0.5549,0.4968,1.0,0.4459,0.504,0.4374,445.9434
images---2022-08-07T114852-923_jpg.rf.fich75PBvp9cL6sevf3o.jpg,8,127,160,"(120, 134, 15, 53)",795,0.5133,0.3037,0.4837,1.0,0.3773,0.5045,0.3738,377.3132
images---2022-08-07T114852-923_jpg.rf.fich75PBvp9cL6sevf3o.jpg,9,440,163,"(419, 123, 42, 81)",3402,0.4935,0.3127,0.4758,1.0,0.175,0.5138,0.5014,174.9699
images---2022-08-07T114852-923_jpg.rf.fich75PBvp9cL6sevf3o.jpg,10,360,149,"(339, 102, 43, 94)",4042,0.5012,0.3061,0.4907,1.0,0.2238,0.5072,0.5473,223.7865
images---2022-08-07T114852-923_jpg.rf.fich75PBvp9cL6sevf3o.jpg,11,204,156,"(164, 99, 80, 114)",9120,0.5253,0.3179,0.5219,1.0,0.3134,0.5257,0.4356,313.3524
images---2022-08-07T114852-954_jpg.rf.cJHRLJ1eXv1fKoGry8L0.jpg,1,157,332,"(149, 324, 17, 16)",272,0.5761,0.5313,0.4931,1.0,0.176,0.5221,0.4901,175.9988
images---2022-08-07T114852-954_jpg.rf.cJHRLJ1eXv1fKoGry8L0.jpg,2,89,116,"(54, 38, 71, 157)",11147,0.4904,0.3127,0.4933,1.0,0.0828,0.512,0.7288,82.7633
images---2022-08-07T114852-954_jpg.rf.cJHRLJ1eXv1fKoGry8L0.jpg,3,125,16,"(113, 0, 24, 33)",792,0.5859,0.5497,0.5262,1.0,0.0933,0.4941,0.6873,93.3061
images---2022-08-07T114853-021_jpg.rf.EaXbmn5bVIy4mOUzVh3E.jpg,1,438,501,"(431, 491, 15, 21)",315,0.5116,0.3804,0.4726,1.0,0.13,0.506,0.6063,129.9961
images---2022-08-07T114853-021_jpg.rf.EaXbmn5bVIy4mOUzVh3E.jpg,2,336,497,"(307, 483, 59, 29)",1711,0.6434,0.7352,0.5156,1.0,0.0564,0.5032,0.5501,56.4091
images---2022-08-07T114853-021_jpg.rf.EaXbmn5bVIy4mOUzVh3E.jpg,3,406,482,"(398, 473, 17, 19)",323,0.6411,0.7352,0.5037,1.0,0.0753,0.5061,0.7364,75.2616
images---2022-08-07T114853-021_jpg.rf.EaXbmn5bVIy4mOUzVh3E.jpg,4,331,436,"(296, 406, 70, 60)",4200,0.5695,0.5273,0.5107,1.0,0.0626,0.5251,0.4616,62.635
images---2022-08-07T114853-021_jpg.rf.EaXbmn5bVIy4mOUzVh3E.jpg,5,45,337,"(34, 330, 22, 14)",308,0.6122,0.6611,0.5027,1.0,0.0485,0.5131,0.9412,48.4939
images---2022-08-07T114853-021_jpg.rf.EaXbmn5bVIy4mOUzVh3E.jpg,6,87,326,"(80, 320, 14, 13)",182,0.6327,0.7284,0.4973,1.0,0.0371,0.5004,0.8569,37.1465
images---2022-08-07T114853-021_jpg.rf.EaXbmn5bVIy4mOUzVh3E.jpg,7,62,284,"(52, 273, 21, 23)",483,0.7124,0.9684,0.4868,1.0,0.0309,0.4989,0.6528,30.8951
images---2022-08-07T114853-021_jpg.rf.EaXbmn5bVIy4mOUzVh3E.jpg,8,19,307,"(0, 268, 38, 78)",2964,0.6252,0.7352,0.4687,1.0,0.0382,0.5074,0.8967,38.1727
images---2022-08-07T114853-021_jpg.rf.EaXbmn5bVIy4mOUzVh3E.jpg,9,399,231,"(380, 200, 38, 63)",2394,0.4785,0.3087,0.4775,1.0,0.0329,0.5118,0.5101,32.8631
images---2022-08-07T114853-021_jpg.rf.EaXbmn5bVIy4mOUzVh3E.jpg,10,440,171,"(429, 149, 23, 44)",1012,0.7131,0.9644,0.4988,1.0,0.0097,0.4997,0.6321,9.7226
images---2022-08-07T114853-117_jpg.rf.HRTMqlZwAligzhxOBBwS.jpg,1,177,434,"(169, 420, 17, 28)",476,0.5456,0.3037,0.4962,1.0,0.6569,0.5011,0.2345,656.9391
images---2022-08-07T114853-117_jpg.rf.HRTMqlZwAligzhxOBBwS.jpg,2,346,421,"(339, 412, 14, 19)",266,0.5831,0.5308,0.4922,1.0,0.2508,0.5013,0.3114,250.754
images---2022-08-07T114853-117_jpg.rf.HRTMqlZwAligzhxOBBwS.jpg,3,257,390,"(247, 363, 21, 54)",1134,0.5214,0.3179,0.5029,1.0,0.341,0.5064,0.3457,341.0117
images---2022-08-07T114853-117_jpg.rf.HRTMqlZwAligzhxOBBwS.jpg,4,82,311,"(76, 304, 13, 15)",195,0.4968,0.2985,0.491,1.0,0.2047,0.5001,0.7985,204.6979
images---2022-08-07T114853-117_jpg.rf.HRTMqlZwAligzhxOBBwS.jpg,5,116,282,"(64, 259, 104, 46)",4784,0.4977,0.2985,0.4979,1.0,0.1896,0.5063,0.8066,189.6178
images---2022-08-07T114853-117_jpg.rf.HRTMqlZwAligzhxOBBwS.jpg,6,148,234,"(141, 223, 14, 23)",322,0.5305,0.3113,0.4957,1.0,0.4804,0.5035,0.4681,480.3599
images---2022-08-07T114853-117_jpg.rf.HRTMqlZwAligzhxOBBwS.jpg,7,137,203,"(130, 184, 14, 38)",532,0.5565,0.3952,0.4956,1.0,0.4473,0.5028,0.3531,447.2706
images---2022-08-07T114853-148_jpg.rf.qLKJLWQiWRzMcY8TPMLk.jpg,1,203,493,"(187, 474, 32, 38)",1216,0.688,0.9082,0.4808,1.0,0.018,0.5157,0.7045,17.9758
images---2022-08-07T114853-148_jpg.rf.qLKJLWQiWRzMcY8TPMLk.jpg,2,185,458,"(181, 451, 8, 14)",112,0.7163,0.9616,0.5043,1.0,0.0324,0.5073,0.6615,32.3857
images---2022-08-07T114853-148_jpg.rf.qLKJLWQiWRzMcY8TPMLk.jpg,3,229,429,"(222, 422, 14, 15)",210,0.7266,0.9684,0.516,1.0,0.0703,0.5072,0.4658,70.284
images---2022-08-07T114853-148_jpg.rf.qLKJLWQiWRzMcY8TPMLk.jpg,4,356,409,"(346, 394, 20, 31)",620,0.6212,0.6743,0.5105,1.0,0.0647,0.5101,0.439,64.7347
images---2022-08-07T114853-148_jpg.rf.qLKJLWQiWRzMcY8TPMLk.jpg,5,225,397,"(221, 390, 8, 14)",112,0.7272,0.9647,0.5027,1.0,0.1356,0.5112,0.7538,135.6319
images---2022-08-07T114853-148_jpg.rf.qLKJLWQiWRzMcY8TPMLk.jpg,6,389,348,"(383, 333, 13, 30)",390,0.5152,0.3847,0.5085,1.0,0.0255,0.511,0.661,25.5498
images---2022-08-07T114853-148_jpg.rf.qLKJLWQiWRzMcY8TPMLk.jpg,7,412,290,"(407, 284, 10, 12)",120,0.5234,0.3795,0.5318,1.0,0.0451,0.5127,0.7216,45.0985
images---2022-08-07T114853-148_jpg.rf.qLKJLWQiWRzMcY8TPMLk.jpg,8,86,229,"(74, 215, 25, 29)",725,0.5247,0.3916,0.498,1.0,0.1336,0.5158,0.6091,133.6011
images---2022-08-07T114853-148_jpg.rf.qLKJLWQiWRzMcY8TPMLk.jpg,9,393,219,"(372, 191, 42, 57)",2394,0.6854,0.8866,0.4679,1.0,0.1134,0.5109,0.7083,113.3508
images---2022-08-07T114853-148_jpg.rf.qLKJLWQiWRzMcY8TPMLk.jpg,10,457,188,"(445, 174, 24, 29)",696,0.577,0.5289,0.5434,1.0,0.0173,0.5146,0.6917,17.2844
images---2022-08-07T114853-148_jpg.rf.qLKJLWQiWRzMcY8TPMLk.jpg,11,345,153,"(318, 129, 55, 49)",2695,0.4569,0.2845,0.4423,1.0,0.0256,0.5169,0.7059,25.5746
images---2022-08-07T114853-239_jpg.rf.NphKlwB8ETiOX9ilvzXD.jpg,1,477,506,"(470, 500, 15, 12)",180,0.5193,0.3154,0.4816,1.0,0.404,0.5123,0.4444,403.9819
images---2022-08-07T114853-239_jpg.rf.NphKlwB8ETiOX9ilvzXD.jpg,2,66,502,"(57, 492, 18, 20)",360,0.5476,0.3219,0.4828,1.0,0.6593,0.5101,0.8205,659.3249
images---2022-08-07T114853-239_jpg.rf.NphKlwB8ETiOX9ilvzXD.jpg,3,494,477,"(477, 469, 35, 17)",595,0.5163,0.3025,0.4799,1.0,0.4242,0.5049,0.5955,424.2153
images---2022-08-07T114853-239_jpg.rf.NphKlwB8ETiOX9ilvzXD.jpg,4,447,467,"(426, 451, 43, 33)",1419,0.5007,0.3061,0.4742,1.0,0.2756,0.5196,0.7879,275.5618
images---2022-08-07T114853-239_jpg.rf.NphKlwB8ETiOX9ilvzXD.jpg,5,21,479,"(0, 446, 43, 66)",2838,0.5144,0.3127,0.5229,1.0,0.2199,0.5111,0.6678,219.9248
images---2022-08-07T114853-239_jpg.rf.NphKlwB8ETiOX9ilvzXD.jpg,6,507,445,"(502, 435, 10, 21)",210,0.5021,0.2985,0.475,1.0,0.3144,0.5032,0.5909,314.4081
images---2022-08-07T114853-239_jpg.rf.NphKlwB8ETiOX9ilvzXD.jpg,7,401,432,"(385, 424, 32, 17)",544,0.4921,0.2966,0.4738,1.0,0.2249,0.5075,0.6795,224.9006
images---2022-08-07T114853-239_jpg.rf.NphKlwB8ETiOX9ilvzXD.jpg,8,96,463,"(74, 417, 45, 92)",4140,0.5187,0.3219,0.4676,1.0,0.4234,0.5043,0.7172,423.3539
images---2022-08-07T114853-239_jpg.rf.NphKlwB8ETiOX9ilvzXD.jpg,9,432,403,"(423, 387, 19, 32)",608,0.5051,0.3037,0.4698,1.0,0.3438,0.5193,0.4949,343.8198
images---2022-08-07T114853-239_jpg.rf.NphKlwB8ETiOX9ilvzXD.jpg,10,67,388,"(55, 381, 24, 14)",336,0.4919,0.2791,0.5461,1.0,0.0306,0.5086,0.9936,30.5794
images---2022-08-07T114853-239_jpg.rf.NphKlwB8ETiOX9ilvzXD.jpg,11,27,372,"(7, 340, 40, 64)",2560,0.5093,0.3127,0.4814,1.0,0.3135,0.5102,0.6258,313.4881
images---2022-08-07T114853-239_jpg.rf.NphKlwB8ETiOX9ilvzXD.jpg,12,177,326,"(170, 323, 15, 7)",105,0.5085,0.3058,0.4954,1.0,0.2813,0.5106,0.7076,281.3128
images---2022-08-07T114853-239_jpg.rf.NphKlwB8ETiOX9ilvzXD.jpg,13,149,315,"(121, 283, 56, 64)",3584,0.5029,0.3127,0.4863,1.0,0.2321,0.5245,0.5958,232.1352
images---2022-08-07T114853-239_jpg.rf.NphKlwB8ETiOX9ilvzXD.jpg,14,231,284,"(226, 277, 11, 15)",165,0.6894,1.0,0.4696,0.7488,0.2531,0.5101,0.1498,253.0614
images---2022-08-07T114853-239_jpg.rf.NphKlwB8ETiOX9ilvzXD.jpg,15,94,176,"(89, 170, 10, 12)",120,0.5616,0.3167,0.5116,1.0,0.7174,0.5084,0.7973,717.375
images---2022-08-07T114853-239_jpg.rf.NphKlwB8ETiOX9ilvzXD.jpg,16,214,113,"(208, 101, 12, 24)",288,0.5451,1.0,0.4922,0.0926,0.0436,0.5132,0.0185,43.5558
images---2022-08-07T114853-239_jpg.rf.NphKlwB8ETiOX9ilvzXD.jpg,17,210,89,"(202, 83, 17, 13)",221,0.5606,1.0,0.4885,0.1724,0.051,0.5107,0.0345,50.9777
images---2022-08-07T114853-239_jpg.rf.NphKlwB8ETiOX9ilvzXD.jpg,18,22,86,"(0, 72, 45, 29)",1305,0.5323,0.3077,0.4775,1.0,0.5742,0.5096,0.6447,574.2259
images---2022-08-07T114853-239_jpg.rf.NphKlwB8ETiOX9ilvzXD.jpg,19,87,69,"(81, 60, 12, 19)",228,0.5195,0.3077,0.4892,1.0,0.4057,0.5144,0.5108,405.6748
images---2022-08-07T114853-239_jpg.rf.NphKlwB8ETiOX9ilvzXD.jpg,20,109,42,"(95, 31, 29, 22)",638,0.6288,0.56,0.4964,1.0,0.591,0.5112,0.4283,591.0457
images---2022-08-07T114853-239_jpg.rf.NphKlwB8ETiOX9ilvzXD.jpg,21,393,27,"(359, 0, 68, 55)",3740,0.6047,0.56,0.5,1.0,0.3374,0.5206,0.5145,337.4026
images---2022-08-07T114853-239_jpg.rf.NphKlwB8ETiOX9ilvzXD.jpg,22,346,21,"(331, 0, 31, 42)",1302,0.5226,0.321,0.4872,1.0,0.3971,0.5103,0.5518,397.1268
images---2022-08-07T114853-239_jpg.rf.NphKlwB8ETiOX9ilvzXD.jpg,23,274,14,"(259, 0, 31, 29)",899,0.5009,0.5549,0.4948,0.4153,0.5041,0.5141,0.0831,504.0879
images---2022-08-07T114853-239_jpg.rf.NphKlwB8ETiOX9ilvzXD.jpg,24,116,11,"(101, 0, 30, 22)",660,0.6039,0.5549,0.5048,1.0,0.33,0.5043,0.2364,329.9685
images---2022-08-07T114853-239_jpg.rf.NphKlwB8ETiOX9ilvzXD.jpg,25,41,22,"(20, 0, 43, 44)",1892,0.5814,0.5535,0.5094,1.0,0.0933,0.5202,0.4833,93.3166
images---2022-08-07T114853-239_jpg.rf.NphKlwB8ETiOX9ilvzXD.jpg,26,6,12,"(0, 0, 13, 24)",312,0.63,0.7167,0.4986,1.0,0.0463,0.5041,0.2421,46.3082
images---2022-08-07T114853-270_jpg.rf.TI5rIQHkQ1BpiMZzvsst.jpg,1,218,349,"(210, 341, 16, 17)",272,0.4548,0.0271,0.5081,1.0,0.675,0.4968,0.6897,675.0324
images---2022-08-07T114853-298_jpg.rf.jIeU9TDuOwEpv6WYUhhQ.jpg,1,291,351,"(288, 344, 6, 15)",90,0.6181,0.5549,0.5001,1.0,0.4884,0.5072,0.3601,488.3894
images---2022-08-07T114853-298_jpg.rf.jIeU9TDuOwEpv6WYUhhQ.jpg,2,204,296,"(187, 281, 35, 31)",1085,0.5346,0.3037,0.4884,0.7867,1.0,0.5174,0.1573,1210.342
images---2022-08-07T114853-298_jpg.rf.jIeU9TDuOwEpv6WYUhhQ.jpg,3,403,268,"(392, 262, 22, 13)",286,0.5685,0.952,0.5048,0.2765,0.0332,0.5019,0.0553,33.2435
images---2022-08-07T114853-298_jpg.rf.jIeU9TDuOwEpv6WYUhhQ.jpg,4,259,229,"(256, 223, 7, 13)",91,0.5956,0.535,0.5039,1.0,0.3201,0.5057,0.2358,320.1208
images---2022-08-07T114853-298_jpg.rf.jIeU9TDuOwEpv6WYUhhQ.jpg,5,362,211,"(348, 206, 29, 10)",290,0.7439,0.9444,0.4853,1.0,0.4351,0.5088,0.2705,435.1026
images---2022-08-07T114853-298_jpg.rf.jIeU9TDuOwEpv6WYUhhQ.jpg,6,493,226,"(474, 202, 38, 49)",1862,0.71,0.9569,0.4989,1.0,0.0047,0.504,0.32,4.6755
images---2022-08-07T114853-329_jpg.rf.7jfYU2pGfBCwgKGHcPoc.jpg,1,160,243,"(155, 235, 10, 16)",160,0.5961,0.3179,0.5282,1.0,1.0,0.5093,0.5211,1630.3543
images---2022-08-07T114853-329_jpg.rf.7jfYU2pGfBCwgKGHcPoc.jpg,2,190,268,"(163, 221, 55, 94)",5170,0.5764,0.3179,0.4718,1.0,1.0,0.5123,0.4658,1193.1931
images---2022-08-07T114853-389_jpg.rf.BCHF6WS0uP2ueB3Ck2OB.jpg,1,363,201,"(350, 177, 26, 49)",1274,0.5329,0.3037,0.4879,1.0,0.559,0.5148,0.4081,558.957
images---2022-08-07T114853-389_jpg.rf.BCHF6WS0uP2ueB3Ck2OB.jpg,2,404,176,"(390, 154, 29, 44)",1276,0.4933,0.2985,0.4911,1.0,0.1692,0.5107,0.3506,169.1845
images---2022-08-07T114853-389_jpg.rf.BCHF6WS0uP2ueB3Ck2OB.jpg,3,248,157,"(244, 150, 8, 14)",112,0.5109,0.3037,0.4626,0.9231,0.5811,0.5177,0.1846,581.1496
images---2022-08-07T114853-389_jpg.rf.BCHF6WS0uP2ueB3Ck2OB.jpg,4,260,109,"(253, 95, 15, 29)",435,0.5266,0.3037,0.5008,1.0,0.4504,0.5133,0.3135,450.3609
images---2022-08-07T114853-389_jpg.rf.BCHF6WS0uP2ueB3Ck2OB.jpg,5,206,91,"(198, 72, 16, 39)",624,0.5101,0.3037,0.5066,1.0,0.2656,0.5196,0.4412,265.5643
images---2022-08-07T114853-389_jpg.rf.BCHF6WS0uP2ueB3Ck2OB.jpg,6,269,52,"(244, 16, 50, 72)",3600,0.5022,0.2985,0.4733,1.0,0.3207,0.5315,0.2333,320.661
images---2022-08-07T114853-421_jpg.rf.2Sjf1mAO3szJmS3U2lzV.jpg,1,19,476,"(0, 448, 39, 57)",2223,0.5587,0.5192,0.5034,1.0,0.0086,0.4977,0.3275,8.5725
images---2022-08-07T114853-451_jpg.rf.dOTrB3hS1ihk9BkAW2Td.jpg,1,485,505,"(459, 499, 53, 13)",689,0.5693,0.5445,0.4975,1.0,0.0467,0.5047,0.5094,46.7006
images---2022-08-07T114853-451_jpg.rf.dOTrB3hS1ihk9BkAW2Td.jpg,2,139,502,"(131, 492, 16, 20)",320,0.5099,0.3167,0.5274,1.0,0.1448,0.5057,0.897,144.8171
images---2022-08-07T114853-451_jpg.rf.dOTrB3hS1ihk9BkAW2Td.jpg,3,172,498,"(163, 485, 18, 27)",486,0.5004,0.321,0.5063,1.0,0.1085,0.5101,0.7141,108.522
images---2022-08-07T114853-451_jpg.rf.dOTrB3hS1ihk9BkAW2Td.jpg,4,417,486,"(409, 480, 17, 12)",204,0.6612,0.9219,0.5208,0.7759,0.0111,0.5069,0.1552,11.0917
images---2022-08-07T114853-451_jpg.rf.dOTrB3hS1ihk9BkAW2Td.jpg,5,376,484,"(371, 478, 11, 13)",143,0.567,0.6187,0.505,0.8522,0.0328,0.5079,0.1704,32.7564
images---2022-08-07T114853-451_jpg.rf.dOTrB3hS1ihk9BkAW2Td.jpg,6,50,492,"(35, 473, 30, 39)",1170,0.7212,0.9627,0.5083,1.0,0.0634,0.5063,0.5439,63.3638
images---2022-08-07T114853-451_jpg.rf.dOTrB3hS1ihk9BkAW2Td.jpg,7,396,472,"(392, 463, 9, 18)",162,0.5688,0.772,0.5273,0.5635,0.0133,0.5064,0.1127,13.3359
images---2022-08-07T114853-451_jpg.rf.dOTrB3hS1ihk9BkAW2Td.jpg,8,498,460,"(485, 445, 27, 31)",837,0.6173,0.9314,0.4856,0.5638,0.0863,0.5085,0.1128,86.2697
images---2022-08-07T114853-451_jpg.rf.dOTrB3hS1ihk9BkAW2Td.jpg,9,82,450,"(68, 434, 28, 32)",896,0.7131,0.9512,0.4968,1.0,0.0631,0.5198,0.5926,63.0602
images---2022-08-07T114853-451_jpg.rf.dOTrB3hS1ihk9BkAW2Td.jpg,10,332,429,"(325, 419, 15, 21)",315,0.451,0.7567,0.5256,0.0,0.0224,0.5081,0.0,22.4027
images---2022-08-07T114853-451_jpg.rf.dOTrB3hS1ihk9BkAW2Td.jpg,11,275,423,"(251, 401, 48, 45)",2160,0.5693,0.5473,0.4865,1.0,0.0744,0.516,0.6447,74.4051
images---2022-08-07T114853-451_jpg.rf.dOTrB3hS1ihk9BkAW2Td.jpg,12,63,395,"(59, 388, 9, 14)",126,0.6774,0.7961,0.5474,1.0,0.0717,0.5049,0.9634,71.696
images---2022-08-07T114853-451_jpg.rf.dOTrB3hS1ihk9BkAW2Td.jpg,13,125,397,"(112, 384, 26, 26)",676,0.7167,0.9616,0.4863,1.0,0.1,0.5045,0.3573,99.9511
images---2022-08-07T114853-451_jpg.rf.dOTrB3hS1ihk9BkAW2Td.jpg,14,408,413,"(382, 379, 52, 69)",3588,0.4819,0.3127,0.4719,1.0,0.073,0.5163,0.5367,73.0496
images---2022-08-07T114853-451_jpg.rf.dOTrB3hS1ihk9BkAW2Td.jpg,15,199,400,"(178, 355, 42, 91)",3822,0.7115,0.9627,0.4915,1.0,0.0252,0.5174,0.5971,25.1636
images---2022-08-07T114853-451_jpg.rf.dOTrB3hS1ihk9BkAW2Td.jpg,16,436,357,"(429, 347, 14, 20)",280,0.5498,0.5485,0.496,0.8714,0.0992,0.5087,0.1743,99.2438
images---2022-08-07T114853-451_jpg.rf.dOTrB3hS1ihk9BkAW2Td.jpg,17,246,366,"(235, 340, 22, 53)",1166,0.7109,0.96,0.4547,1.0,0.1578,0.5301,0.9561,157.7749
images---2022-08-07T114853-451_jpg.rf.dOTrB3hS1ihk9BkAW2Td.jpg,18,451,322,"(448, 315, 7, 14)",98,0.722,0.9538,0.5275,1.0,0.0358,0.5075,0.8421,35.8172
images---2022-08-07T114853-451_jpg.rf.dOTrB3hS1ihk9BkAW2Td.jpg,19,471,296,"(461, 288, 21, 17)",357,0.7203,0.9684,0.5034,1.0,0.0524,0.5019,0.5026,52.3662
images---2022-08-07T114853-451_jpg.rf.dOTrB3hS1ihk9BkAW2Td.jpg,20,121,259,"(116, 253, 10, 13)",130,0.7027,0.9538,0.4739,1.0,0.03,0.5059,0.2582,30.0127
images---2022-08-07T114853-451_jpg.rf.dOTrB3hS1ihk9BkAW2Td.jpg,21,178,273,"(149, 249, 59, 48)",2832,0.7088,0.9627,0.475,1.0,0.0554,0.5209,0.9077,55.4039
images---2022-08-07T114853-451_jpg.rf.dOTrB3hS1ihk9BkAW2Td.jpg,22,503,227,"(495, 207, 17, 41)",697,0.7245,0.9684,0.5105,1.0,0.0688,0.4994,0.4061,68.8316
images---2022-08-07T114853-451_jpg.rf.dOTrB3hS1ihk9BkAW2Td.jpg,23,192,201,"(180, 183, 24, 36)",864,0.7125,0.9482,0.4982,1.0,0.0626,0.5208,0.9213,62.6243
images---2022-08-07T114853-451_jpg.rf.dOTrB3hS1ihk9BkAW2Td.jpg,24,397,168,"(364, 145, 67, 47)",3149,0.6411,0.7214,0.4786,1.0,0.2112,0.5122,0.4164,211.1995
images---2022-08-07T114853-451_jpg.rf.dOTrB3hS1ihk9BkAW2Td.jpg,25,8,138,"(0, 117, 17, 42)",714,0.711,0.9606,0.4943,1.0,0.0179,0.5035,0.3092,17.9087
images---2022-08-07T114853-451_jpg.rf.dOTrB3hS1ihk9BkAW2Td.jpg,26,490,98,"(485, 90, 11, 16)",176,0.6078,0.9796,0.4845,0.427,0.0992,0.5054,0.0854,99.1718
images---2022-08-07T114853-451_jpg.rf.dOTrB3hS1ihk9BkAW2Td.jpg,27,10,70,"(0, 56, 20, 29)",580,0.7061,0.9538,0.4893,1.0,0.01,0.5028,0.2129,9.9877
images---2022-08-07T114853-451_jpg.rf.dOTrB3hS1ihk9BkAW2Td.jpg,28,496,48,"(481, 27, 31, 42)",1302,0.7035,0.9512,0.4783,1.0,0.0314,0.502,0.6827,31.3575
images---2022-08-07T114853-451_jpg.rf.dOTrB3hS1ihk9BkAW2Td.jpg,29,315,42,"(279, 0, 72, 84)",6048,0.7058,0.9405,0.4843,1.0,0.0718,0.5124,0.5094,71.8416
images---2022-08-07T114853-451_jpg.rf.dOTrB3hS1ihk9BkAW2Td.jpg,30,13,8,"(0, 0, 26, 16)",416,0.7105,0.9499,0.5072,1.0,0.0055,0.4984,0.4006,5.4618
images---2022-08-07T114853-508_jpg.rf.vKcm5rD7dwAbIG7cf87h.jpg,1,380,468,"(359, 446, 43, 45)",1935,0.6344,0.7024,0.519,1.0,0.0694,0.5348,0.7675,69.3989
images---2022-08-07T114853-508_jpg.rf.vKcm5rD7dwAbIG7cf87h.jpg,2,314,416,"(306, 407, 16, 19)",304,0.5318,0.3077,0.5232,1.0,0.4099,0.509,0.8122,409.9271
images---2022-08-07T114853-508_jpg.rf.vKcm5rD7dwAbIG7cf87h.jpg,3,283,410,"(274, 360, 19, 101)",1919,0.5113,0.3127,0.4817,1.0,0.3325,0.4997,0.6746,332.4616
images---2022-08-07T114853-508_jpg.rf.vKcm5rD7dwAbIG7cf87h.jpg,4,37,254,"(32, 244, 10, 21)",210,0.5453,0.3179,0.4931,1.0,0.6141,0.5096,0.697,614.0747
images---2022-08-07T114853-508_jpg.rf.vKcm5rD7dwAbIG7cf87h.jpg,5,375,51,"(322, 0, 107, 103)",11021,0.4992,0.3127,0.4954,1.0,0.1636,0.5342,0.6962,163.5627
images---2022-08-07T114853-538_jpg.rf.WZL7OthG314r1ln3UHNy.jpg,1,351,287,"(343, 281, 17, 12)",204,0.498,0.3058,0.4975,1.0,0.1683,0.5104,0.352,168.3363
images---2022-08-07T114853-538_jpg.rf.WZL7OthG314r1ln3UHNy.jpg,2,440,278,"(398, 270, 85, 16)",1360,0.5621,0.3714,0.5052,1.0,0.5529,0.5219,0.3222,552.9098
images---2022-08-07T114853-538_jpg.rf.WZL7OthG314r1ln3UHNy.jpg,3,207,249,"(193, 195, 28, 108)",3024,0.5046,0.3037,0.4982,1.0,0.2394,0.519,0.3967,239.3533
images---2022-08-07T114853-538_jpg.rf.WZL7OthG314r1ln3UHNy.jpg,4,371,191,"(362, 181, 18, 20)",360,0.517,0.3037,0.4806,1.0,0.4253,0.5186,0.2562,425.3353
images---2022-08-07T114853-538_jpg.rf.WZL7OthG314r1ln3UHNy.jpg,5,327,172,"(321, 156, 13, 32)",416,0.7493,0.9544,0.4758,1.0,0.4873,0.5137,0.3391,487.3394
images---2022-08-07T114853-568_jpg.rf.RCLmw04egBlWDHlYAfph.jpg,1,105,422,"(58, 345, 95, 154)",14630,0.4993,0.3127,0.486,1.0,0.1978,0.5282,0.5919,197.8354
images---2022-08-07T114853-568_jpg.rf.RCLmw04egBlWDHlYAfph.jpg,2,306,382,"(262, 315, 88, 134)",11792,0.4971,0.3127,0.4888,1.0,0.1655,0.5136,0.746,165.4703
images---2022-08-07T114853-568_jpg.rf.RCLmw04egBlWDHlYAfph.jpg,3,236,218,"(230, 200, 12, 37)",444,0.5105,0.3127,0.5201,1.0,0.1905,0.5039,0.5578,190.4678
images---2022-08-07T114853-657_jpg.rf.y6ci6fN9rB1FNm2bwXDk.jpg,1,319,506,"(295, 500, 49, 12)",588,0.712,0.9499,0.5105,1.0,0.0091,0.4998,0.225,9.1357
images---2022-08-07T114853-657_jpg.rf.y6ci6fN9rB1FNm2bwXDk.jpg,2,255,500,"(250, 494, 10, 12)",120,0.7085,0.9569,0.4945,1.0,0.0054,0.5005,1.0,5.4467
images---2022-08-07T114853-657_jpg.rf.y6ci6fN9rB1FNm2bwXDk.jpg,3,509,499,"(506, 487, 6, 25)",150,0.7356,1.0,0.5128,1.0,0.0616,0.5045,0.6747,61.562
images---2022-08-07T114853-657_jpg.rf.y6ci6fN9rB1FNm2bwXDk.jpg,4,240,479,"(230, 471, 20, 16)",320,0.7167,0.9499,0.5239,1.0,0.0085,0.503,0.9487,8.5296
images---2022-08-07T114853-657_jpg.rf.y6ci6fN9rB1FNm2bwXDk.jpg,5,268,466,"(257, 458, 22, 17)",374,0.7265,0.9576,0.5347,1.0,0.0413,0.498,0.4189,41.3064
images---2022-08-07T114853-657_jpg.rf.y6ci6fN9rB1FNm2bwXDk.jpg,6,453,482,"(412, 452, 82, 60)",4920,0.7249,1.0,0.4928,1.0,0.0245,0.5303,0.3412,24.4662
images---2022-08-07T114853-657_jpg.rf.y6ci6fN9rB1FNm2bwXDk.jpg,7,237,458,"(228, 447, 18, 22)",396,0.7162,0.9499,0.5188,1.0,0.0213,0.4979,0.6725,21.2986
images---2022-08-07T114853-657_jpg.rf.y6ci6fN9rB1FNm2bwXDk.jpg,8,187,472,"(169, 442, 37, 60)",2220,0.7113,0.9606,0.4923,1.0,0.0282,0.5164,0.8954,28.1731
images---2022-08-07T114853-657_jpg.rf.y6ci6fN9rB1FNm2bwXDk.jpg,9,160,432,"(152, 425, 16, 14)",224,0.6187,0.7254,0.4541,1.0,0.059,0.5023,0.9519,58.9606
images---2022-08-07T114853-657_jpg.rf.y6ci6fN9rB1FNm2bwXDk.jpg,10,141,403,"(126, 391, 31, 25)",775,0.6118,0.6605,0.4679,1.0,0.168,0.5062,0.6367,168.0223
images---2022-08-07T114853-657_jpg.rf.y6ci6fN9rB1FNm2bwXDk.jpg,11,105,376,"(95, 368, 20, 16)",320,0.6258,0.6743,0.4889,1.0,0.1865,0.5054,0.5346,186.544
images---2022-08-07T114853-657_jpg.rf.y6ci6fN9rB1FNm2bwXDk.jpg,12,389,280,"(380, 274, 19, 12)",228,0.5642,0.535,0.4927,1.0,0.0454,0.5046,0.4866,45.4374
images---2022-08-07T114853-657_jpg.rf.y6ci6fN9rB1FNm2bwXDk.jpg,13,346,300,"(326, 266, 40, 68)",2720,0.5596,0.5485,0.4644,1.0,0.0513,0.5155,0.5851,51.3181
images---2022-08-07T114853-657_jpg.rf.y6ci6fN9rB1FNm2bwXDk.jpg,14,329,248,"(325, 241, 8, 14)",112,0.694,0.8772,0.5209,1.0,0.0463,0.5114,0.8596,46.3226
images---2022-08-07T114853-838_jpg.rf.oelc0X9n737pFw49uuPD.jpg,1,259,273,"(250, 266, 18, 14)",252,0.542,0.3037,0.5192,0.9679,0.6035,0.5191,0.1936,603.4592
images---2022-08-07T114853-900_jpg.rf.3LeneUQGmCcnomFeLF9j.jpg,1,349,324,"(345, 318, 8, 12)",96,0.5646,0.8858,0.5413,0.0,0.6515,0.4963,0.0,651.4818
images---2022-08-07T114853-900_jpg.rf.3LeneUQGmCcnomFeLF9j.jpg,2,7,201,"(0, 188, 14, 27)",378,0.6978,0.9659,0.4746,0.4679,1.0,0.5099,0.0936,1618.6458
images---2022-08-07T114853-900_jpg.rf.3LeneUQGmCcnomFeLF9j.jpg,3,153,196,"(140, 185, 26, 23)",598,0.8045,0.9516,0.4899,1.0,1.0,0.5156,0.5346,1599.1892
images---2022-08-07T114853-900_jpg.rf.3LeneUQGmCcnomFeLF9j.jpg,4,67,32,"(25, 8, 85, 49)",4165,0.7242,0.731,0.4809,1.0,1.0,0.5239,0.5417,1042.3286
images---2022-08-07T114853-930_jpg.rf.Ha16djo7mvJeGCLmsWFb.jpg,1,259,289,"(254, 279, 10, 20)",200,0.5322,0.3037,0.5066,1.0,0.4856,0.5028,0.4205,485.5817
images---2022-08-07T114853-930_jpg.rf.Ha16djo7mvJeGCLmsWFb.jpg,2,242,256,"(233, 241, 18, 31)",558,0.5286,0.3077,0.4912,1.0,0.4902,0.5094,0.6264,490.1505
images---2022-08-07T114853-930_jpg.rf.Ha16djo7mvJeGCLmsWFb.jpg,3,177,182,"(172, 176, 10, 13)",130,0.5315,0.3037,0.5025,1.0,0.4934,0.5022,0.3309,493.4437
images---2022-08-07T114853-961_jpg.rf.iZXVtSKlXEuOOKVBKOpU.jpg,1,158,491,"(153, 480, 10, 22)",220,0.5195,0.3156,0.5075,1.0,0.3141,0.5037,0.4385,314.1023
images---2022-08-07T114853-961_jpg.rf.iZXVtSKlXEuOOKVBKOpU.jpg,2,335,461,"(329, 453, 13, 17)",221,0.6422,0.7308,0.53,1.0,0.0095,0.5019,0.3407,9.5267
images---2022-08-07T114853-961_jpg.rf.iZXVtSKlXEuOOKVBKOpU.jpg,3,451,406,"(426, 379, 50, 55)",2750,0.6151,0.6559,0.5179,1.0,0.0429,0.5228,0.629,42.8551
images---2022-08-07T114853-961_jpg.rf.iZXVtSKlXEuOOKVBKOpU.jpg,4,47,343,"(41, 336, 12, 14)",168,0.4992,0.3197,0.4838,1.0,0.1795,0.5069,0.3702,179.4677
images---2022-08-07T114853-961_jpg.rf.iZXVtSKlXEuOOKVBKOpU.jpg,5,191,375,"(174, 327, 34, 97)",3298,0.5847,0.5485,0.4932,1.0,0.2005,0.5209,0.5195,200.5271
images---2022-08-07T114853-961_jpg.rf.iZXVtSKlXEuOOKVBKOpU.jpg,6,108,324,"(104, 317, 8, 14)",112,0.7036,0.9014,0.5042,1.0,0.1168,0.5052,0.425,116.7767
images---2022-08-07T114853-961_jpg.rf.iZXVtSKlXEuOOKVBKOpU.jpg,7,44,310,"(15, 294, 59, 33)",1947,0.5045,0.3844,0.4606,1.0,0.0875,0.5054,0.431,87.4819
images---2022-08-07T114853-961_jpg.rf.iZXVtSKlXEuOOKVBKOpU.jpg,8,149,346,"(127, 284, 44, 125)",5500,0.5079,0.3127,0.5124,1.0,0.1913,0.5137,0.3987,191.3053
images---2022-08-07T114853-961_jpg.rf.iZXVtSKlXEuOOKVBKOpU.jpg,9,93,295,"(80, 280, 27, 31)",837,0.7174,0.9684,0.4948,1.0,0.053,0.5071,0.4359,53.0319
images---2022-08-07T114853-961_jpg.rf.iZXVtSKlXEuOOKVBKOpU.jpg,10,377,245,"(369, 228, 17, 34)",578,0.4851,0.2985,0.4744,1.0,0.1458,0.5137,0.4235,145.7622
images---2022-08-07T114853-961_jpg.rf.iZXVtSKlXEuOOKVBKOpU.jpg,11,399,221,"(394, 215, 10, 12)",120,0.4905,0.3127,0.4788,1.0,0.1351,0.506,0.411,135.074
images---2022-08-07T114853-961_jpg.rf.iZXVtSKlXEuOOKVBKOpU.jpg,12,199,213,"(195, 206, 9, 15)",135,0.646,0.8749,0.5236,0.6349,0.2957,0.5104,0.127,295.6991
images---2022-08-07T114853-961_jpg.rf.iZXVtSKlXEuOOKVBKOpU.jpg,13,412,188,"(401, 168, 22, 41)",902,0.4664,0.3156,0.4306,1.0,0.0525,0.5072,0.3319,52.5378
images---2022-08-07T114853-961_jpg.rf.iZXVtSKlXEuOOKVBKOpU.jpg,14,246,152,"(241, 140, 11, 24)",264,0.519,0.2841,0.5531,1.0,0.2596,0.5112,0.663,259.6122
images---2022-08-07T114854-111_jpg.rf.oU3gutPSbC4yNA8eXNPw.jpg,1,225,460,"(214, 456, 22, 8)",176,0.6015,0.3929,0.491,1.0,0.9212,0.5106,0.3941,921.2203
images---2022-08-07T114854-333_jpg.rf.ehvcysFHP2JTi4xM7Qco.jpg,1,245,169,"(219, 78, 52, 182)",9464,0.5065,0.3037,0.4903,1.0,0.2863,0.5147,0.654,286.2627
images---2022-08-07T114854-364_jpg.rf.Ag2qEJIs23PJxoFgKLl3.jpg,1,404,271,"(385, 252, 39, 38)",1482,0.5942,0.6503,0.4678,1.0,0.029,0.5125,0.7325,29.0485
images---2022-08-07T114854-430_jpg.rf.iNJ9A2RnYsWz3nR2KnJW.jpg,1,79,474,"(68, 468, 22, 13)",286,0.5133,0.3016,0.512,1.0,0.2853,0.5085,0.74,285.2953
images---2022-08-07T114854-430_jpg.rf.iNJ9A2RnYsWz3nR2KnJW.jpg,2,131,454,"(125, 447, 13, 14)",182,0.5176,0.3025,0.5362,1.0,0.2404,0.5033,0.8631,240.3607
images---2022-08-07T114854-430_jpg.rf.iNJ9A2RnYsWz3nR2KnJW.jpg,3,160,419,"(128, 406, 64, 27)",1728,0.5092,0.3061,0.4935,1.0,0.2934,0.5052,0.6913,293.3743
images---2022-08-07T114854-430_jpg.rf.iNJ9A2RnYsWz3nR2KnJW.jpg,4,158,368,"(154, 361, 9, 14)",126,0.5751,0.3077,0.4903,1.0,0.9576,0.5039,0.5201,957.5786
images---2022-08-07T114854-430_jpg.rf.iNJ9A2RnYsWz3nR2KnJW.jpg,5,463,362,"(455, 348, 16, 28)",448,0.4548,0.0271,0.48,1.0,0.7724,0.5043,0.6036,772.445
images---2022-08-07T114854-430_jpg.rf.iNJ9A2RnYsWz3nR2KnJW.jpg,6,219,360,"(212, 345, 15, 30)",450,0.5317,0.3037,0.5032,1.0,0.4932,0.5109,0.5661,493.1551
images---2022-08-07T114854-430_jpg.rf.iNJ9A2RnYsWz3nR2KnJW.jpg,7,173,325,"(170, 318, 7, 14)",98,0.4574,0.0278,0.4902,1.0,0.7607,0.5036,0.6478,760.7436
images---2022-08-07T114854-430_jpg.rf.iNJ9A2RnYsWz3nR2KnJW.jpg,8,281,304,"(268, 271, 27, 67)",1809,0.5066,0.3127,0.4808,1.0,0.2886,0.5134,0.7111,288.6316
images---2022-08-07T114854-430_jpg.rf.iNJ9A2RnYsWz3nR2KnJW.jpg,9,248,155,"(239, 149, 18, 13)",234,0.5148,0.2931,0.4949,1.0,0.39,0.5122,0.556,390.0012
images---2022-08-07T114854-430_jpg.rf.iNJ9A2RnYsWz3nR2KnJW.jpg,10,287,137,"(277, 113, 20, 48)",960,0.5006,0.3037,0.4704,1.0,0.2967,0.5052,0.5161,296.7186
images---2022-08-07T114854-430_jpg.rf.iNJ9A2RnYsWz3nR2KnJW.jpg,11,224,111,"(220, 99, 9, 24)",216,0.5002,0.3037,0.4937,1.0,0.211,0.5057,0.3823,210.9825
images---2022-08-07T114854-430_jpg.rf.iNJ9A2RnYsWz3nR2KnJW.jpg,12,147,119,"(129, 87, 37, 64)",2368,0.5125,0.2934,0.498,1.0,0.3554,0.5177,0.7151,355.4188
images---2022-08-07T114854-430_jpg.rf.iNJ9A2RnYsWz3nR2KnJW.jpg,13,13,55,"(9, 41, 9, 28)",252,0.5595,0.5284,0.4923,1.0,0.0231,0.4979,0.4571,23.0956
images---2022-08-07T114854-430_jpg.rf.iNJ9A2RnYsWz3nR2KnJW.jpg,14,91,51,"(85, 31, 12, 41)",492,0.5753,0.5174,0.5439,1.0,0.0388,0.5029,0.4921,38.7749
images---2022-08-07T114854-494_jpg.rf.zmnJE76d8ZaDEgIw2kDI.jpg,1,230,443,"(226, 424, 9, 39)",351,0.5946,0.5549,0.5113,1.0,0.2147,0.5034,0.2437,214.7355
images---2022-08-07T114854-494_jpg.rf.zmnJE76d8ZaDEgIw2kDI.jpg,2,432,430,"(426, 418, 12, 24)",288,0.5884,0.5497,0.5111,1.0,0.171,0.4879,0.3461,170.9765
images---2022-08-07T114854-494_jpg.rf.zmnJE76d8ZaDEgIw2kDI.jpg,3,143,107,"(135, 86, 17, 43)",731,0.4809,0.2985,0.4943,1.0,0.0342,0.4935,0.4295,34.155
images---2022-08-07T114854-741_jpg.rf.KGHJk9f6UFc1VDebwAMF.jpg,1,55,457,"(30, 437, 51, 41)",2091,0.6939,0.9568,0.4677,0.9075,0.1382,0.5063,0.1815,138.1562
images---2022-08-07T114854-741_jpg.rf.KGHJk9f6UFc1VDebwAMF.jpg,2,29,429,"(21, 421, 16, 16)",256,0.7305,0.9684,0.5004,1.0,0.1638,0.5065,0.6199,163.7728
images---2022-08-07T114854-741_jpg.rf.KGHJk9f6UFc1VDebwAMF.jpg,3,199,404,"(193, 394, 12, 20)",240,0.5736,0.535,0.5178,1.0,0.0516,0.5006,0.2956,51.65
images---2022-08-07T114854-741_jpg.rf.KGHJk9f6UFc1VDebwAMF.jpg,4,205,277,"(162, 177, 86, 201)",17286,0.4892,0.3127,0.4857,1.0,0.097,0.5158,0.4388,97.0106
images---2022-08-07T114854-741_jpg.rf.KGHJk9f6UFc1VDebwAMF.jpg,5,224,152,"(219, 144, 10, 16)",160,0.4807,0.2841,0.4967,1.0,0.0744,0.5022,0.2955,74.3645
images---2022-08-07T114854-861_jpg.rf.g3qX9RdmVC3CgFTFym8z.jpg,1,63,414,"(49, 408, 28, 13)",364,0.7503,0.9684,0.5048,1.0,0.3468,0.5026,0.483,346.771
images---2022-08-07T114854-861_jpg.rf.g3qX9RdmVC3CgFTFym8z.jpg,2,214,399,"(202, 391, 25, 16)",400,0.7349,0.9684,0.51,1.0,0.1752,0.5017,0.2577,175.1894
images---2022-08-07T114854-861_jpg.rf.g3qX9RdmVC3CgFTFym8z.jpg,3,197,349,"(190, 343, 14, 13)",182,0.7348,0.9684,0.5052,1.0,0.1904,0.5025,0.6892,190.3902
images---2022-08-07T114854-861_jpg.rf.g3qX9RdmVC3CgFTFym8z.jpg,4,109,343,"(103, 336, 13, 14)",182,0.6583,0.9538,0.4812,0.7385,0.0829,0.4996,0.1477,82.9
images---2022-08-07T114854-861_jpg.rf.g3qX9RdmVC3CgFTFym8z.jpg,5,395,193,"(385, 189, 20, 9)",180,0.6329,0.956,0.4995,0.5804,0.0737,0.5017,0.1161,73.722
images---2022-08-07T114854-861_jpg.rf.g3qX9RdmVC3CgFTFym8z.jpg,6,385,45,"(380, 37, 11, 17)",187,0.7166,0.9616,0.4856,1.0,0.1016,0.5012,0.2519,101.5958
images---2022-08-07T114854-925_jpg.rf.qoMgDDQFWWyLIZFvwhIw.jpg,1,376,212,"(355, 200, 43, 24)",1032,0.5285,0.3037,0.4941,1.0,0.4924,0.5169,0.6207,492.4092
images---2022-08-07T114854-925_jpg.rf.qoMgDDQFWWyLIZFvwhIw.jpg,2,387,167,"(371, 143, 33, 48)",1584,0.5465,0.3037,0.4675,1.0,0.7654,0.5151,0.4563,765.3997
images---2022-08-07T114854-925_jpg.rf.qoMgDDQFWWyLIZFvwhIw.jpg,3,351,163,"(341, 133, 20, 61)",1220,0.4979,0.2985,0.4713,1.0,0.2852,0.5082,0.5163,285.2208
images---2022-08-07T114854-986_jpg.rf.zQhN8ZDotjzr6hnKG7MQ.jpg,1,290,456,"(284, 445, 12, 22)",264,0.7382,1.0,0.4908,1.0,0.1646,0.5086,0.6961,164.5665
images---2022-08-07T114854-986_jpg.rf.zQhN8ZDotjzr6hnKG7MQ.jpg,2,321,68,"(317, 61, 9, 14)",126,0.5028,0.2842,0.577,1.0,0.0141,0.5009,0.9377,14.0866
images---2022-08-07T114854-986_jpg.rf.zQhN8ZDotjzr6hnKG7MQ.jpg,3,159,58,"(152, 40, 14, 37)",518,0.4728,0.2946,0.4835,1.0,0.0043,0.4978,0.9246,4.3176
images---2022-08-07T114854-986_jpg.rf.zQhN8ZDotjzr6hnKG7MQ.jpg,4,252,32,"(237, 11, 31, 42)",1302,0.4908,0.2871,0.5428,1.0,0.0032,0.499,0.9535,3.2406
images---2022-08-07T114854-986_jpg.rf.zQhN8ZDotjzr6hnKG7MQ.jpg,5,129,32,"(113, 10, 32, 44)",1408,0.4886,0.2946,0.5286,1.0,0.0044,0.5025,0.9635,4.3633
images---2022-08-07T114854-986_jpg.rf.zQhN8ZDotjzr6hnKG7MQ.jpg,6,328,4,"(317, 0, 22, 9)",198,0.4926,0.2791,0.5554,1.0,0.0047,0.4962,0.9608,4.6688
images---2022-08-07T114854-986_jpg.rf.zQhN8ZDotjzr6hnKG7MQ.jpg,7,173,9,"(164, 0, 18, 19)",342,0.4939,0.2827,0.5558,1.0,0.0038,0.4981,0.772,3.8494
images---2022-08-07T114854-986_jpg.rf.zQhN8ZDotjzr6hnKG7MQ.jpg,8,48,14,"(26, 0, 44, 28)",1232,0.4931,0.284,0.5523,1.0,0.0039,0.4981,0.7584,3.8682
images---2022-08-07T114855-017_jpg.rf.x37wRrWpmH9Y2JrMjhlf.jpg,1,168,446,"(153, 430, 31, 32)",992,0.6536,0.6227,0.5308,1.0,0.4986,0.5015,0.343,498.6245
images---2022-08-07T114855-047_jpg.rf.AnhspzLGJlNqUPh22x5r.jpg,1,222,108,"(172, 70, 101, 76)",7676,0.4727,0.2985,0.4552,1.0,0.0894,0.5152,0.5254,89.4379
images---2022-08-07T114855-077_jpg.rf.vErkv86eyWLcOeBwPSvf.jpg,1,214,288,"(200, 276, 29, 25)",725,0.4658,0.0271,0.5016,1.0,0.8075,0.5099,0.4463,807.4515
images---2022-08-07T114855-077_jpg.rf.vErkv86eyWLcOeBwPSvf.jpg,2,184,251,"(165, 234, 38, 34)",1292,0.4789,0.0271,0.4938,1.0,0.9653,0.5026,0.4513,965.2978
images---2022-08-07T114855-266_jpg.rf.kG5XT6W16bn5arsKF8kW.jpg,1,44,31,"(34, 21, 21, 20)",420,0.502,0.3552,0.5056,1.0,0.0076,0.5111,0.5597,7.5643
images---2022-08-07T114855-266_jpg.rf.kG5XT6W16bn5arsKF8kW.jpg,2,8,23,"(0, 0, 16, 46)",736,0.4904,0.2943,0.5312,1.0,0.0151,0.5128,0.8068,15.1011
images---2022-08-07T114855-296_jpg.rf.N6hSI3nEFCyiyD258jip.jpg,1,445,321,"(379, 263, 133, 116)",15428,0.5317,0.3127,0.4907,1.0,0.5046,0.5145,0.6971,504.5652
images---2022-08-07T114855-296_jpg.rf.N6hSI3nEFCyiyD258jip.jpg,2,166,310,"(95, 256, 142, 108)",15336,0.5415,0.3127,0.4923,1.0,0.5977,0.5264,0.672,597.6702
images---2022-08-07T114855-296_jpg.rf.N6hSI3nEFCyiyD258jip.jpg,3,431,240,"(421, 231, 20, 18)",360,0.4503,0.0219,0.4969,1.0,0.6871,0.4988,0.6417,687.0604
images---2022-08-07T114855-296_jpg.rf.N6hSI3nEFCyiyD258jip.jpg,4,480,223,"(448, 198, 64, 51)",3264,0.5504,0.3037,0.4556,1.0,0.8467,0.5051,0.4408,846.6665
images---2022-08-07T114855-296_jpg.rf.N6hSI3nEFCyiyD258jip.jpg,5,421,210,"(408, 189, 27, 43)",1161,0.5082,0.3127,0.4987,1.0,0.2418,0.5052,0.5198,241.8267
images---2022-08-07T114855-296_jpg.rf.N6hSI3nEFCyiyD258jip.jpg,6,345,175,"(339, 170, 12, 11)",132,0.4802,0.0271,0.5098,1.0,0.9224,0.4979,0.288,922.3531
images---2022-08-07T114855-296_jpg.rf.N6hSI3nEFCyiyD258jip.jpg,7,474,177,"(443, 162, 63, 30)",1890,0.508,0.3127,0.5014,1.0,0.231,0.5249,0.5975,230.954
images---2022-08-07T114855-296_jpg.rf.N6hSI3nEFCyiyD258jip.jpg,8,253,181,"(225, 156, 57, 50)",2850,0.541,0.3179,0.4954,1.0,0.5631,0.5174,0.6071,563.1334
images---2022-08-07T114855-296_jpg.rf.N6hSI3nEFCyiyD258jip.jpg,9,18,152,"(0, 121, 37, 62)",2294,0.5149,0.384,0.4813,1.0,0.1205,0.4937,0.6018,120.5135
images---2022-08-07T114855-296_jpg.rf.N6hSI3nEFCyiyD258jip.jpg,10,362,118,"(337, 98, 51, 40)",2040,0.507,0.3127,0.4998,1.0,0.2266,0.5133,0.765,226.5931
images---2022-08-07T114855-296_jpg.rf.N6hSI3nEFCyiyD258jip.jpg,11,304,103,"(292, 83, 25, 40)",1000,0.5181,0.3127,0.5027,1.0,0.3273,0.4985,0.3695,327.2588
images---2022-08-07T114855-296_jpg.rf.N6hSI3nEFCyiyD258jip.jpg,12,332,58,"(324, 52, 16, 12)",192,0.5268,0.3755,0.4867,1.0,0.2503,0.5035,0.4568,250.3298
images---2022-08-07T114855-365_jpg.rf.53GHGrvBrPG1Way44PlZ.jpg,1,447,500,"(409, 489, 77, 23)",1771,0.718,0.9549,0.5206,1.0,0.0162,0.5043,0.8938,16.1729
images---2022-08-07T114855-365_jpg.rf.53GHGrvBrPG1Way44PlZ.jpg,2,441,404,"(412, 376, 58, 57)",3306,0.7188,0.9684,0.4991,1.0,0.0519,0.4907,0.7954,51.9439
images---2022-08-07T114855-396_jpg.rf.AmlYHBpaFWxwrwfeeLaW.jpg,1,105,497,"(96, 491, 19, 12)",228,0.5246,0.9314,0.5386,0.0,0.1006,0.4852,0.0,100.5694
images---2022-08-07T114855-396_jpg.rf.AmlYHBpaFWxwrwfeeLaW.jpg,2,90,409,"(85, 404, 10, 11)",110,0.519,0.9314,0.5423,0.0,0.032,0.4826,0.0,32.0319
images---2022-08-07T114855-396_jpg.rf.AmlYHBpaFWxwrwfeeLaW.jpg,3,168,388,"(152, 363, 33, 51)",1683,0.5558,0.3868,0.5033,1.0,0.4428,0.5313,0.3908,442.766
images---2022-08-07T114855-396_jpg.rf.AmlYHBpaFWxwrwfeeLaW.jpg,4,283,364,"(277, 360, 12, 9)",108,0.6863,0.6786,0.5048,1.0,0.7206,0.4994,0.3532,720.5665
images---2022-08-07T114855-396_jpg.rf.AmlYHBpaFWxwrwfeeLaW.jpg,5,159,353,"(143, 331, 33, 44)",1452,0.6995,0.725,0.5055,1.0,0.6888,0.5271,0.3591,688.8168
images---2022-08-07T114855-396_jpg.rf.AmlYHBpaFWxwrwfeeLaW.jpg,6,394,325,"(383, 319, 22, 12)",264,0.5366,0.9314,0.545,0.0,0.1982,0.4984,0.0,198.1909
images---2022-08-07T114855-396_jpg.rf.AmlYHBpaFWxwrwfeeLaW.jpg,7,76,285,"(70, 277, 13, 17)",221,0.7633,0.9661,0.4927,1.0,0.5276,0.4974,0.3159,527.5712
images---2022-08-07T114855-396_jpg.rf.AmlYHBpaFWxwrwfeeLaW.jpg,8,320,136,"(314, 130, 13, 13)",169,0.6666,0.6779,0.4855,1.0,0.5935,0.5054,0.4784,593.525
images---2022-08-07T114855-396_jpg.rf.AmlYHBpaFWxwrwfeeLaW.jpg,9,363,98,"(350, 85, 27, 27)",729,0.7538,0.9659,0.4807,1.0,0.4752,0.5096,0.2446,475.157
images---2022-08-07T114855-427_jpg.rf.u4Dbq9nTwqCUj7DNilxI.jpg,1,146,475,"(142, 468, 9, 14)",126,0.7005,0.6641,0.5068,1.0,0.9068,0.5094,0.3773,906.8274
images---2022-08-07T114855-427_jpg.rf.u4Dbq9nTwqCUj7DNilxI.jpg,2,108,475,"(96, 461, 25, 28)",700,0.5524,0.3037,0.4725,1.0,0.8076,0.5045,0.6392,807.6052
images---2022-08-07T114855-427_jpg.rf.u4Dbq9nTwqCUj7DNilxI.jpg,3,125,454,"(117, 446, 16, 17)",272,0.5156,0.2919,0.4739,1.0,0.4754,0.5104,0.8017,475.3867
images---2022-08-07T114855-427_jpg.rf.u4Dbq9nTwqCUj7DNilxI.jpg,4,342,376,"(337, 369, 11, 15)",165,0.5832,0.3186,0.4906,1.0,1.0,0.5001,0.4686,1043.1715
images---2022-08-07T114855-427_jpg.rf.u4Dbq9nTwqCUj7DNilxI.jpg,5,95,300,"(84, 289, 22, 23)",506,0.7638,0.9544,0.5181,0.9958,0.4923,0.5017,0.1992,492.3454
images---2022-08-07T114855-427_jpg.rf.u4Dbq9nTwqCUj7DNilxI.jpg,6,106,260,"(98, 253, 16, 14)",224,0.7579,0.8942,0.5274,1.0,0.6029,0.5162,0.3956,602.8814
images---2022-08-07T114855-427_jpg.rf.u4Dbq9nTwqCUj7DNilxI.jpg,7,420,316,"(403, 246, 35, 140)",4900,0.5072,0.3134,0.5025,1.0,0.2165,0.5071,0.4479,216.5063
images---2022-08-07T114855-427_jpg.rf.u4Dbq9nTwqCUj7DNilxI.jpg,8,139,250,"(121, 223, 37, 55)",2035,0.5384,0.3179,0.4752,1.0,0.6082,0.5039,0.3546,608.2038
images---2022-08-07T114855-427_jpg.rf.u4Dbq9nTwqCUj7DNilxI.jpg,9,289,173,"(283, 167, 13, 12)",156,0.5806,0.3179,0.4837,1.0,1.0,0.5175,0.2683,1223.2149
images---2022-08-07T114855-427_jpg.rf.u4Dbq9nTwqCUj7DNilxI.jpg,10,94,174,"(86, 156, 17, 36)",612,0.4971,0.2985,0.4769,1.0,0.2568,0.5075,0.4885,256.845
images---2022-08-07T114855-427_jpg.rf.u4Dbq9nTwqCUj7DNilxI.jpg,11,304,158,"(294, 153, 21, 10)",210,0.6063,0.3868,0.4883,1.0,1.0,0.5017,0.438,1114.4775
images---2022-08-07T114855-427_jpg.rf.u4Dbq9nTwqCUj7DNilxI.jpg,12,359,169,"(350, 147, 18, 44)",792,0.5823,0.3179,0.4936,1.0,0.983,0.5088,0.3762,983.0321
images---2022-08-07T114855-427_jpg.rf.u4Dbq9nTwqCUj7DNilxI.jpg,13,134,132,"(125, 106, 19, 52)",988,0.506,0.2985,0.4802,1.0,0.3351,0.4995,0.5373,335.0615
images---2022-08-07T114855-427_jpg.rf.u4Dbq9nTwqCUj7DNilxI.jpg,14,323,113,"(309, 95, 29, 37)",1073,0.527,0.3037,0.4892,1.0,0.4949,0.5061,0.6237,494.8838
images---2022-08-07T114855-427_jpg.rf.u4Dbq9nTwqCUj7DNilxI.jpg,15,99,89,"(93, 84, 13, 11)",143,0.6289,0.675,0.4753,1.0,0.2628,0.5055,0.5704,262.8209
images---2022-08-07T114855-427_jpg.rf.u4Dbq9nTwqCUj7DNilxI.jpg,16,261,115,"(240, 75, 43, 80)",3440,0.5109,0.3037,0.4734,1.0,0.389,0.5213,0.4672,388.9506
images---2022-08-07T114855-488_jpg.rf.hFdqVDGVW9Cih6evnHam.jpg,1,91,487,"(85, 480, 13, 14)",182,0.7418,0.9715,0.4924,1.0,0.2947,0.5102,0.2585,294.6902
images---2022-08-07T114855-488_jpg.rf.hFdqVDGVW9Cih6evnHam.jpg,2,46,494,"(29, 476, 34, 36)",1224,0.7188,0.9606,0.5106,1.0,0.039,0.5117,0.7681,38.9605
images---2022-08-07T114855-488_jpg.rf.hFdqVDGVW9Cih6evnHam.jpg,3,119,462,"(113, 447, 12, 30)",360,0.7373,0.9544,0.4971,1.0,0.2926,0.5117,0.3224,292.5909
images---2022-08-07T114855-488_jpg.rf.hFdqVDGVW9Cih6evnHam.jpg,4,155,389,"(150, 384, 11, 10)",110,0.7767,0.9715,0.4806,1.0,0.6849,0.499,0.5494,684.861
images---2022-08-07T114855-488_jpg.rf.hFdqVDGVW9Cih6evnHam.jpg,5,487,366,"(482, 361, 11, 11)",121,0.5531,0.9772,0.5205,0.0,0.2893,0.4977,0.0,289.3367
images---2022-08-07T114855-488_jpg.rf.hFdqVDGVW9Cih6evnHam.jpg,6,195,375,"(186, 360, 18, 30)",540,0.7066,0.8833,0.5288,1.0,0.1238,0.5195,0.6,123.8372
images---2022-08-07T114855-488_jpg.rf.hFdqVDGVW9Cih6evnHam.jpg,7,223,392,"(206, 336, 35, 113)",3955,0.7509,0.9544,0.488,1.0,0.4611,0.5135,0.4778,461.1226
images---2022-08-07T114855-488_jpg.rf.hFdqVDGVW9Cih6evnHam.jpg,8,377,378,"(359, 296, 37, 164)",6068,0.7442,0.9544,0.4858,1.0,0.4012,0.5223,0.2037,401.182
images---2022-08-07T114855-488_jpg.rf.hFdqVDGVW9Cih6evnHam.jpg,9,180,147,"(175, 142, 11, 11)",121,0.726,0.9538,0.5325,1.0,0.0575,0.4998,0.8677,57.4744
images---2022-08-07T114855-488_jpg.rf.hFdqVDGVW9Cih6evnHam.jpg,10,189,125,"(182, 118, 15, 15)",225,0.7276,0.9656,0.5095,1.0,0.1131,0.5047,0.7517,113.0739
images---2022-08-07T114855-488_jpg.rf.hFdqVDGVW9Cih6evnHam.jpg,11,439,61,"(433, 54, 13, 15)",195,0.7216,0.9538,0.5217,1.0,0.0515,0.4995,0.4963,51.5164
images---2022-08-07T114855-488_jpg.rf.hFdqVDGVW9Cih6evnHam.jpg,12,350,56,"(340, 47, 21, 18)",378,0.7316,0.9444,0.4586,1.0,0.4054,0.506,0.696,405.364
images---2022-08-07T114855-488_jpg.rf.hFdqVDGVW9Cih6evnHam.jpg,13,442,36,"(436, 30, 12, 12)",144,0.7277,0.9538,0.5445,1.0,0.0332,0.5003,0.8958,33.2396
images---2022-08-07T114855-488_jpg.rf.hFdqVDGVW9Cih6evnHam.jpg,14,309,32,"(273, 6, 72, 53)",3816,0.7354,0.9627,0.5003,1.0,0.233,0.5117,0.2172,233.033
images---2022-08-07T114855-488_jpg.rf.hFdqVDGVW9Cih6evnHam.jpg,15,402,33,"(386, 0, 32, 67)",2144,0.6993,0.9499,0.4598,1.0,0.0587,0.506,0.797,58.6682
images---2022-08-07T114855-782_jpg.rf.6jhYBAgCtxvNQoSWG0tr.jpg,1,271,378,"(232, 312, 78, 133)",10374,0.5177,0.3179,0.451,1.0,0.4856,0.534,0.4745,485.5677
images---2022-08-07T114855-782_jpg.rf.6jhYBAgCtxvNQoSWG0tr.jpg,2,141,353,"(102, 301, 79, 104)",8216,0.5297,0.3179,0.4755,1.0,0.5199,0.5256,0.5336,519.942
images---2022-08-07T114855-782_jpg.rf.6jhYBAgCtxvNQoSWG0tr.jpg,3,424,125,"(412, 117, 25, 17)",425,0.5134,0.2985,0.5081,1.0,0.3105,0.5128,0.6132,310.5055
images---2022-08-07T114855-782_jpg.rf.6jhYBAgCtxvNQoSWG0tr.jpg,4,350,46,"(345, 39, 10, 14)",140,0.5368,0.3037,0.541,1.0,0.4121,0.5035,0.4668,412.1211
images---2022-08-07T114855-782_jpg.rf.6jhYBAgCtxvNQoSWG0tr.jpg,5,375,77,"(348, 27, 55, 100)",5500,0.5146,0.3061,0.5013,1.0,0.3206,0.5277,0.583,320.554
images---2022-08-07T114855-866_jpg.rf.3vS6OnpEP38ApkdMUJv8.jpg,1,139,459,"(128, 446, 22, 26)",572,0.4529,0.0197,0.4866,1.0,0.7573,0.508,0.3553,757.2764
images---2022-08-07T114855-866_jpg.rf.3vS6OnpEP38ApkdMUJv8.jpg,2,295,237,"(289, 232, 12, 11)",132,0.5355,0.3037,0.498,1.0,0.549,0.5053,0.2754,548.9884
images---2022-08-07T114855-866_jpg.rf.3vS6OnpEP38ApkdMUJv8.jpg,3,282,227,"(277, 222, 11, 11)",121,0.5593,0.3113,0.5098,1.0,0.7188,0.5055,0.2457,718.7842
images---2022-08-07T114855-866_jpg.rf.3vS6OnpEP38ApkdMUJv8.jpg,4,157,231,"(146, 220, 22, 23)",506,0.5723,0.3179,0.4877,1.0,0.9035,0.505,0.2622,903.5378
images---2022-08-07T114855-866_jpg.rf.3vS6OnpEP38ApkdMUJv8.jpg,5,310,215,"(303, 205, 14, 21)",294,0.5833,0.3037,0.5056,1.0,1.0,0.5117,0.3625,1186.8246
images---2022-08-07T114855-866_jpg.rf.3vS6OnpEP38ApkdMUJv8.jpg,6,291,194,"(287, 187, 8, 14)",112,0.5468,0.3037,0.4569,1.0,0.8056,0.4962,0.2635,805.583
images---2022-08-07T114855-866_jpg.rf.3vS6OnpEP38ApkdMUJv8.jpg,7,348,220,"(322, 176, 53, 88)",4664,0.5411,0.3113,0.4812,1.0,0.6372,0.5179,0.4251,637.1906
images---2022-08-07T114855-935_jpg.rf.uT4V6QmQ0r5v4bDbFmKa.jpg,1,61,207,"(11, 148, 100, 118)",11800,0.5388,0.3179,0.4718,1.0,0.6243,0.5247,0.4973,624.2659
images---2022-08-07T114856-150_jpg.rf.FLGgemYBQNB9B8YnCkX6.jpg,1,508,125,"(505, 117, 7, 17)",119,0.7041,0.9499,0.4838,1.0,0.023,0.4975,1.0,22.9779
images---2022-08-07T114856-150_jpg.rf.FLGgemYBQNB9B8YnCkX6.jpg,2,312,58,"(292, 42, 41, 32)",1312,0.5787,0.541,0.4982,1.0,0.1497,0.5117,0.72,149.6522
images---2022-08-07T114856-150_jpg.rf.FLGgemYBQNB9B8YnCkX6.jpg,3,374,22,"(349, 0, 51, 45)",2295,0.481,0.3127,0.4824,1.0,0.0271,0.514,0.4818,27.143
images---2022-08-07T114856-457_jpg.rf.Iqaq1yzV4HMSj4JVshfQ.jpg,1,322,373,"(295, 354, 55, 39)",2145,0.4996,0.2918,0.5241,1.0,0.1404,0.5204,0.3404,140.4315
images---2022-08-07T114856-457_jpg.rf.Iqaq1yzV4HMSj4JVshfQ.jpg,2,239,283,"(236, 275, 7, 16)",112,0.7381,0.9544,0.5025,1.0,0.282,0.5099,0.391,281.9662
images---2022-08-07T114856-521_jpg.rf.2DDuoKKiN6zWGUFw9SRN.jpg,1,156,329,"(151, 323, 10, 12)",120,0.6312,0.7006,0.5273,1.0,0.014,0.5147,0.6345,13.9838
images---2022-08-07T114856-521_jpg.rf.2DDuoKKiN6zWGUFw9SRN.jpg,2,229,330,"(220, 316, 19, 29)",551,0.5465,0.3179,0.5273,1.0,0.5062,0.5322,0.7978,506.2187
images---2022-08-07T114856-521_jpg.rf.2DDuoKKiN6zWGUFw9SRN.jpg,3,147,340,"(98, 274, 98, 132)",12936,0.4799,0.3036,0.4768,1.0,0.0679,0.5313,0.6676,67.8558
images---2022-08-07T114856-521_jpg.rf.2DDuoKKiN6zWGUFw9SRN.jpg,4,381,129,"(373, 121, 16, 16)",256,0.6089,0.3868,0.4957,1.0,1.0,0.5177,0.4171,1848.8205
images---2022-08-07T114856-521_jpg.rf.2DDuoKKiN6zWGUFw9SRN.jpg,5,364,95,"(360, 89, 9, 13)",117,0.5867,0.3113,0.5077,1.0,1.0,0.5189,0.3486,1674.3577
images---2022-08-07T114856-615_jpg.rf.pV6Tt8fo2lZyr1s2UNY8.jpg,1,502,66,"(492, 59, 20, 15)",300,0.6174,0.6743,0.4752,1.0,0.1503,0.5045,0.7407,150.2881
images---2022-08-07T114856-615_jpg.rf.pV6Tt8fo2lZyr1s2UNY8.jpg,2,67,55,"(60, 43, 15, 24)",360,0.4765,0.2841,0.4908,1.0,0.0521,0.5072,0.4537,52.1146
images---2022-08-07T114856-615_jpg.rf.pV6Tt8fo2lZyr1s2UNY8.jpg,3,492,28,"(478, 0, 28, 56)",1568,0.66,0.7328,0.4964,1.0,0.2974,0.5097,0.6476,297.412
images---2022-08-07T114856-708_jpg.rf.ES9XkYrx3mcGKTyDO2dd.jpg,1,271,263,"(247, 253, 49, 20)",980,0.4571,0.2791,0.4511,1.0,0.0151,0.5093,0.979,15.0536
images---2022-08-07T114856-708_jpg.rf.ES9XkYrx3mcGKTyDO2dd.jpg,2,235,250,"(229, 247, 12, 7)",84,0.478,0.2827,0.5012,1.0,0.0359,0.5106,0.7873,35.9104
images---2022-08-07T114856-708_jpg.rf.ES9XkYrx3mcGKTyDO2dd.jpg,3,190,120,"(168, 86, 45, 68)",3060,0.4648,0.2825,0.468,1.0,0.021,0.5158,0.7697,20.9945
images---2022-08-07T114856-811_jpg.rf.DLdwYXmWFELnsisc58qd.jpg,1,352,409,"(315, 402, 74, 15)",1110,0.5336,0.2971,0.4977,1.0,0.5546,0.5238,0.3501,554.5857
images---2022-08-07T114856-811_jpg.rf.DLdwYXmWFELnsisc58qd.jpg,2,428,388,"(410, 383, 37, 11)",407,0.5516,0.2985,0.5012,1.0,0.7168,0.5195,0.2955,716.8386
images---2022-08-07T114856-811_jpg.rf.DLdwYXmWFELnsisc58qd.jpg,3,347,326,"(325, 310, 45, 32)",1440,0.5246,0.2985,0.4996,1.0,0.4532,0.5271,0.2293,453.2177
images---2022-08-07T114856-811_jpg.rf.DLdwYXmWFELnsisc58qd.jpg,4,302,297,"(293, 289, 19, 17)",323,0.5251,0.3037,0.4856,1.0,0.4887,0.5275,0.3537,488.7063
images---2022-08-07T114856-811_jpg.rf.DLdwYXmWFELnsisc58qd.jpg,5,381,295,"(348, 280, 67, 31)",2077,0.5251,0.2894,0.517,1.0,0.4284,0.53,0.2243,428.4039
images---2022-08-07T114856-811_jpg.rf.DLdwYXmWFELnsisc58qd.jpg,6,180,280,"(175, 272, 11, 16)",176,0.4831,0.2842,0.5127,1.0,0.0423,0.507,0.8012,42.2715
images---2022-08-07T114856-811_jpg.rf.DLdwYXmWFELnsisc58qd.jpg,7,362,241,"(324, 224, 77, 34)",2618,0.5307,0.2944,0.5038,1.0,0.513,0.5267,0.2631,512.9549
images---2022-08-07T114856-811_jpg.rf.DLdwYXmWFELnsisc58qd.jpg,8,367,210,"(341, 192, 53, 37)",1961,0.5162,0.2944,0.4832,1.0,0.4402,0.5301,0.2612,440.2144
images---2022-08-07T114856-811_jpg.rf.DLdwYXmWFELnsisc58qd.jpg,9,432,176,"(415, 163, 34, 27)",918,0.5517,0.3037,0.4898,1.0,0.74,0.5292,0.2542,740.0077
images---2022-08-07T114856-811_jpg.rf.DLdwYXmWFELnsisc58qd.jpg,10,229,174,"(208, 157, 43, 34)",1462,0.524,0.3037,0.5052,1.0,0.4086,0.5302,0.2383,408.5828
images---2022-08-07T114856-811_jpg.rf.DLdwYXmWFELnsisc58qd.jpg,11,152,114,"(137, 103, 30, 22)",660,0.4954,0.2894,0.5206,1.0,0.1187,0.5061,0.7276,118.7367
images---2022-08-07T114856-811_jpg.rf.DLdwYXmWFELnsisc58qd.jpg,12,334,127,"(296, 99, 76, 57)",4332,0.5157,0.2894,0.4911,1.0,0.4248,0.5202,0.2699,424.8138
images---2022-08-07T114856-811_jpg.rf.DLdwYXmWFELnsisc58qd.jpg,13,188,123,"(170, 85, 37, 76)",2812,0.4962,0.2925,0.5057,1.0,0.1676,0.5104,0.8133,167.5678
images---2022-08-07T114856-811_jpg.rf.DLdwYXmWFELnsisc58qd.jpg,14,98,116,"(86, 73, 24, 87)",2088,0.479,0.2856,0.4913,1.0,0.0706,0.5053,0.8019,70.6306
images---2022-08-07T114856-843_jpg.rf.Svce8jyLVB5H9H1rbDJB.jpg,1,18,479,"(0, 446, 36, 66)",2376,0.754,0.9715,0.4982,1.0,0.3958,0.5049,0.547,395.8055
images---2022-08-07T114856-843_jpg.rf.Svce8jyLVB5H9H1rbDJB.jpg,2,237,449,"(232, 443, 11, 12)",132,0.5501,0.9512,0.5105,0.0,0.3853,0.5032,0.0,385.2932
images---2022-08-07T114856-843_jpg.rf.Svce8jyLVB5H9H1rbDJB.jpg,3,218,349,"(212, 342, 12, 15)",180,0.557,0.3179,0.4853,1.0,0.7585,0.5121,0.2809,758.5288
images---2022-08-07T114856-843_jpg.rf.Svce8jyLVB5H9H1rbDJB.jpg,4,10,339,"(0, 312, 21, 54)",1134,0.6844,0.7387,0.4959,1.0,0.5231,0.5116,0.4007,523.0821
images---2022-08-07T114856-843_jpg.rf.Svce8jyLVB5H9H1rbDJB.jpg,5,267,262,"(262, 257, 10, 10)",100,0.5338,0.3179,0.4724,0.8058,0.9606,0.5145,0.1612,960.5892
images---2022-08-07T114856-843_jpg.rf.Svce8jyLVB5H9H1rbDJB.jpg,6,227,187,"(208, 168, 38, 39)",1482,0.729,0.9656,0.4833,1.0,0.2191,0.5016,0.4,219.1489
images---2022-08-07T114856-843_jpg.rf.Svce8jyLVB5H9H1rbDJB.jpg,7,151,116,"(145, 104, 13, 25)",325,0.6793,0.7387,0.4636,1.0,0.5851,0.515,0.5773,585.1029
images---2022-08-07T114856-843_jpg.rf.Svce8jyLVB5H9H1rbDJB.jpg,8,484,106,"(457, 86, 55, 40)",2200,0.7192,0.9684,0.4813,1.0,0.1181,0.5255,0.2418,118.0586
images---2022-08-07T114856-843_jpg.rf.Svce8jyLVB5H9H1rbDJB.jpg,9,414,93,"(404, 82, 21, 23)",483,0.7696,0.9715,0.4691,1.0,0.6543,0.5226,0.2026,654.2884
images---2022-08-07T114856-909_jpg.rf.t6xM2ok5cUlWqifsptzY.jpg,1,204,483,"(182, 465, 45, 36)",1620,0.5174,0.3127,0.4836,1.0,0.387,0.5064,0.4576,386.9615
images---2022-08-07T114856-909_jpg.rf.t6xM2ok5cUlWqifsptzY.jpg,2,439,370,"(426, 364, 27, 13)",351,0.5571,0.5192,0.5151,0.959,0.0336,0.5018,0.1918,33.6127
images---2022-08-07T114856-909_jpg.rf.t6xM2ok5cUlWqifsptzY.jpg,3,123,236,"(114, 229, 18, 15)",270,0.5462,0.3127,0.4955,1.0,0.6335,0.5027,0.379,633.4688
images---2022-08-07T114856-909_jpg.rf.t6xM2ok5cUlWqifsptzY.jpg,4,85,194,"(62, 173, 46, 42)",1932,0.5146,0.3127,0.4755,1.0,0.3874,0.5148,0.3094,387.3939
images---2022-08-07T114856-909_jpg.rf.t6xM2ok5cUlWqifsptzY.jpg,5,173,172,"(160, 167, 26, 11)",286,0.568,0.3179,0.5031,1.0,0.8067,0.517,0.5149,806.6681
images---2022-08-07T114856-909_jpg.rf.t6xM2ok5cUlWqifsptzY.jpg,6,122,169,"(88, 163, 69, 12)",828,0.5566,0.3816,0.4831,1.0,0.5393,0.5103,0.4455,539.3102
images---2022-08-07T114856-909_jpg.rf.t6xM2ok5cUlWqifsptzY.jpg,7,245,182,"(227, 140, 36, 84)",3024,0.521,0.3179,0.4592,1.0,0.4896,0.5175,0.5419,489.5968
images---2022-08-07T114856-909_jpg.rf.t6xM2ok5cUlWqifsptzY.jpg,8,32,110,"(0, 58, 65, 104)",6760,0.4942,0.3127,0.4876,1.0,0.1407,0.5171,0.5629,140.7208
images---2022-08-07T114856-909_jpg.rf.t6xM2ok5cUlWqifsptzY.jpg,9,353,46,"(348, 40, 10, 13)",130,0.5799,0.3186,0.4998,1.0,0.9351,0.4967,0.2527,935.0957
images---2022-08-07T114856-909_jpg.rf.t6xM2ok5cUlWqifsptzY.jpg,10,57,30,"(42, 0, 31, 60)",1860,0.4981,0.2985,0.4835,1.0,0.2436,0.4897,0.7068,243.5507
images---2022-08-07T114856-943_jpg.rf.O7bJGLuMsln7b2CCNKJQ.jpg,1,248,488,"(228, 475, 40, 26)",1040,0.5307,0.3929,0.4708,1.0,0.2839,0.5113,0.4884,283.9287
images---2022-08-07T114856-943_jpg.rf.O7bJGLuMsln7b2CCNKJQ.jpg,2,142,475,"(135, 469, 15, 13)",195,0.6064,0.5539,0.4985,1.0,0.3802,0.5067,0.6741,380.1616
images---2022-08-07T114856-943_jpg.rf.O7bJGLuMsln7b2CCNKJQ.jpg,3,36,455,"(31, 450, 11, 11)",121,0.5963,0.5539,0.4738,1.0,0.3664,0.5014,0.4121,366.4236
images---2022-08-07T114856-943_jpg.rf.O7bJGLuMsln7b2CCNKJQ.jpg,4,387,453,"(370, 441, 34, 25)",850,0.5387,0.3249,0.5057,1.0,0.4803,0.5067,0.3702,480.2863
images---2022-08-07T114856-943_jpg.rf.O7bJGLuMsln7b2CCNKJQ.jpg,5,10,416,"(1, 405, 19, 23)",437,0.6656,0.5539,0.4907,1.0,1.0,0.5033,0.4385,1029.591
images---2022-08-07T114856-943_jpg.rf.O7bJGLuMsln7b2CCNKJQ.jpg,6,440,379,"(435, 374, 11, 10)",110,0.5301,0.3249,0.4934,1.0,0.4371,0.5041,0.3419,437.1159
images---2022-08-07T114856-943_jpg.rf.O7bJGLuMsln7b2CCNKJQ.jpg,7,146,377,"(137, 367, 18, 21)",378,0.8038,0.9715,0.4822,1.0,0.9503,0.5092,0.5091,950.2847
images---2022-08-07T114856-943_jpg.rf.O7bJGLuMsln7b2CCNKJQ.jpg,8,227,334,"(220, 325, 14, 19)",266,0.6361,0.5539,0.4626,1.0,0.8033,0.4971,0.6402,803.3079
images---2022-08-07T114856-943_jpg.rf.O7bJGLuMsln7b2CCNKJQ.jpg,9,230,302,"(223, 291, 15, 22)",330,0.6837,0.6779,0.4978,1.0,0.7222,0.5008,0.6928,722.2298
images---2022-08-07T114856-943_jpg.rf.O7bJGLuMsln7b2CCNKJQ.jpg,10,341,260,"(331, 249, 21, 22)",462,0.6942,0.6641,0.4978,1.0,0.8748,0.5145,0.5651,874.7781
images---2022-08-07T114856-943_jpg.rf.O7bJGLuMsln7b2CCNKJQ.jpg,11,447,237,"(441, 232, 12, 11)",132,0.6697,0.6779,0.4721,1.0,0.6726,0.5027,0.7609,672.6441
images---2022-08-07T114856-943_jpg.rf.O7bJGLuMsln7b2CCNKJQ.jpg,12,334,166,"(323, 155, 22, 22)",484,0.5517,0.3179,0.5045,1.0,0.6389,0.5227,0.3642,638.9108
images---2022-08-07T114856-943_jpg.rf.O7bJGLuMsln7b2CCNKJQ.jpg,13,445,64,"(405, 0, 81, 128)",10368,0.4924,0.3197,0.4802,1.0,0.1241,0.5106,0.4826,124.0787
images---2022-08-07T114856-977_jpg.rf.y3RX9mhFWxmm2i3lPmUo.jpg,1,492,497,"(473, 482, 39, 30)",1170,0.6242,0.5538,0.5232,1.0,0.4722,0.5211,0.7216,472.2393
images---2022-08-07T114856-977_jpg.rf.y3RX9mhFWxmm2i3lPmUo.jpg,2,82,465,"(70, 433, 25, 64)",1600,0.5189,0.3179,0.4903,1.0,0.3605,0.5093,0.4808,360.4973
images---2022-08-07T114856-977_jpg.rf.y3RX9mhFWxmm2i3lPmUo.jpg,3,5,427,"(0, 417, 10, 20)",200,0.5976,0.3179,0.5397,1.0,0.9745,0.5052,0.5312,974.4944
images---2022-08-07T114856-977_jpg.rf.y3RX9mhFWxmm2i3lPmUo.jpg,4,508,116,"(504, 102, 8, 29)",232,0.5466,0.3179,0.5344,1.0,0.4826,0.5021,0.5401,482.6007
images---2022-08-07T114856-977_jpg.rf.y3RX9mhFWxmm2i3lPmUo.jpg,5,463,109,"(451, 102, 25, 15)",375,0.6004,0.5497,0.4753,1.0,0.4162,0.4966,0.3183,416.1665
images---2022-08-07T114856-977_jpg.rf.y3RX9mhFWxmm2i3lPmUo.jpg,6,99,109,"(91, 102, 16, 15)",240,0.584,0.3179,0.4936,1.0,1.0,0.5103,0.5251,1025.607
images---2022-08-07T114856-977_jpg.rf.y3RX9mhFWxmm2i3lPmUo.jpg,7,57,117,"(33, 91, 48, 52)",2496,0.5691,0.3179,0.5052,1.0,0.8101,0.5055,0.506,810.0682
images---2022-08-07T114857-013_jpg.rf.TfJ2jpBbqSkiphMNcOF9.jpg,1,180,316,"(167, 307, 27, 18)",486,0.651,0.7214,0.4765,1.0,0.3167,0.5054,0.7145,316.7472
images---2022-08-07T114857-013_jpg.rf.TfJ2jpBbqSkiphMNcOF9.jpg,2,205,294,"(197, 286, 16, 16)",256,0.7576,0.9659,0.468,1.0,0.557,0.5103,0.5357,557.0298
images---2022-08-07T114857-047_jpg.rf.QhbBjKanKicPaPqy9QvA.jpg,1,172,142,"(159, 123, 27, 39)",1053,0.5918,0.3868,0.5146,1.0,0.7626,0.5192,0.461,762.6104
images---2022-08-07T114857-047_jpg.rf.QhbBjKanKicPaPqy9QvA.jpg,2,198,96,"(190, 91, 17, 11)",187,0.4946,0.2985,0.4827,1.0,0.2121,0.5097,0.3253,212.1498
images---2022-08-07T114857-047_jpg.rf.QhbBjKanKicPaPqy9QvA.jpg,3,216,92,"(210, 88, 13, 8)",104,0.5011,0.2985,0.495,1.0,0.2337,0.5053,0.272,233.673
images---2022-08-07T114857-047_jpg.rf.QhbBjKanKicPaPqy9QvA.jpg,4,169,80,"(135, 66, 69, 28)",1932,0.4852,0.2985,0.4968,1.0,0.0686,0.5187,0.4802,68.5831
images---2022-08-07T114857-253_jpg.rf.EJftO1GHOj6fm4DsUsEw.jpg,1,423,442,"(416, 425, 14, 34)",476,0.6102,0.6743,0.488,1.0,0.0338,0.4967,0.5844,33.7759
images---2022-08-07T114857-253_jpg.rf.EJftO1GHOj6fm4DsUsEw.jpg,2,254,119,"(229, 59, 50, 120)",6000,0.5096,0.3127,0.4999,1.0,0.252,0.5123,0.4701,252.0431
images---2022-08-07T114857-284_jpg.rf.m4d5aAX4Oe4VtQmOnOKP.jpg,1,221,420,"(215, 413, 12, 14)",168,0.4842,0.3127,0.4823,1.0,0.0592,0.4965,0.8013,59.1587
images---2022-08-07T114857-284_jpg.rf.m4d5aAX4Oe4VtQmOnOKP.jpg,2,403,364,"(397, 348, 12, 33)",396,0.5233,0.2985,0.5741,1.0,0.1788,0.5039,0.35,178.8411
images---2022-08-07T114857-284_jpg.rf.m4d5aAX4Oe4VtQmOnOKP.jpg,3,484,424,"(456, 336, 56, 176)",9856,0.4912,0.3127,0.4931,1.0,0.092,0.5283,0.6156,91.9964
images---2022-08-07T114857-284_jpg.rf.m4d5aAX4Oe4VtQmOnOKP.jpg,4,5,279,"(0, 254, 11, 50)",550,0.5234,0.3179,0.5085,1.0,0.3418,0.506,0.556,341.7627
images---2022-08-07T114857-284_jpg.rf.m4d5aAX4Oe4VtQmOnOKP.jpg,5,494,161,"(476, 111, 36, 101)",3636,0.4914,0.3036,0.5262,1.0,0.0093,0.4929,0.5575,9.3078
images---2022-08-07T114857-350_jpg.rf.xrkzbH6vPU5UVbZ42x67.jpg,1,381,370,"(376, 363, 10, 15)",150,0.7699,0.9448,0.4718,1.0,0.7407,0.5143,0.569,740.7054
images---2022-08-07T114857-350_jpg.rf.xrkzbH6vPU5UVbZ42x67.jpg,2,296,356,"(256, 338, 80, 37)",2960,0.7695,0.9631,0.4936,1.0,0.5961,0.5142,0.7074,596.0571
images---2022-08-07T114857-350_jpg.rf.xrkzbH6vPU5UVbZ42x67.jpg,3,468,345,"(454, 335, 28, 21)",588,0.7646,0.9651,0.5347,1.0,0.3969,0.52,0.5356,396.8718
images---2022-08-07T114857-350_jpg.rf.xrkzbH6vPU5UVbZ42x67.jpg,4,373,242,"(369, 232, 9, 21)",189,0.7283,0.9684,0.4859,1.0,0.1932,0.5074,0.6898,193.1821
images---2022-08-07T114857-350_jpg.rf.xrkzbH6vPU5UVbZ42x67.jpg,5,392,244,"(386, 231, 13, 27)",351,0.7168,0.955,0.4963,1.0,0.0881,0.5157,0.5395,88.1335
images---2022-08-07T114857-350_jpg.rf.xrkzbH6vPU5UVbZ42x67.jpg,6,421,232,"(414, 222, 14, 20)",280,0.7237,0.9684,0.4914,1.0,0.1274,0.5115,0.405,127.3687
images---2022-08-07T114857-382_jpg.rf.pbvMrgj0it5oSNQMiFeV.jpg,1,389,337,"(382, 334, 14, 7)",98,0.506,0.2916,0.4907,1.0,0.3218,0.5021,0.6862,321.8345
images---2022-08-07T114857-382_jpg.rf.pbvMrgj0it5oSNQMiFeV.jpg,2,250,60,"(245, 51, 11, 19)",209,0.5167,0.2985,0.5817,1.0,0.0867,0.496,0.2973,86.7228
images---2022-08-07T114857-453_jpg.rf.BLNY8HnQ1MVDI1hCSG8o.jpg,1,401,508,"(393, 505, 16, 7)",112,0.5348,0.3685,0.5669,1.0,0.0745,0.5043,0.5714,74.493
images---2022-08-07T114857-453_jpg.rf.BLNY8HnQ1MVDI1hCSG8o.jpg,2,305,504,"(299, 496, 12, 16)",192,0.628,0.6621,0.5265,1.0,0.1194,0.5081,0.7879,119.3812
images---2022-08-07T114857-453_jpg.rf.BLNY8HnQ1MVDI1hCSG8o.jpg,3,508,463,"(504, 455, 8, 17)",136,0.5756,0.5221,0.5462,1.0,0.0164,0.503,0.8374,16.4017
images---2022-08-07T114857-453_jpg.rf.BLNY8HnQ1MVDI1hCSG8o.jpg,4,16,425,"(5, 411, 22, 29)",638,0.4801,0.3037,0.509,0.9719,0.0128,0.5046,0.1944,12.7593
images---2022-08-07T114857-453_jpg.rf.BLNY8HnQ1MVDI1hCSG8o.jpg,5,247,397,"(241, 388, 13, 18)",234,0.5525,0.3868,0.518,1.0,0.3579,0.5104,0.3947,357.8538
images---2022-08-07T114857-453_jpg.rf.BLNY8HnQ1MVDI1hCSG8o.jpg,6,48,368,"(41, 351, 15, 34)",510,0.5091,0.3804,0.4936,1.0,0.032,0.5175,0.3784,31.9867
images---2022-08-07T114857-453_jpg.rf.BLNY8HnQ1MVDI1hCSG8o.jpg,7,329,387,"(313, 336, 32, 103)",3296,0.5306,0.3868,0.4765,1.0,0.2845,0.5152,0.2988,284.4792
images---2022-08-07T114857-453_jpg.rf.BLNY8HnQ1MVDI1hCSG8o.jpg,8,424,423,"(378, 335, 92, 177)",16284,0.4798,0.3061,0.47,1.0,0.0818,0.5152,0.6975,81.8267
images---2022-08-07T114857-453_jpg.rf.BLNY8HnQ1MVDI1hCSG8o.jpg,9,172,325,"(167, 314, 11, 22)",242,0.6654,0.8942,0.4746,0.7609,0.341,0.5207,0.1522,341.0148
images---2022-08-07T114857-453_jpg.rf.BLNY8HnQ1MVDI1hCSG8o.jpg,10,41,306,"(34, 298, 15, 16)",240,0.4776,0.3127,0.4699,1.0,0.0369,0.5185,0.3399,36.8847
images---2022-08-07T114857-453_jpg.rf.BLNY8HnQ1MVDI1hCSG8o.jpg,11,263,306,"(252, 296, 23, 21)",483,0.5531,0.3868,0.4911,1.0,0.4579,0.5099,0.4199,457.9285
images---2022-08-07T114857-453_jpg.rf.BLNY8HnQ1MVDI1hCSG8o.jpg,12,383,277,"(379, 268, 9, 18)",162,0.509,0.3642,0.5122,1.0,0.0224,0.5072,0.5429,22.3807
images---2022-08-07T114857-453_jpg.rf.BLNY8HnQ1MVDI1hCSG8o.jpg,13,477,272,"(470, 256, 15, 33)",495,0.4945,0.3127,0.4768,1.0,0.1818,0.5191,0.3136,181.7929
images---2022-08-07T114857-453_jpg.rf.BLNY8HnQ1MVDI1hCSG8o.jpg,14,401,247,"(394, 235, 14, 25)",350,0.5069,0.3698,0.4972,1.0,0.0339,0.509,0.42,33.8794
images---2022-08-07T114857-453_jpg.rf.BLNY8HnQ1MVDI1hCSG8o.jpg,15,128,179,"(117, 166, 23, 27)",621,0.6167,0.6641,0.4774,1.0,0.1713,0.5227,0.3458,171.2914
images---2022-08-07T114857-453_jpg.rf.BLNY8HnQ1MVDI1hCSG8o.jpg,16,182,228,"(163, 144, 39, 169)",6591,0.5036,0.3179,0.4852,1.0,0.2248,0.5221,0.4699,224.8199
images---2022-08-07T114857-453_jpg.rf.BLNY8HnQ1MVDI1hCSG8o.jpg,17,195,101,"(192, 93, 7, 17)",119,0.4677,0.2841,0.4656,1.0,0.0524,0.5036,0.755,52.383
images---2022-08-07T114857-453_jpg.rf.BLNY8HnQ1MVDI1hCSG8o.jpg,18,226,147,"(198, 76, 56, 143)",8008,0.4875,0.2985,0.4908,1.0,0.1125,0.5148,0.4445,112.4613
images---2022-08-07T114857-453_jpg.rf.BLNY8HnQ1MVDI1hCSG8o.jpg,19,419,8,"(397, 0, 45, 16)",720,0.6153,0.6649,0.5144,1.0,0.0256,0.5022,0.6715,25.6227
images---2022-08-07T114857-453_jpg.rf.BLNY8HnQ1MVDI1hCSG8o.jpg,20,16,18,"(0, 0, 33, 36)",1188,0.6201,0.7214,0.4627,1.0,0.0564,0.5113,0.5281,56.381
images---2022-08-07T114857-495_jpg.rf.VATpFyBCZ8Oyq8FtO27K.jpg,1,79,468,"(68, 465, 22, 7)",154,0.621,0.9405,0.5347,0.0232,1.0,0.5078,0.0046,2258.0001
images---2022-08-07T114857-495_jpg.rf.VATpFyBCZ8Oyq8FtO27K.jpg,2,81,417,"(67, 396, 28, 42)",1176,0.6274,0.7084,0.5107,1.0,0.0073,0.5147,0.3431,7.3212
images---2022-08-07T114857-495_jpg.rf.VATpFyBCZ8Oyq8FtO27K.jpg,3,474,397,"(443, 348, 62, 99)",6138,0.6998,0.9568,0.4673,1.0,0.0136,0.5128,0.261,13.6419
images---2022-08-07T114857-495_jpg.rf.VATpFyBCZ8Oyq8FtO27K.jpg,4,153,353,"(144, 336, 19, 34)",646,0.7171,0.9684,0.4961,1.0,0.0457,0.5106,0.6746,45.716
images---2022-08-07T114857-495_jpg.rf.VATpFyBCZ8Oyq8FtO27K.jpg,5,412,345,"(393, 314, 38, 62)",2356,0.7066,0.9568,0.4764,1.0,0.0494,0.5083,0.3335,49.4208
images---2022-08-07T114857-495_jpg.rf.VATpFyBCZ8Oyq8FtO27K.jpg,6,27,279,"(0, 235, 54, 88)",4752,0.7116,0.9512,0.5004,1.0,0.0358,0.5171,0.5692,35.8233
images---2022-08-07T114857-495_jpg.rf.VATpFyBCZ8Oyq8FtO27K.jpg,7,382,214,"(377, 205, 11, 18)",198,0.4829,0.3127,0.4692,1.0,0.0927,0.5107,0.7449,92.7258
images---2022-08-07T114857-495_jpg.rf.VATpFyBCZ8Oyq8FtO27K.jpg,8,400,244,"(379, 197, 43, 94)",4042,0.4768,0.3036,0.4772,1.0,0.0353,0.5214,0.6762,35.2572
images---2022-08-07T114857-495_jpg.rf.VATpFyBCZ8Oyq8FtO27K.jpg,9,466,222,"(431, 180, 71, 85)",6035,0.5047,0.3731,0.4846,1.0,0.0446,0.5237,0.5823,44.6264
images---2022-08-07T114857-495_jpg.rf.VATpFyBCZ8Oyq8FtO27K.jpg,10,400,108,"(361, 52, 78, 113)",8814,0.629,0.7214,0.4913,1.0,0.0452,0.5166,0.5205,45.2099
images---2022-08-07T114857-495_jpg.rf.VATpFyBCZ8Oyq8FtO27K.jpg,11,83,81,"(52, 44, 62, 74)",4588,0.7078,0.9484,0.5002,1.0,0.0075,0.5056,0.5074,7.4822
images---2022-08-07T114857-495_jpg.rf.VATpFyBCZ8Oyq8FtO27K.jpg,12,331,82,"(308, 39, 46, 87)",4002,0.7013,0.9501,0.4796,1.0,0.009,0.5171,0.5253,8.9741
images---2022-08-07T114857-495_jpg.rf.VATpFyBCZ8Oyq8FtO27K.jpg,13,9,20,"(0, 14, 18, 13)",234,0.7085,0.9384,0.5122,1.0,0.0079,0.5041,0.9083,7.8577
images---2022-08-07T114857-495_jpg.rf.VATpFyBCZ8Oyq8FtO27K.jpg,14,414,28,"(405, 13, 19, 30)",570,0.7181,0.9568,0.5077,1.0,0.0553,0.4989,0.3195,55.2656
images---2022-08-07T114857-575_jpg.rf.CkYEcyhYX7LrXbN69vNx.jpg,1,266,338,"(257, 332, 18, 13)",234,0.5224,0.2984,0.5441,1.0,0.2753,0.505,0.876,275.293
images---2022-08-07T114857-575_jpg.rf.CkYEcyhYX7LrXbN69vNx.jpg,2,265,314,"(254, 307, 22, 14)",308,0.6055,0.5497,0.5047,1.0,0.3646,0.5014,0.5486,364.6181
images---2022-08-07T114857-575_jpg.rf.CkYEcyhYX7LrXbN69vNx.jpg,3,300,301,"(289, 289, 22, 25)",550,0.7096,0.9512,0.4837,1.0,0.0736,0.5154,0.3299,73.577
images---2022-08-07T114857-575_jpg.rf.CkYEcyhYX7LrXbN69vNx.jpg,4,312,267,"(300, 254, 24, 27)",648,0.5856,0.5485,0.5297,1.0,0.0825,0.5045,0.391,82.5438
images---2022-08-07T114857-575_jpg.rf.CkYEcyhYX7LrXbN69vNx.jpg,5,357,243,"(334, 224, 46, 38)",1748,0.4994,0.2791,0.571,1.0,0.0182,0.513,0.8486,18.1511
images---2022-08-07T114857-575_jpg.rf.CkYEcyhYX7LrXbN69vNx.jpg,6,182,270,"(131, 204, 103, 133)",13699,0.5087,0.3127,0.4894,1.0,0.2798,0.5245,0.601,279.7513
images---2022-08-07T114857-575_jpg.rf.CkYEcyhYX7LrXbN69vNx.jpg,7,339,197,"(335, 191, 9, 13)",117,0.5106,0.2791,0.5237,1.0,0.2962,0.5007,0.8838,296.2309
images---2022-08-07T114857-987_jpg.rf.AIjAoOqGSxt3Amwkg3bi.jpg,1,411,407,"(390, 378, 42, 59)",2478,0.5957,0.3179,0.5269,1.0,1.0,0.5001,0.5806,1124.9333
images---2022-08-07T114857-987_jpg.rf.AIjAoOqGSxt3Amwkg3bi.jpg,2,444,415,"(431, 377, 26, 76)",1976,0.5886,0.3186,0.5287,1.0,0.9202,0.501,0.3134,920.2192
images---2022-08-07T114857-987_jpg.rf.AIjAoOqGSxt3Amwkg3bi.jpg,3,333,409,"(310, 354, 46, 110)",5060,0.5166,0.3127,0.5203,1.0,0.251,0.5249,0.8663,250.98
images---2022-08-07T114857-987_jpg.rf.AIjAoOqGSxt3Amwkg3bi.jpg,4,290,357,"(274, 328, 32, 59)",1888,0.5531,0.3179,0.5103,1.0,0.6323,0.5055,0.6924,632.2842
images---2022-08-07T114857-987_jpg.rf.AIjAoOqGSxt3Amwkg3bi.jpg,5,222,296,"(218, 287, 8, 18)",144,0.573,0.3037,0.531,1.0,0.8091,0.501,0.525,809.1173
images---2022-08-07T114857-987_jpg.rf.AIjAoOqGSxt3Amwkg3bi.jpg,6,229,252,"(226, 237, 7, 30)",210,0.5529,0.3077,0.5082,1.0,0.6734,0.51,0.5614,673.4113
images---2022-08-07T114857-987_jpg.rf.AIjAoOqGSxt3Amwkg3bi.jpg,7,207,238,"(196, 221, 23, 34)",782,0.5144,0.2934,0.5317,1.0,0.2563,0.5092,0.7161,256.253
images---2022-08-07T114857-987_jpg.rf.AIjAoOqGSxt3Amwkg3bi.jpg,8,266,262,"(238, 182, 57, 160)",9120,0.5172,0.3113,0.4867,1.0,0.3785,0.5183,0.6666,378.4583
images---2022-08-07T114857-987_jpg.rf.AIjAoOqGSxt3Amwkg3bi.jpg,9,105,287,"(80, 171, 51, 232)",11832,0.5288,0.3179,0.511,1.0,0.3864,0.5206,0.6709,386.4464
images---2022-08-07T114857-987_jpg.rf.AIjAoOqGSxt3Amwkg3bi.jpg,10,396,202,"(382, 164, 29, 76)",2204,0.4877,0.3025,0.4873,1.0,0.1132,0.5086,0.5391,113.1947
images---2022-08-07T114857-987_jpg.rf.AIjAoOqGSxt3Amwkg3bi.jpg,11,170,164,"(157, 137, 26, 55)",1430,0.5852,0.3037,0.5111,1.0,1.0,0.5156,0.4921,1307.0882
images---2022-08-07T114857-987_jpg.rf.AIjAoOqGSxt3Amwkg3bi.jpg,12,210,123,"(200, 101, 21, 45)",945,0.5619,0.3018,0.4768,1.0,0.8939,0.5171,0.4838,893.9362
images---2022-08-07T114857-987_jpg.rf.AIjAoOqGSxt3Amwkg3bi.jpg,13,5,94,"(0, 74, 10, 40)",400,0.5573,0.4825,0.5207,1.0,0.0613,0.5007,0.8978,61.263
images---2022-08-07T114857-987_jpg.rf.AIjAoOqGSxt3Amwkg3bi.jpg,14,197,85,"(190, 72, 15, 26)",390,0.5277,0.3037,0.5104,1.0,0.4278,0.5081,0.6062,427.7549
images---2022-08-07T114857-987_jpg.rf.AIjAoOqGSxt3Amwkg3bi.jpg,15,306,85,"(294, 68, 25, 34)",850,0.5064,0.3037,0.4888,1.0,0.2899,0.5113,0.4042,289.8515
images---2022-08-07T114857-987_jpg.rf.AIjAoOqGSxt3Amwkg3bi.jpg,16,25,72,"(20, 58, 11, 29)",319,0.5094,0.2951,0.5868,1.0,0.0069,0.4992,1.0,6.8612
images---2022-08-07T114857-987_jpg.rf.AIjAoOqGSxt3Amwkg3bi.jpg,17,334,152,"(309, 55, 50, 194)",9700,0.5289,0.3037,0.4813,1.0,0.5416,0.5116,0.4349,541.5686
images---2022-08-07T114857-987_jpg.rf.AIjAoOqGSxt3Amwkg3bi.jpg,18,145,89,"(102, 28, 87, 123)",10701,0.5219,0.3037,0.4861,1.0,0.4542,0.5134,0.525,454.2445
images---2022-08-07T114857-987_jpg.rf.AIjAoOqGSxt3Amwkg3bi.jpg,19,232,53,"(196, 9, 72, 88)",6336,0.4947,0.2985,0.4987,1.0,0.1574,0.5081,0.4608,157.3987
images---2022-08-07T114857-987_jpg.rf.AIjAoOqGSxt3Amwkg3bi.jpg,20,73,42,"(47, 0, 53, 84)",4452,0.5126,0.3127,0.5218,1.0,0.2054,0.5031,0.5526,205.4228
images---2022-08-07T114857-987_jpg.rf.AIjAoOqGSxt3Amwkg3bi.jpg,21,16,16,"(12, 0, 9, 33)",297,0.4992,0.3024,0.548,1.0,0.0157,0.5021,1.0,15.6544
images---2022-08-07T114858-052_jpg.rf.piYj6Km9YDUp89FKUwMQ.jpg,1,487,500,"(480, 489, 14, 23)",322,0.6178,0.6743,0.4922,1.0,0.0951,0.5143,0.7905,95.054
images---2022-08-07T114858-052_jpg.rf.piYj6Km9YDUp89FKUwMQ.jpg,2,241,490,"(228, 469, 26, 43)",1118,0.507,0.3127,0.4812,1.0,0.2914,0.5199,0.4726,291.3895
images---2022-08-07T114858-052_jpg.rf.piYj6Km9YDUp89FKUwMQ.jpg,3,26,449,"(14, 426, 24, 46)",1104,0.6909,0.9026,0.4576,1.0,0.1482,0.5008,0.6006,148.1811
images---2022-08-07T114858-052_jpg.rf.piYj6Km9YDUp89FKUwMQ.jpg,4,440,465,"(418, 418, 44, 94)",4136,0.7165,0.9656,0.4854,1.0,0.0861,0.518,0.8746,86.0884
images---2022-08-07T114858-052_jpg.rf.piYj6Km9YDUp89FKUwMQ.jpg,5,8,398,"(0, 375, 17, 46)",782,0.6075,0.6162,0.5236,1.0,0.0856,0.5103,0.3351,85.6487
images---2022-08-07T114858-052_jpg.rf.piYj6Km9YDUp89FKUwMQ.jpg,6,97,170,"(71, 127, 52, 87)",4524,0.6142,0.6665,0.4945,1.0,0.078,0.5203,0.7505,78.0206
images---2022-08-07T114858-052_jpg.rf.piYj6Km9YDUp89FKUwMQ.jpg,7,176,151,"(124, 84, 104, 134)",13936,0.5796,0.6122,0.4598,1.0,0.0444,0.5207,0.6076,44.4172
images---2022-08-07T114858-052_jpg.rf.piYj6Km9YDUp89FKUwMQ.jpg,8,108,15,"(100, 6, 16, 19)",304,0.7189,0.9833,0.492,1.0,0.026,0.5098,0.4378,25.9928
images---2022-08-07T114858-121_jpg.rf.GBHEH2CesNxhvWeHhL8C.jpg,1,396,458,"(391, 452, 11, 12)",132,0.7994,0.9715,0.4723,1.0,0.9405,0.501,0.4384,940.4877
images---2022-08-07T114858-121_jpg.rf.GBHEH2CesNxhvWeHhL8C.jpg,2,205,334,"(199, 330, 13, 8)",104,0.7657,0.9659,0.4875,1.0,0.5702,0.5027,0.364,570.1739
images---2022-08-07T114858-121_jpg.rf.GBHEH2CesNxhvWeHhL8C.jpg,3,471,380,"(431, 305, 81, 150)",12150,0.5256,0.3186,0.481,1.0,0.4574,0.522,0.6673,457.3931
images---2022-08-07T114858-121_jpg.rf.GBHEH2CesNxhvWeHhL8C.jpg,4,260,292,"(207, 244, 107, 97)",10379,0.5263,0.3179,0.4988,1.0,0.4047,0.5171,0.5931,404.7412
images---2022-08-07T114858-121_jpg.rf.GBHEH2CesNxhvWeHhL8C.jpg,5,120,198,"(117, 189, 7, 19)",133,0.6212,0.6713,0.4976,1.0,0.1212,0.503,0.7368,121.175
images---2022-08-07T114858-121_jpg.rf.GBHEH2CesNxhvWeHhL8C.jpg,6,485,226,"(458, 175, 54, 102)",5508,0.5138,0.3127,0.5289,1.0,0.1921,0.5221,0.6953,192.057
images---2022-08-07T114858-121_jpg.rf.GBHEH2CesNxhvWeHhL8C.jpg,7,468,141,"(425, 108, 87, 67)",5829,0.4893,0.3127,0.4987,1.0,0.0531,0.516,0.6381,53.1042
images---2022-08-07T114858-121_jpg.rf.GBHEH2CesNxhvWeHhL8C.jpg,8,265,123,"(242, 102, 47, 42)",1974,0.4924,0.3127,0.5093,1.0,0.0475,0.5113,0.4834,47.4809
images---2022-08-07T114858-121_jpg.rf.GBHEH2CesNxhvWeHhL8C.jpg,9,78,77,"(67, 68, 22, 18)",396,0.4918,0.2992,0.5141,1.0,0.0717,0.5071,0.4775,71.6528
images---2022-08-07T114858-121_jpg.rf.GBHEH2CesNxhvWeHhL8C.jpg,10,236,67,"(224, 56, 24, 22)",528,0.5042,0.2984,0.5644,1.0,0.0221,0.5046,0.5392,22.0556
images---2022-08-07T114858-121_jpg.rf.GBHEH2CesNxhvWeHhL8C.jpg,11,21,44,"(0, 24, 43, 41)",1763,0.478,0.3018,0.4865,1.0,0.0209,0.5124,0.6923,20.9058
images---2022-08-07T114858-121_jpg.rf.GBHEH2CesNxhvWeHhL8C.jpg,12,229,27,"(208, 7, 43, 41)",1763,0.5009,0.3087,0.5458,1.0,0.018,0.5069,0.5022,17.9981
images---2022-08-07T114858-121_jpg.rf.GBHEH2CesNxhvWeHhL8C.jpg,13,477,14,"(442, 0, 70, 28)",1960,0.5006,0.2893,0.5666,1.0,0.0104,0.5044,0.6614,10.4011
images---2022-08-07T114858-121_jpg.rf.GBHEH2CesNxhvWeHhL8C.jpg,14,367,47,"(297, 0, 141, 94)",13254,0.4971,0.2943,0.5471,1.0,0.026,0.5138,0.5876,25.9917
images---2022-08-07T114858-121_jpg.rf.GBHEH2CesNxhvWeHhL8C.jpg,15,149,33,"(93, 0, 113, 66)",7458,0.4924,0.2943,0.5359,1.0,0.0181,0.5105,0.4532,18.13
images---2022-08-07T114858-162_jpg.rf.lbM8IEHQtRy1Z4f8vJ4z.jpg,1,136,398,"(122, 390, 29, 16)",464,0.4918,0.2841,0.5227,1.0,0.0938,0.5119,0.5862,93.7849
images---2022-08-07T114858-162_jpg.rf.lbM8IEHQtRy1Z4f8vJ4z.jpg,2,115,359,"(99, 329, 33, 61)",2013,0.4993,0.2943,0.5458,1.0,0.0519,0.5268,0.6231,51.9213
images---2022-08-07T114858-162_jpg.rf.lbM8IEHQtRy1Z4f8vJ4z.jpg,3,146,329,"(137, 308, 18, 42)",756,0.5277,0.2985,0.5173,1.0,0.4218,0.5083,0.5123,421.823
images---2022-08-07T114858-162_jpg.rf.lbM8IEHQtRy1Z4f8vJ4z.jpg,4,226,296,"(172, 270, 108, 53)",5724,0.4916,0.3061,0.4757,1.0,0.1797,0.5109,0.5653,179.7105
images---2022-08-07T114858-162_jpg.rf.lbM8IEHQtRy1Z4f8vJ4z.jpg,5,339,303,"(321, 251, 37, 105)",3885,0.4979,0.3127,0.4754,1.0,0.2206,0.5291,0.6588,220.6206
images---2022-08-07T114858-162_jpg.rf.lbM8IEHQtRy1Z4f8vJ4z.jpg,6,251,202,"(242, 186, 19, 32)",608,0.4915,0.3009,0.4892,1.0,0.1497,0.5094,0.6877,149.7191
images---2022-08-07T114858-162_jpg.rf.lbM8IEHQtRy1Z4f8vJ4z.jpg,7,396,194,"(382, 166, 29, 57)",1653,0.4848,0.3127,0.4666,1.0,0.1208,0.5245,0.602,120.7614
images---2022-08-07T114858-162_jpg.rf.lbM8IEHQtRy1Z4f8vJ4z.jpg,8,215,175,"(202, 129, 27, 92)",2484,0.4796,0.2985,0.454,1.0,0.1622,0.505,0.7562,162.2135
images---2022-08-07T114858-162_jpg.rf.lbM8IEHQtRy1Z4f8vJ4z.jpg,9,280,86,"(275, 77, 10, 18)",180,0.6482,0.7128,0.4922,1.0,0.2645,0.5155,0.5121,264.4956
images---2022-08-07T114858-198_jpg.rf.PuguYGIHMkm8aICJyHnl.jpg,1,49,357,"(33, 341, 33, 33)",1089,0.7556,1.0,0.4883,0.842,0.6631,0.5235,0.1684,663.096
images---2022-08-07T114858-198_jpg.rf.PuguYGIHMkm8aICJyHnl.jpg,2,173,27,"(165, 23, 17, 8)",136,0.7107,0.9538,0.4963,1.0,0.0313,0.5063,1.0,31.3243
images---2022-08-07T114858-198_jpg.rf.PuguYGIHMkm8aICJyHnl.jpg,3,254,29,"(239, 21, 30, 16)",480,0.7264,0.9606,0.516,1.0,0.0952,0.5072,1.0,95.219
images---2022-08-07T114858-198_jpg.rf.PuguYGIHMkm8aICJyHnl.jpg,4,197,26,"(179, 0, 36, 53)",1908,0.7153,0.9538,0.5118,1.0,0.0235,0.5108,1.0,23.5429
images---2022-08-07T114858-278_jpg.rf.DkCOvmRAupiKhNlA7VHy.jpg,1,390,143,"(373, 112, 34, 62)",2108,0.4943,0.3127,0.48,1.0,0.1686,0.5218,0.3561,168.5595
images---2022-08-07T114858-278_jpg.rf.DkCOvmRAupiKhNlA7VHy.jpg,2,247,90,"(233, 63, 29, 54)",1566,0.5275,0.3868,0.4566,1.0,0.3234,0.5252,0.5203,323.3617
images---2022-08-07T114858-703_jpg.rf.WGH2lsUoRYkUbqriKtJg.jpg,1,403,228,"(372, 211, 63, 35)",2205,0.6308,0.723,0.481,1.0,0.0943,0.5205,0.966,94.2584
images---2022-08-07T114858-703_jpg.rf.WGH2lsUoRYkUbqriKtJg.jpg,2,503,203,"(494, 184, 18, 39)",702,0.7474,0.9684,0.4765,1.0,0.4167,0.5067,0.2794,416.7284
images---2022-08-07T114858-703_jpg.rf.WGH2lsUoRYkUbqriKtJg.jpg,3,343,196,"(324, 173, 38, 47)",1786,0.6367,0.7244,0.4878,1.0,0.1243,0.5184,0.9047,124.3059
images---2022-08-07T114858-703_jpg.rf.WGH2lsUoRYkUbqriKtJg.jpg,4,382,179,"(366, 172, 32, 14)",448,0.754,0.9684,0.5034,1.0,0.3883,0.5108,0.5988,388.3153
images---2022-08-07T114858-703_jpg.rf.WGH2lsUoRYkUbqriKtJg.jpg,5,311,182,"(301, 153, 20, 58)",1160,0.5119,0.3127,0.526,1.0,0.1838,0.5231,0.7723,183.7701
images---2022-08-07T114858-703_jpg.rf.WGH2lsUoRYkUbqriKtJg.jpg,6,468,142,"(438, 108, 60, 68)",4080,0.573,0.5349,0.467,1.0,0.2232,0.5251,0.5009,223.1518
images---2022-08-07T114858-703_jpg.rf.WGH2lsUoRYkUbqriKtJg.jpg,7,12,99,"(0, 86, 25, 26)",650,0.4928,0.3061,0.4827,1.0,0.167,0.5181,0.6681,166.9652
images---2022-08-07T114858-703_jpg.rf.WGH2lsUoRYkUbqriKtJg.jpg,8,500,67,"(488, 61, 24, 13)",312,0.5935,0.5356,0.5341,1.0,0.1913,0.5051,0.556,191.2944
images---2022-08-07T114858-703_jpg.rf.WGH2lsUoRYkUbqriKtJg.jpg,9,373,107,"(330, 61, 87, 92)",8004,0.7159,0.9512,0.4841,1.0,0.1353,0.539,0.4162,135.2594
images---2022-08-07T114858-703_jpg.rf.WGH2lsUoRYkUbqriKtJg.jpg,10,258,55,"(252, 49, 12, 12)",144,0.5796,0.5174,0.5301,1.0,0.1304,0.5036,0.5885,130.4476
images---2022-08-07T114858-768_jpg.rf.F0WJ1uOlRkEXSWm4cOeL.jpg,1,307,489,"(301, 484, 12, 11)",132,0.6404,0.7161,0.5125,1.0,0.1037,0.511,0.8877,103.6875
images---2022-08-07T114858-768_jpg.rf.F0WJ1uOlRkEXSWm4cOeL.jpg,2,36,466,"(18, 454, 37, 24)",888,0.736,0.9715,0.4871,1.0,0.2547,0.5013,0.8209,254.651
images---2022-08-07T114858-768_jpg.rf.F0WJ1uOlRkEXSWm4cOeL.jpg,3,10,425,"(0, 406, 21, 38)",798,0.6436,0.7352,0.4849,1.0,0.1659,0.5078,1.0,165.9474
images---2022-08-07T114858-768_jpg.rf.F0WJ1uOlRkEXSWm4cOeL.jpg,4,158,417,"(148, 400, 21, 35)",735,0.6781,0.7387,0.5083,1.0,0.4164,0.5109,0.8988,416.4105
images---2022-08-07T114858-768_jpg.rf.F0WJ1uOlRkEXSWm4cOeL.jpg,5,278,452,"(243, 393, 70, 119)",8330,0.6289,0.7214,0.4571,1.0,0.1642,0.5231,0.7246,164.1545
images---2022-08-07T114858-768_jpg.rf.F0WJ1uOlRkEXSWm4cOeL.jpg,6,186,366,"(175, 331, 23, 71)",1633,0.5357,0.3186,0.5299,1.0,0.3874,0.5163,0.8244,387.3625
images---2022-08-07T114858-768_jpg.rf.F0WJ1uOlRkEXSWm4cOeL.jpg,7,386,325,"(356, 273, 61, 105)",6405,0.51,0.3127,0.502,1.0,0.2489,0.5277,0.4506,248.869
images---2022-08-07T114858-768_jpg.rf.F0WJ1uOlRkEXSWm4cOeL.jpg,8,348,224,"(325, 172, 47, 105)",4935,0.5034,0.3127,0.5154,1.0,0.1353,0.5197,0.4857,135.2945
images---2022-08-07T114858-768_jpg.rf.F0WJ1uOlRkEXSWm4cOeL.jpg,9,189,158,"(181, 141, 17, 35)",595,0.7136,0.725,0.4805,1.0,0.9168,0.5173,0.6045,916.7836
images---2022-08-07T114858-768_jpg.rf.F0WJ1uOlRkEXSWm4cOeL.jpg,10,143,136,"(138, 131, 10, 11)",110,0.4859,0.2984,0.4865,1.0,0.1117,0.5157,0.3478,111.7472
images---2022-08-07T114858-768_jpg.rf.F0WJ1uOlRkEXSWm4cOeL.jpg,11,169,128,"(151, 108, 36, 40)",1440,0.6542,0.725,0.4832,1.0,0.3134,0.5144,0.7568,313.3687
images---2022-08-07T114858-768_jpg.rf.F0WJ1uOlRkEXSWm4cOeL.jpg,12,138,48,"(132, 41, 13, 14)",182,0.7128,0.9499,0.5114,1.0,0.0134,0.5008,0.9985,13.4472
images---2022-08-07T114858-768_jpg.rf.F0WJ1uOlRkEXSWm4cOeL.jpg,13,101,52,"(73, 0, 57, 104)",5928,0.6095,0.6605,0.4826,1.0,0.0936,0.5351,0.8659,93.5853
images---2022-08-07T114858-768_jpg.rf.F0WJ1uOlRkEXSWm4cOeL.jpg,14,41,14,"(31, 0, 21, 29)",609,0.625,0.723,0.484,1.0,0.0257,0.5087,1.0,25.6734
images---2022-08-07T114858-768_jpg.rf.F0WJ1uOlRkEXSWm4cOeL.jpg,15,16,6,"(7, 0, 19, 13)",247,0.6401,0.7352,0.5151,1.0,0.0254,0.5001,1.0,25.3979
images---2022-08-07T114859-036_jpg.rf.MRKjSWac2Q9t7n7KMTaT.jpg,1,133,377,"(64, 296, 139, 162)",22518,0.4892,0.3127,0.477,1.0,0.1284,0.5212,0.5958,128.4017
images---2022-08-07T114859-036_jpg.rf.MRKjSWac2Q9t7n7KMTaT.jpg,2,286,255,"(280, 246, 12, 18)",216,0.5343,0.2985,0.5394,1.0,0.4108,0.5011,0.4208,410.7815
images---2022-08-07T114859-036_jpg.rf.MRKjSWac2Q9t7n7KMTaT.jpg,3,325,227,"(317, 214, 16, 26)",416,0.5061,0.2841,0.5209,1.0,0.2439,0.4946,0.641,243.9359
images---2022-08-07T114859-068_jpg.rf.n5aofb555RedCP0zdReC.jpg,1,321,362,"(316, 336, 10, 53)",530,0.4945,0.2934,0.5403,1.0,0.0277,0.5046,0.8308,27.7062
images---2022-08-07T114859-068_jpg.rf.n5aofb555RedCP0zdReC.jpg,2,230,315,"(220, 297, 21, 36)",756,0.5081,0.3031,0.5488,1.0,0.0996,0.5169,1.0,99.6417
images---2022-08-07T114859-068_jpg.rf.n5aofb555RedCP0zdReC.jpg,3,175,257,"(157, 243, 36, 28)",1008,0.4827,0.2893,0.501,1.0,0.0607,0.5209,0.826,60.7065
images---2022-08-07T114859-068_jpg.rf.n5aofb555RedCP0zdReC.jpg,4,271,255,"(255, 237, 33, 36)",1188,0.7418,0.8949,0.4908,1.0,0.5682,0.524,0.5361,568.2107
images---2022-08-07T114859-068_jpg.rf.n5aofb555RedCP0zdReC.jpg,5,289,239,"(278, 229, 22, 21)",462,0.7469,0.8949,0.5088,1.0,0.5563,0.5243,0.6016,556.3259
images---2022-08-07T114859-068_jpg.rf.n5aofb555RedCP0zdReC.jpg,6,365,246,"(311, 212, 108, 69)",7452,0.4955,0.2893,0.5389,1.0,0.0558,0.5225,0.6631,55.8036
images---2022-08-07T114859-068_jpg.rf.n5aofb555RedCP0zdReC.jpg,7,265,216,"(261, 211, 9, 11)",99,0.6344,0.6827,0.5108,1.0,0.1663,0.5098,0.5694,166.2531
images---2022-08-07T114859-068_jpg.rf.n5aofb555RedCP0zdReC.jpg,8,196,190,"(184, 183, 24, 14)",336,0.639,0.7161,0.5307,1.0,0.0263,0.5181,1.0,26.2677
images---2022-08-07T114859-068_jpg.rf.n5aofb555RedCP0zdReC.jpg,9,157,181,"(132, 157, 51, 48)",2448,0.6097,0.7066,0.4598,1.0,0.0146,0.5207,1.0,14.6308
images---2022-08-07T114859-068_jpg.rf.n5aofb555RedCP0zdReC.jpg,10,303,166,"(289, 146, 28, 41)",1148,0.4831,0.2984,0.4804,1.0,0.1054,0.5303,0.9118,105.4171
images---2022-08-07T114859-068_jpg.rf.n5aofb555RedCP0zdReC.jpg,11,88,167,"(64, 137, 48, 61)",2928,0.6157,0.7144,0.468,1.0,0.0184,0.5091,0.9783,18.4017
images---2022-08-07T114859-068_jpg.rf.n5aofb555RedCP0zdReC.jpg,12,323,129,"(317, 113, 13, 32)",416,0.5038,0.2943,0.5607,1.0,0.0451,0.5019,0.6073,45.0995
images---2022-08-07T114859-068_jpg.rf.n5aofb555RedCP0zdReC.jpg,13,67,115,"(45, 91, 45, 48)",2160,0.6089,0.7144,0.4518,1.0,0.0068,0.5092,1.0,6.8367
images---2022-08-07T114859-068_jpg.rf.n5aofb555RedCP0zdReC.jpg,14,232,55,"(225, 48, 14, 14)",196,0.6357,0.7084,0.5317,1.0,0.0166,0.5113,1.0,16.5602
images---2022-08-07T114859-068_jpg.rf.n5aofb555RedCP0zdReC.jpg,15,19,70,"(0, 5, 39, 130)",5070,0.6087,0.7199,0.4465,1.0,0.0049,0.5064,1.0,4.8569
images---2022-08-07T114859-277_jpg.rf.2oHyKA0pZX89IWHPFDEG.jpg,1,402,165,"(397, 160, 11, 10)",110,0.4832,0.2984,0.4894,1.0,0.0753,0.5017,0.3498,75.343
images---2022-08-07T114859-277_jpg.rf.2oHyKA0pZX89IWHPFDEG.jpg,2,121,143,"(115, 130, 13, 26)",338,0.5103,0.3642,0.4871,1.0,0.1232,0.5079,0.4958,123.16
images---2022-08-07T114859-450_jpg.rf.8o90sSDM4uIrZCude6y8.jpg,1,277,140,"(274, 131, 7, 19)",133,0.4833,0.2882,0.4934,1.0,0.0976,0.5024,0.9593,97.6006
images---2022-08-07T114859-481_jpg.rf.Ihy95Y6TZmu6FZIg1qvb.jpg,1,233,297,"(224, 284, 19, 27)",513,0.5106,0.3077,0.4786,1.0,0.3542,0.5131,0.8114,354.2192
images---2022-08-07T114859-481_jpg.rf.Ihy95Y6TZmu6FZIg1qvb.jpg,2,263,232,"(233, 164, 61, 137)",8357,0.5238,0.3179,0.4944,1.0,0.3947,0.5327,0.594,394.7411
images---2022-08-07T114859-553_jpg.rf.tC8GoZxBgeuUXyHxJNsS.jpg,1,473,505,"(467, 499, 12, 13)",156,0.5642,0.9367,0.5188,0.2412,0.0652,0.5017,0.0482,65.1686
images---2022-08-07T114859-553_jpg.rf.tC8GoZxBgeuUXyHxJNsS.jpg,2,108,452,"(101, 444, 15, 16)",240,0.7074,0.9538,0.4927,1.0,0.0112,0.5015,0.8148,11.2275
images---2022-08-07T114859-553_jpg.rf.tC8GoZxBgeuUXyHxJNsS.jpg,3,253,439,"(248, 431, 10, 16)",160,0.5314,0.3179,0.5025,1.0,0.4423,0.5108,0.8247,442.2612
images---2022-08-07T114859-553_jpg.rf.tC8GoZxBgeuUXyHxJNsS.jpg,4,133,439,"(125, 428, 17, 22)",374,0.7071,0.9499,0.4965,1.0,0.0079,0.5042,0.6481,7.939
images---2022-08-07T114859-553_jpg.rf.tC8GoZxBgeuUXyHxJNsS.jpg,5,237,373,"(231, 366, 13, 14)",182,0.5276,0.3167,0.535,1.0,0.2948,0.5167,0.8831,294.7997
images---2022-08-07T114859-553_jpg.rf.tC8GoZxBgeuUXyHxJNsS.jpg,6,204,400,"(181, 357, 46, 87)",4002,0.7508,0.9544,0.5241,1.0,0.3331,0.5157,0.5249,333.0555
images---2022-08-07T114859-553_jpg.rf.tC8GoZxBgeuUXyHxJNsS.jpg,7,224,344,"(219, 337, 11, 14)",154,0.5384,0.3024,0.5428,1.0,0.4262,0.5112,0.8445,426.1687
images---2022-08-07T114859-553_jpg.rf.tC8GoZxBgeuUXyHxJNsS.jpg,8,375,344,"(363, 327, 25, 35)",875,0.7094,0.9384,0.4987,1.0,0.0639,0.5022,0.7499,63.9224
images---2022-08-07T114859-553_jpg.rf.tC8GoZxBgeuUXyHxJNsS.jpg,9,208,319,"(203, 312, 10, 15)",150,0.547,0.3108,0.5158,1.0,0.5774,0.513,0.6734,577.3905
images---2022-08-07T114859-553_jpg.rf.tC8GoZxBgeuUXyHxJNsS.jpg,10,398,292,"(392, 286, 13, 13)",169,0.7203,0.95,0.5089,1.0,0.0972,0.5003,0.7184,97.1527
images---2022-08-07T114859-553_jpg.rf.tC8GoZxBgeuUXyHxJNsS.jpg,11,433,323,"(401, 285, 65, 77)",5005,0.7067,0.9384,0.5001,1.0,0.0323,0.507,0.8029,32.2864
images---2022-08-07T114859-553_jpg.rf.tC8GoZxBgeuUXyHxJNsS.jpg,12,161,303,"(138, 270, 47, 66)",3102,0.7248,0.9512,0.479,1.0,0.2426,0.516,0.6504,242.6454
images---2022-08-07T114859-553_jpg.rf.tC8GoZxBgeuUXyHxJNsS.jpg,13,408,258,"(390, 241, 36, 34)",1224,0.7202,0.9384,0.5141,1.0,0.1187,0.5058,0.7794,118.7161
images---2022-08-07T114859-553_jpg.rf.tC8GoZxBgeuUXyHxJNsS.jpg,14,419,231,"(413, 226, 12, 10)",120,0.7303,0.9453,0.5683,1.0,0.0054,0.5017,0.4242,5.3857
images---2022-08-07T114859-587_jpg.rf.7rUkzNdvYDrbTlxrsPDR.jpg,1,5,505,"(0, 498, 11, 14)",154,0.6633,0.6711,0.4858,1.0,0.5839,0.4997,0.8765,583.8877
images---2022-08-07T114859-587_jpg.rf.7rUkzNdvYDrbTlxrsPDR.jpg,2,506,495,"(500, 486, 12, 19)",228,0.6436,0.7161,0.5114,1.0,0.1402,0.5041,1.0,140.1877
images---2022-08-07T114859-587_jpg.rf.7rUkzNdvYDrbTlxrsPDR.jpg,3,435,481,"(425, 451, 20, 61)",1220,0.512,0.3127,0.5175,1.0,0.2146,0.5038,0.5928,214.5612
images---2022-08-07T114859-587_jpg.rf.7rUkzNdvYDrbTlxrsPDR.jpg,4,361,475,"(340, 438, 43, 74)",3182,0.5855,0.5485,0.5147,1.0,0.1333,0.5198,0.5016,133.2888
images---2022-08-07T114859-587_jpg.rf.7rUkzNdvYDrbTlxrsPDR.jpg,5,285,420,"(278, 411, 15, 18)",270,0.7544,0.9659,0.4843,1.0,0.4685,0.5152,0.3037,468.5328
images---2022-08-07T114859-587_jpg.rf.7rUkzNdvYDrbTlxrsPDR.jpg,6,276,351,"(250, 309, 53, 85)",4505,0.5359,0.3179,0.4984,1.0,0.5022,0.5165,0.5372,502.2433
images---2022-08-07T114859-587_jpg.rf.7rUkzNdvYDrbTlxrsPDR.jpg,7,170,286,"(144, 244, 52, 84)",4368,0.617,0.5538,0.4955,1.0,0.4977,0.52,0.5151,497.7386
images---2022-08-07T114859-587_jpg.rf.7rUkzNdvYDrbTlxrsPDR.jpg,8,99,247,"(88, 222, 23, 51)",1173,0.493,0.3179,0.4699,1.0,0.1728,0.51,0.6023,172.8371
images---2022-08-07T114859-587_jpg.rf.7rUkzNdvYDrbTlxrsPDR.jpg,9,24,152,"(12, 132, 25, 40)",1000,0.5797,0.5485,0.5262,1.0,0.0356,0.4971,0.4584,35.5847
images---2022-08-07T114859-587_jpg.rf.7rUkzNdvYDrbTlxrsPDR.jpg,10,120,138,"(111, 119, 19, 39)",741,0.5038,0.3127,0.5404,1.0,0.0521,0.5092,0.4453,52.0931
images---2022-08-07T114859-587_jpg.rf.7rUkzNdvYDrbTlxrsPDR.jpg,11,431,118,"(424, 108, 14, 21)",294,0.582,0.5485,0.514,1.0,0.1016,0.5019,0.3893,101.647
images---2022-08-07T114859-587_jpg.rf.7rUkzNdvYDrbTlxrsPDR.jpg,12,393,133,"(382, 105, 23, 56)",1288,0.5674,0.5473,0.4898,1.0,0.0443,0.4994,0.4756,44.3201
images---2022-08-07T114859-587_jpg.rf.7rUkzNdvYDrbTlxrsPDR.jpg,13,292,95,"(284, 79, 17, 33)",561,0.5863,0.5485,0.5487,1.0,0.0226,0.5,0.4061,22.6492
images---2022-08-07T114859-587_jpg.rf.7rUkzNdvYDrbTlxrsPDR.jpg,14,23,35,"(0, 9, 47, 52)",2444,0.5018,0.3127,0.5457,1.0,0.0138,0.513,0.6869,13.8371
images---2022-08-07T114859-587_jpg.rf.7rUkzNdvYDrbTlxrsPDR.jpg,15,264,35,"(245, 0, 38, 70)",2660,0.586,0.5473,0.549,1.0,0.0231,0.5151,0.6084,23.144
images---2022-08-07T114859-828_jpg.rf.gUAe1QYllZQqqRJxrqNB.jpg,1,360,403,"(356, 398, 9, 11)",99,0.8055,0.9661,0.4781,1.0,1.0,0.5081,0.4327,1022.8076
images---2022-08-07T114859-828_jpg.rf.gUAe1QYllZQqqRJxrqNB.jpg,2,312,403,"(300, 387, 24, 33)",792,0.8057,0.9688,0.4761,1.0,1.0,0.5051,0.4383,1709.477
images---2022-08-07T114859-828_jpg.rf.gUAe1QYllZQqqRJxrqNB.jpg,3,338,374,"(326, 363, 24, 22)",528,0.7767,0.9715,0.4861,1.0,0.6656,0.511,0.5588,665.5937
images---2022-08-07T114859-828_jpg.rf.gUAe1QYllZQqqRJxrqNB.jpg,4,407,362,"(399, 357, 17, 11)",187,0.5517,0.5485,0.5027,0.7946,0.2483,0.4969,0.1589,248.3043
images---2022-08-07T114859-828_jpg.rf.gUAe1QYllZQqqRJxrqNB.jpg,5,275,360,"(258, 341, 35, 38)",1330,0.7895,0.9544,0.4752,1.0,0.8919,0.5152,0.506,891.9313
images---2022-08-07T114859-828_jpg.rf.gUAe1QYllZQqqRJxrqNB.jpg,6,13,339,"(8, 330, 11, 18)",198,0.7674,0.9715,0.4792,1.0,0.5961,0.5022,0.2014,596.1026
images---2022-08-07T114859-828_jpg.rf.gUAe1QYllZQqqRJxrqNB.jpg,7,288,324,"(283, 317, 10, 14)",140,0.8056,0.9544,0.4902,1.0,1.0,0.5215,0.6469,1478.9588
images---2022-08-07T114859-828_jpg.rf.gUAe1QYllZQqqRJxrqNB.jpg,8,334,316,"(316, 306, 37, 20)",740,0.5097,0.3134,0.4959,1.0,0.2646,0.5129,0.4165,264.61
images---2022-08-07T114859-828_jpg.rf.gUAe1QYllZQqqRJxrqNB.jpg,9,241,245,"(225, 227, 32, 37)",1184,0.5189,0.2985,0.4654,1.0,0.5153,0.5132,0.4221,515.3145
images---2022-08-07T114859-899_jpg.rf.VQrw4RVWDFsJ0d8W9Mnw.jpg,1,186,398,"(179, 394, 15, 9)",135,0.7245,0.9684,0.4743,1.0,0.1955,0.5018,0.3439,195.4706
images---2022-08-07T114859-899_jpg.rf.VQrw4RVWDFsJ0d8W9Mnw.jpg,2,255,353,"(251, 345, 9, 16)",144,0.7546,0.9659,0.4918,1.0,0.4439,0.5143,0.2551,443.8968
images---2022-08-07T114859-899_jpg.rf.VQrw4RVWDFsJ0d8W9Mnw.jpg,3,194,331,"(182, 309, 24, 44)",1056,0.7456,0.9544,0.4879,1.0,0.4082,0.5083,0.3666,408.1775
images---2022-08-07T114859-899_jpg.rf.VQrw4RVWDFsJ0d8W9Mnw.jpg,4,245,264,"(205, 201, 81, 126)",10206,0.5054,0.3179,0.4703,1.0,0.2957,0.5223,0.4782,295.7356
images---2022-08-07T114859-970_jpg.rf.JtNsOudCcoFm1NuWMR0V.jpg,1,176,210,"(150, 179, 53, 62)",3286,0.5213,0.3037,0.4705,1.0,0.5032,0.512,0.4499,503.1935
images---2022-08-07T114859-970_jpg.rf.JtNsOudCcoFm1NuWMR0V.jpg,2,253,115,"(238, 102, 30, 27)",810,0.5121,0.3037,0.4891,1.0,0.3463,0.5035,0.4811,346.3203
images---2022-08-07T114900-104_jpg.rf.BQfBoUb7D91ZZhmcStFi.jpg,1,104,216,"(101, 207, 6, 18)",108,0.5694,0.5308,0.5092,1.0,0.0542,0.5026,0.4259,54.2219
images---2022-08-07T114900-104_jpg.rf.BQfBoUb7D91ZZhmcStFi.jpg,2,130,77,"(127, 55, 7, 45)",315,0.5201,0.3037,0.4765,1.0,0.4706,0.5077,0.4081,470.5932
images---2022-08-07T114900-137_jpg.rf.axLnNLFLq17eETimdsbl.jpg,1,104,346,"(99, 339, 10, 14)",140,0.5451,0.2985,0.4925,1.0,0.6827,0.5165,0.229,682.7484
images---2022-08-07T114900-204_jpg.rf.evt3hG5PbBl73DgoQ5oI.jpg,1,120,247,"(94, 206, 52, 83)",4316,0.4739,0.2985,0.464,1.0,0.0698,0.5004,0.5961,69.8286
images---2022-08-07T114900-204_jpg.rf.evt3hG5PbBl73DgoQ5oI.jpg,2,317,255,"(286, 168, 62, 175)",10850,0.5003,0.3127,0.506,1.0,0.1374,0.5079,0.5629,137.3596
images---2022-08-07T114900-584_jpg.rf.5DIrg1yC38cCLHvb7Sba.jpg,1,277,463,"(273, 454, 9, 18)",162,0.5179,0.3068,0.4951,1.0,0.3719,0.5031,0.8222,371.9465
images---2022-08-07T114900-584_jpg.rf.5DIrg1yC38cCLHvb7Sba.jpg,2,263,385,"(239, 327, 49, 117)",5733,0.5046,0.3179,0.4766,1.0,0.2656,0.5145,0.7771,265.5563
images---2022-08-07T114900-616_jpg.rf.CWqiaJoH3Y4HpQaKveFG.jpg,1,294,357,"(271, 347, 46, 20)",920,0.4969,0.3127,0.4694,1.0,0.2317,0.5111,0.6115,231.6511
images---2022-08-07T114900-616_jpg.rf.CWqiaJoH3Y4HpQaKveFG.jpg,2,212,272,"(164, 225, 97, 95)",9215,0.4961,0.2985,0.495,1.0,0.1835,0.506,0.2685,183.5085
images---2022-08-07T114900-616_jpg.rf.CWqiaJoH3Y4HpQaKveFG.jpg,3,150,168,"(119, 128, 62, 80)",4960,0.7441,0.9516,0.5089,1.0,0.3287,0.5173,0.5035,328.7311
images---2022-08-07T114900-712_jpg.rf.aI7srEtn40GXbu8LJupX.jpg,1,212,352,"(177, 340, 71, 25)",1775,0.4888,0.3087,0.4854,1.0,0.1086,0.5023,0.435,108.6444
images---2022-08-07T114900-712_jpg.rf.aI7srEtn40GXbu8LJupX.jpg,2,320,290,"(283, 267, 74, 47)",3478,0.5008,0.3045,0.4906,1.0,0.2258,0.498,0.4876,225.8479
images---2022-08-07T114900-712_jpg.rf.aI7srEtn40GXbu8LJupX.jpg,3,381,256,"(376, 252, 10, 9)",90,0.4765,0.2751,0.4727,1.0,0.1472,0.4882,0.8463,147.1501
images---2022-08-07T114900-775_jpg.rf.qgqVkaVevB5jkskTEllS.jpg,1,25,491,"(0, 470, 50, 42)",2100,0.6332,0.7084,0.5163,1.0,0.046,0.4992,0.8118,45.9829
images---2022-08-07T114900-775_jpg.rf.qgqVkaVevB5jkskTEllS.jpg,2,49,382,"(43, 377, 13, 11)",143,0.6204,0.7224,0.4579,1.0,0.0733,0.4921,0.5704,73.3231
images---2022-08-07T114900-775_jpg.rf.qgqVkaVevB5jkskTEllS.jpg,3,32,409,"(0, 354, 65, 111)",7215,0.6259,0.7206,0.4707,1.0,0.089,0.495,0.559,89.0369
images---2022-08-07T114900-775_jpg.rf.qgqVkaVevB5jkskTEllS.jpg,4,163,329,"(159, 319, 9, 20)",180,0.6403,0.7224,0.5166,1.0,0.0665,0.4918,0.5759,66.4506
images---2022-08-07T114900-775_jpg.rf.qgqVkaVevB5jkskTEllS.jpg,5,15,325,"(0, 300, 31, 50)",1550,0.6281,0.7185,0.4695,1.0,0.123,0.4921,0.4996,122.9664
images---2022-08-07T114900-775_jpg.rf.qgqVkaVevB5jkskTEllS.jpg,6,34,276,"(0, 212, 69, 128)",8832,0.6196,0.7292,0.4472,1.0,0.0787,0.5013,0.52,78.708
images---2022-08-07T114900-775_jpg.rf.qgqVkaVevB5jkskTEllS.jpg,7,79,235,"(67, 192, 24, 86)",2064,0.7084,0.9541,0.4781,1.0,0.0712,0.4992,0.3889,71.2262
images---2022-08-07T114900-775_jpg.rf.qgqVkaVevB5jkskTEllS.jpg,8,13,197,"(0, 167, 26, 61)",1586,0.6361,0.7224,0.5013,1.0,0.0782,0.4916,0.6652,78.157
images---2022-08-07T114900-775_jpg.rf.qgqVkaVevB5jkskTEllS.jpg,9,31,170,"(11, 137, 40, 67)",2680,0.6182,0.7262,0.4528,1.0,0.0555,0.4986,0.5645,55.4901
images---2022-08-07T114900-775_jpg.rf.qgqVkaVevB5jkskTEllS.jpg,10,139,130,"(96, 102, 86, 57)",4902,0.6227,0.7006,0.4939,1.0,0.0467,0.5309,0.8295,46.6539
images---2022-08-07T114900-775_jpg.rf.qgqVkaVevB5jkskTEllS.jpg,11,14,94,"(0, 53, 28, 82)",2296,0.6277,0.7084,0.5067,1.0,0.0246,0.4949,0.6521,24.6353
images---2022-08-07T114900-775_jpg.rf.qgqVkaVevB5jkskTEllS.jpg,12,241,18,"(215, 0, 53, 37)",1961,0.6187,0.7084,0.4811,1.0,0.0242,0.5101,0.9159,24.1654
images---2022-08-07T114901-171_jpg.rf.qcWSLcBnTRgnULg5wzdj.jpg,1,241,406,"(222, 397, 38, 19)",722,0.5004,0.3087,0.5155,1.0,0.1191,0.5001,0.6484,119.1436
images---2022-08-07T114901-171_jpg.rf.qcWSLcBnTRgnULg5wzdj.jpg,2,236,377,"(220, 362, 33, 31)",1023,0.4885,0.3158,0.4703,1.0,0.1339,0.5185,0.7292,133.9235
images---2022-08-07T114901-171_jpg.rf.qcWSLcBnTRgnULg5wzdj.jpg,3,210,349,"(197, 341, 26, 16)",416,0.6441,0.6239,0.4973,1.0,0.5173,0.5298,0.3966,517.2604
images---2022-08-07T114901-171_jpg.rf.qcWSLcBnTRgnULg5wzdj.jpg,4,175,314,"(164, 295, 23, 38)",874,0.5039,0.3061,0.4715,1.0,0.3171,0.5068,0.6691,317.0927
images---2022-08-07T114901-171_jpg.rf.qcWSLcBnTRgnULg5wzdj.jpg,5,312,281,"(306, 269, 13, 24)",312,0.5075,0.3068,0.5394,1.0,0.1135,0.5108,0.5244,113.5174
images---2022-08-07T114901-171_jpg.rf.qcWSLcBnTRgnULg5wzdj.jpg,6,274,283,"(254, 257, 41, 53)",2173,0.703,0.8915,0.474,1.0,0.2508,0.5237,0.4589,250.8328
images---2022-08-07T114901-171_jpg.rf.qcWSLcBnTRgnULg5wzdj.jpg,7,488,28,"(465, 0, 47, 57)",2679,0.5348,1.0,0.4874,0.0689,0.004,0.5055,0.0138,4.0498
images---2022-08-07T114901-171_jpg.rf.qcWSLcBnTRgnULg5wzdj.jpg,8,416,17,"(381, 0, 71, 35)",2485,0.7286,1.0,0.5088,1.0,0.0052,0.5092,0.2163,5.1803
images---2022-08-07T114901-351_jpg.rf.oDhG6JaUDiorraYbjhfn.jpg,1,224,418,"(212, 410, 24, 17)",408,0.7257,0.9627,0.4994,1.0,0.139,0.5111,0.5766,139.0433
images---2022-08-07T114901-351_jpg.rf.oDhG6JaUDiorraYbjhfn.jpg,2,200,411,"(196, 406, 9, 11)",99,0.7281,0.9616,0.4941,1.0,0.1864,0.507,0.236,186.4298
images---2022-08-07T114901-351_jpg.rf.oDhG6JaUDiorraYbjhfn.jpg,3,310,357,"(303, 349, 15, 17)",255,0.4977,0.2985,0.5331,1.0,0.0668,0.5029,0.4662,66.8413
images---2022-08-07T114901-351_jpg.rf.oDhG6JaUDiorraYbjhfn.jpg,4,242,365,"(231, 348, 22, 35)",770,0.4538,0.3113,0.4992,0.6477,0.4055,0.495,0.1295,405.5394
images---2022-08-07T114901-351_jpg.rf.oDhG6JaUDiorraYbjhfn.jpg,5,233,210,"(219, 196, 28, 29)",812,0.4624,0.1445,0.542,1.0,0.2214,0.5023,0.3067,221.352
images---2022-08-07T114901-351_jpg.rf.oDhG6JaUDiorraYbjhfn.jpg,6,342,95,"(326, 74, 33, 42)",1386,0.5706,0.5485,0.5025,1.0,0.0279,0.5053,0.3691,27.8753
images---2022-08-07T114901-558_jpg.rf.iKdEGh55Qd6JuSI1s8ev.jpg,1,293,307,"(281, 298, 24, 18)",432,0.4781,0.2751,0.4849,1.0,0.1211,0.4993,0.8167,121.0618
images---2022-08-07T114901-558_jpg.rf.iKdEGh55Qd6JuSI1s8ev.jpg,2,229,322,"(207, 285, 44, 74)",3256,0.4757,0.2791,0.5028,1.0,0.0199,0.5053,0.9203,19.9338
images---2022-08-07T114901-558_jpg.rf.iKdEGh55Qd6JuSI1s8ev.jpg,3,379,226,"(373, 202, 13, 49)",637,0.4818,0.2882,0.5003,1.0,0.0584,0.5025,0.5292,58.3829
images---2022-08-07T114901-596_jpg.rf.glnY8uKhMSiZv7rDbSgx.jpg,1,395,496,"(384, 491, 23, 11)",253,0.7282,0.9538,0.5434,1.0,0.042,0.5057,0.4224,42.0001
images---2022-08-07T114901-596_jpg.rf.glnY8uKhMSiZv7rDbSgx.jpg,2,320,279,"(317, 272, 7, 15)",105,0.7452,0.9688,0.482,1.0,0.3747,0.5073,0.4659,374.7476
images---2022-08-07T114901-886_jpg.rf.LKwYmf5v7XfVGoTiZH8q.jpg,1,298,471,"(293, 467, 11, 8)",88,0.6522,0.7224,0.479,1.0,0.317,0.509,0.6717,316.985
images---2022-08-07T114901-886_jpg.rf.LKwYmf5v7XfVGoTiZH8q.jpg,2,47,471,"(38, 466, 19, 10)",190,0.6521,0.7206,0.5235,1.0,0.1662,0.5077,0.6584,166.2375
images---2022-08-07T114901-886_jpg.rf.LKwYmf5v7XfVGoTiZH8q.jpg,3,447,469,"(440, 463, 15, 13)",195,0.65,0.7284,0.4844,1.0,0.2555,0.5105,0.683,255.5374
images---2022-08-07T114901-886_jpg.rf.LKwYmf5v7XfVGoTiZH8q.jpg,4,93,406,"(87, 398, 12, 16)",192,0.6355,0.7136,0.5272,1.0,0.0126,0.5113,0.8586,12.6366
images---2022-08-07T114901-886_jpg.rf.LKwYmf5v7XfVGoTiZH8q.jpg,5,93,225,"(34, 173, 119, 105)",12495,0.6043,0.6605,0.4673,1.0,0.0956,0.5231,0.5618,95.5551
images---2022-08-07T114901-886_jpg.rf.LKwYmf5v7XfVGoTiZH8q.jpg,6,376,54,"(366, 45, 20, 18)",360,0.7143,0.9511,0.508,1.0,0.0359,0.5075,0.9729,35.9146
images---2022-08-07T114902-037_jpg.rf.JqVPUzUvGuYoJvxmFpvZ.jpg,1,404,311,"(389, 288, 30, 46)",1380,0.4538,0.0271,0.5315,1.0,0.5829,0.5142,0.5505,582.8938
images---2022-08-07T114902-037_jpg.rf.JqVPUzUvGuYoJvxmFpvZ.jpg,2,109,281,"(84, 256, 50, 50)",2500,0.5485,0.3037,0.5157,1.0,0.6172,0.5084,0.4329,617.1795
images---2022-08-07T114902-037_jpg.rf.JqVPUzUvGuYoJvxmFpvZ.jpg,3,167,222,"(161, 209, 12, 26)",312,0.5593,0.3037,0.5222,1.0,0.7021,0.5047,0.4079,702.102
images---2022-08-07T114902-037_jpg.rf.JqVPUzUvGuYoJvxmFpvZ.jpg,4,182,184,"(169, 171, 27, 27)",729,0.4791,0.0271,0.4845,1.0,1.0,0.5024,0.4458,1041.3938
images---2022-08-07T114902-037_jpg.rf.JqVPUzUvGuYoJvxmFpvZ.jpg,5,376,173,"(368, 164, 16, 18)",288,0.4532,0.0271,0.5313,1.0,0.5776,0.4993,0.3976,577.5673
images---2022-08-07T114902-037_jpg.rf.JqVPUzUvGuYoJvxmFpvZ.jpg,6,218,136,"(207, 129, 22, 14)",308,0.4519,0.0271,0.5045,1.0,0.6584,0.5012,0.4038,658.3872
images---2022-08-07T114902-037_jpg.rf.JqVPUzUvGuYoJvxmFpvZ.jpg,7,332,133,"(319, 116, 27, 34)",918,0.4633,0.0271,0.4926,1.0,0.8142,0.4936,0.3344,814.2058
images---2022-08-07T114902-338_jpg.rf.W5xkfmoyvatDySEWDFx7.jpg,1,231,470,"(224, 466, 14, 9)",126,0.5396,0.3127,0.4799,1.0,0.6215,0.5087,0.2656,621.5306
images---2022-08-07T114902-338_jpg.rf.W5xkfmoyvatDySEWDFx7.jpg,2,427,80,"(419, 59, 17, 42)",714,0.5055,0.9499,0.4932,0.0,0.004,0.4963,0.0,3.9654
images---2022-08-07T114902-338_jpg.rf.W5xkfmoyvatDySEWDFx7.jpg,3,20,42,"(0, 24, 41, 36)",1476,0.7103,0.9314,0.5244,0.9929,0.0222,0.502,0.1986,22.1923
images---2022-08-07T114902-338_jpg.rf.W5xkfmoyvatDySEWDFx7.jpg,4,265,32,"(242, 15, 46, 34)",1564,0.7192,0.9499,0.5318,1.0,0.0059,0.5074,0.5712,5.9347
images---2022-08-07T114902-338_jpg.rf.W5xkfmoyvatDySEWDFx7.jpg,5,244,20,"(228, 13, 33, 15)",495,0.7283,0.9499,0.5549,1.0,0.0159,0.503,0.9358,15.8717
images---2022-08-07T114902-338_jpg.rf.W5xkfmoyvatDySEWDFx7.jpg,6,425,27,"(419, 0, 13, 54)",702,0.5046,0.9411,0.4997,0.0,0.003,0.5003,0.0,3.0352
images---2022-08-07T114902-338_jpg.rf.W5xkfmoyvatDySEWDFx7.jpg,7,365,3,"(356, 0, 18, 7)",126,0.5065,0.9569,0.4892,0.0,0.0039,0.492,0.0,3.8731
images---2022-08-07T114902-338_jpg.rf.W5xkfmoyvatDySEWDFx7.jpg,8,148,9,"(136, 0, 25, 19)",475,0.5137,0.9569,0.5098,0.0,0.0038,0.4967,0.0,3.7717
images---2022-08-07T114902-786_jpg.rf.HhjUwIAfvBmyVGO3GbXg.jpg,1,476,498,"(446, 484, 60, 28)",1680,0.4599,0.4402,0.5244,0.5719,0.0791,0.5062,0.1144,79.1158
images---2022-08-07T114902-786_jpg.rf.HhjUwIAfvBmyVGO3GbXg.jpg,2,143,294,"(131, 284, 25, 20)",500,0.7226,0.9568,0.4809,1.0,0.1939,0.5136,0.5929,193.8847
images---2022-08-07T114902-786_jpg.rf.HhjUwIAfvBmyVGO3GbXg.jpg,3,397,187,"(387, 181, 21, 12)",252,0.7194,0.9606,0.4992,1.0,0.0845,0.5075,0.798,84.5291
images---2022-08-07T114902-786_jpg.rf.HhjUwIAfvBmyVGO3GbXg.jpg,4,342,166,"(333, 155, 18, 23)",414,0.7179,0.9552,0.5076,1.0,0.0594,0.5086,0.8,59.358
images---2022-08-07T114902-851_jpg.rf.PVxErnLGtrsxfx8HBchN.jpg,1,318,327,"(310, 311, 17, 32)",544,0.7122,0.9511,0.5002,1.0,0.0428,0.5064,0.7531,42.7847
images---2022-08-07T114902-851_jpg.rf.PVxErnLGtrsxfx8HBchN.jpg,2,121,299,"(77, 243, 89, 112)",9968,0.5267,0.3179,0.4863,1.0,0.4517,0.5128,0.4701,451.6675
images---2022-08-07T114902-851_jpg.rf.PVxErnLGtrsxfx8HBchN.jpg,3,390,302,"(336, 239, 108, 127)",13716,0.5255,0.3179,0.4897,1.0,0.4286,0.5248,0.5985,428.6471
images---2022-08-07T114903-194_jpg.rf.X92bE1PwxtSf3nmU8nf9.jpg,1,333,462,"(298, 444, 71, 36)",2556,0.5245,0.3037,0.5038,1.0,0.4188,0.5264,0.3409,418.7878
images---2022-08-07T114903-194_jpg.rf.X92bE1PwxtSf3nmU8nf9.jpg,2,334,132,"(285, 76, 99, 112)",11088,0.4696,0.2912,0.4707,1.0,0.029,0.5146,0.5648,29.0434
images---2022-08-07T114903-194_jpg.rf.X92bE1PwxtSf3nmU8nf9.jpg,3,462,89,"(433, 27, 58, 125)",7250,0.4778,0.2944,0.4902,1.0,0.0319,0.5207,0.4812,31.9277
images---2022-08-07T114903-271_jpg.rf.XOPUNag0IcDR7CgOxSxe.jpg,1,310,502,"(305, 493, 10, 19)",190,0.5611,0.5192,0.5058,1.0,0.0236,0.4993,0.4218,23.5614
images---2022-08-07T114903-271_jpg.rf.XOPUNag0IcDR7CgOxSxe.jpg,2,117,391,"(111, 381, 12, 20)",240,0.5301,0.3037,0.497,1.0,0.499,0.51,0.2995,499.0493
images---2022-08-07T114903-271_jpg.rf.XOPUNag0IcDR7CgOxSxe.jpg,3,298,352,"(276, 223, 45, 259)",11655,0.4946,0.3127,0.4951,1.0,0.1186,0.5109,0.5522,118.5571
images---2022-08-07T114903-416_jpg.rf.vAm6jHp53SeWeihHiGM7.jpg,1,415,354,"(383, 341, 64, 27)",1728,0.4806,0.2968,0.4774,1.0,0.0965,0.5229,0.4477,96.468
images---2022-08-07T114903-416_jpg.rf.vAm6jHp53SeWeihHiGM7.jpg,2,311,285,"(304, 277, 14, 16)",224,0.5222,0.3113,0.4963,1.0,0.3946,0.51,0.2843,394.632
images---2022-08-07T114903-416_jpg.rf.vAm6jHp53SeWeihHiGM7.jpg,3,184,168,"(174, 149, 20, 38)",760,0.4899,0.2985,0.4909,1.0,0.136,0.5233,0.4512,136.0034
images---2022-08-07T114903-416_jpg.rf.vAm6jHp53SeWeihHiGM7.jpg,4,109,38,"(101, 20, 16, 37)",592,0.4961,0.2985,0.4989,1.0,0.1698,0.5198,0.312,169.7964
images---2022-08-07T114903-553_jpg.rf.ICr0QXI3Rp5mauYepu2a.jpg,1,213,405,"(207, 400, 13, 11)",143,0.5889,0.5308,0.5157,1.0,0.2257,0.5026,0.2678,225.6708
images---2022-08-07T114903-553_jpg.rf.ICr0QXI3Rp5mauYepu2a.jpg,2,262,403,"(258, 397, 9, 13)",117,0.7046,0.8911,0.5209,1.0,0.1037,0.5053,0.6648,103.6868
images---2022-08-07T114903-553_jpg.rf.ICr0QXI3Rp5mauYepu2a.jpg,3,266,384,"(258, 378, 17, 12)",204,0.5129,0.3127,0.5116,1.0,0.2444,0.5097,0.6925,244.3833
images---2022-08-07T114903-553_jpg.rf.ICr0QXI3Rp5mauYepu2a.jpg,4,67,381,"(61, 377, 13, 9)",117,0.5197,0.3127,0.5065,1.0,0.3295,0.5154,0.8876,329.4635
images---2022-08-07T114903-553_jpg.rf.ICr0QXI3Rp5mauYepu2a.jpg,5,80,368,"(74, 363, 13, 11)",143,0.6965,0.725,0.4857,1.0,0.7273,0.52,0.7096,727.2948
images---2022-08-07T114903-553_jpg.rf.ICr0QXI3Rp5mauYepu2a.jpg,6,50,381,"(0, 312, 101, 139)",14039,0.4966,0.311,0.5007,1.0,0.1253,0.5276,0.8221,125.2725
images---2022-08-07T114903-553_jpg.rf.ICr0QXI3Rp5mauYepu2a.jpg,7,88,333,"(71, 308, 34, 51)",1734,0.4995,0.3127,0.4814,1.0,0.2154,0.5186,0.7574,215.3938
images---2022-08-07T114903-553_jpg.rf.ICr0QXI3Rp5mauYepu2a.jpg,8,63,248,"(29, 197, 69, 103)",7107,0.4842,0.2918,0.5018,1.0,0.0647,0.5203,0.9097,64.6741
images---2022-08-07T114903-553_jpg.rf.ICr0QXI3Rp5mauYepu2a.jpg,9,357,165,"(352, 153, 10, 25)",250,0.4942,0.2985,0.5266,1.0,0.054,0.5035,0.5983,53.9947
images---2022-08-07T114903-730_jpg.rf.INJBbZa3s6hZz0LRSK4z.jpg,1,494,80,"(486, 73, 16, 14)",224,0.6871,0.8843,0.4786,1.0,0.1009,0.5029,0.6593,100.9307
images---2022-08-07T114903-730_jpg.rf.INJBbZa3s6hZz0LRSK4z.jpg,2,482,6,"(475, 0, 14, 12)",168,0.4908,0.3127,0.4985,1.0,0.069,0.5044,0.8013,69.0075
images---2022-08-07T114904-322_jpg.rf.tK5XTRzzhDqTYKH531U1.jpg,1,418,425,"(410, 414, 17, 22)",374,0.6929,0.8911,0.479,1.0,0.1339,0.5134,0.3114,133.9476
images---2022-08-07T114904-322_jpg.rf.tK5XTRzzhDqTYKH531U1.jpg,2,483,408,"(473, 402, 21, 13)",273,0.4541,0.6009,0.5094,0.2364,0.1824,0.5121,0.0473,182.4014
images---2022-08-07T114904-322_jpg.rf.tK5XTRzzhDqTYKH531U1.jpg,3,344,425,"(323, 399, 42, 53)",2226,0.5799,0.5485,0.4798,0.9915,0.2173,0.5207,0.1983,217.2966
images---2022-08-07T114904-322_jpg.rf.tK5XTRzzhDqTYKH531U1.jpg,4,60,409,"(56, 397, 8, 24)",192,0.7393,0.9435,0.5488,1.0,0.1704,0.5033,0.775,170.4061
images---2022-08-07T114904-322_jpg.rf.tK5XTRzzhDqTYKH531U1.jpg,5,84,398,"(80, 392, 9, 13)",117,0.5025,0.5284,0.5688,0.5048,0.1751,0.5079,0.101,175.1042
images---2022-08-07T114904-322_jpg.rf.tK5XTRzzhDqTYKH531U1.jpg,6,37,390,"(28, 368, 18, 45)",810,0.5116,0.3061,0.5269,1.0,0.2002,0.5103,0.4345,200.1815
images---2022-08-07T114904-322_jpg.rf.tK5XTRzzhDqTYKH531U1.jpg,7,178,397,"(163, 359, 31, 77)",2387,0.5787,0.5473,0.5049,1.0,0.1039,0.528,0.3974,103.874
images---2022-08-07T114904-322_jpg.rf.tK5XTRzzhDqTYKH531U1.jpg,8,294,303,"(290, 297, 8, 12)",96,0.6926,0.6239,0.4978,1.0,1.0,0.5154,0.3125,1201.0535
images---2022-08-07T114904-322_jpg.rf.tK5XTRzzhDqTYKH531U1.jpg,9,119,269,"(114, 262, 11, 14)",154,0.5091,0.3134,0.507,1.0,0.2198,0.513,0.2458,219.8137
images---2022-08-07T114904-322_jpg.rf.tK5XTRzzhDqTYKH531U1.jpg,10,24,266,"(17, 257, 14, 18)",252,0.5221,0.3127,0.5318,1.0,0.2653,0.5159,0.2423,265.3366
images---2022-08-07T114904-322_jpg.rf.tK5XTRzzhDqTYKH531U1.jpg,11,194,268,"(180, 237, 28, 63)",1764,0.591,0.5497,0.4945,1.0,0.2552,0.5209,0.3743,255.2352
images---2022-08-07T114904-322_jpg.rf.tK5XTRzzhDqTYKH531U1.jpg,12,63,255,"(54, 231, 18, 48)",864,0.5767,0.5538,0.4681,1.0,0.1908,0.5181,0.3439,190.8231
images---2022-08-07T114904-322_jpg.rf.tK5XTRzzhDqTYKH531U1.jpg,13,452,246,"(427, 208, 51, 77)",3927,0.5796,0.5473,0.5028,1.0,0.1207,0.5172,0.4739,120.7069
images---2022-08-07T114904-322_jpg.rf.tK5XTRzzhDqTYKH531U1.jpg,14,485,218,"(479, 198, 12, 40)",480,0.5152,0.3179,0.5205,1.0,0.2175,0.5182,0.3846,217.4812
images---2022-08-07T114904-322_jpg.rf.tK5XTRzzhDqTYKH531U1.jpg,15,189,61,"(170, 48, 38, 27)",1026,0.5854,0.5473,0.505,1.0,0.1709,0.5103,0.3072,170.8637
images---2022-08-07T114904-322_jpg.rf.tK5XTRzzhDqTYKH531U1.jpg,16,226,44,"(208, 21, 37, 46)",1702,0.4951,0.3127,0.4931,1.0,0.1304,0.5206,0.3575,130.4096
images---2022-08-07T114904-322_jpg.rf.tK5XTRzzhDqTYKH531U1.jpg,17,447,54,"(416, 19, 62, 70)",4340,0.5278,0.3828,0.4816,1.0,0.2524,0.5115,0.3136,252.4493
images---2022-08-07T114904-322_jpg.rf.tK5XTRzzhDqTYKH531U1.jpg,18,323,53,"(302, 16, 42, 75)",3150,0.5887,0.5497,0.4754,1.0,0.2992,0.5105,0.3619,299.1772
images---2022-08-07T114904-322_jpg.rf.tK5XTRzzhDqTYKH531U1.jpg,19,56,38,"(15, 0, 83, 77)",6391,0.4958,0.3127,0.4803,1.0,0.1825,0.5149,0.478,182.521
images---2022-08-07T114904-627_jpg.rf.jarfOTgwY3ZMLfmd57XT.jpg,1,4,148,"(0, 140, 8, 17)",136,0.607,0.535,0.5329,1.0,0.3326,0.4955,0.3744,332.5502
images---2022-08-07T114904-627_jpg.rf.jarfOTgwY3ZMLfmd57XT.jpg,2,202,28,"(193, 11, 18, 34)",612,0.4584,0.0316,0.497,1.0,0.7334,0.4939,0.4616,733.4414
images---2022-08-07T114904-627_jpg.rf.jarfOTgwY3ZMLfmd57XT.jpg,3,148,33,"(115, 0, 67, 66)",4422,0.5937,0.5486,0.4776,1.0,0.3457,0.5081,0.3852,345.7238
images---2022-08-07T114904-725_jpg.rf.mlyqLycou4EwFAj055Mb.jpg,1,133,274,"(125, 268, 17, 12)",204,0.4681,0.0323,0.5124,1.0,0.7742,0.5036,0.5632,774.1982
images---2022-08-07T114904-725_jpg.rf.mlyqLycou4EwFAj055Mb.jpg,2,507,143,"(502, 138, 10, 11)",110,0.4732,0.0323,0.4916,1.0,0.8986,0.4939,0.5272,898.6389
images---2022-08-07T114904-794_jpg.rf.k3lkCcgbooumkpJxPHMv.jpg,1,261,320,"(257, 313, 9, 14)",126,0.661,0.6967,0.4976,1.0,0.4298,0.5203,0.3846,429.7835
images---2022-08-07T114905-036_jpg.rf.vVRrWCBlqFJTDXURsYJ8.jpg,1,265,96,"(259, 87, 13, 18)",234,0.7344,0.9544,0.5042,1.0,0.2388,0.4963,0.256,238.8331
images---2022-08-07T114905-203_jpg.rf.jH6RaMIhO552NCKetDBV.jpg,1,315,374,"(310, 367, 10, 14)",140,0.5644,0.3037,0.488,1.0,0.8736,0.5165,0.2133,873.6253
images---2022-08-07T114905-203_jpg.rf.jH6RaMIhO552NCKetDBV.jpg,2,189,343,"(184, 337, 11, 12)",132,0.8082,0.9544,0.4976,1.0,1.0,0.5038,0.2899,1118.7146
images---2022-08-07T114905-448_jpg.rf.TKlsyCNq5K5AUZ3lbEUQ.jpg,1,119,441,"(109, 426, 20, 31)",620,0.6351,0.7247,0.4997,1.0,0.0654,0.5001,0.7304,65.3985
images---2022-08-07T114905-448_jpg.rf.TKlsyCNq5K5AUZ3lbEUQ.jpg,2,43,425,"(32, 418, 23, 14)",322,0.6392,0.723,0.512,1.0,0.0702,0.4985,0.8912,70.2143
images---2022-08-07T114905-448_jpg.rf.TKlsyCNq5K5AUZ3lbEUQ.jpg,3,333,268,"(326, 260, 15, 16)",240,0.6365,0.7343,0.48,1.0,0.1148,0.504,0.795,114.7984
images---2022-08-07T114905-448_jpg.rf.TKlsyCNq5K5AUZ3lbEUQ.jpg,4,214,177,"(202, 158, 24, 38)",912,0.5232,0.5549,0.5315,0.3667,0.6957,0.4988,0.0733,695.7253
images---2022-08-07T114905-448_jpg.rf.TKlsyCNq5K5AUZ3lbEUQ.jpg,5,321,49,"(309, 32, 24, 34)",816,0.5379,0.3179,0.5064,1.0,0.4939,0.5088,0.3786,493.8837
images---2022-08-07T114905-448_jpg.rf.TKlsyCNq5K5AUZ3lbEUQ.jpg,6,451,77,"(418, 19, 66, 117)",7722,0.5003,0.3179,0.488,1.0,0.1823,0.5123,0.4205,182.336
images---2022-08-07T114905-581_jpg.rf.FNyrsXB94cbyxNoDxQOp.jpg,1,186,429,"(177, 422, 19, 14)",266,0.7339,0.9715,0.4729,1.0,0.2835,0.5067,0.4653,283.5001
images---2022-08-07T114905-581_jpg.rf.FNyrsXB94cbyxNoDxQOp.jpg,2,223,411,"(216, 405, 14, 12)",168,0.7356,0.9684,0.5097,1.0,0.1827,0.5028,0.7147,182.6604
images---2022-08-07T114905-581_jpg.rf.FNyrsXB94cbyxNoDxQOp.jpg,3,227,337,"(201, 293, 53, 88)",4664,0.5011,0.3127,0.4692,1.0,0.2743,0.5295,0.6605,274.324
images---2022-08-07T114905-581_jpg.rf.FNyrsXB94cbyxNoDxQOp.jpg,4,248,280,"(244, 272, 9, 17)",153,0.7485,0.9715,0.5228,1.0,0.2552,0.5027,0.4729,255.1626
images---2022-08-07T114905-581_jpg.rf.FNyrsXB94cbyxNoDxQOp.jpg,5,222,269,"(214, 259, 17, 20)",340,0.7402,0.9606,0.5409,1.0,0.1463,0.504,0.5711,146.3244
images---2022-08-07T114905-581_jpg.rf.FNyrsXB94cbyxNoDxQOp.jpg,6,175,198,"(163, 176, 24, 44)",1056,0.4564,0.0316,0.4834,1.0,0.7618,0.5109,0.5476,761.7507
images---2022-08-07T114905-581_jpg.rf.FNyrsXB94cbyxNoDxQOp.jpg,7,86,122,"(83, 116, 7, 12)",84,0.5077,0.3127,0.5299,1.0,0.128,0.5075,0.6732,127.9871
images---2022-08-07T114905-581_jpg.rf.FNyrsXB94cbyxNoDxQOp.jpg,8,136,112,"(128, 103, 16, 18)",288,0.7112,0.9606,0.4769,1.0,0.0807,0.5075,0.244,80.738
images---2022-08-07T114905-581_jpg.rf.FNyrsXB94cbyxNoDxQOp.jpg,9,66,74,"(53, 49, 27, 51)",1377,0.5007,0.3127,0.4863,1.0,0.2105,0.5305,0.5934,210.5144
images---2022-08-07T114905-581_jpg.rf.FNyrsXB94cbyxNoDxQOp.jpg,10,104,69,"(81, 43, 47, 53)",2491,0.5029,0.3127,0.4802,1.0,0.254,0.5256,0.5692,253.9718
images---2022-08-07T114905-581_jpg.rf.FNyrsXB94cbyxNoDxQOp.jpg,11,96,26,"(90, 17, 12, 18)",216,0.5105,0.3037,0.4799,1.0,0.3623,0.5073,0.4306,362.3068
images---2022-08-07T114905-692_jpg.rf.o9wGVqt93EOspqVgMgrt.jpg,1,232,131,"(227, 122, 11, 18)",198,0.4855,0.2882,0.4634,1.0,0.2248,0.5037,0.8942,224.8326
images---2022-08-07T114905-692_jpg.rf.o9wGVqt93EOspqVgMgrt.jpg,2,343,142,"(292, 97, 102, 90)",9180,0.5294,0.3179,0.4929,1.0,0.4559,0.5128,0.5944,455.93
images---2022-08-07T114906-050_jpg.rf.cYDqeqtId9Xyx0bhyuMC.jpg,1,27,375,"(0, 356, 55, 38)",2090,0.5714,0.5327,0.5103,1.0,0.0632,0.5068,0.6043,63.2097
images---2022-08-07T114906-050_jpg.rf.cYDqeqtId9Xyx0bhyuMC.jpg,2,217,322,"(208, 306, 19, 32)",608,0.5804,0.5445,0.5139,1.0,0.0992,0.5044,0.4252,99.2237
images---2022-08-07T114906-050_jpg.rf.cYDqeqtId9Xyx0bhyuMC.jpg,3,75,340,"(12, 291, 126, 98)",12348,0.5598,0.5327,0.4731,1.0,0.0777,0.5118,0.6181,77.7158
images---2022-08-07T114906-050_jpg.rf.cYDqeqtId9Xyx0bhyuMC.jpg,4,334,220,"(318, 204, 32, 32)",1024,0.508,0.3127,0.4994,1.0,0.2378,0.5125,0.7763,237.7561
images---2022-08-07T114906-050_jpg.rf.cYDqeqtId9Xyx0bhyuMC.jpg,5,352,151,"(345, 144, 14, 15)",210,0.5857,0.5445,0.521,1.0,0.1283,0.5026,0.292,128.3222
images---2022-08-07T114906-050_jpg.rf.cYDqeqtId9Xyx0bhyuMC.jpg,6,446,47,"(438, 30, 17, 35)",595,0.5154,0.3167,0.5367,1.0,0.1674,0.5109,0.8811,167.3861
images---2022-08-07T114906-086_jpg.rf.DWfp5j1atT2RHaDTPGtN.jpg,1,164,456,"(131, 441, 66, 31)",2046,0.4549,0.0203,0.5007,1.0,0.7258,0.5067,0.3784,725.7993
images---2022-08-07T114906-086_jpg.rf.DWfp5j1atT2RHaDTPGtN.jpg,2,355,136,"(349, 127, 13, 19)",247,0.6483,0.9544,0.4884,0.329,0.775,0.5036,0.0658,774.9604
images---2022-08-07T114906-086_jpg.rf.DWfp5j1atT2RHaDTPGtN.jpg,3,290,130,"(255, 72, 71, 117)",8307,0.5249,0.3179,0.4838,1.0,0.4425,0.5203,0.5687,442.4767
images---2022-08-07T114906-086_jpg.rf.DWfp5j1atT2RHaDTPGtN.jpg,4,484,43,"(456, 14, 56, 58)",3248,0.5073,0.3127,0.5088,1.0,0.1982,0.5041,0.4283,198.2243
images---2022-08-07T114906-189_jpg.rf.lgBZx4e1kDyhu9c5pfTq.jpg,1,368,446,"(364, 441, 9, 10)",90,0.494,0.2985,0.5112,1.0,0.106,0.4931,0.6061,105.9904
images---2022-08-07T114906-189_jpg.rf.lgBZx4e1kDyhu9c5pfTq.jpg,2,74,236,"(53, 221, 43, 31)",1333,0.5233,0.3127,0.5,1.0,0.3887,0.5092,0.6414,388.6787
images---2022-08-07T114906-189_jpg.rf.lgBZx4e1kDyhu9c5pfTq.jpg,3,286,72,"(281, 67, 10, 10)",100,0.5506,0.3803,0.4884,1.0,0.4655,0.51,0.438,465.5022
images---2022-08-07T114906-223_jpg.rf.07FYWWR1zkJpuSnatlGb.jpg,1,206,416,"(200, 406, 13, 20)",260,0.7086,0.9482,0.4953,1.0,0.0332,0.5062,0.2863,33.1618
images---2022-08-07T114906-223_jpg.rf.07FYWWR1zkJpuSnatlGb.jpg,2,106,392,"(98, 382, 17, 21)",357,0.715,0.9435,0.4947,1.0,0.1161,0.5034,0.2508,116.0733
images---2022-08-07T114906-223_jpg.rf.07FYWWR1zkJpuSnatlGb.jpg,3,181,377,"(175, 373, 12, 9)",108,0.7371,0.9367,0.5237,1.0,0.2598,0.5016,0.7401,259.8212
images---2022-08-07T114906-223_jpg.rf.07FYWWR1zkJpuSnatlGb.jpg,4,251,125,"(243, 113, 17, 24)",408,0.4709,0.2832,0.4836,1.0,0.0252,0.5042,0.636,25.1689
images---2022-08-07T114906-223_jpg.rf.07FYWWR1zkJpuSnatlGb.jpg,5,387,111,"(372, 96, 30, 31)",930,0.4722,0.2935,0.4678,1.0,0.0572,0.5124,0.9441,57.2007
images---2022-08-07T114906-223_jpg.rf.07FYWWR1zkJpuSnatlGb.jpg,6,332,102,"(296, 86, 72, 33)",2376,0.4604,0.2751,0.4601,1.0,0.0304,0.5191,0.818,30.4134
images---2022-08-07T114906-223_jpg.rf.07FYWWR1zkJpuSnatlGb.jpg,7,430,71,"(417, 63, 26, 16)",416,0.4937,0.5242,0.5059,0.6391,0.0537,0.5029,0.1278,53.7345
images---2022-08-07T114906-289_jpg.rf.04Ok17KHuHXMrTS0nviD.jpg,1,258,315,"(246, 308, 24, 14)",336,0.6133,0.7006,0.478,1.0,0.0079,0.5149,0.7115,7.9237
images---2022-08-07T114906-289_jpg.rf.04Ok17KHuHXMrTS0nviD.jpg,2,227,323,"(219, 307, 17, 33)",561,0.4684,0.2893,0.4744,1.0,0.0112,0.5154,0.7579,11.1556
images---2022-08-07T114906-333_jpg.rf.bLAjhzgfe0cZHDNfwdWn.jpg,1,394,450,"(384, 443, 20, 15)",300,0.578,0.9576,0.4797,0.2778,0.1937,0.4988,0.0556,193.6707
images---2022-08-07T114906-333_jpg.rf.bLAjhzgfe0cZHDNfwdWn.jpg,2,193,369,"(187, 365, 12, 8)",96,0.5395,0.3127,0.4949,1.0,0.5682,0.5069,0.3021,568.1697
images---2022-08-07T114906-333_jpg.rf.bLAjhzgfe0cZHDNfwdWn.jpg,3,153,344,"(131, 309, 45, 70)",3150,0.5586,0.3179,0.5044,1.0,0.7084,0.5269,0.4042,708.4128
images---2022-08-07T114906-333_jpg.rf.bLAjhzgfe0cZHDNfwdWn.jpg,4,261,280,"(232, 253, 58, 55)",3190,0.6162,0.6665,0.4746,1.0,0.1681,0.5061,0.5974,168.0761
images---2022-08-07T114906-333_jpg.rf.bLAjhzgfe0cZHDNfwdWn.jpg,5,297,232,"(282, 220, 31, 25)",775,0.5256,0.3804,0.5005,1.0,0.1729,0.5263,0.6706,172.9129
images---2022-08-07T114906-333_jpg.rf.bLAjhzgfe0cZHDNfwdWn.jpg,6,355,201,"(324, 170, 62, 62)",3844,0.4951,0.3127,0.4672,1.0,0.2214,0.5099,0.2613,221.3604
images---2022-08-07T114906-333_jpg.rf.bLAjhzgfe0cZHDNfwdWn.jpg,7,280,86,"(270, 75, 21, 23)",483,0.7311,0.9684,0.5275,1.0,0.076,0.5089,0.7896,76.0317
images---2022-08-07T114906-333_jpg.rf.bLAjhzgfe0cZHDNfwdWn.jpg,8,231,76,"(227, 69, 9, 14)",126,0.511,0.3755,0.473,1.0,0.1409,0.5131,0.6996,140.8877
images---2022-08-07T114906-453_jpg.rf.p1JaQqCksZXve6jcZTRU.jpg,1,476,439,"(473, 433, 7, 12)",84,0.5635,0.3051,0.5604,1.0,0.6055,0.5003,0.2544,605.5285
images---2022-08-07T114906-453_jpg.rf.p1JaQqCksZXve6jcZTRU.jpg,2,375,317,"(363, 310, 24, 14)",336,0.7386,0.9715,0.5006,1.0,0.2335,0.5019,0.6603,233.544
images---2022-08-07T114906-453_jpg.rf.p1JaQqCksZXve6jcZTRU.jpg,3,393,213,"(376, 202, 34, 22)",748,0.7402,0.9631,0.4943,1.0,0.3007,0.5097,0.6445,300.6737
images---2022-08-07T114906-453_jpg.rf.p1JaQqCksZXve6jcZTRU.jpg,4,256,211,"(242, 200, 29, 22)",638,0.5253,0.3037,0.4862,1.0,0.4885,0.5146,0.4534,488.4537
images--10-_jpg.rf.PDFV9TgWMCARN1Ctw4Mw.jpg,1,456,419,"(447, 406, 18, 26)",468,0.5087,0.2984,0.5658,1.0,0.0622,0.5039,0.5886,62.1914
images--10-_jpg.rf.PDFV9TgWMCARN1Ctw4Mw.jpg,2,348,127,"(345, 121, 7, 13)",91,0.5054,0.3073,0.473,1.0,0.323,0.4913,0.7684,322.9882
images--10-_jpg.rf.PDFV9TgWMCARN1Ctw4Mw.jpg,3,343,85,"(332, 68, 22, 34)",748,0.4849,0.0271,0.501,1.0,1.0,0.5046,0.7711,1023.2231
images--12-_jpg.rf.136vDLJADP8rRQcjGv4Q.jpg,1,239,58,"(230, 48, 18, 21)",378,0.4695,0.2825,0.4605,1.0,0.0945,0.5084,0.8313,94.4537
images--2-_jpg.rf.MecO9sjynMF7SCobDRtc.jpg,1,244,400,"(238, 394, 13, 13)",169,0.4725,0.0277,0.5053,1.0,0.8595,0.5053,0.2624,859.4729
images--2-_jpg.rf.MecO9sjynMF7SCobDRtc.jpg,2,329,167,"(323, 159, 12, 16)",192,0.6508,0.5389,0.5384,1.0,0.7372,0.5126,0.3244,737.1538
images--20-_jpg.rf.NyXwNZu8MdnVtisMreiH.jpg,1,150,500,"(138, 489, 24, 23)",552,0.7063,0.9499,0.4936,1.0,0.0107,0.4984,0.7644,10.7072
images--20-_jpg.rf.NyXwNZu8MdnVtisMreiH.jpg,2,84,479,"(69, 474, 30, 10)",300,0.7117,0.9499,0.5092,1.0,0.0096,0.4941,0.8853,9.6155
images--20-_jpg.rf.NyXwNZu8MdnVtisMreiH.jpg,3,281,477,"(184, 455, 195, 44)",8580,0.7099,0.9473,0.5039,1.0,0.02,0.523,0.8634,20.0317
images--20-_jpg.rf.NyXwNZu8MdnVtisMreiH.jpg,4,324,406,"(311, 396, 26, 20)",520,0.7194,0.9703,0.5083,1.0,0.0192,0.5163,1.0,19.1562
images--33-_jpg.rf.IqE3mWPW6890Hr8j8Tc7.jpg,1,187,205,"(170, 191, 34, 29)",986,0.4733,0.0271,0.4679,1.0,1.0,0.4981,0.6347,1578.4248
images--33-_jpg.rf.IqE3mWPW6890Hr8j8Tc7.jpg,2,131,167,"(112, 155, 38, 25)",950,0.661,0.5535,0.4778,1.0,1.0,0.5139,0.5373,1129.0298
images--33-_jpg.rf.IqE3mWPW6890Hr8j8Tc7.jpg,3,93,136,"(85, 130, 17, 13)",221,0.6861,0.8803,0.4969,1.0,0.0411,0.5121,0.9352,41.0833
images--33-_jpg.rf.IqE3mWPW6890Hr8j8Tc7.jpg,4,68,91,"(46, 79, 45, 24)",1080,0.6296,0.726,0.4937,1.0,0.0267,0.5141,0.8533,26.662
images--37-_jpg.rf.Z23qsOT6flVyKyeFITtA.jpg,1,28,502,"(20, 493, 17, 19)",323,0.4628,0.2864,0.4636,1.0,0.0035,0.5005,1.0,3.4526
images--37-_jpg.rf.Z23qsOT6flVyKyeFITtA.jpg,2,500,492,"(489, 473, 23, 39)",897,0.4734,0.2825,0.4928,1.0,0.0207,0.4939,0.7579,20.7201
images--37-_jpg.rf.Z23qsOT6flVyKyeFITtA.jpg,3,244,472,"(214, 433, 61, 79)",4819,0.4752,0.3085,0.466,1.0,0.0408,0.5242,0.9373,40.7842
images--37-_jpg.rf.Z23qsOT6flVyKyeFITtA.jpg,4,362,432,"(307, 352, 110, 160)",17600,0.4716,0.3036,0.4602,1.0,0.043,0.5189,0.5046,42.9723
images--37-_jpg.rf.Z23qsOT6flVyKyeFITtA.jpg,5,466,350,"(433, 307, 66, 86)",5676,0.4786,0.2845,0.5025,1.0,0.0314,0.5089,0.6692,31.3847
images--37-_jpg.rf.Z23qsOT6flVyKyeFITtA.jpg,6,53,327,"(39, 307, 29, 40)",1160,0.465,0.2827,0.4573,1.0,0.06,0.5182,0.7575,60.0104
images--37-_jpg.rf.Z23qsOT6flVyKyeFITtA.jpg,7,291,309,"(283, 303, 16, 13)",208,0.4699,0.2984,0.463,1.0,0.0345,0.5147,0.4743,34.5496
images--37-_jpg.rf.Z23qsOT6flVyKyeFITtA.jpg,8,313,255,"(301, 238, 24, 35)",840,0.4701,0.2769,0.4826,1.0,0.0424,0.5108,0.6377,42.4299
images--37-_jpg.rf.Z23qsOT6flVyKyeFITtA.jpg,9,21,265,"(0, 213, 43, 105)",4515,0.4752,0.2984,0.4774,1.0,0.0368,0.5231,0.8107,36.7691
images--37-_jpg.rf.Z23qsOT6flVyKyeFITtA.jpg,10,160,198,"(151, 185, 19, 26)",494,0.7332,0.9512,0.5357,1.0,0.1279,0.5055,0.4406,127.8689
images--37-_jpg.rf.Z23qsOT6flVyKyeFITtA.jpg,11,113,183,"(106, 175, 15, 17)",255,0.7144,0.9568,0.506,0.9898,0.0447,0.4951,0.198,44.6887
images--37-_jpg.rf.Z23qsOT6flVyKyeFITtA.jpg,12,382,211,"(356, 174, 52, 75)",3900,0.4787,0.2944,0.4838,1.0,0.063,0.5091,0.623,63.0267
images--37-_jpg.rf.Z23qsOT6flVyKyeFITtA.jpg,13,138,180,"(132, 170, 13, 20)",260,0.7167,0.9423,0.5256,1.0,0.029,0.4905,0.45,28.985
images--37-_jpg.rf.Z23qsOT6flVyKyeFITtA.jpg,14,52,177,"(40, 150, 24, 54)",1296,0.4734,0.2882,0.4769,1.0,0.056,0.506,0.9495,56.0318
images--37-_jpg.rf.Z23qsOT6flVyKyeFITtA.jpg,15,168,41,"(165, 35, 7, 13)",91,0.4704,0.2882,0.4752,1.0,0.0321,0.5058,0.9411,32.1371
images--40-_jpg.rf.GtBh22szSuNzwakXEVsz.jpg,1,260,445,"(217, 408, 86, 74)",6364,0.6916,0.6641,0.4547,1.0,1.0,0.5237,0.4084,1131.0028
images--40-_jpg.rf.GtBh22szSuNzwakXEVsz.jpg,2,353,253,"(332, 215, 42, 77)",3234,0.5778,0.3037,0.4901,1.0,1.0,0.5031,0.2772,1316.9298
images--40-_jpg.rf.GtBh22szSuNzwakXEVsz.jpg,3,355,90,"(317, 29, 76, 122)",9272,0.5575,0.3037,0.5203,1.0,0.6907,0.5146,0.4311,690.661
images--43-_jpg.rf.Zjz6Iw7Z13lSJcDi1ZTF.jpg,1,307,425,"(296, 420, 23, 11)",253,0.5211,0.3167,0.5345,1.0,0.2315,0.5119,0.9441,231.5235
images--43-_jpg.rf.Zjz6Iw7Z13lSJcDi1ZTF.jpg,2,461,251,"(451, 245, 21, 12)",252,0.5809,0.3127,0.49,1.0,1.0,0.5112,0.5379,1013.7763
images--43-_jpg.rf.Zjz6Iw7Z13lSJcDi1ZTF.jpg,3,250,252,"(244, 241, 12, 22)",264,0.5021,0.2893,0.5637,1.0,0.0348,0.5023,0.9449,34.8118
images--43-_jpg.rf.Zjz6Iw7Z13lSJcDi1ZTF.jpg,4,385,212,"(373, 201, 25, 23)",575,0.4926,0.2934,0.5282,1.0,0.0503,0.5123,0.9961,50.3137
images--43-_jpg.rf.Zjz6Iw7Z13lSJcDi1ZTF.jpg,5,301,203,"(289, 192, 24, 22)",528,0.4949,0.2942,0.5404,1.0,0.0281,0.5067,1.0,28.0865
images--43-_jpg.rf.Zjz6Iw7Z13lSJcDi1ZTF.jpg,6,343,157,"(327, 136, 33, 42)",1386,0.4811,0.2934,0.505,1.0,0.0165,0.5127,0.9815,16.477
images--43-_jpg.rf.Zjz6Iw7Z13lSJcDi1ZTF.jpg,7,509,141,"(507, 133, 5, 16)",80,0.5748,0.3154,0.5197,1.0,0.8253,0.5055,0.5,825.2977
images--43-_jpg.rf.Zjz6Iw7Z13lSJcDi1ZTF.jpg,8,140,132,"(137, 124, 7, 16)",112,0.4524,0.0278,0.5665,1.0,0.4442,0.5052,0.9417,444.1605
images--43-_jpg.rf.Zjz6Iw7Z13lSJcDi1ZTF.jpg,9,202,115,"(191, 66, 23, 98)",2254,0.5081,0.3158,0.5212,1.0,0.1518,0.5294,0.7605,151.7565
images--43-_jpg.rf.Zjz6Iw7Z13lSJcDi1ZTF.jpg,10,412,128,"(364, 60, 96, 136)",13056,0.493,0.3054,0.4961,1.0,0.1251,0.5318,0.9014,125.1403
images--44-_jpg.rf.XBSp56vzLaDRL9cesFgI.jpg,1,350,505,"(319, 498, 63, 14)",882,0.7612,0.9544,0.5505,1.0,0.3451,0.5125,0.7607,345.0768
images--44-_jpg.rf.XBSp56vzLaDRL9cesFgI.jpg,2,391,504,"(383, 497, 17, 15)",255,0.753,0.9582,0.5425,1.0,0.2778,0.5129,0.8227,277.8406
images--44-_jpg.rf.XBSp56vzLaDRL9cesFgI.jpg,3,4,423,"(0, 417, 9, 13)",117,0.6265,0.7161,0.4888,1.0,0.048,0.5078,0.728,48.0307
images--44-_jpg.rf.XBSp56vzLaDRL9cesFgI.jpg,4,151,72,"(144, 64, 14, 17)",238,0.6309,0.7144,0.515,1.0,0.0059,0.5028,0.9576,5.9218
images--46-_jpg.rf.wVyUS6RuvjkPidUUP9p4.jpg,1,182,406,"(176, 398, 12, 17)",204,0.7684,1.0,0.4762,1.0,0.5175,0.5179,0.5934,517.5363
images--46-_jpg.rf.wVyUS6RuvjkPidUUP9p4.jpg,2,179,382,"(174, 376, 11, 12)",132,0.7563,1.0,0.4885,1.0,0.3529,0.5094,0.2464,352.8954
images--46-_jpg.rf.wVyUS6RuvjkPidUUP9p4.jpg,3,507,54,"(502, 17, 10, 75)",750,0.5903,0.5538,0.5165,1.0,0.1575,0.505,0.5302,157.4793
images--46-_jpg.rf.wVyUS6RuvjkPidUUP9p4.jpg,4,409,32,"(360, 0, 98, 64)",6272,0.5662,0.5473,0.4779,1.0,0.0736,0.5212,0.4553,73.6375
images--50-_jpg.rf.LrbFPq5Iu7Qc3pl8Kbcr.jpg,1,118,224,"(84, 211, 68, 26)",1768,0.5257,0.3061,0.494,1.0,0.4562,0.5074,0.4523,456.2305
images--50-_jpg.rf.LrbFPq5Iu7Qc3pl8Kbcr.jpg,2,157,131,"(154, 123, 7, 16)",112,0.5237,0.3113,0.4866,1.0,0.4438,0.5083,0.4925,443.8018
images--52-_jpg.rf.r4mHPRvCqJE5Bj1mIEUc.jpg,1,227,281,"(220, 270, 15, 22)",330,0.5055,0.3024,0.5348,1.0,0.1251,0.5172,0.6471,125.1197
images--52-_jpg.rf.r4mHPRvCqJE5Bj1mIEUc.jpg,2,283,259,"(236, 213, 94, 92)",8648,0.4824,0.2985,0.4855,1.0,0.0804,0.5275,0.5651,80.3556
images--55-_jpg.rf.uwSGE46YMDclexgOvfDL.jpg,1,405,310,"(395, 261, 21, 99)",2079,0.4767,0.2873,0.4683,1.0,0.1224,0.5091,0.7551,122.4095
images--55-_jpg.rf.uwSGE46YMDclexgOvfDL.jpg,2,449,155,"(443, 146, 13, 18)",234,0.4558,0.2609,0.4691,1.0,0.0036,0.4997,1.0,3.6404
images--56-_jpg.rf.dWbZqVZcwKVZyFImk6kJ.jpg,1,217,498,"(211, 491, 13, 14)",182,0.7184,0.7387,0.4784,1.0,0.9238,0.5057,0.7831,923.849
images--56-_jpg.rf.dWbZqVZcwKVZyFImk6kJ.jpg,2,367,469,"(346, 450, 42, 39)",1638,0.744,0.9715,0.4592,1.0,0.4322,0.5087,0.6859,432.2382
images--56-_jpg.rf.dWbZqVZcwKVZyFImk6kJ.jpg,3,344,453,"(337, 448, 14, 11)",154,0.7344,0.9684,0.4973,1.0,0.2147,0.5007,0.5903,214.6747
images--56-_jpg.rf.dWbZqVZcwKVZyFImk6kJ.jpg,4,25,460,"(18, 448, 15, 25)",375,0.7562,0.9715,0.4648,1.0,0.535,0.5072,0.2703,535.0192
images--56-_jpg.rf.dWbZqVZcwKVZyFImk6kJ.jpg,5,318,433,"(305, 422, 26, 22)",572,0.8035,0.9715,0.4779,1.0,0.9624,0.5033,0.4396,962.3875
images--56-_jpg.rf.dWbZqVZcwKVZyFImk6kJ.jpg,6,486,424,"(460, 376, 52, 97)",5044,0.5074,0.3179,0.4755,1.0,0.2975,0.5188,0.6944,297.5307
images--56-_jpg.rf.dWbZqVZcwKVZyFImk6kJ.jpg,7,31,376,"(16, 362, 30, 28)",840,0.6517,0.731,0.4641,1.0,0.3339,0.5115,0.8435,333.8676
images--56-_jpg.rf.dWbZqVZcwKVZyFImk6kJ.jpg,8,498,355,"(489, 346, 18, 18)",324,0.732,0.9659,0.4941,1.0,0.21,0.5083,0.4333,210.0146
images--56-_jpg.rf.dWbZqVZcwKVZyFImk6kJ.jpg,9,230,389,"(203, 330, 55, 118)",6490,0.5401,0.3179,0.506,1.0,0.5169,0.5164,0.5611,516.8906
images--56-_jpg.rf.dWbZqVZcwKVZyFImk6kJ.jpg,10,325,320,"(314, 310, 22, 21)",462,0.7226,0.9684,0.4941,1.0,0.108,0.5022,0.7335,107.9874
images--56-_jpg.rf.dWbZqVZcwKVZyFImk6kJ.jpg,11,495,320,"(478, 300, 34, 41)",1394,0.7194,0.9684,0.468,1.0,0.1673,0.502,0.5571,167.2937
images--56-_jpg.rf.dWbZqVZcwKVZyFImk6kJ.jpg,12,364,297,"(358, 290, 13, 15)",195,0.6557,0.7387,0.5199,1.0,0.1517,0.5027,0.6178,151.6839
images--56-_jpg.rf.dWbZqVZcwKVZyFImk6kJ.jpg,13,49,257,"(45, 248, 9, 18)",162,0.7282,0.9684,0.5097,1.0,0.1083,0.5031,0.5714,108.2837
images--56-_jpg.rf.dWbZqVZcwKVZyFImk6kJ.jpg,14,130,232,"(120, 219, 20, 26)",520,0.5254,1.0,0.5002,0.0,0.0035,0.5104,0.0,3.4833
images--56-_jpg.rf.dWbZqVZcwKVZyFImk6kJ.jpg,15,447,200,"(435, 194, 24, 13)",312,0.7339,0.9715,0.4827,1.0,0.2488,0.5001,0.3644,248.815
images--56-_jpg.rf.dWbZqVZcwKVZyFImk6kJ.jpg,16,482,225,"(467, 191, 30, 69)",2070,0.7179,0.9684,0.5001,1.0,0.039,0.5079,0.649,38.9926
images--56-_jpg.rf.dWbZqVZcwKVZyFImk6kJ.jpg,17,49,206,"(39, 189, 21, 34)",714,0.7209,0.9684,0.4932,1.0,0.0939,0.5003,0.5507,93.921
images--56-_jpg.rf.dWbZqVZcwKVZyFImk6kJ.jpg,18,84,188,"(77, 182, 14, 13)",182,0.7213,0.9647,0.4879,1.0,0.1288,0.5053,0.2262,128.8193
images--56-_jpg.rf.dWbZqVZcwKVZyFImk6kJ.jpg,19,303,199,"(290, 174, 27, 50)",1350,0.7278,0.9656,0.5306,1.0,0.0416,0.5049,0.9793,41.5766
images--56-_jpg.rf.dWbZqVZcwKVZyFImk6kJ.jpg,20,12,192,"(0, 173, 24, 39)",936,0.7207,0.9684,0.5108,1.0,0.0297,0.4989,0.3915,29.6898
images--56-_jpg.rf.dWbZqVZcwKVZyFImk6kJ.jpg,21,278,160,"(270, 152, 16, 16)",256,0.7216,0.9645,0.5183,1.0,0.0264,0.5008,0.9566,26.406
images--56-_jpg.rf.dWbZqVZcwKVZyFImk6kJ.jpg,22,316,142,"(309, 137, 14, 11)",154,0.7214,0.9616,0.5179,1.0,0.0357,0.5028,0.7793,35.697
images--56-_jpg.rf.dWbZqVZcwKVZyFImk6kJ.jpg,23,58,147,"(54, 136, 8, 23)",184,0.6358,0.7352,0.491,1.0,0.066,0.4998,0.7929,66.0005
images--56-_jpg.rf.dWbZqVZcwKVZyFImk6kJ.jpg,24,225,145,"(221, 135, 9, 20)",180,0.6382,0.7161,0.5006,1.0,0.1232,0.4972,0.878,123.2491
images--56-_jpg.rf.dWbZqVZcwKVZyFImk6kJ.jpg,25,488,145,"(464, 131, 48, 29)",1392,0.722,0.9684,0.4955,1.0,0.096,0.5044,0.7642,96.0373
images--56-_jpg.rf.dWbZqVZcwKVZyFImk6kJ.jpg,26,280,125,"(262, 114, 37, 23)",851,0.7203,0.9684,0.5102,1.0,0.0283,0.4973,0.7522,28.327
images--56-_jpg.rf.dWbZqVZcwKVZyFImk6kJ.jpg,27,216,99,"(211, 88, 10, 22)",220,0.6397,0.723,0.526,1.0,0.0256,0.4951,1.0,25.6273
images--56-_jpg.rf.dWbZqVZcwKVZyFImk6kJ.jpg,28,6,107,"(0, 88, 12, 39)",468,0.7258,0.9684,0.4942,1.0,0.1395,0.5036,0.4553,139.4885
images--56-_jpg.rf.dWbZqVZcwKVZyFImk6kJ.jpg,29,493,92,"(474, 79, 38, 26)",988,0.7177,0.9684,0.499,1.0,0.0415,0.5047,0.6699,41.4989
images--56-_jpg.rf.dWbZqVZcwKVZyFImk6kJ.jpg,30,343,124,"(312, 76, 63, 97)",6111,0.6944,0.9512,0.4525,1.0,0.0311,0.5195,0.6281,31.1447
images--56-_jpg.rf.dWbZqVZcwKVZyFImk6kJ.jpg,31,10,59,"(0, 48, 21, 23)",483,0.7147,0.9606,0.5026,1.0,0.026,0.4986,0.7365,25.9713
images--56-_jpg.rf.dWbZqVZcwKVZyFImk6kJ.jpg,32,497,52,"(483, 37, 29, 31)",899,0.7212,0.9684,0.515,1.0,0.02,0.5036,0.5914,20.041
images--56-_jpg.rf.dWbZqVZcwKVZyFImk6kJ.jpg,33,52,42,"(44, 36, 17, 12)",204,0.5394,1.0,0.5375,0.0,0.0125,0.5038,0.0,12.491
images--56-_jpg.rf.dWbZqVZcwKVZyFImk6kJ.jpg,34,485,14,"(478, 7, 14, 15)",210,0.7313,0.9684,0.5412,1.0,0.0294,0.5033,0.9003,29.4497
images--56-_jpg.rf.dWbZqVZcwKVZyFImk6kJ.jpg,35,301,26,"(286, 0, 30, 52)",1560,0.7146,0.9576,0.506,1.0,0.0239,0.5161,0.6892,23.8883
images--56-_jpg.rf.dWbZqVZcwKVZyFImk6kJ.jpg,36,243,13,"(213, 0, 61, 26)",1586,0.7342,0.9567,0.567,1.0,0.0096,0.4984,0.9191,9.5791
images--57-_jpg.rf.9YHsj5FigI1EXyl8tfCk.jpg,1,187,316,"(181, 310, 12, 13)",156,0.4948,0.2984,0.5003,1.0,0.153,0.5148,0.445,153.0349
images--57-_jpg.rf.9YHsj5FigI1EXyl8tfCk.jpg,2,174,300,"(169, 293, 11, 14)",154,0.4631,0.2769,0.4608,1.0,0.0489,0.5075,0.5702,48.8628
images--57-_jpg.rf.9YHsj5FigI1EXyl8tfCk.jpg,3,370,231,"(365, 223, 10, 17)",170,0.4743,0.2984,0.452,1.0,0.1169,0.5154,0.3307,116.8739
images--57-_jpg.rf.9YHsj5FigI1EXyl8tfCk.jpg,4,144,169,"(133, 136, 22, 66)",1452,0.4733,0.2865,0.4838,1.0,0.0373,0.5053,0.6919,37.3302
images--57-_jpg.rf.9YHsj5FigI1EXyl8tfCk.jpg,5,76,109,"(71, 102, 11, 14)",154,0.4751,0.2801,0.4753,1.0,0.1074,0.5075,0.6672,107.3524
images--58-_jpg.rf.9mokESG7yWTouF3BWgUS.jpg,1,104,355,"(79, 332, 51, 46)",2346,0.7048,0.725,0.4932,1.0,0.7844,0.5172,0.4885,784.3812
images--58-_jpg.rf.9mokESG7yWTouF3BWgUS.jpg,2,464,157,"(460, 142, 9, 30)",270,0.478,0.2882,0.4779,1.0,0.0982,0.5057,0.661,98.2435
images--58-_jpg.rf.9mokESG7yWTouF3BWgUS.jpg,3,86,140,"(82, 134, 9, 13)",117,0.5483,0.8858,0.5608,0.0,0.4205,0.4898,0.0,420.4854
images--61-_jpg.rf.yWrkz90XQHwVjhOopndg.jpg,1,198,130,"(187, 117, 22, 27)",594,0.5215,0.2997,0.4702,0.8597,0.8008,0.5254,0.1719,800.7562
images--61-_jpg.rf.yWrkz90XQHwVjhOopndg.jpg,2,266,77,"(232, 39, 68, 77)",5236,0.4867,0.2944,0.4877,1.0,0.1293,0.5045,0.5779,129.3184
images--63-_jpg.rf.rTclOKwv8CGwC6OFIP1K.jpg,1,445,492,"(437, 482, 17, 21)",357,0.5755,0.3037,0.4834,1.0,1.0,0.5201,0.2382,1317.0371
images--63-_jpg.rf.rTclOKwv8CGwC6OFIP1K.jpg,2,126,481,"(117, 474, 19, 14)",266,0.5867,0.3179,0.5012,1.0,1.0,0.5201,0.3102,2133.9333
images--63-_jpg.rf.rTclOKwv8CGwC6OFIP1K.jpg,3,132,459,"(128, 448, 9, 23)",207,0.576,0.3037,0.485,1.0,1.0,0.5211,0.3034,2281.5052
images--63-_jpg.rf.rTclOKwv8CGwC6OFIP1K.jpg,4,94,462,"(84, 448, 20, 28)",560,0.5717,0.3037,0.4727,1.0,1.0,0.5175,0.2133,1393.7652
images--63-_jpg.rf.rTclOKwv8CGwC6OFIP1K.jpg,5,112,408,"(92, 391, 41, 35)",1435,0.6143,0.3868,0.5111,1.0,1.0,0.5367,0.4336,2137.7169
images--63-_jpg.rf.rTclOKwv8CGwC6OFIP1K.jpg,6,479,380,"(476, 370, 7, 21)",147,0.5804,0.3037,0.4975,1.0,1.0,0.5134,0.3158,2071.8597
images--68-_jpg.rf.aRjR0r0TiiT3xjIUIoy1.jpg,1,175,485,"(169, 481, 12, 9)",108,0.6102,0.5485,0.4986,1.0,0.4374,0.4982,0.3274,437.4436
images--68-_jpg.rf.aRjR0r0TiiT3xjIUIoy1.jpg,2,134,432,"(130, 424, 8, 16)",128,0.6238,0.5391,0.5227,1.0,0.5214,0.5038,0.2304,521.3819
images--68-_jpg.rf.aRjR0r0TiiT3xjIUIoy1.jpg,3,264,359,"(247, 345, 35, 29)",1015,0.7637,0.9544,0.4708,1.0,0.6484,0.5271,0.4105,648.3513
images--68-_jpg.rf.aRjR0r0TiiT3xjIUIoy1.jpg,4,185,162,"(175, 155, 20, 15)",300,0.6048,0.5361,0.5075,1.0,0.395,0.5078,0.4155,394.951
images--70-_jpg.rf.eOZY0lmdwAaZYLgUfk3e.jpg,1,283,482,"(275, 452, 17, 60)",1020,0.4892,0.2985,0.4893,1.0,0.1343,0.4947,0.8109,134.3014
images--70-_jpg.rf.eOZY0lmdwAaZYLgUfk3e.jpg,2,393,430,"(386, 415, 15, 31)",465,0.5043,0.3131,0.4794,1.0,0.2695,0.501,0.4944,269.4777
images--70-_jpg.rf.eOZY0lmdwAaZYLgUfk3e.jpg,3,282,287,"(267, 273, 30, 28)",840,0.5673,0.5152,0.5077,1.0,0.0933,0.515,0.4869,93.3381
images--70-_jpg.rf.eOZY0lmdwAaZYLgUfk3e.jpg,4,291,256,"(285, 243, 12, 26)",312,0.566,0.5152,0.4923,1.0,0.1336,0.5196,0.6272,133.6486
images--70-_jpg.rf.eOZY0lmdwAaZYLgUfk3e.jpg,5,321,182,"(318, 169, 6, 27)",162,0.4677,0.2918,0.4674,1.0,0.0198,0.5008,1.0,19.7624
images--70-_jpg.rf.eOZY0lmdwAaZYLgUfk3e.jpg,6,297,23,"(288, 0, 18, 46)",828,0.4768,0.2944,0.4678,1.0,0.1006,0.4932,0.8359,100.6435
images--74-_jpg.rf.TdgF0myI8z7qZzxeXGPT.jpg,1,346,437,"(341, 425, 10, 25)",250,0.7752,0.9715,0.4915,1.0,0.6317,0.509,0.7506,631.71
images--74-_jpg.rf.TdgF0myI8z7qZzxeXGPT.jpg,2,266,430,"(260, 420, 13, 21)",273,0.733,0.7378,0.4994,1.0,1.0,0.5174,0.7091,1179.3774
images--74-_jpg.rf.TdgF0myI8z7qZzxeXGPT.jpg,3,281,398,"(271, 387, 21, 23)",483,0.7776,0.9544,0.4746,1.0,0.775,0.5237,0.5446,774.9631
images--74-_jpg.rf.TdgF0myI8z7qZzxeXGPT.jpg,4,214,373,"(209, 365, 10, 17)",170,0.7213,0.7328,0.4709,1.0,1.0,0.497,0.6944,1142.7318
images--74-_jpg.rf.TdgF0myI8z7qZzxeXGPT.jpg,5,289,358,"(280, 344, 19, 29)",551,0.8062,0.9544,0.4919,1.0,1.0,0.5257,0.498,1116.085
images--74-_jpg.rf.TdgF0myI8z7qZzxeXGPT.jpg,6,307,313,"(303, 305, 8, 16)",128,0.5551,0.3179,0.4948,1.0,0.7061,0.5168,0.3946,706.1457
images--84-_jpg.rf.s5MKqHIeCjDPtsSt4ka6.jpg,1,354,446,"(339, 434, 31, 24)",744,0.713,0.7378,0.4816,1.0,0.8622,0.4983,0.6208,862.2261
images--84-_jpg.rf.s5MKqHIeCjDPtsSt4ka6.jpg,2,294,439,"(274, 431, 40, 17)",680,0.7233,0.7352,0.4743,1.0,1.0,0.4972,0.8302,1106.4068
images--84-_jpg.rf.s5MKqHIeCjDPtsSt4ka6.jpg,3,125,402,"(95, 387, 60, 31)",1860,0.5416,0.3127,0.4974,1.0,0.5809,0.5004,0.4774,580.8607
images--84-_jpg.rf.s5MKqHIeCjDPtsSt4ka6.jpg,4,214,387,"(203, 379, 22, 17)",374,0.5648,0.3981,0.4878,1.0,0.5477,0.5072,0.5385,547.6699
images--84-_jpg.rf.s5MKqHIeCjDPtsSt4ka6.jpg,5,384,23,"(363, 12, 43, 22)",946,0.5175,0.2985,0.5084,1.0,0.3505,0.5161,0.4824,350.5301
images--85-_jpg.rf.pysju23O0yAF6Xo0QU6M.jpg,1,415,349,"(374, 295, 82, 109)",8938,0.5014,0.3061,0.4739,1.0,0.2834,0.5117,0.6024,283.4213
images--86-_jpg.rf.qJSLyv5J0ilTteuPKFbw.jpg,1,199,388,"(196, 379, 7, 18)",126,0.7156,0.7387,0.5028,1.0,0.8102,0.5046,0.5649,810.1749
images--86-_jpg.rf.qJSLyv5J0ilTteuPKFbw.jpg,2,249,380,"(211, 344, 77, 72)",5544,0.6749,0.725,0.4947,1.0,0.48,0.5152,0.5005,479.9656
images--86-_jpg.rf.qJSLyv5J0ilTteuPKFbw.jpg,3,280,149,"(261, 116, 39, 67)",2613,0.5503,0.3037,0.4648,1.0,0.8134,0.4983,0.3552,813.3982
images--86-_jpg.rf.qJSLyv5J0ilTteuPKFbw.jpg,4,218,83,"(146, 30, 144, 107)",15408,0.5214,0.3037,0.5006,1.0,0.3988,0.5171,0.4765,398.8384
images--97-_jpg.rf.LwoLcgzeHUm8sCjIhBsv.jpg,1,146,223,"(116, 198, 61, 51)",3111,0.5375,0.3037,0.4979,1.0,0.5697,0.5126,0.5662,569.6885
images--99-_jpg.rf.vCJsZibFNBQUQCkv6X9s.jpg,1,496,458,"(481, 451, 31, 15)",465,0.6054,0.5419,0.5116,1.0,0.3666,0.5046,0.2863,366.5789
images--99-_jpg.rf.vCJsZibFNBQUQCkv6X9s.jpg,2,478,6,"(474, 0, 8, 13)",104,0.5677,0.5308,0.5009,1.0,0.0654,0.4991,0.2395,65.4148
istockphoto-1125327566-612x612_jpg.rf.7RKxyvMeoxCRiYMiOmsu.jpg,1,312,465,"(296, 460, 32, 11)",352,0.5204,0.2894,0.5185,1.0,0.3769,0.534,0.252,376.8675
istockphoto-1125327566-612x612_jpg.rf.7RKxyvMeoxCRiYMiOmsu.jpg,2,171,433,"(167, 425, 8, 17)",136,0.5149,0.3037,0.5139,1.0,0.2871,0.5121,0.2293,287.0617
istockphoto-1125327566-612x612_jpg.rf.7RKxyvMeoxCRiYMiOmsu.jpg,3,397,363,"(387, 360, 21, 7)",147,0.5753,0.3037,0.4829,1.0,1.0,0.5221,0.2073,1212.6797
istockphoto-1125327566-612x612_jpg.rf.7RKxyvMeoxCRiYMiOmsu.jpg,4,415,326,"(401, 314, 28, 24)",672,0.5366,0.3037,0.4676,1.0,0.6661,0.5424,0.2042,666.0918
istockphoto-1125327566-612x612_jpg.rf.7RKxyvMeoxCRiYMiOmsu.jpg,5,420,291,"(407, 278, 27, 27)",729,0.5135,0.2944,0.4906,1.0,0.3875,0.5406,0.2176,387.5218
istockphoto-1125327566-612x612_jpg.rf.7RKxyvMeoxCRiYMiOmsu.jpg,6,345,209,"(335, 196, 21, 27)",567,0.673,0.7128,0.4956,1.0,0.5012,0.5253,0.6939,501.2218
istockphoto-1186720386-612x612-3-_jpg.rf.Sm60NqQQrSS0tVx0f8wz.jpg,1,422,200,"(418, 192, 9, 16)",144,0.5213,0.3037,0.5042,1.0,0.3857,0.5096,0.4983,385.7014
istockphoto-1355381836-612x612_jpg.rf.NFWlqKEZ0OO9NV6xZFqA.jpg,1,494,506,"(490, 501, 9, 11)",99,0.6297,0.6553,0.5219,1.0,0.1767,0.5053,0.6639,176.7189
istockphoto-1355381836-612x612_jpg.rf.NFWlqKEZ0OO9NV6xZFqA.jpg,2,137,501,"(123, 491, 28, 21)",588,0.5311,0.3928,0.4863,1.0,0.2337,0.5179,0.4454,233.7123
istockphoto-1355381836-612x612_jpg.rf.NFWlqKEZ0OO9NV6xZFqA.jpg,3,505,476,"(499, 455, 13, 42)",546,0.6557,0.7387,0.4771,1.0,0.3013,0.5164,0.6248,301.3187
istockphoto-1355381836-612x612_jpg.rf.NFWlqKEZ0OO9NV6xZFqA.jpg,4,55,413,"(49, 408, 12, 10)",120,0.5163,0.3916,0.4816,1.0,0.1066,0.5095,0.4432,106.6163
istockphoto-1355381836-612x612_jpg.rf.NFWlqKEZ0OO9NV6xZFqA.jpg,5,4,391,"(0, 386, 9, 11)",99,0.5019,0.3066,0.4942,1.0,0.2161,0.5022,0.2609,216.0547
istockphoto-1355381836-612x612_jpg.rf.NFWlqKEZ0OO9NV6xZFqA.jpg,6,474,379,"(466, 374, 16, 10)",160,0.6619,0.7322,0.5046,1.0,0.2908,0.5221,0.8636,290.7581
istockphoto-1355381836-612x612_jpg.rf.NFWlqKEZ0OO9NV6xZFqA.jpg,7,21,366,"(17, 359, 9, 14)",126,0.4973,0.3066,0.4927,1.0,0.1754,0.5093,0.2344,175.352
istockphoto-1355381836-612x612_jpg.rf.NFWlqKEZ0OO9NV6xZFqA.jpg,8,14,344,"(9, 338, 10, 12)",120,0.4963,0.3066,0.4874,1.0,0.1838,0.512,0.2538,183.7939
istockphoto-1355381836-612x612_jpg.rf.NFWlqKEZ0OO9NV6xZFqA.jpg,9,501,141,"(491, 126, 21, 30)",630,0.643,0.723,0.4974,1.0,0.1584,0.5282,0.9295,158.428
istockphoto-1355381836-612x612_jpg.rf.NFWlqKEZ0OO9NV6xZFqA.jpg,10,10,140,"(0, 123, 21, 34)",714,0.6477,0.7274,0.5292,1.0,0.0789,0.5157,0.6578,78.9149
istockphoto-1355381836-612x612_jpg.rf.NFWlqKEZ0OO9NV6xZFqA.jpg,11,171,96,"(168, 87, 7, 18)",126,0.508,0.3179,0.5038,1.0,0.2045,0.5115,0.293,204.5444
istockphoto-1355381836-612x612_jpg.rf.NFWlqKEZ0OO9NV6xZFqA.jpg,12,28,4,"(23, 0, 11, 8)",88,0.6256,0.657,0.5336,1.0,0.0884,0.5053,0.7236,88.4414
istockphoto-1414838613-612x612_jpg.rf.tgnUmPIVgCtNF5J8E7J8.jpg,1,476,501,"(471, 491, 11, 21)",231,0.4983,0.2984,0.551,1.0,0.0102,0.4993,0.4187,10.1798
istockphoto-1414838613-612x612_jpg.rf.tgnUmPIVgCtNF5J8E7J8.jpg,2,413,445,"(391, 378, 44, 134)",5896,0.4853,0.3087,0.498,1.0,0.0297,0.5141,0.4657,29.659
istockphoto-1414838613-612x612_jpg.rf.tgnUmPIVgCtNF5J8E7J8.jpg,3,390,302,"(386, 293, 8, 19)",152,0.4886,0.3188,0.457,1.0,0.1706,0.5115,0.35,170.5599
istockphoto-1414838613-612x612_jpg.rf.tgnUmPIVgCtNF5J8E7J8.jpg,4,21,314,"(0, 253, 43, 122)",5246,0.4854,0.3036,0.5095,1.0,0.0082,0.5192,0.6188,8.1638
istockphoto-524231893-612x612_jpg.rf.Ulz3Dfy29dzj3iYhK42Z.jpg,1,340,384,"(324, 375, 32, 18)",576,0.5248,0.3021,0.5022,1.0,0.433,0.5278,0.4311,433.0276
istockphoto-524231893-612x612_jpg.rf.Ulz3Dfy29dzj3iYhK42Z.jpg,2,365,353,"(340, 342, 51, 22)",1122,0.6219,0.6589,0.5051,1.0,0.1447,0.5378,0.5528,144.6776
istockphoto-524231893-612x612_jpg.rf.Ulz3Dfy29dzj3iYhK42Z.jpg,3,402,312,"(387, 304, 30, 17)",510,0.4992,0.2984,0.4761,1.0,0.2813,0.5249,0.6839,281.2922
istockphoto-524231893-612x612_jpg.rf.Ulz3Dfy29dzj3iYhK42Z.jpg,4,416,256,"(410, 248, 12, 16)",192,0.4655,0.2791,0.4767,1.0,0.0093,0.4996,0.997,9.308
istockphoto-524231893-612x612_jpg.rf.Ulz3Dfy29dzj3iYhK42Z.jpg,5,395,238,"(387, 227, 16, 22)",352,0.4665,0.2809,0.4655,1.0,0.0531,0.5025,0.9076,53.1266
istockphoto-524231893-612x612_jpg.rf.Ulz3Dfy29dzj3iYhK42Z.jpg,6,440,206,"(424, 145, 32, 122)",3904,0.4687,0.2751,0.4858,1.0,0.024,0.5088,0.6484,24.035
k9w7hg726my71_jpg.rf.tCCbacBAMQaGGTsoomsk.jpg,1,505,490,"(498, 476, 14, 28)",392,0.732,0.9684,0.5312,1.0,0.072,0.5019,0.7338,72.0136
k9w7hg726my71_jpg.rf.tCCbacBAMQaGGTsoomsk.jpg,2,468,344,"(449, 320, 38, 49)",1862,0.721,0.7378,0.465,1.0,1.0,0.4989,0.6777,1606.5855
k9w7hg726my71_jpg.rf.tCCbacBAMQaGGTsoomsk.jpg,3,357,263,"(347, 255, 20, 17)",340,0.7926,0.9544,0.4978,1.0,0.843,0.5064,0.4224,843.0323
k9w7hg726my71_jpg.rf.tCCbacBAMQaGGTsoomsk.jpg,4,352,230,"(338, 223, 28, 14)",392,0.4909,0.2873,0.472,1.0,0.2513,0.5003,0.9279,251.2615
k9w7hg726my71_jpg.rf.tCCbacBAMQaGGTsoomsk.jpg,5,383,228,"(378, 220, 11, 17)",187,0.4999,0.3021,0.4775,1.0,0.2709,0.5029,0.904,270.9097
k9w7hg726my71_jpg.rf.tCCbacBAMQaGGTsoomsk.jpg,6,368,194,"(335, 176, 66, 37)",2442,0.4978,0.2944,0.4752,1.0,0.2841,0.5056,0.6774,284.0573
kisspng-saffron-crocus-safranbolu-s-m-m-m-tekstilkent-cad-safran-aneto-5b19d8ac2ef912-4864577915284205241924_jpg.rf.JKlMN0tt7RhXzer3sFe2.jpg,1,170,492,"(156, 483, 29, 18)",522,0.4746,0.2894,0.4742,1.0,0.0734,0.5084,0.6545,73.4059
kisspng-saffron-crocus-safranbolu-s-m-m-m-tekstilkent-cad-safran-aneto-5b19d8ac2ef912-4864577915284205241924_jpg.rf.JKlMN0tt7RhXzer3sFe2.jpg,2,314,484,"(297, 475, 34, 19)",646,0.519,0.2912,0.539,1.0,0.2839,0.5077,0.6143,283.9281
kisspng-saffron-crocus-safranbolu-s-m-m-m-tekstilkent-cad-safran-aneto-5b19d8ac2ef912-4864577915284205241924_jpg.rf.JKlMN0tt7RhXzer3sFe2.jpg,3,409,413,"(389, 404, 40, 19)",760,0.4766,0.2835,0.482,1.0,0.0867,0.5081,0.7643,86.6932
kisspng-saffron-crocus-safranbolu-s-m-m-m-tekstilkent-cad-safran-aneto-5b19d8ac2ef912-4864577915284205241924_jpg.rf.JKlMN0tt7RhXzer3sFe2.jpg,4,86,408,"(64, 397, 44, 23)",1012,0.4748,0.2782,0.4994,1.0,0.0266,0.4999,0.9337,26.6065
kisspng-saffron-crocus-safranbolu-s-m-m-m-tekstilkent-cad-safran-aneto-5b19d8ac2ef912-4864577915284205241924_jpg.rf.JKlMN0tt7RhXzer3sFe2.jpg,5,61,377,"(54, 371, 14, 12)",168,0.479,0.2791,0.511,1.0,0.0242,0.5008,1.0,24.1504
kisspng-saffron-crocus-safranbolu-s-m-m-m-tekstilkent-cad-safran-aneto-5b19d8ac2ef912-4864577915284205241924_jpg.rf.JKlMN0tt7RhXzer3sFe2.jpg,6,66,352,"(59, 348, 14, 9)",126,0.4854,0.2882,0.5167,1.0,0.0365,0.499,1.0,36.5357
kisspng-saffron-crocus-safranbolu-s-m-m-m-tekstilkent-cad-safran-aneto-5b19d8ac2ef912-4864577915284205241924_jpg.rf.JKlMN0tt7RhXzer3sFe2.jpg,7,233,204,"(229, 195, 8, 18)",144,0.4842,0.2882,0.5146,1.0,0.0319,0.5028,1.0,31.8912
kisspng-saffron-iranian-cuisine-flower-spice-crocus-crocus-5ac51698904e74-7555005315228658165911_jpg.rf.FdrsrAQJBjCnKC1R4V6P.jpg,1,247,416,"(243, 406, 9, 20)",180,0.5854,0.3037,0.5118,1.0,1.0,0.5112,0.2054,1034.8943
krokus-5114410__340_jpg.rf.8ch7xOwOk186D8SADyUy.jpg,1,323,500,"(315, 495, 17, 11)",187,0.7544,0.9715,0.508,0.7946,0.776,0.5037,0.1589,775.9647
krokus-5114410__340_jpg.rf.8ch7xOwOk186D8SADyUy.jpg,2,501,162,"(490, 146, 22, 32)",704,0.4975,0.2918,0.5506,1.0,0.0264,0.5037,0.4708,26.4163
krokus-5114410__340_jpg.rf.8ch7xOwOk186D8SADyUy.jpg,3,459,123,"(454, 113, 11, 21)",231,0.4978,0.2926,0.5504,1.0,0.0275,0.5011,0.5046,27.525
krokus-5114410__340_jpg.rf.8ch7xOwOk186D8SADyUy.jpg,4,482,114,"(476, 108, 13, 12)",156,0.4927,0.2841,0.5465,1.0,0.0202,0.5011,0.3067,20.241
krokus-5114410__340_jpg.rf.vRprm0PqQDQkpDkUxmAx.jpg,1,323,501,"(315, 496, 17, 10)",170,0.7485,0.9647,0.5045,0.768,0.8067,0.5054,0.1536,806.7106
krokus-5114410__340_jpg.rf.vRprm0PqQDQkpDkUxmAx.jpg,2,501,162,"(490, 146, 22, 32)",704,0.4975,0.2918,0.5506,1.0,0.0264,0.5037,0.4708,26.4163
krokus-5114410__340_jpg.rf.vRprm0PqQDQkpDkUxmAx.jpg,3,459,123,"(454, 112, 11, 22)",242,0.4997,0.2992,0.5494,1.0,0.0264,0.505,0.5013,26.4245
krokus-5114410__340_jpg.rf.vRprm0PqQDQkpDkUxmAx.jpg,4,482,114,"(476, 108, 13, 12)",156,0.4931,0.2841,0.5474,1.0,0.0202,0.5014,0.3067,20.186
main-qimg-baf5477ed6aab961e6b4c4d60ff2bb09-lq_jpg.rf.rxQUilm1KvTU8bSETGLa.jpg,1,456,445,"(448, 435, 16, 20)",320,0.7065,0.9499,0.4954,1.0,0.0063,0.504,0.3783,6.2669
main-qimg-baf5477ed6aab961e6b4c4d60ff2bb09-lq_jpg.rf.rxQUilm1KvTU8bSETGLa.jpg,2,394,437,"(387, 429, 14, 17)",238,0.7119,0.9538,0.5032,1.0,0.019,0.5006,0.2294,19.0327
main-qimg-baf5477ed6aab961e6b4c4d60ff2bb09-lq_jpg.rf.rxQUilm1KvTU8bSETGLa.jpg,3,25,61,"(0, 32, 51, 59)",3009,0.6246,0.6721,0.5364,1.0,0.0159,0.5022,0.6558,15.8834
mountains-5185251__340_jpg.rf.3SSNz9T6WJZFvxYvFEkH.jpg,1,167,259,"(156, 242, 22, 35)",770,0.5077,0.3127,0.5192,1.0,0.1651,0.5017,0.2741,165.0766
pexels-photo-10161283_jpeg.rf.Q0rquX0cl5tWU3fS4Xaa.jpg,1,103,249,"(96, 246, 15, 6)",90,0.5383,0.3167,0.5268,1.0,0.4313,0.5041,0.8683,431.2577
pexels-photo-10161283_jpeg.rf.Q0rquX0cl5tWU3fS4Xaa.jpg,2,47,173,"(40, 168, 14, 10)",140,0.5121,0.3127,0.5087,1.0,0.2463,0.5096,0.7762,246.2546
pexels-photo-10161283_jpeg.rf.Q0rquX0cl5tWU3fS4Xaa.jpg,3,147,98,"(130, 81, 35, 35)",1225,0.5017,0.3061,0.5393,1.0,0.0581,0.505,0.761,58.0605
pexels-photo-10161283_jpeg_jpg.rf.wa60BRqkL0tR7fneRPyW.jpg,1,103,249,"(96, 246, 15, 6)",90,0.5383,0.3167,0.5268,1.0,0.4313,0.5041,0.8683,431.2577
pexels-photo-10161283_jpeg_jpg.rf.wa60BRqkL0tR7fneRPyW.jpg,2,47,173,"(40, 168, 14, 10)",140,0.5107,0.3127,0.5046,1.0,0.2464,0.5104,0.7745,246.4236
pexels-photo-10161283_jpeg_jpg.rf.wa60BRqkL0tR7fneRPyW.jpg,3,147,98,"(130, 81, 35, 35)",1225,0.502,0.3061,0.54,1.0,0.058,0.5045,0.7592,58.0306
pexels-photo-10161285_jpeg.rf.IbRyzXdY4Ciz05yVBFkg.jpg,1,295,500,"(287, 489, 16, 23)",368,0.711,0.9499,0.5061,1.0,0.0136,0.5008,0.7414,13.5701
pexels-photo-10161285_jpeg.rf.IbRyzXdY4Ciz05yVBFkg.jpg,2,207,259,"(195, 246, 24, 27)",648,0.7178,0.9499,0.5248,1.0,0.0167,0.5025,0.8611,16.7451
pexels-photo-10161285_jpeg.rf.IbRyzXdY4Ciz05yVBFkg.jpg,3,282,246,"(269, 238, 26, 17)",442,0.7225,0.9499,0.5196,1.0,0.0814,0.5023,0.7187,81.3926
pexels-photo-10161285_jpeg.rf.IbRyzXdY4Ciz05yVBFkg.jpg,4,226,215,"(220, 209, 13, 13)",169,0.717,0.9499,0.5237,1.0,0.0126,0.5011,0.8816,12.5673
pexels-photo-10161285_jpeg.rf.IbRyzXdY4Ciz05yVBFkg.jpg,5,302,198,"(294, 190, 16, 16)",256,0.6135,0.5549,0.5017,1.0,0.4365,0.5084,0.2168,436.4816
pexels-photo-10161285_jpeg.rf.IbRyzXdY4Ciz05yVBFkg.jpg,6,329,192,"(316, 176, 27, 33)",891,0.6155,0.5497,0.5555,1.0,0.2868,0.5166,0.8097,286.7685
pexels-photo-10161285_jpeg.rf.IbRyzXdY4Ciz05yVBFkg.jpg,7,387,206,"(348, 174, 78, 65)",5070,0.575,0.5485,0.4877,1.0,0.1235,0.517,0.6535,123.5313
pexels-photo-10161285_jpeg.rf.IbRyzXdY4Ciz05yVBFkg.jpg,8,392,140,"(352, 117, 81, 46)",3726,0.5049,0.3127,0.5025,1.0,0.196,0.5299,0.4783,196.0437
pexels-photo-10161285_jpeg.rf.IbRyzXdY4Ciz05yVBFkg.jpg,9,101,93,"(91, 86, 20, 15)",300,0.5998,0.5445,0.5043,1.0,0.3273,0.5106,0.5787,327.3488
pexels-photo-10161285_jpeg.rf.IbRyzXdY4Ciz05yVBFkg.jpg,10,157,47,"(115, 14, 84, 66)",5544,0.5101,0.3127,0.4817,1.0,0.3203,0.5255,0.8197,320.3071
pexels-photo-10161285_jpeg_jpg.rf.ZERobLp2NQa83UKR01Lb.jpg,1,295,500,"(287, 489, 16, 23)",368,0.711,0.9499,0.5061,1.0,0.0136,0.5008,0.7414,13.5701
pexels-photo-10161285_jpeg_jpg.rf.ZERobLp2NQa83UKR01Lb.jpg,2,207,259,"(195, 246, 24, 27)",648,0.7178,0.9499,0.5248,1.0,0.0167,0.5025,0.8611,16.7451
pexels-photo-10161285_jpeg_jpg.rf.ZERobLp2NQa83UKR01Lb.jpg,3,282,246,"(269, 238, 26, 17)",442,0.7225,0.9499,0.5196,1.0,0.0814,0.5023,0.7187,81.3926
pexels-photo-10161285_jpeg_jpg.rf.ZERobLp2NQa83UKR01Lb.jpg,4,226,215,"(220, 209, 13, 13)",169,0.717,0.9499,0.5237,1.0,0.0126,0.5011,0.8816,12.5673
pexels-photo-10161285_jpeg_jpg.rf.ZERobLp2NQa83UKR01Lb.jpg,5,329,193,"(316, 177, 27, 32)",864,0.6156,0.5497,0.5546,1.0,0.2906,0.5156,0.8048,290.6158
pexels-photo-10161285_jpeg_jpg.rf.ZERobLp2NQa83UKR01Lb.jpg,6,387,206,"(348, 174, 78, 65)",5070,0.575,0.5485,0.4877,1.0,0.1235,0.517,0.6535,123.5313
pexels-photo-10161285_jpeg_jpg.rf.ZERobLp2NQa83UKR01Lb.jpg,7,392,140,"(352, 117, 81, 46)",3726,0.5049,0.3127,0.5025,1.0,0.196,0.5299,0.4783,196.0437
pexels-photo-10161285_jpeg_jpg.rf.ZERobLp2NQa83UKR01Lb.jpg,8,101,93,"(91, 86, 20, 15)",300,0.5998,0.5445,0.5043,1.0,0.3273,0.5106,0.5787,327.3488
pexels-photo-10161285_jpeg_jpg.rf.ZERobLp2NQa83UKR01Lb.jpg,9,157,47,"(115, 14, 84, 66)",5544,0.5101,0.3127,0.4817,1.0,0.3207,0.5241,0.8206,320.7117
pexels-photo-7100594_jpeg.rf.UMeuBom0RQ6q4v0xkUz3.jpg,1,458,289,"(452, 282, 13, 14)",182,0.7685,0.9544,0.5117,0.8846,0.7841,0.4978,0.1769,784.109
pexels-photo-7100594_jpeg.rf.UMeuBom0RQ6q4v0xkUz3.jpg,2,256,198,"(249, 191, 14, 15)",210,0.4951,0.0316,0.5528,1.0,0.9053,0.4823,0.2963,905.2708
pexels-photo-7100594_jpeg_jpg.rf.8BRxaeyGbGyTASvSF0n1.jpg,1,458,289,"(452, 282, 13, 14)",182,0.7653,0.9544,0.5109,0.8692,0.7864,0.4967,0.1738,786.4431
pexels-photo-7100594_jpeg_jpg.rf.8BRxaeyGbGyTASvSF0n1.jpg,2,255,198,"(249, 191, 13, 15)",195,0.4961,0.0316,0.5603,1.0,0.8895,0.4827,0.3067,889.5122
png-clipart-autumn-crocus-saffron-graphy-flower-spice-flower-purple-food_png.rf.xLeiTSaM1x2jwtJa6JQm.jpg,1,282,87,"(228, 24, 108, 127)",13716,0.5114,0.2926,0.5132,1.0,0.2937,0.5022,0.726,293.7025
pngtree-crocus-vernus-flower-png-image_10197901_png.rf.rxoERvA3i8OzEDhIjdz4.jpg,1,246,420,"(231, 414, 31, 13)",403,0.5851,0.3036,0.5109,1.0,1.0,0.5046,0.5098,1063.3703
pngtree-crocus-vernus-flower-png-image_10197901_png.rf.rxoERvA3i8OzEDhIjdz4.jpg,2,275,284,"(260, 271, 31, 26)",806,0.6207,0.7352,0.4552,1.0,0.0405,0.5224,0.4786,40.457
pngtree-crocus-vernus-flower-png-image_10197901_png.rf.rxoERvA3i8OzEDhIjdz4.jpg,3,363,273,"(352, 269, 23, 8)",184,0.4831,0.2935,0.4687,1.0,0.1632,0.4994,0.4,163.1688
pngtree-crocus-vernus-flower-png-image_10197901_png.rf.rxoERvA3i8OzEDhIjdz4.jpg,4,60,290,"(46, 268, 29, 44)",1276,0.5764,0.3106,0.5127,1.0,0.8824,0.5001,0.676,882.3639
pngtree-crocus-vernus-flower-png-image_10197901_png.rf.rxoERvA3i8OzEDhIjdz4.jpg,5,203,242,"(197, 236, 13, 12)",156,0.6991,0.6573,0.483,1.0,1.0,0.5216,0.3983,1822.3993
pngtree-crocus-vernus-flower-png-image_10197901_png.rf.rxoERvA3i8OzEDhIjdz4.jpg,6,300,215,"(291, 202, 18, 26)",468,0.5067,0.3642,0.4741,1.0,0.1327,0.5288,0.3711,132.6964
pngtree-crocus-vernus-flower-png-image_10197901_png.rf.rxoERvA3i8OzEDhIjdz4.jpg,7,329,205,"(323, 199, 13, 13)",169,0.4832,0.2882,0.4992,1.0,0.0761,0.5048,0.6288,76.1131
pngtree-crocus-vernus-flower-png-image_10197901_png.rf.rxoERvA3i8OzEDhIjdz4.jpg,8,250,211,"(229, 190, 43, 42)",1806,0.6379,0.7092,0.5032,1.0,0.1357,0.5279,0.5316,135.7249
pngtree-crocus-vernus-flower-png-image_10197901_png.rf.rxoERvA3i8OzEDhIjdz4.jpg,9,418,172,"(392, 158, 53, 29)",1537,0.5537,0.2997,0.4435,1.0,0.936,0.5025,0.7024,935.9962
pngtree-flower-in-light-blue-color-transparent-background-png-image_2593346-1-_jpg.rf.VxQSFiqG7bcqWmM0LT8w.jpg,1,229,366,"(224, 349, 11, 35)",385,0.4945,0.2985,0.4958,1.0,0.1652,0.5108,0.7243,165.2078
s-l1200-1-_jpg.rf.m9ML1bHKEaPdsaNL4FUf.jpg,1,90,430,"(72, 405, 37, 50)",1850,0.5368,0.3127,0.5045,1.0,0.5076,0.5304,0.7294,507.5798
s-l1200-1-_jpg.rf.m9ML1bHKEaPdsaNL4FUf.jpg,2,150,441,"(109, 371, 82, 141)",11562,0.4968,0.3127,0.5117,1.0,0.083,0.5257,0.5457,82.9972
s-l1200-1-_jpg.rf.m9ML1bHKEaPdsaNL4FUf.jpg,3,16,350,"(0, 332, 32, 37)",1184,0.5074,0.3061,0.5003,1.0,0.2518,0.5081,0.8668,251.797
s-l1200-1-_jpg.rf.m9ML1bHKEaPdsaNL4FUf.jpg,4,199,352,"(157, 315, 85, 74)",6290,0.4871,0.3127,0.4531,1.0,0.191,0.5188,0.7745,190.9531
s-l1200-1-_jpg.rf.m9ML1bHKEaPdsaNL4FUf.jpg,5,109,295,"(67, 221, 84, 148)",12432,0.4916,0.2985,0.487,1.0,0.1665,0.5118,0.6175,166.4819
s-l1200-1-_jpg.rf.m9ML1bHKEaPdsaNL4FUf.jpg,6,372,149,"(366, 144, 12, 10)",120,0.5596,0.5242,0.4973,1.0,0.0207,0.5054,0.8864,20.6936
s-l1200-1-_jpg.rf.m9ML1bHKEaPdsaNL4FUf.jpg,7,344,133,"(327, 110, 34, 47)",1598,0.5733,0.5346,0.5179,1.0,0.0498,0.5261,0.7461,49.7674
s_jpg.rf.EFSUxReq9jtl0AQQ9PSz.jpg,1,148,81,"(141, 70, 15, 23)",345,0.4791,0.3127,0.4314,1.0,0.1869,0.523,0.5683,186.949
saffron-1136779__340--1-_jpg.rf.xoxSZllbEc62LaBlcw5Q.jpg,1,61,500,"(46, 488, 30, 24)",720,0.5998,0.311,0.5608,1.0,0.9469,0.5115,0.4944,946.8616
saffron-1136779__340--1-_jpg.rf.xoxSZllbEc62LaBlcw5Q.jpg,2,291,461,"(284, 444, 14, 34)",476,0.6685,0.9544,0.4922,0.439,0.7438,0.5107,0.0878,743.8007
saffron-1136779__340--1-_jpg.rf.xoxSZllbEc62LaBlcw5Q.jpg,3,284,426,"(277, 415, 14, 23)",322,0.623,0.8942,0.5138,0.1538,0.9939,0.5046,0.0308,993.9285
saffron-1136779__340--1-_jpg.rf.xoxSZllbEc62LaBlcw5Q.jpg,4,85,338,"(81, 331, 8, 14)",112,0.5042,0.8749,0.515,0.0769,0.0232,0.5056,0.0154,23.2234
saffron-1136779__340--1-_jpg.rf.xoxSZllbEc62LaBlcw5Q.jpg,5,45,24,"(0, 0, 91, 49)",4459,0.5771,0.5394,0.5276,1.0,0.0365,0.5131,0.5717,36.5298
saffron-2824330__340--1-_jpg.rf.SjPHLWWfxGmFaWwql4mx.jpg,1,381,339,"(375, 324, 12, 31)",372,0.6283,0.6611,0.5465,1.0,0.0564,0.5065,0.4593,56.4167
saffron-2824330__340--1-_jpg.rf.SjPHLWWfxGmFaWwql4mx.jpg,2,484,278,"(478, 268, 12, 20)",240,0.4794,0.2841,0.4981,1.0,0.0563,0.4842,0.2943,56.2942
saffron-2825065__340_jpg.rf.UXoLVjm35aPORyV0eywu.jpg,1,507,189,"(502, 151, 10, 76)",760,0.5898,0.5549,0.518,1.0,0.1432,0.5055,0.5483,143.1547
saffron-2825065__340_jpg.rf.UXoLVjm35aPORyV0eywu.jpg,2,424,102,"(421, 94, 6, 17)",102,0.4932,0.3127,0.5037,1.0,0.0746,0.4941,0.2586,74.5553
saffron-2825065__340_jpg.rf.UXoLVjm35aPORyV0eywu.jpg,3,420,48,"(416, 18, 9, 60)",540,0.4863,0.3037,0.4977,1.0,0.0583,0.5043,0.3485,58.3491
saffron-2825065__340_jpg.rf.UXoLVjm35aPORyV0eywu.jpg,4,486,28,"(468, 0, 37, 57)",2109,0.4964,0.3127,0.5237,1.0,0.0367,0.5069,0.3534,36.7442
saffron-2825065__340_jpg.rf.UXoLVjm35aPORyV0eywu.jpg,5,214,66,"(174, 0, 81, 132)",10692,0.4904,0.3127,0.5016,1.0,0.054,0.5335,0.5968,53.995
saffron-2825065__340_jpg.rf.nKVJeJxaRjoXOZNakxYf.jpg,1,348,267,"(344, 259, 8, 16)",128,0.5437,0.3037,0.4835,1.0,0.6819,0.5054,0.55,681.9028
saffron-2825065__340_jpg.rf.nKVJeJxaRjoXOZNakxYf.jpg,2,507,188,"(502, 151, 10, 75)",750,0.5907,0.5549,0.5217,1.0,0.1388,0.506,0.5489,138.7714
saffron-2825065__340_jpg.rf.nKVJeJxaRjoXOZNakxYf.jpg,3,424,102,"(421, 94, 6, 17)",102,0.4932,0.3127,0.5037,1.0,0.0746,0.4941,0.2586,74.5553
saffron-2825065__340_jpg.rf.nKVJeJxaRjoXOZNakxYf.jpg,4,420,47,"(416, 17, 9, 61)",549,0.4854,0.3037,0.4951,1.0,0.0583,0.5047,0.349,58.259
saffron-2825065__340_jpg.rf.nKVJeJxaRjoXOZNakxYf.jpg,5,486,28,"(468, 0, 37, 57)",2109,0.4964,0.3127,0.5237,1.0,0.0367,0.5069,0.3534,36.7442
saffron-2825065__340_jpg.rf.nKVJeJxaRjoXOZNakxYf.jpg,6,214,66,"(174, 0, 81, 132)",10692,0.4905,0.3127,0.5019,1.0,0.054,0.5329,0.5974,53.9528
saffron-2825066__340_jpg.rf.LR4zapkRSViMrrLDiN8R.jpg,1,94,359,"(89, 351, 11, 17)",187,0.5696,0.3868,0.4942,1.0,0.6124,0.5024,0.2579,612.3714
saffron-2825066__340_jpg.rf.LR4zapkRSViMrrLDiN8R.jpg,2,452,267,"(448, 258, 9, 18)",162,0.6985,0.8911,0.4961,1.0,0.1303,0.4963,0.2873,130.2902
saffron-2825066__340_jpg.rf.LR4zapkRSViMrrLDiN8R.jpg,3,445,212,"(379, 161, 133, 102)",13566,0.4993,0.3127,0.5078,1.0,0.121,0.5292,0.5251,120.9923
saffron-2825066__340_jpg.rf.LR4zapkRSViMrrLDiN8R.jpg,4,261,123,"(247, 110, 28, 26)",728,0.5138,0.3127,0.5516,1.0,0.1129,0.5114,0.4875,112.8808
saffron-2825066__340_jpg.rf.LR4zapkRSViMrrLDiN8R.jpg,5,391,128,"(360, 101, 62, 55)",3410,0.4951,0.3127,0.5167,1.0,0.048,0.521,0.5097,48.0385
saffron-2825066__340_jpg.rf.LR4zapkRSViMrrLDiN8R.jpg,6,143,71,"(138, 64, 11, 14)",154,0.492,0.2841,0.533,1.0,0.0597,0.5012,0.4181,59.7104
saffron-2825066__340_jpg.rf.LR4zapkRSViMrrLDiN8R.jpg,7,433,74,"(419, 56, 29, 37)",1073,0.4918,0.2984,0.5267,1.0,0.0306,0.4982,0.5655,30.567
saffron-2825066__340_jpg.rf.LR4zapkRSViMrrLDiN8R.jpg,8,243,63,"(237, 54, 13, 18)",234,0.5006,0.2918,0.5551,1.0,0.042,0.5002,0.4493,41.9816
saffron-2825066__340_jpg.rf.LR4zapkRSViMrrLDiN8R.jpg,9,100,41,"(79, 22, 43, 39)",1677,0.5087,0.3127,0.5608,1.0,0.0301,0.5139,0.5305,30.1019
saffron-2825066__340_jpg.rf.LR4zapkRSViMrrLDiN8R.jpg,10,238,26,"(225, 7, 27, 39)",1053,0.4977,0.3068,0.5376,1.0,0.0214,0.5013,0.4545,21.4303
saffron-2825066__340_jpg.rf.LR4zapkRSViMrrLDiN8R.jpg,11,189,31,"(155, 0, 69, 63)",4347,0.4946,0.2984,0.5377,1.0,0.0199,0.5131,0.3938,19.8808
saffron-2825066__340_jpg.rf.ZYeqr03gOi6c8l0elsQh.jpg,1,95,359,"(91, 351, 9, 16)",144,0.5807,0.3868,0.505,1.0,0.6852,0.5035,0.2789,685.2313
saffron-2825066__340_jpg.rf.ZYeqr03gOi6c8l0elsQh.jpg,2,445,218,"(379, 161, 133, 114)",15162,0.4956,0.3127,0.497,1.0,0.1218,0.5316,0.4849,121.7762
saffron-2825066__340_jpg.rf.ZYeqr03gOi6c8l0elsQh.jpg,3,261,123,"(247, 110, 29, 26)",754,0.5127,0.3127,0.549,1.0,0.1111,0.5108,0.4743,111.1433
saffron-2825066__340_jpg.rf.ZYeqr03gOi6c8l0elsQh.jpg,4,391,128,"(360, 101, 62, 55)",3410,0.4946,0.3127,0.5152,1.0,0.048,0.521,0.5139,47.9984
saffron-2825066__340_jpg.rf.ZYeqr03gOi6c8l0elsQh.jpg,5,143,71,"(138, 64, 11, 15)",165,0.4908,0.2841,0.5295,1.0,0.06,0.5017,0.4219,59.9842
saffron-2825066__340_jpg.rf.ZYeqr03gOi6c8l0elsQh.jpg,6,433,74,"(419, 55, 29, 39)",1131,0.4916,0.2984,0.526,1.0,0.0305,0.4983,0.549,30.4857
saffron-2825066__340_jpg.rf.ZYeqr03gOi6c8l0elsQh.jpg,7,243,63,"(237, 54, 13, 18)",234,0.5006,0.2918,0.5551,1.0,0.042,0.5002,0.4493,41.9816
saffron-2825066__340_jpg.rf.ZYeqr03gOi6c8l0elsQh.jpg,8,100,41,"(79, 22, 43, 39)",1677,0.5087,0.3127,0.5606,1.0,0.0302,0.5136,0.5294,30.1846
saffron-2825066__340_jpg.rf.ZYeqr03gOi6c8l0elsQh.jpg,9,238,26,"(225, 7, 27, 39)",1053,0.4976,0.3068,0.5374,1.0,0.0213,0.5011,0.457,21.3237
saffron-2825066__340_jpg.rf.ZYeqr03gOi6c8l0elsQh.jpg,10,189,31,"(155, 0, 69, 63)",4347,0.4943,0.2984,0.5369,1.0,0.0198,0.5129,0.3952,19.8311
saffron-2828539__340_jpg.rf.Q7fI9vlVyRhMrnDfT0Z9.jpg,1,286,448,"(271, 424, 31, 49)",1519,0.7358,0.9544,0.4984,1.0,0.2735,0.5315,0.3664,273.5355
saffron-2828539__340_jpg.rf.Q7fI9vlVyRhMrnDfT0Z9.jpg,2,326,70,"(321, 59, 10, 22)",220,0.4853,0.2769,0.5318,1.0,0.0223,0.5005,0.6618,22.283
saffron-2828539__340_jpg.rf.Q7fI9vlVyRhMrnDfT0Z9.jpg,3,258,30,"(240, 11, 37, 39)",1443,0.4852,0.2897,0.5242,1.0,0.0032,0.5009,0.9532,3.1672
saffron-2828539__340_jpg.rf.Q7fI9vlVyRhMrnDfT0Z9.jpg,4,139,39,"(113, 9, 53, 61)",3233,0.4866,0.2871,0.5308,1.0,0.0036,0.5033,0.9345,3.5809
saffron-2828539__340_jpg.rf.Q7fI9vlVyRhMrnDfT0Z9.jpg,5,175,8,"(165, 0, 21, 17)",357,0.4943,0.2763,0.5633,1.0,0.0039,0.4981,0.7444,3.8756
saffron-2828539__340_jpg.rf.Q7fI9vlVyRhMrnDfT0Z9.jpg,6,47,14,"(26, 0, 42, 28)",1176,0.4917,0.284,0.5481,1.0,0.0041,0.4995,0.7413,4.1353
saffron-2828539__340_jpg.rf.bzSjdlIyNQEReIUErpdV.jpg,1,288,449,"(274, 424, 28, 50)",1400,0.7378,0.9544,0.5039,1.0,0.274,0.5322,0.3742,273.9905
saffron-2828539__340_jpg.rf.bzSjdlIyNQEReIUErpdV.jpg,2,326,70,"(321, 59, 10, 22)",220,0.4853,0.2769,0.5318,1.0,0.0223,0.5005,0.6618,22.283
saffron-2828539__340_jpg.rf.bzSjdlIyNQEReIUErpdV.jpg,3,258,30,"(240, 11, 37, 39)",1443,0.4852,0.2897,0.5242,1.0,0.0032,0.5009,0.9532,3.1672
saffron-2828539__340_jpg.rf.bzSjdlIyNQEReIUErpdV.jpg,4,139,39,"(113, 9, 53, 61)",3233,0.4866,0.2871,0.5308,1.0,0.0036,0.5033,0.9345,3.5809
saffron-2828539__340_jpg.rf.bzSjdlIyNQEReIUErpdV.jpg,5,175,8,"(165, 0, 21, 17)",357,0.4943,0.2763,0.5633,1.0,0.0039,0.4981,0.7444,3.8756
saffron-2828539__340_jpg.rf.bzSjdlIyNQEReIUErpdV.jpg,6,47,14,"(26, 0, 42, 28)",1176,0.4917,0.284,0.5481,1.0,0.0041,0.4995,0.7413,4.1353
saffron-3289363__340_jpg.rf.Y8SABFHVJoFVaMd1H7Ml.jpg,1,78,454,"(68, 448, 20, 12)",240,0.4518,0.0271,0.4871,1.0,0.7181,0.5041,0.638,718.084
saffron-3289363__340_jpg.rf.Y8SABFHVJoFVaMd1H7Ml.jpg,2,152,378,"(148, 373, 8, 11)",88,0.5831,0.3077,0.5011,1.0,1.0,0.5014,0.5,1452.2246
saffron-3289363__340_jpg.rf.Y8SABFHVJoFVaMd1H7Ml.jpg,3,158,356,"(153, 348, 10, 17)",170,0.4833,0.0278,0.4958,1.0,1.0,0.5035,0.4169,1266.3717
saffron-3289363__340_jpg.rf.Y8SABFHVJoFVaMd1H7Ml.jpg,4,458,351,"(450, 339, 16, 24)",384,0.4548,0.0271,0.4959,1.0,0.717,0.5067,0.624,717.0193
saffron-3289363__340_jpg.rf.Y8SABFHVJoFVaMd1H7Ml.jpg,5,218,350,"(210, 337, 17, 26)",442,0.4772,0.0271,0.5044,1.0,0.9112,0.5177,0.5082,911.2094
saffron-3289363__340_jpg.rf.Y8SABFHVJoFVaMd1H7Ml.jpg,6,193,252,"(174, 214, 38, 77)",2926,0.4573,0.0271,0.4931,1.0,0.7523,0.5145,0.4915,752.2608
saffron-3289363__340_jpg.rf.Y8SABFHVJoFVaMd1H7Ml.jpg,7,259,196,"(230, 174, 59, 44)",2596,0.5724,0.3037,0.5316,1.0,0.8009,0.5298,0.4972,800.948
saffron-3289363__340_jpg.rf.Y8SABFHVJoFVaMd1H7Ml.jpg,8,241,164,"(227, 157, 28, 15)",420,0.5406,0.2978,0.4826,1.0,0.6747,0.5072,0.5028,674.6825
saffron-3289363__340_jpg.rf.Y8SABFHVJoFVaMd1H7Ml.jpg,9,284,146,"(272, 122, 24, 48)",1152,0.5194,0.3037,0.4742,1.0,0.4713,0.5155,0.4463,471.2915
saffron-3289363__340_jpg.rf.Y8SABFHVJoFVaMd1H7Ml.jpg,10,146,133,"(130, 106, 32, 55)",1760,0.462,0.0239,0.5044,1.0,0.7709,0.5111,0.672,770.8548
saffron-3289363__340_jpg.rf.Y8SABFHVJoFVaMd1H7Ml.jpg,11,15,68,"(11, 56, 8, 25)",200,0.5538,0.5174,0.4886,1.0,0.0167,0.5003,0.4081,16.6561
saffron-3289363__340_jpg.rf.Y8SABFHVJoFVaMd1H7Ml.jpg,12,91,65,"(85, 46, 13, 39)",507,0.5691,0.5174,0.5311,1.0,0.021,0.4993,0.3796,21.0268
saffron-3289363__340_jpg.rf.zLW5EfLM2Ce81fDDgOUr.jpg,1,158,356,"(153, 348, 10, 17)",170,0.4833,0.0278,0.4959,1.0,1.0,0.505,0.4107,1266.876
saffron-3289363__340_jpg.rf.zLW5EfLM2Ce81fDDgOUr.jpg,2,457,351,"(450, 340, 15, 23)",345,0.4578,0.0271,0.4952,1.0,0.7502,0.5036,0.6497,750.1958
saffron-3289363__340_jpg.rf.zLW5EfLM2Ce81fDDgOUr.jpg,3,218,350,"(210, 338, 17, 24)",408,0.4777,0.0271,0.5055,1.0,0.9123,0.5174,0.5153,912.3053
saffron-3289363__340_jpg.rf.zLW5EfLM2Ce81fDDgOUr.jpg,4,274,304,"(266, 269, 16, 70)",1120,0.5383,0.3186,0.4929,1.0,0.5424,0.5124,0.6141,542.3818
saffron-3289363__340_jpg.rf.zLW5EfLM2Ce81fDDgOUr.jpg,5,257,249,"(238, 232, 39, 35)",1365,0.4839,0.0278,0.4977,1.0,1.0,0.5142,0.6696,1517.1884
saffron-3289363__340_jpg.rf.zLW5EfLM2Ce81fDDgOUr.jpg,6,193,252,"(174, 214, 38, 76)",2888,0.4568,0.0271,0.4915,1.0,0.7524,0.5133,0.4945,752.3724
saffron-3289363__340_jpg.rf.zLW5EfLM2Ce81fDDgOUr.jpg,7,259,195,"(230, 174, 59, 43)",2537,0.5703,0.3037,0.5283,1.0,0.7908,0.5298,0.4868,790.8003
saffron-3289363__340_jpg.rf.zLW5EfLM2Ce81fDDgOUr.jpg,8,235,163,"(227, 159, 16, 8)",128,0.5508,0.3008,0.4921,1.0,0.7325,0.5026,0.4482,732.5081
saffron-3289363__340_jpg.rf.zLW5EfLM2Ce81fDDgOUr.jpg,9,284,144,"(272, 121, 24, 47)",1128,0.5203,0.3037,0.4774,1.0,0.4696,0.5126,0.4463,469.6305
saffron-3289363__340_jpg.rf.zLW5EfLM2Ce81fDDgOUr.jpg,10,145,133,"(130, 106, 31, 54)",1674,0.4664,0.0239,0.5044,1.0,0.8149,0.5103,0.6871,814.8776
saffron-3289363__340_jpg.rf.zLW5EfLM2Ce81fDDgOUr.jpg,11,15,68,"(11, 56, 8, 25)",200,0.5538,0.5174,0.4886,1.0,0.0167,0.5003,0.4081,16.6561
saffron-3289363__340_jpg.rf.zLW5EfLM2Ce81fDDgOUr.jpg,12,91,65,"(85, 46, 13, 39)",507,0.5691,0.5174,0.5311,1.0,0.021,0.4993,0.3796,21.0268
saffron-566689__340--1-_jpg.rf.EcQMgXSDrbcBilkGoKED.jpg,1,239,323,"(188, 250, 103, 146)",15038,0.4824,0.3061,0.4654,1.0,0.1234,0.5304,0.5162,123.4058
saffron-998004__340_jpg.rf.lnM1yO6VLMUkBgZQ1Z30.jpg,1,443,451,"(433, 440, 20, 23)",460,0.581,0.3179,0.485,1.0,1.0,0.5228,0.3509,2474.7107
saffron-998004__340_jpg.rf.lnM1yO6VLMUkBgZQ1Z30.jpg,2,187,413,"(182, 403, 10, 21)",210,0.5982,0.3179,0.5342,1.0,1.0,0.499,0.3168,2939.9457
saffron-998004__340_jpg.rf.lnM1yO6VLMUkBgZQ1Z30.jpg,3,231,403,"(218, 380, 27, 46)",1242,0.5887,0.3179,0.5069,1.0,1.0,0.5174,0.3413,3302.6434
saffron-998004__340_jpg.rf.lnM1yO6VLMUkBgZQ1Z30.jpg,4,85,406,"(72, 368, 26, 77)",2002,0.5727,0.3179,0.4613,1.0,1.0,0.518,0.4012,2169.668
saffron-998004__340_jpg.rf.lnM1yO6VLMUkBgZQ1Z30.jpg,5,137,416,"(109, 352, 56, 128)",7168,0.5765,0.3179,0.4722,1.0,1.0,0.5225,0.3438,2697.2331
saffron-998004__340_jpg.rf.lnM1yO6VLMUkBgZQ1Z30.jpg,6,382,400,"(351, 349, 63, 103)",6489,0.5835,0.3179,0.4921,1.0,1.0,0.5241,0.4494,2100.3225
saffron-998004__340_jpg.rf.lnM1yO6VLMUkBgZQ1Z30.jpg,7,49,330,"(35, 301, 28, 58)",1624,0.5759,0.3179,0.4705,1.0,1.0,0.5166,0.3611,2411.8428
saffron-998004__340_jpg.rf.lnM1yO6VLMUkBgZQ1Z30.jpg,8,138,311,"(130, 287, 16, 48)",768,0.5864,0.3179,0.5005,1.0,1.0,0.5016,0.2714,2674.1213
saffron-998004__340_jpg.rf.lnM1yO6VLMUkBgZQ1Z30.jpg,9,193,319,"(180, 284, 27, 70)",1890,0.4926,0.0316,0.5187,1.0,1.0,0.5204,0.4009,2318.0031
saffron-998004__340_jpg.rf.lnM1yO6VLMUkBgZQ1Z30.jpg,10,338,320,"(319, 281, 38, 79)",3002,0.478,0.0316,0.4769,1.0,1.0,0.5244,0.5018,2292.5642
saffron-998004__340_jpg.rf.lnM1yO6VLMUkBgZQ1Z30.jpg,11,469,292,"(464, 280, 10, 24)",240,0.4908,0.0316,0.5134,1.0,1.0,0.4993,0.3409,2644.6025
saffron-998004__340_jpg.rf.lnM1yO6VLMUkBgZQ1Z30.jpg,12,100,291,"(84, 267, 32, 48)",1536,0.4622,0.0316,0.4956,0.8883,1.0,0.4977,0.1777,3530.1122
saffron-998004__340_jpg.rf.lnM1yO6VLMUkBgZQ1Z30.jpg,13,398,293,"(382, 263, 33, 61)",2013,0.4928,0.0316,0.5193,1.0,1.0,0.5163,0.3833,2006.1254
saffron-998004__340_jpg.rf.lnM1yO6VLMUkBgZQ1Z30.jpg,14,470,266,"(464, 260, 13, 12)",156,0.4924,0.0316,0.5182,1.0,1.0,0.501,0.3283,1991.6739
saffron-998004__340_jpg.rf.lnM1yO6VLMUkBgZQ1Z30.jpg,15,295,252,"(292, 245, 6, 14)",84,0.4912,0.0316,0.5367,0.9615,1.0,0.4893,0.1923,2193.4745
saffron-998004__340_jpg.rf.lnM1yO6VLMUkBgZQ1Z30.jpg,16,239,218,"(224, 197, 31, 42)",1302,0.4802,0.0316,0.4832,1.0,1.0,0.5159,0.3717,2883.6754
saffron-998004__340_jpg.rf.lnM1yO6VLMUkBgZQ1Z30.jpg,17,245,184,"(237, 172, 17, 24)",408,0.5893,0.3179,0.5086,1.0,1.0,0.5136,0.4722,2644.5312
saffron-998004__340_jpg.rf.lnM1yO6VLMUkBgZQ1Z30.jpg,18,507,158,"(503, 141, 9, 35)",315,0.671,0.5549,0.5052,1.0,1.0,0.4934,0.4028,1427.1961
saffron-998004__340_jpg.rf.lnM1yO6VLMUkBgZQ1Z30.jpg,19,465,138,"(457, 123, 16, 30)",480,0.4926,0.0316,0.5186,1.0,1.0,0.5061,0.3495,1540.8427
saffron-998004__340_jpg.rf.lnM1yO6VLMUkBgZQ1Z30.jpg,20,226,142,"(213, 114, 26, 56)",1456,0.4704,0.0316,0.4553,1.0,1.0,0.5244,0.3483,2563.5875
saffron-998004__340_jpg.rf.lnM1yO6VLMUkBgZQ1Z30.jpg,21,8,142,"(0, 114, 16, 56)",896,0.5317,0.1445,0.5174,1.0,1.0,0.5037,0.3817,2158.2832
saffron-998004__340_jpg.rf.lnM1yO6VLMUkBgZQ1Z30.jpg,22,234,94,"(228, 89, 12, 11)",132,0.4851,0.1445,0.516,0.7699,1.0,0.4917,0.154,1776.826
saffron-998004__340_jpg.rf.lnM1yO6VLMUkBgZQ1Z30.jpg,23,326,73,"(321, 67, 10, 13)",130,0.5336,0.1445,0.523,1.0,1.0,0.4954,0.2436,2785.9902
saffron-998004__340_jpg.rf.lnM1yO6VLMUkBgZQ1Z30.jpg,24,30,84,"(7, 63, 47, 42)",1974,0.4876,0.0316,0.5045,1.0,1.0,0.5178,0.3192,2573.6994
saffron-998004__340_jpg.rf.lnM1yO6VLMUkBgZQ1Z30.jpg,25,466,85,"(459, 54, 14, 63)",882,0.4902,0.0316,0.5118,1.0,1.0,0.5023,0.3005,1561.5403
saffron-998004__340_jpg.rf.lnM1yO6VLMUkBgZQ1Z30.jpg,26,305,59,"(297, 33, 17, 52)",884,0.4948,0.0316,0.5248,1.0,1.0,0.5128,0.3438,2423.4576
saffron-998004__340_jpg.rf.lnM1yO6VLMUkBgZQ1Z30.jpg,27,496,54,"(480, 29, 32, 50)",1600,0.4788,0.0316,0.4792,1.0,1.0,0.5041,0.3188,2275.8616
saffron-998004__340_jpg.rf.lnM1yO6VLMUkBgZQ1Z30.jpg,28,74,39,"(62, 29, 25, 20)",500,0.59,0.3179,0.5108,1.0,1.0,0.5144,0.4088,2092.342
saffron-998004__340_jpg.rf.lnM1yO6VLMUkBgZQ1Z30.jpg,29,240,65,"(205, 9, 71, 112)",7952,0.4817,0.0316,0.4876,1.0,1.0,0.5274,0.392,2002.6197
saffron-998004__340_jpg.rf.lnM1yO6VLMUkBgZQ1Z30.jpg,30,279,19,"(272, 6, 15, 26)",390,0.4902,0.0316,0.5117,1.0,1.0,0.4992,0.3938,2410.9905
saffron-998004__340_jpg.rf.lnM1yO6VLMUkBgZQ1Z30.jpg,31,150,7,"(142, 0, 16, 14)",224,0.5585,0.3179,0.5195,1.0,0.6538,0.5047,0.4768,653.7753
saffron-and-flower-of-the-crocus-sativus_webp.rf.Nvg6E1Is7BxBNCWWRP8F.jpg,1,310,261,"(300, 248, 21, 26)",546,0.5508,0.2946,0.5196,0.8293,1.0,0.5314,0.1659,1765.8805
saffron-and-flower-of-the-crocus-sativus_webp.rf.Nvg6E1Is7BxBNCWWRP8F.jpg,2,182,167,"(141, 105, 83, 125)",10375,0.511,0.2894,0.4873,1.0,0.3914,0.5152,0.5004,391.3533
saffron-crocus-bloom-w_webp.rf.yl5z8O7LD0cQaotUOuiy.jpg,1,300,66,"(294, 58, 13, 16)",208,0.4646,0.2801,0.4642,1.0,0.041,0.5121,0.6971,40.9758
saffron-crocus-how-to-pick_webp.rf.8jUIZLr39LGk0oBVcCfu.jpg,1,49,347,"(43, 336, 12, 22)",264,0.7233,0.8847,0.5279,1.0,0.2893,0.5078,0.5515,289.3479
saffron-crocus-how-to-pick_webp.rf.8jUIZLr39LGk0oBVcCfu.jpg,2,75,303,"(53, 280, 45, 47)",2115,0.7084,0.9473,0.4867,1.0,0.0657,0.4889,0.4874,65.6689
saffron-crocus-sativus-in-bloom-pink-1-_webp.rf.Q4s5Vo4kphXKkniDTHG3.jpg,1,108,452,"(97, 438, 23, 28)",644,0.4971,0.3127,0.5007,1.0,0.1239,0.5095,0.6429,123.8976
saffron-crocus-sativus-in-bloom-pink-1-_webp.rf.Q4s5Vo4kphXKkniDTHG3.jpg,2,475,397,"(446, 348, 58, 98)",5684,0.4985,0.3127,0.4909,1.0,0.1722,0.5034,0.7857,172.2344
saffron-crocus-sativus-in-bloom-pink-1-_webp.rf.Q4s5Vo4kphXKkniDTHG3.jpg,3,494,310,"(476, 278, 36, 64)",2304,0.5024,0.3764,0.4659,1.0,0.0759,0.5088,0.8922,75.911
saffron-crocus-sativus-in-bloom-pink-1-_webp.rf.Q4s5Vo4kphXKkniDTHG3.jpg,4,30,178,"(0, 143, 61, 70)",4270,0.4956,0.3127,0.4793,1.0,0.1842,0.5126,0.9035,184.234
saffron-crocus-sativus-in-bloom-pink-1-_webp.rf.Q4s5Vo4kphXKkniDTHG3.jpg,5,47,139,"(39, 130, 17, 18)",306,0.699,0.8911,0.474,1.0,0.2125,0.5074,0.5736,212.537
saffron-crocus-sativus-in-bloom-pink-1-_webp.rf.Q4s5Vo4kphXKkniDTHG3.jpg,6,307,101,"(282, 77, 50, 49)",2450,0.4891,0.3087,0.5028,1.0,0.051,0.5242,0.7464,51.0116
saffron-crocus-sativus-in-bloom-pink-1-_webp.rf.Q4s5Vo4kphXKkniDTHG3.jpg,7,36,80,"(28, 75, 16, 11)",176,0.7083,0.9499,0.4993,1.0,0.0107,0.4982,0.8602,10.6534
saffron-crocus-sativus-in-bloom-pink-1-_webp.rf.Q4s5Vo4kphXKkniDTHG3.jpg,8,339,68,"(331, 58, 16, 21)",336,0.7161,0.9606,0.508,1.0,0.021,0.501,0.9091,21.0077
saffron-crocus-sativus-in-bloom-pink-1-_webp.rf.Q4s5Vo4kphXKkniDTHG3.jpg,9,388,45,"(379, 41, 18, 9)",162,0.7217,0.9499,0.5348,1.0,0.0203,0.4992,1.0,20.3162
saffron-crocus-sativus-in-bloom-pink-1-_webp.rf.Q4s5Vo4kphXKkniDTHG3.jpg,10,364,46,"(353, 35, 23, 22)",506,0.6239,0.7352,0.4716,1.0,0.0149,0.4999,1.0,14.9455
saffron-crocus-sativus-in-bloom-pink-1-_webp.rf.Q4s5Vo4kphXKkniDTHG3.jpg,11,463,34,"(457, 29, 13, 11)",143,0.6206,0.7161,0.4785,1.0,0.0245,0.5015,0.913,24.5316
saffron-crocus-sativus-in-bloom-pink-1-_webp.rf.Q4s5Vo4kphXKkniDTHG3.jpg,12,121,48,"(101, 29, 41, 39)",1599,0.6208,0.7092,0.4778,1.0,0.0534,0.5093,0.9312,53.3617
saffron-crocus-sativus-in-bloom-pink-1-_webp.rf.Q4s5Vo4kphXKkniDTHG3.jpg,13,408,38,"(395, 27, 27, 22)",594,0.6577,0.7974,0.506,1.0,0.0155,0.5034,1.0,15.4702
saffron-crocus-sativus-in-bloom-pink-1-_webp.rf.Q4s5Vo4kphXKkniDTHG3.jpg,14,373,22,"(368, 13, 11, 18)",198,0.6914,0.8866,0.5118,1.0,0.0198,0.5001,0.9928,19.7696
saffron-crocus-sativus-in-bloom-pink-1-_webp.rf.Q4s5Vo4kphXKkniDTHG3.jpg,15,274,24,"(262, 4, 24, 41)",984,0.5165,0.2946,0.4891,1.0,0.4221,0.523,0.2794,422.1464
saffron-crocus-sativus-in-bloom-pink-1-_webp.rf.Q4s5Vo4kphXKkniDTHG3.jpg,16,238,46,"(218, 0, 40, 92)",3680,0.4967,0.2944,0.4909,1.0,0.2185,0.5217,0.4619,218.4849
saffron-crocus-sativus-in-bloom-pink-1-_webp.rf.Q4s5Vo4kphXKkniDTHG3.jpg,17,127,10,"(105, 0, 44, 21)",924,0.6224,0.7214,0.4638,1.0,0.076,0.4968,0.8922,75.9693
saffron-flower-13985973_webp.rf.JITTWCMrDPP1ih4XGwBl.jpg,1,344,126,"(337, 117, 15, 19)",285,0.5423,0.2946,0.5252,0.8602,0.8335,0.5267,0.172,833.4987
saffron-flower-13985973_webp.rf.JITTWCMrDPP1ih4XGwBl.jpg,2,266,85,"(232, 43, 69, 84)",5796,0.4842,0.2944,0.4717,1.0,0.1611,0.5055,0.5827,161.0581
saffron-flower-autumn-crocus-spice-paella-m-0d-paprika-chorizo-rosemary-png-clipart_jpg.rf.g5aHHms0foiLlqDkqiKB.jpg,1,282,248,"(277, 239, 10, 19)",190,0.4733,0.2841,0.4824,1.0,0.05,0.5039,0.8314,50.012
saffron-flower-autumn-crocus-spice-paella-m-0d-paprika-chorizo-rosemary-png-clipart_jpg.rf.g5aHHms0foiLlqDkqiKB.jpg,2,169,226,"(152, 213, 34, 26)",884,0.6271,0.7024,0.4949,1.0,0.0803,0.5297,0.8884,80.3126
saffron-spice-derived-flower-crocus-260nw-2321843555_webp.rf.dEYZ5ihc6E3eFpI9yz1A.jpg,1,174,98,"(147, 71, 55, 55)",3025,0.4896,0.2968,0.4944,1.0,0.1268,0.5024,0.6295,126.8123
saffron10_jpg.rf.D0YR0Q95X7BTG84mqJn2.jpg,1,217,391,"(167, 348, 100, 86)",8600,0.646,0.6641,0.4941,1.0,0.4062,0.5436,0.522,406.1573
saffron10_jpg.rf.D0YR0Q95X7BTG84mqJn2.jpg,2,246,263,"(198, 192, 97, 143)",13871,0.6422,0.725,0.4913,0.9272,0.3109,0.5408,0.1854,310.8753
saffron14_jpg.rf.l4GowkGsFeNzifUXt56C.jpg,1,432,437,"(405, 423, 54, 29)",1566,0.4804,0.3686,0.5145,0.7483,0.2166,0.522,0.1497,216.5738
saffron14_jpg.rf.l4GowkGsFeNzifUXt56C.jpg,2,224,198,"(216, 185, 16, 26)",416,0.6134,0.6082,0.5392,1.0,0.1183,0.5169,0.5179,118.3341
saffron14_jpg.rf.l4GowkGsFeNzifUXt56C.jpg,3,348,201,"(278, 156, 140, 90)",12600,0.7126,0.8901,0.5091,1.0,0.2284,0.533,0.2638,228.4184
saffron14_jpg.rf.l4GowkGsFeNzifUXt56C.jpg,4,282,70,"(256, 59, 53, 22)",1166,0.7198,0.9606,0.4882,1.0,0.1268,0.4983,0.6498,126.7841
saffron14_jpg.rf.l4GowkGsFeNzifUXt56C.jpg,5,351,63,"(344, 56, 15, 15)",225,0.7295,0.9538,0.5236,1.0,0.124,0.4993,0.7257,123.9683
saffron14_jpg.rf.l4GowkGsFeNzifUXt56C.jpg,6,324,54,"(317, 51, 14, 7)",98,0.7641,0.9616,0.5244,1.0,0.4404,0.5029,0.5911,440.3855
saffron14_jpg.rf.l4GowkGsFeNzifUXt56C.jpg,7,387,48,"(381, 40, 13, 16)",208,0.5335,0.3916,0.4657,1.0,0.334,0.4996,0.5529,334.0041
saffron15_jpg.rf.mxbzEaamJI9Aq28h5fp4.jpg,1,198,33,"(174, 9, 49, 49)",2401,0.7226,0.9384,0.5184,1.0,0.1272,0.4924,0.3212,127.1598
saffron16_jpg.rf.TSyU4Sc5yJq45CpomvSH.jpg,1,46,452,"(43, 444, 7, 16)",112,0.554,0.5174,0.4799,1.0,0.0491,0.5057,0.5583,49.1295
saffron16_jpg.rf.TSyU4Sc5yJq45CpomvSH.jpg,2,93,306,"(85, 300, 16, 13)",208,0.5678,0.5308,0.4937,1.0,0.0919,0.5061,0.3343,91.8857
saffron16_jpg.rf.TSyU4Sc5yJq45CpomvSH.jpg,3,5,20,"(0, 10, 11, 21)",231,0.5741,0.5184,0.5352,1.0,0.0534,0.4996,0.4349,53.4453
saffron17_jpg.rf.P25VYFrYVvBpIi74VNXL.jpg,1,204,443,"(199, 426, 10, 35)",350,0.5228,0.5339,0.5386,0.6963,0.0814,0.5025,0.1393,81.4184
saffron17_jpg.rf.P25VYFrYVvBpIi74VNXL.jpg,2,348,389,"(324, 354, 49, 71)",3479,0.72,0.9512,0.5176,1.0,0.0598,0.5241,0.2362,59.8021
saffron17_jpg.rf.P25VYFrYVvBpIi74VNXL.jpg,3,224,360,"(219, 353, 11, 14)",154,0.5505,0.5549,0.5109,0.7358,0.3034,0.5206,0.1472,303.3586
saffron17_jpg.rf.P25VYFrYVvBpIi74VNXL.jpg,4,107,219,"(95, 205, 25, 28)",700,0.4946,0.2984,0.5038,1.0,0.1388,0.5241,0.5399,138.7763
saffron17_jpg.rf.P25VYFrYVvBpIi74VNXL.jpg,5,291,106,"(279, 55, 24, 102)",2448,0.4676,0.2841,0.4689,1.0,0.0403,0.5054,0.4939,40.2839
saffron18_jpg.rf.DGg2acg5jsmr024OJDvM.jpg,1,8,473,"(0, 468, 16, 11)",176,0.6761,0.9616,0.4842,0.6522,0.3963,0.5017,0.1304,396.2974
saffron18_jpg.rf.DGg2acg5jsmr024OJDvM.jpg,2,127,442,"(119, 437, 17, 11)",187,0.8065,0.9715,0.4768,1.0,0.9961,0.5026,0.2879,996.0916
saffron18_jpg.rf.DGg2acg5jsmr024OJDvM.jpg,3,371,402,"(352, 383, 39, 39)",1521,0.6402,0.5549,0.4999,1.0,0.7106,0.5093,0.3295,710.6082
saffron18_jpg.rf.DGg2acg5jsmr024OJDvM.jpg,4,490,342,"(483, 338, 14, 8)",112,0.5842,0.3134,0.4985,1.0,1.0,0.5064,0.6865,1191.6529
saffron1image.jpg,1,372,377,"(354, 362, 36, 31)",1116,0.5261,0.1445,0.5014,1.0,1.0,0.4866,0.345,2078.9511
saffron1image.jpg,2,353,262,"(334, 242, 38, 40)",1520,0.5527,0.3037,0.4787,0.8942,1.0,0.514,0.1788,1492.8875
saffron1image.jpg,3,385,217,"(374, 206, 23, 23)",529,0.6053,0.3876,0.4846,1.0,1.0,0.5346,0.3714,2434.0213
saffron20_jpg.rf.21q8zZzmVsJqqXu32meg.jpg,1,228,260,"(225, 253, 7, 14)",98,0.4822,0.2873,0.4824,1.0,0.1276,0.5049,0.8482,127.618
saffron20_jpg.rf.21q8zZzmVsJqqXu32meg.jpg,2,298,248,"(289, 235, 18, 27)",486,0.5737,0.3037,0.4782,1.0,1.0,0.5132,0.2239,1652.5176
saffron20_jpg.rf.21q8zZzmVsJqqXu32meg.jpg,3,302,76,"(293, 64, 19, 24)",456,0.5756,0.3037,0.4836,1.0,1.0,0.5081,0.3405,1997.1035
saffron20_jpg.rf.21q8zZzmVsJqqXu32meg.jpg,4,167,120,"(124, 36, 87, 168)",14616,0.4898,0.2894,0.49,1.0,0.17,0.517,0.5063,169.9622
saffron21_jpg.rf.2xGkhMZVAK7t2W17RA0U.jpg,1,471,502,"(464, 497, 14, 11)",154,0.6167,0.3804,0.5245,1.0,1.0,0.5226,0.4652,1875.3506
saffron21_jpg.rf.2xGkhMZVAK7t2W17RA0U.jpg,2,20,478,"(12, 473, 16, 10)",160,0.5708,0.3037,0.4699,1.0,1.0,0.5158,0.2679,1941.7218
saffron21_jpg.rf.2xGkhMZVAK7t2W17RA0U.jpg,3,210,477,"(203, 472, 15, 10)",150,0.6648,0.7146,0.5172,1.0,0.3369,0.5224,0.7761,336.8625
saffron21_jpg.rf.2xGkhMZVAK7t2W17RA0U.jpg,4,238,59,"(204, 28, 68, 63)",4284,0.5195,0.3804,0.4683,1.0,0.2248,0.5115,0.5068,224.7563
saffron22_jpg.rf.JjeT2eIKWRYhsvp45Wsx.jpg,1,275,504,"(268, 497, 15, 15)",225,0.674,0.7703,0.5452,1.0,0.1356,0.5184,0.97,135.613
saffron22_jpg.rf.JjeT2eIKWRYhsvp45Wsx.jpg,2,149,141,"(141, 124, 17, 35)",595,0.6879,0.6719,0.5042,1.0,0.7622,0.5091,0.5004,762.176
saffron24_jpg.rf.q70QXhT5VKpKBmdg47Wk.jpg,1,502,412,"(493, 404, 19, 17)",323,0.8112,1.0,0.4938,1.0,0.8836,0.5238,0.5876,883.6378
saffron24_jpg.rf.q70QXhT5VKpKBmdg47Wk.jpg,2,198,398,"(185, 392, 26, 12)",312,0.8057,1.0,0.4823,1.0,0.8688,0.5197,0.5132,868.8353
saffron24_jpg.rf.q70QXhT5VKpKBmdg47Wk.jpg,3,470,392,"(457, 378, 27, 28)",756,0.7965,1.0,0.4803,1.0,0.7834,0.5294,0.325,783.394
saffron24_jpg.rf.q70QXhT5VKpKBmdg47Wk.jpg,4,389,358,"(385, 354, 9, 9)",81,0.8261,1.0,0.5054,1.0,0.9922,0.5233,0.9841,992.2187
saffron24_jpg.rf.q70QXhT5VKpKBmdg47Wk.jpg,5,145,343,"(136, 339, 19, 8)",152,0.5369,1.0,0.531,0.0,0.0103,0.5031,0.0,10.2915
saffron24_jpg.rf.q70QXhT5VKpKBmdg47Wk.jpg,6,374,290,"(368, 286, 12, 9)",108,0.8291,1.0,0.5117,1.0,1.0,0.5196,0.6488,1389.9182
saffron24_jpg.rf.q70QXhT5VKpKBmdg47Wk.jpg,7,491,198,"(486, 192, 11, 12)",132,0.7832,0.9659,0.4767,1.0,0.7827,0.5212,0.4764,782.6854
saffron24_jpg.rf.q70QXhT5VKpKBmdg47Wk.jpg,8,258,193,"(253, 188, 11, 10)",110,0.6461,0.6537,0.4785,1.0,0.4983,0.5157,0.6838,498.2568
saffron24_jpg.rf.q70QXhT5VKpKBmdg47Wk.jpg,9,307,189,"(299, 182, 17, 15)",255,0.753,0.9544,0.4635,1.0,0.5672,0.5155,0.4508,567.2099
saffron24_jpg.rf.q70QXhT5VKpKBmdg47Wk.jpg,10,38,157,"(0, 111, 77, 92)",7084,0.5043,0.3087,0.4623,1.0,0.3451,0.513,0.6797,345.0609
saffron25_jpg.rf.uo5sS602nRzky6uU2pGT.jpg,1,202,429,"(197, 423, 11, 12)",132,0.571,0.3037,0.5089,0.933,1.0,0.5174,0.1866,1496.4806
saffron25_jpg.rf.uo5sS602nRzky6uU2pGT.jpg,2,183,391,"(176, 386, 15, 10)",150,0.6058,0.3868,0.487,1.0,1.0,0.5186,0.5051,5732.2004
saffron25_jpg.rf.uo5sS602nRzky6uU2pGT.jpg,3,406,369,"(401, 360, 11, 18)",198,0.5747,0.3037,0.4812,1.0,1.0,0.5227,0.2203,1681.936
saffron25_jpg.rf.uo5sS602nRzky6uU2pGT.jpg,4,372,370,"(362, 350, 21, 40)",840,0.5739,0.3037,0.479,1.0,1.0,0.5257,0.2622,2533.4999
saffron26_jpg.rf.lhjqsIWIniM4WCdWJ9xI.jpg,1,445,219,"(440, 210, 11, 19)",209,0.7558,0.9606,0.4992,1.0,0.4485,0.5058,0.8205,448.5124
saffron26_jpg.rf.lhjqsIWIniM4WCdWJ9xI.jpg,2,331,137,"(320, 126, 22, 23)",506,0.582,0.3816,0.52,1.0,0.664,0.51,0.6866,663.9906
saffron26_jpg.rf.lhjqsIWIniM4WCdWJ9xI.jpg,3,457,102,"(448, 92, 19, 20)",380,0.7793,0.9606,0.5066,1.0,0.658,0.5033,0.9093,657.9685
saffron26_jpg.rf.lhjqsIWIniM4WCdWJ9xI.jpg,4,300,82,"(286, 72, 29, 21)",609,0.7672,0.9715,0.5009,1.0,0.5187,0.5068,0.8603,518.7021
saffron26_jpg.rf.lhjqsIWIniM4WCdWJ9xI.jpg,5,223,84,"(186, 66, 75, 37)",2775,0.7486,0.9656,0.4642,1.0,0.482,0.495,0.7251,481.9934
saffron26_jpg.rf.lhjqsIWIniM4WCdWJ9xI.jpg,6,267,73,"(263, 65, 8, 16)",128,0.7359,0.8972,0.4958,1.0,0.4829,0.5024,0.8446,482.8896
saffron26_jpg.rf.lhjqsIWIniM4WCdWJ9xI.jpg,7,320,59,"(313, 46, 15, 26)",390,0.663,0.7352,0.4766,1.0,0.3887,0.5044,0.8577,388.7435
saffron27_jpg.rf.m4hQaEojuIkCtvqZ5LF3.jpg,1,246,507,"(239, 503, 14, 9)",126,0.7178,0.9367,0.5285,1.0,0.0501,0.5081,0.641,50.1309
saffron27_jpg.rf.m4hQaEojuIkCtvqZ5LF3.jpg,2,462,489,"(457, 484, 11, 10)",110,0.6213,0.5549,0.4901,1.0,0.5549,0.5022,0.2747,554.8668
saffron27_jpg.rf.m4hQaEojuIkCtvqZ5LF3.jpg,3,14,474,"(0, 460, 29, 28)",812,0.5349,1.0,0.5044,0.0143,0.055,0.5162,0.0029,54.9605
saffron27_jpg.rf.m4hQaEojuIkCtvqZ5LF3.jpg,4,55,435,"(49, 430, 13, 11)",143,0.5477,1.0,0.4973,0.0696,0.0968,0.5047,0.0139,96.8243
saffron27_jpg.rf.m4hQaEojuIkCtvqZ5LF3.jpg,5,372,376,"(367, 369, 10, 14)",140,0.545,0.5549,0.4967,0.3846,1.0,0.5014,0.0769,1144.9278
saffron27_jpg.rf.m4hQaEojuIkCtvqZ5LF3.jpg,6,240,356,"(219, 305, 42, 102)",4284,0.5092,0.3179,0.4752,1.0,0.3165,0.518,0.6491,316.5372
saffron27_jpg.rf.m4hQaEojuIkCtvqZ5LF3.jpg,7,287,221,"(275, 211, 24, 21)",504,0.5424,0.3179,0.4846,1.0,0.6157,0.5114,0.4781,615.7313
saffron27_jpg.rf.m4hQaEojuIkCtvqZ5LF3.jpg,8,499,149,"(490, 143, 19, 12)",228,0.7118,0.9018,0.4789,1.0,0.2854,0.5046,0.7054,285.4073
saffron27_jpg.rf.m4hQaEojuIkCtvqZ5LF3.jpg,9,500,117,"(489, 107, 23, 21)",483,0.5114,0.3746,0.5001,1.0,0.0529,0.5058,0.7638,52.919
saffron27_jpg.rf.m4hQaEojuIkCtvqZ5LF3.jpg,10,143,39,"(134, 31, 18, 17)",306,0.5846,0.5485,0.5219,1.0,0.1,0.5091,0.4414,99.9987
saffron28_jpg.rf.FyLDFuVnPaBqWkOqRVRR.jpg,1,296,382,"(290, 378, 13, 8)",104,0.5776,0.3179,0.4753,1.0,1.0,0.5163,0.364,3051.7198
saffron28_jpg.rf.FyLDFuVnPaBqWkOqRVRR.jpg,2,249,294,"(246, 284, 7, 20)",140,0.597,0.535,0.5313,1.0,0.2382,0.5106,0.3553,238.2488
saffron29_jpg.rf.P95RY5TeeBUpOxwQEnZG.jpg,1,136,501,"(122, 491, 28, 21)",588,0.5511,0.3928,0.4779,1.0,0.4637,0.5255,0.462,463.7449
saffron29_jpg.rf.P95RY5TeeBUpOxwQEnZG.jpg,2,505,477,"(499, 456, 13, 42)",546,0.6662,0.7387,0.503,1.0,0.3159,0.5119,0.6569,315.9009
saffron29_jpg.rf.P95RY5TeeBUpOxwQEnZG.jpg,3,55,413,"(49, 408, 12, 10)",120,0.5242,0.3864,0.4807,1.0,0.2071,0.5082,0.4413,207.1483
saffron29_jpg.rf.P95RY5TeeBUpOxwQEnZG.jpg,4,4,391,"(0, 386, 9, 11)",99,0.513,0.3037,0.5023,1.0,0.3095,0.5046,0.2754,309.5242
saffron29_jpg.rf.P95RY5TeeBUpOxwQEnZG.jpg,5,21,364,"(17, 357, 9, 15)",135,0.5115,0.3037,0.4948,1.0,0.3203,0.5174,0.2275,320.2928
saffron29_jpg.rf.P95RY5TeeBUpOxwQEnZG.jpg,6,14,344,"(10, 338, 9, 12)",108,0.5184,0.3143,0.4785,1.0,0.4089,0.5146,0.2738,408.9431
saffron29_jpg.rf.P95RY5TeeBUpOxwQEnZG.jpg,7,501,140,"(490, 125, 22, 30)",660,0.6525,0.723,0.5183,1.0,0.1809,0.5191,0.9158,180.9392
saffron29_jpg.rf.P95RY5TeeBUpOxwQEnZG.jpg,8,10,138,"(0, 123, 21, 31)",651,0.6568,0.7274,0.5309,1.0,0.1639,0.5253,0.6882,163.9255
saffron29_jpg.rf.P95RY5TeeBUpOxwQEnZG.jpg,9,171,96,"(168, 88, 7, 16)",112,0.5168,0.3179,0.4997,1.0,0.3059,0.5173,0.3008,305.9174
saffron29_jpg.rf.P95RY5TeeBUpOxwQEnZG.jpg,10,29,4,"(24, 0, 10, 8)",80,0.6531,0.7084,0.5406,1.0,0.1599,0.5097,0.737,159.9457
saffron2_jpg.rf.1cjvm5wdT9hVWp1qWlEe.jpg,1,216,500,"(209, 489, 15, 23)",345,0.7103,0.9538,0.4991,1.0,0.0176,0.5001,0.3436,17.6216
saffron2_jpg.rf.1cjvm5wdT9hVWp1qWlEe.jpg,2,188,455,"(181, 451, 15, 9)",135,0.7127,0.9499,0.5109,1.0,0.0144,0.5027,0.4903,14.3519
saffron2_jpg.rf.1cjvm5wdT9hVWp1qWlEe.jpg,3,455,457,"(446, 448, 18, 18)",324,0.7089,0.9499,0.4998,1.0,0.0144,0.5001,0.33,14.4159
saffron2_jpg.rf.1cjvm5wdT9hVWp1qWlEe.jpg,4,25,100,"(0, 72, 51, 57)",2907,0.6236,0.6699,0.5285,1.0,0.0422,0.5086,0.6123,42.159
saffron2_jpg.rf.1cjvm5wdT9hVWp1qWlEe.jpg,5,326,33,"(310, 10, 32, 47)",1504,0.7342,0.9568,0.4935,1.0,0.2657,0.4955,0.2827,265.7476
saffron30_jpg.rf.BTl59XIIz6KpO4zKOSdk.jpg,1,346,502,"(336, 498, 21, 9)",189,0.6734,0.7284,0.4912,1.0,0.4656,0.5115,0.6818,465.6176
saffron30_jpg.rf.BTl59XIIz6KpO4zKOSdk.jpg,2,491,478,"(471, 473, 41, 11)",451,0.6564,0.6743,0.4757,1.0,0.539,0.5089,0.4616,539.0231
saffron30_jpg.rf.BTl59XIIz6KpO4zKOSdk.jpg,3,500,390,"(488, 378, 24, 25)",600,0.6568,0.6779,0.4893,1.0,0.483,0.5189,0.5748,483.0308
saffron30_jpg.rf.BTl59XIIz6KpO4zKOSdk.jpg,4,231,254,"(227, 246, 9, 16)",144,0.6295,0.6743,0.5077,1.0,0.158,0.5145,0.5459,157.9728
saffron30_jpg.rf.BTl59XIIz6KpO4zKOSdk.jpg,5,216,235,"(210, 227, 12, 16)",192,0.7192,0.7387,0.459,1.0,1.0,0.5074,0.6682,1217.9382
saffron30_jpg.rf.BTl59XIIz6KpO4zKOSdk.jpg,6,213,215,"(202, 207, 22, 16)",352,0.6674,0.6779,0.4519,1.0,0.7198,0.5186,0.6523,719.8011
saffron30_jpg.rf.BTl59XIIz6KpO4zKOSdk.jpg,7,500,206,"(489, 186, 23, 40)",920,0.5601,0.5289,0.4779,1.0,0.0774,0.5219,0.4867,77.378
saffron30_jpg.rf.BTl59XIIz6KpO4zKOSdk.jpg,8,490,95,"(482, 91, 16, 8)",128,0.5016,0.3664,0.4885,1.0,0.0236,0.5062,0.7232,23.5657
saffron30_jpg.rf.BTl59XIIz6KpO4zKOSdk.jpg,9,414,87,"(405, 78, 19, 19)",361,0.5553,0.5195,0.4795,1.0,0.0566,0.5099,0.5026,56.5747
saffron30_jpg.rf.BTl59XIIz6KpO4zKOSdk.jpg,10,120,82,"(111, 76, 18, 13)",234,0.5956,0.3179,0.5268,1.0,1.0,0.5183,0.364,1507.1972
saffron30_jpg.rf.BTl59XIIz6KpO4zKOSdk.jpg,11,38,24,"(33, 19, 10, 11)",110,0.4816,0.2879,0.5074,0.9684,0.0957,0.5085,0.1937,95.6626
saffron31_jpg.rf.hpZ0CssKkODmwxVdXZqK.jpg,1,381,267,"(369, 245, 25, 45)",1125,0.5591,0.3131,0.511,1.0,0.707,0.5067,0.5211,706.9536
saffron31_jpg.rf.hpZ0CssKkODmwxVdXZqK.jpg,2,454,230,"(446, 217, 17, 27)",459,0.4598,0.0271,0.538,1.0,0.6205,0.5022,0.4598,620.4815
saffron31_jpg.rf.hpZ0CssKkODmwxVdXZqK.jpg,3,244,208,"(229, 201, 30, 14)",420,0.5677,0.3037,0.5353,1.0,0.7405,0.5171,0.446,740.5302
saffron31_jpg.rf.hpZ0CssKkODmwxVdXZqK.jpg,4,67,233,"(31, 194, 73, 79)",5767,0.5507,0.3179,0.4854,1.0,0.6949,0.5209,0.6009,694.9381
saffron31_jpg.rf.hpZ0CssKkODmwxVdXZqK.jpg,5,488,225,"(464, 189, 48, 72)",3456,0.5422,0.3179,0.5118,1.0,0.5183,0.5109,0.6299,518.3295
saffron31_jpg.rf.hpZ0CssKkODmwxVdXZqK.jpg,6,405,194,"(397, 183, 17, 22)",374,0.5551,0.311,0.5516,1.0,0.5318,0.5072,0.5172,531.7648
saffron31_jpg.rf.hpZ0CssKkODmwxVdXZqK.jpg,7,360,193,"(336, 171, 48, 44)",2112,0.5216,0.3179,0.4931,1.0,0.3772,0.5105,0.581,377.2223
saffron31_jpg.rf.hpZ0CssKkODmwxVdXZqK.jpg,8,185,155,"(175, 136, 21, 38)",798,0.5114,0.3037,0.4735,1.0,0.3939,0.5152,0.5897,393.871
saffron31_jpg.rf.hpZ0CssKkODmwxVdXZqK.jpg,9,423,142,"(418, 133, 11, 19)",209,0.5147,0.2841,0.5546,1.0,0.2111,0.5106,0.2973,211.1146
saffron31_jpg.rf.hpZ0CssKkODmwxVdXZqK.jpg,10,293,139,"(279, 125, 29, 28)",812,0.5041,0.2985,0.5005,1.0,0.2443,0.5066,0.4994,244.3041
saffron31_jpg.rf.hpZ0CssKkODmwxVdXZqK.jpg,11,10,136,"(0, 115, 20, 43)",860,0.4938,0.2985,0.4888,1.0,0.1829,0.5118,0.4161,182.9143
saffron33_jpg.rf.q2DRVDkNGUcedCkgATxK.jpg,1,239,129,"(203, 67, 72, 125)",9000,0.4893,0.311,0.4457,1.0,0.2441,0.5296,0.7015,244.0866
saffron36_jpg.rf.I0Uydt3IzYCewDE2ZdyE.jpg,1,200,370,"(187, 360, 27, 20)",540,0.4914,0.1268,0.5003,1.0,0.7194,0.4988,0.4014,719.3936
saffron36_jpg.rf.I0Uydt3IzYCewDE2ZdyE.jpg,2,424,336,"(378, 304, 92, 65)",5980,0.4929,0.3054,0.4634,1.0,0.238,0.523,0.845,238.0127
saffron37_jpg.rf.wYXy3XiFJwGoX1fFTSYO.jpg,1,343,493,"(338, 487, 10, 13)",130,0.5022,0.2984,0.5542,1.0,0.0379,0.5057,1.0,37.949
saffron37_jpg.rf.wYXy3XiFJwGoX1fFTSYO.jpg,2,95,476,"(87, 473, 16, 7)",112,0.4917,0.2942,0.5229,1.0,0.0574,0.5046,1.0,57.4261
saffron37_jpg.rf.wYXy3XiFJwGoX1fFTSYO.jpg,3,68,475,"(58, 469, 20, 12)",240,0.4947,0.2918,0.538,1.0,0.0425,0.5061,1.0,42.4685
saffron37_jpg.rf.wYXy3XiFJwGoX1fFTSYO.jpg,4,15,282,"(0, 276, 31, 12)",372,0.5022,0.2934,0.5672,1.0,0.0103,0.5042,1.0,10.3029
saffron37_jpg.rf.wYXy3XiFJwGoX1fFTSYO.jpg,5,463,69,"(415, 20, 97, 99)",9603,0.4813,0.3011,0.4791,1.0,0.0821,0.5109,0.8948,82.126
saffron39_jpg.rf.Qh5z7QcVFF8oDL1KyTFO.jpg,1,198,494,"(159, 476, 79, 36)",2844,0.7083,0.9512,0.4824,1.0,0.0661,0.5224,0.6282,66.075
saffron39_jpg.rf.Qh5z7QcVFF8oDL1KyTFO.jpg,2,148,468,"(143, 453, 10, 31)",310,0.7223,0.9512,0.5084,1.0,0.1147,0.5235,0.8393,114.7048
saffron3_jpg.rf.SdVhMKHWCyqDN2ECsiu3.jpg,1,143,386,"(138, 380, 10, 13)",130,0.6988,0.6641,0.4753,1.0,1.0,0.5068,0.3582,2408.4152
saffron3_jpg.rf.SdVhMKHWCyqDN2ECsiu3.jpg,2,498,311,"(484, 298, 28, 26)",728,0.5161,0.3127,0.5386,1.0,0.1816,0.5151,0.3584,181.569
saffron3_jpg.rf.SdVhMKHWCyqDN2ECsiu3.jpg,3,494,269,"(489, 254, 11, 30)",330,0.4837,0.2985,0.4729,1.0,0.1367,0.5095,0.6636,136.6858
saffron3_jpg.rf.SdVhMKHWCyqDN2ECsiu3.jpg,4,168,158,"(152, 137, 32, 43)",1376,0.5044,0.3127,0.4776,1.0,0.2782,0.5156,0.7835,278.2077
saffron3_jpg.rf.SdVhMKHWCyqDN2ECsiu3.jpg,5,180,114,"(172, 107, 17, 14)",238,0.7304,0.9512,0.4972,1.0,0.2348,0.5097,0.7387,234.7986
saffron40_jpg.rf.PAqw20vTDQj2hGAsDJcL.jpg,1,67,373,"(59, 364, 17, 18)",306,0.568,0.3179,0.4478,1.0,1.0,0.5153,0.3218,1329.2594
saffron40_jpg.rf.PAqw20vTDQj2hGAsDJcL.jpg,2,72,323,"(62, 317, 21, 12)",252,0.5519,0.3078,0.4933,1.0,0.7149,0.5143,0.2891,714.8886
saffron40_jpg.rf.PAqw20vTDQj2hGAsDJcL.jpg,3,108,112,"(97, 104, 23, 17)",391,0.463,0.0271,0.4979,1.0,0.7923,0.503,0.465,792.2622
saffron40_jpg.rf.PAqw20vTDQj2hGAsDJcL.jpg,4,202,88,"(177, 68, 50, 40)",2000,0.4873,0.0271,0.5079,1.0,1.0,0.5046,0.3018,1496.1845
saffron40_jpg.rf.PAqw20vTDQj2hGAsDJcL.jpg,5,282,84,"(262, 60, 40, 49)",1960,0.5837,0.3037,0.5068,1.0,1.0,0.5065,0.3966,1783.8588
saffron40_jpg.rf.PAqw20vTDQj2hGAsDJcL.jpg,6,288,31,"(283, 19, 11, 25)",275,0.4868,0.0271,0.5064,1.0,1.0,0.49,0.3807,1137.4037
saffron42_jpg.rf.iJN6ermJ8K7SORBbe6cy.jpg,1,132,457,"(121, 451, 23, 12)",276,0.6387,0.5485,0.5036,1.0,0.7043,0.5042,0.3167,704.2922
saffron42_jpg.rf.iJN6ermJ8K7SORBbe6cy.jpg,2,321,447,"(308, 438, 27, 19)",513,0.5532,0.3179,0.5121,1.0,0.6267,0.5174,0.8602,626.6632
saffron42_jpg.rf.iJN6ermJ8K7SORBbe6cy.jpg,3,341,429,"(334, 424, 15, 10)",150,0.5839,0.3179,0.5066,1.0,0.9529,0.5087,0.6397,952.9266
saffron42_jpg.rf.iJN6ermJ8K7SORBbe6cy.jpg,4,187,425,"(178, 415, 19, 21)",399,0.5286,0.3179,0.5197,1.0,0.3539,0.5217,0.7576,353.91
saffron42_jpg.rf.iJN6ermJ8K7SORBbe6cy.jpg,5,316,411,"(300, 397, 33, 29)",957,0.5666,0.3179,0.506,1.0,0.7827,0.516,0.7355,782.6563
saffron42_jpg.rf.iJN6ermJ8K7SORBbe6cy.jpg,6,153,406,"(112, 364, 82, 85)",6970,0.5319,0.3179,0.4719,1.0,0.5551,0.5192,0.6903,555.1241
saffron42_jpg.rf.iJN6ermJ8K7SORBbe6cy.jpg,7,196,323,"(178, 310, 37, 27)",999,0.4733,0.0271,0.4869,1.0,0.9338,0.5054,0.686,933.7702
saffron42_jpg.rf.iJN6ermJ8K7SORBbe6cy.jpg,8,390,266,"(358, 247, 64, 38)",2432,0.5316,0.3179,0.491,1.0,0.4848,0.5129,0.7547,484.8006
saffron42_jpg.rf.iJN6ermJ8K7SORBbe6cy.jpg,9,421,253,"(403, 246, 36, 15)",540,0.5891,0.3179,0.5103,1.0,0.9926,0.5143,0.7701,992.6044
saffron42_jpg.rf.iJN6ermJ8K7SORBbe6cy.jpg,10,273,211,"(269, 203, 9, 17)",153,0.4841,0.0271,0.4988,1.0,1.0,0.503,0.7849,1210.1013
saffron42_jpg.rf.iJN6ermJ8K7SORBbe6cy.jpg,11,106,186,"(83, 160, 47, 52)",2444,0.5089,0.2985,0.4957,1.0,0.3096,0.5067,0.6679,309.5593
saffron42_jpg.rf.iJN6ermJ8K7SORBbe6cy.jpg,12,378,122,"(353, 107, 51, 31)",1581,0.6247,0.5538,0.4874,1.0,0.6033,0.5151,0.433,603.3317
saffron42_jpg.rf.iJN6ermJ8K7SORBbe6cy.jpg,13,25,111,"(14, 105, 22, 12)",264,0.7523,0.9627,0.4925,1.0,0.4302,0.5109,0.3272,430.2096
saffron42_jpg.rf.iJN6ermJ8K7SORBbe6cy.jpg,14,99,98,"(90, 94, 19, 8)",152,0.6541,0.5473,0.5082,1.0,0.8463,0.4964,0.3177,846.2714
saffron42_jpg.rf.iJN6ermJ8K7SORBbe6cy.jpg,15,14,58,"(0, 38, 29, 40)",1160,0.7017,0.9423,0.5121,0.9176,0.0915,0.5048,0.1835,91.5373
saffron42_jpg.rf.iJN6ermJ8K7SORBbe6cy.jpg,16,19,4,"(12, 0, 14, 9)",126,0.7393,0.9423,0.5606,1.0,0.1328,0.5017,0.2615,132.8176
saffron43_jpg.rf.SIpEGc8ksZOxstGeny8q.jpg,1,30,477,"(14, 468, 33, 19)",627,0.5983,0.9512,0.5159,0.0932,0.6615,0.5121,0.0186,661.524
saffron43_jpg.rf.SIpEGc8ksZOxstGeny8q.jpg,2,355,444,"(348, 437, 15, 15)",225,0.5425,1.0,0.5357,0.0,0.0496,0.5005,0.0,49.5522
saffron43_jpg.rf.SIpEGc8ksZOxstGeny8q.jpg,3,216,397,"(205, 383, 23, 28)",644,0.5097,0.3127,0.4679,1.0,0.3654,0.5062,0.6471,365.4193
saffron43_jpg.rf.SIpEGc8ksZOxstGeny8q.jpg,4,211,341,"(172, 304, 79, 74)",5846,0.526,0.3131,0.488,1.0,0.4567,0.5184,0.7967,456.7491
saffron43_jpg.rf.SIpEGc8ksZOxstGeny8q.jpg,5,506,306,"(501, 300, 11, 12)",132,0.7373,0.9538,0.5242,1.0,0.1995,0.4962,0.4142,199.4624
saffron43_jpg.rf.SIpEGc8ksZOxstGeny8q.jpg,6,120,314,"(96, 296, 48, 37)",1776,0.5831,0.3179,0.4908,1.0,1.0,0.5125,0.5895,1052.5802
saffron43_jpg.rf.SIpEGc8ksZOxstGeny8q.jpg,7,232,295,"(223, 290, 19, 11)",209,0.5524,0.3077,0.4703,1.0,0.8005,0.5089,0.7812,800.5231
saffron43_jpg.rf.SIpEGc8ksZOxstGeny8q.jpg,8,488,295,"(481, 289, 15, 13)",195,0.7409,0.9684,0.5079,1.0,0.2421,0.5083,0.3941,242.1078
saffron43_jpg.rf.SIpEGc8ksZOxstGeny8q.jpg,9,228,264,"(218, 249, 21, 31)",651,0.5794,0.3179,0.4803,1.0,1.0,0.5119,0.8386,1193.9347
saffron43_jpg.rf.SIpEGc8ksZOxstGeny8q.jpg,10,420,247,"(409, 239, 23, 17)",391,0.5804,0.3179,0.4832,1.0,1.0,0.5141,0.7094,1221.363
saffron43_jpg.rf.SIpEGc8ksZOxstGeny8q.jpg,11,267,249,"(252, 234, 30, 31)",930,0.5155,0.2841,0.4784,1.0,0.4865,0.512,0.7818,486.4557
saffron43_jpg.rf.SIpEGc8ksZOxstGeny8q.jpg,12,400,222,"(395, 216, 11, 13)",143,0.5821,0.3131,0.4931,1.0,1.0,0.516,0.8243,1029.4584
saffron43_jpg.rf.SIpEGc8ksZOxstGeny8q.jpg,13,100,210,"(78, 178, 45, 64)",2880,0.5351,0.3037,0.4721,1.0,0.6359,0.5049,0.7574,635.8696
saffron43_jpg.rf.SIpEGc8ksZOxstGeny8q.jpg,14,117,177,"(104, 162, 26, 30)",780,0.5478,0.3037,0.485,1.0,0.7179,0.5135,0.6986,717.9481
saffron43_jpg.rf.SIpEGc8ksZOxstGeny8q.jpg,15,60,169,"(53, 154, 15, 31)",465,0.8151,0.9544,0.5174,1.0,1.0,0.5101,0.5512,1040.7949
saffron43_jpg.rf.SIpEGc8ksZOxstGeny8q.jpg,16,386,158,"(371, 142, 30, 33)",990,0.5338,0.3179,0.5162,1.0,0.4187,0.5092,0.8423,418.7294
saffron43_jpg.rf.SIpEGc8ksZOxstGeny8q.jpg,17,273,155,"(257, 140, 32, 31)",992,0.5344,0.3179,0.5146,1.0,0.4299,0.5076,0.6142,429.8656
saffron43_jpg.rf.SIpEGc8ksZOxstGeny8q.jpg,18,316,171,"(304, 136, 25, 71)",1775,0.5298,0.3179,0.4687,1.0,0.5452,0.5087,0.7792,545.2125
saffron43_jpg.rf.SIpEGc8ksZOxstGeny8q.jpg,19,350,139,"(342, 134, 16, 11)",176,0.5498,0.3179,0.5186,1.0,0.57,0.5127,0.6506,569.9988
saffron43_jpg.rf.SIpEGc8ksZOxstGeny8q.jpg,20,430,124,"(425, 116, 10, 16)",160,0.6365,0.5549,0.5037,1.0,0.6599,0.5076,0.2273,659.9291
saffron43_jpg.rf.SIpEGc8ksZOxstGeny8q.jpg,21,102,117,"(96, 113, 13, 9)",117,0.4986,0.2985,0.4919,1.0,0.2203,0.5056,0.7467,220.2716
saffron43_jpg.rf.SIpEGc8ksZOxstGeny8q.jpg,22,53,118,"(46, 111, 15, 14)",210,0.4926,0.2912,0.4981,1.0,0.1637,0.5074,0.5028,163.6837
saffron43_jpg.rf.SIpEGc8ksZOxstGeny8q.jpg,23,148,123,"(123, 107, 50, 33)",1650,0.5311,0.3179,0.4877,1.0,0.4919,0.5167,0.5616,491.9033
saffron43_jpg.rf.SIpEGc8ksZOxstGeny8q.jpg,24,275,113,"(267, 105, 17, 17)",289,0.5116,0.2916,0.487,1.0,0.3911,0.5074,0.9287,391.13
saffron43_jpg.rf.SIpEGc8ksZOxstGeny8q.jpg,25,294,103,"(290, 97, 9, 12)",108,0.5058,0.3037,0.4718,1.0,0.344,0.5034,0.8056,344.0334
saffron43_jpg.rf.SIpEGc8ksZOxstGeny8q.jpg,26,253,88,"(249, 81, 9, 14)",126,0.7576,0.9544,0.4897,1.0,0.5214,0.5042,0.6026,521.4184
saffron43_jpg.rf.SIpEGc8ksZOxstGeny8q.jpg,27,67,89,"(39, 72, 57, 35)",1995,0.4939,0.2967,0.4723,1.0,0.2472,0.5128,0.5409,247.2304
saffron43_jpg.rf.SIpEGc8ksZOxstGeny8q.jpg,28,134,68,"(124, 60, 21, 16)",336,0.5005,0.2968,0.4877,1.0,0.259,0.5043,0.7413,258.9857
saffron43_jpg.rf.SIpEGc8ksZOxstGeny8q.jpg,29,496,19,"(486, 8, 21, 22)",462,0.7197,0.9568,0.5015,1.0,0.0923,0.51,0.5717,92.264
saffron43_jpg.rf.SIpEGc8ksZOxstGeny8q.jpg,30,271,10,"(257, 0, 29, 20)",580,0.5408,0.9641,0.5348,0.061,0.0396,0.5028,0.0122,39.642
saffron46_jpg.rf.0wO7fNCD6FXZgokMyhIY.jpg,1,496,438,"(481, 393, 31, 91)",2821,0.7127,0.9499,0.5118,1.0,0.0114,0.5192,0.7431,11.3713
saffron46_jpg.rf.0wO7fNCD6FXZgokMyhIY.jpg,2,108,350,"(72, 328, 72, 44)",3168,0.496,0.2893,0.5344,1.0,0.077,0.5321,0.8863,77.0451
saffron46_jpg.rf.0wO7fNCD6FXZgokMyhIY.jpg,3,402,346,"(369, 318, 67, 56)",3752,0.6097,0.6503,0.4821,1.0,0.1337,0.5172,0.6983,133.7219
saffron46_jpg.rf.0wO7fNCD6FXZgokMyhIY.jpg,4,161,317,"(154, 312, 15, 11)",165,0.7579,0.9544,0.4919,1.0,0.5172,0.5272,0.7069,517.2329
saffron46_jpg.rf.0wO7fNCD6FXZgokMyhIY.jpg,5,192,322,"(176, 295, 33, 54)",1782,0.6365,0.6239,0.4925,1.0,0.4576,0.5329,0.3283,457.596
saffron46_jpg.rf.0wO7fNCD6FXZgokMyhIY.jpg,6,150,270,"(141, 246, 18, 49)",882,0.5045,0.3127,0.4885,1.0,0.2407,0.5239,0.8956,240.6531
saffron46_jpg.rf.0wO7fNCD6FXZgokMyhIY.jpg,7,3,231,"(0, 214, 7, 34)",238,0.5117,0.9367,0.4929,0.0,0.1132,0.4944,0.0,113.1549
saffron46_jpg.rf.0wO7fNCD6FXZgokMyhIY.jpg,8,31,217,"(27, 210, 9, 14)",126,0.5302,0.9367,0.507,0.0,0.2494,0.4967,0.0,249.3587
saffron46_jpg.rf.0wO7fNCD6FXZgokMyhIY.jpg,9,380,104,"(366, 72, 29, 65)",1885,0.7449,0.9544,0.4945,1.0,0.3781,0.5013,0.2483,378.0809
saffron46_jpg.rf.0wO7fNCD6FXZgokMyhIY.jpg,10,4,57,"(0, 50, 8, 15)",120,0.7146,0.9538,0.5034,1.0,0.0454,0.4969,0.2725,45.4163
saffron46_jpg.rf.0wO7fNCD6FXZgokMyhIY.jpg,11,498,54,"(484, 36, 28, 37)",1036,0.507,0.9499,0.4937,0.0,0.0174,0.5006,0.0,17.4361
saffron46_jpg.rf.0wO7fNCD6FXZgokMyhIY.jpg,12,468,30,"(462, 21, 12, 19)",228,0.5077,0.9499,0.4846,0.0,0.0558,0.5019,0.0,55.7737
saffron46_jpg.rf.0wO7fNCD6FXZgokMyhIY.jpg,13,193,7,"(190, 0, 7, 15)",105,0.5136,0.9367,0.5053,0.0,0.0885,0.4922,0.0,88.4621
saffron46_jpg.rf.0wO7fNCD6FXZgokMyhIY.jpg,14,152,78,"(124, 0, 57, 157)",8949,0.645,0.9544,0.5001,0.5273,0.3051,0.5027,0.1055,305.1319
saffron46_jpg.rf.0wO7fNCD6FXZgokMyhIY.jpg,15,72,44,"(20, 0, 104, 88)",9152,0.6637,0.9435,0.4771,0.7474,0.17,0.5048,0.1495,169.9864
saffron47_jpg.rf.UqhFckizgWwc9QzySoPF.jpg,1,299,427,"(288, 415, 22, 24)",528,0.5386,0.5242,0.4949,0.8824,0.0547,0.5089,0.1765,54.6918
saffron47_jpg.rf.UqhFckizgWwc9QzySoPF.jpg,2,182,413,"(175, 409, 15, 9)",135,0.4549,0.5242,0.504,0.4497,0.0502,0.5012,0.0899,50.2001
saffron47_jpg.rf.UqhFckizgWwc9QzySoPF.jpg,3,308,384,"(300, 375, 16, 18)",288,0.6021,0.5497,0.5204,1.0,0.2756,0.5093,0.481,275.5971
saffron47_jpg.rf.UqhFckizgWwc9QzySoPF.jpg,4,367,367,"(353, 361, 28, 12)",336,0.5756,0.5201,0.5045,1.0,0.1702,0.5046,0.5583,170.2369
saffron47_jpg.rf.UqhFckizgWwc9QzySoPF.jpg,5,122,352,"(97, 327, 50, 51)",2550,0.4944,0.3025,0.4745,1.0,0.2243,0.5114,0.757,224.2718
saffron47_jpg.rf.UqhFckizgWwc9QzySoPF.jpg,6,462,212,"(413, 190, 99, 45)",4455,0.7138,0.9473,0.4876,1.0,0.1161,0.5144,0.5865,116.054
saffron51_jpg.rf.2hvK5ZX8CPcc8MvBYvQg.jpg,1,214,371,"(136, 296, 156, 151)",23556,0.4964,0.311,0.4841,1.0,0.1813,0.523,0.5272,181.2592
saffron51_jpg.rf.2hvK5ZX8CPcc8MvBYvQg.jpg,2,140,283,"(77, 246, 126, 75)",9450,0.5015,0.3087,0.5015,1.0,0.179,0.5362,0.5572,178.9962
saffron51_jpg.rf.2hvK5ZX8CPcc8MvBYvQg.jpg,3,329,182,"(288, 131, 83, 102)",8466,0.481,0.2985,0.4676,1.0,0.1286,0.5109,0.6754,128.5537
saffron52_jpg.rf.G5MpiBJpyGIY3rd3Tk4V.jpg,1,428,20,"(344, 0, 168, 41)",6888,0.4911,0.3087,0.5052,1.0,0.0621,0.5132,0.5636,62.0799
saffron533_jpg.rf.VUBrvR4B0VPfWoZWMuD2.jpg,1,254,476,"(250, 470, 9, 12)",108,0.81,0.9715,0.4857,1.0,1.0,0.5053,0.2183,1043.5579
saffron533_jpg.rf.VUBrvR4B0VPfWoZWMuD2.jpg,2,328,428,"(324, 420, 8, 17)",136,0.8124,0.9544,0.5098,1.0,1.0,0.5048,0.4293,1099.0955
saffron533_jpg.rf.VUBrvR4B0VPfWoZWMuD2.jpg,3,297,160,"(292, 153, 10, 14)",140,0.6397,0.5361,0.502,1.0,0.7637,0.5024,0.2115,763.6963
saffron533_jpg.rf.VUBrvR4B0VPfWoZWMuD2.jpg,4,505,39,"(498, 32, 14, 14)",196,0.532,0.3755,0.551,1.0,0.0776,0.5057,0.5654,77.6288
saffron56_jpg.rf.SO6CX6zjrrKTfA7CaqyE.jpg,1,199,372,"(182, 346, 35, 52)",1820,0.5457,0.3179,0.5149,1.0,0.5423,0.5286,0.7985,542.319
saffron56_jpg.rf.SO6CX6zjrrKTfA7CaqyE.jpg,2,195,258,"(190, 233, 10, 51)",510,0.6424,0.6519,0.517,1.0,0.3327,0.5178,0.8175,332.6808
saffron56_jpg.rf.SO6CX6zjrrKTfA7CaqyE.jpg,3,21,172,"(0, 131, 43, 82)",3526,0.5056,0.2944,0.4876,1.0,0.3187,0.5191,0.7319,318.6986
saffron57_jpg.rf.8AJf3CS5rmeWZlfTn7Ia.jpg,1,232,302,"(229, 295, 7, 15)",105,0.584,0.3179,0.4934,1.0,1.0,0.5191,0.6257,3984.0811
saffron57_jpg.rf.8AJf3CS5rmeWZlfTn7Ia.jpg,2,284,272,"(277, 266, 14, 12)",168,0.5825,0.3179,0.4893,1.0,1.0,0.5224,0.2997,4168.1713
saffron58_jpg.rf.cWlkzWTrrVJ0RoifE0Ax.jpg,1,7,508,"(0, 505, 15, 7)",105,0.6445,0.6415,0.56,1.0,0.2398,0.5106,1.0,239.8314
saffron58_jpg.rf.cWlkzWTrrVJ0RoifE0Ax.jpg,2,304,492,"(292, 480, 25, 25)",625,0.6782,0.725,0.4782,1.0,0.571,0.5169,0.8758,570.9556
saffron58_jpg.rf.cWlkzWTrrVJ0RoifE0Ax.jpg,3,103,436,"(92, 425, 23, 22)",506,0.6702,0.7877,0.4879,1.0,0.2373,0.5275,0.9966,237.3195
saffron58_jpg.rf.cWlkzWTrrVJ0RoifE0Ax.jpg,4,6,426,"(0, 407, 12, 38)",456,0.6337,0.7152,0.5003,1.0,0.0834,0.5141,1.0,83.4312
saffron58_jpg.rf.cWlkzWTrrVJ0RoifE0Ax.jpg,5,182,374,"(177, 369, 11, 11)",121,0.6144,0.5549,0.5205,0.69,1.0,0.4991,0.138,1133.0619
saffron58_jpg.rf.cWlkzWTrrVJ0RoifE0Ax.jpg,6,77,370,"(73, 363, 9, 15)",135,0.6814,0.7584,0.5511,1.0,0.2313,0.513,0.9929,231.2843
saffron58_jpg.rf.cWlkzWTrrVJ0RoifE0Ax.jpg,7,3,344,"(0, 337, 6, 14)",84,0.7253,0.8843,0.5147,1.0,0.3566,0.5086,0.625,356.5869
saffron58_jpg.rf.cWlkzWTrrVJ0RoifE0Ax.jpg,8,440,308,"(428, 298, 24, 20)",480,0.5369,0.3127,0.488,1.0,0.5669,0.5214,0.7613,566.8784
saffron58_jpg.rf.cWlkzWTrrVJ0RoifE0Ax.jpg,9,64,291,"(52, 286, 24, 10)",240,0.5582,0.3127,0.5544,1.0,0.5475,0.5128,0.6932,547.5059
saffron58_jpg.rf.cWlkzWTrrVJ0RoifE0Ax.jpg,10,469,283,"(441, 265, 57, 36)",2052,0.7535,0.9484,0.4842,1.0,0.5206,0.5192,0.7271,520.5697
saffron58_jpg.rf.cWlkzWTrrVJ0RoifE0Ax.jpg,11,30,268,"(21, 258, 19, 21)",399,0.7233,0.9435,0.502,1.0,0.1738,0.5263,0.912,173.7815
saffron58_jpg.rf.cWlkzWTrrVJ0RoifE0Ax.jpg,12,239,333,"(197, 256, 85, 154)",13090,0.5701,0.3179,0.4932,1.0,0.8621,0.5168,0.6179,862.0715
saffron58_jpg.rf.cWlkzWTrrVJ0RoifE0Ax.jpg,13,396,263,"(378, 247, 37, 32)",1184,0.5661,0.3113,0.4488,1.0,1.0,0.512,0.8052,1904.9951
saffron58_jpg.rf.cWlkzWTrrVJ0RoifE0Ax.jpg,14,99,250,"(88, 236, 23, 28)",644,0.489,0.0316,0.5085,1.0,1.0,0.4968,0.5607,1263.6488
saffron58_jpg.rf.cWlkzWTrrVJ0RoifE0Ax.jpg,15,383,238,"(371, 225, 25, 27)",675,0.5867,0.3179,0.5013,1.0,1.0,0.511,0.6687,1572.6003
saffron58_jpg.rf.cWlkzWTrrVJ0RoifE0Ax.jpg,16,354,223,"(339, 198, 31, 51)",1581,0.4795,0.1445,0.5026,1.0,0.5307,0.5077,0.4559,530.7065
saffron58_jpg.rf.cWlkzWTrrVJ0RoifE0Ax.jpg,17,112,211,"(98, 189, 29, 45)",1305,0.4533,0.0316,0.5108,1.0,0.6344,0.5015,0.6804,634.4372
saffron58_jpg.rf.cWlkzWTrrVJ0RoifE0Ax.jpg,18,255,187,"(247, 174, 16, 27)",432,0.4582,0.0316,0.5196,1.0,0.6529,0.5018,0.5614,652.9422
saffron58_jpg.rf.cWlkzWTrrVJ0RoifE0Ax.jpg,19,387,182,"(371, 167, 32, 31)",992,0.4819,0.0323,0.5503,1.0,0.7803,0.5055,0.6771,780.3421
saffron58_jpg.rf.cWlkzWTrrVJ0RoifE0Ax.jpg,20,234,154,"(223, 131, 23, 46)",1058,0.4834,0.0316,0.4924,1.0,1.0,0.5165,0.6315,1312.2976
saffron58_jpg.rf.cWlkzWTrrVJ0RoifE0Ax.jpg,21,212,128,"(209, 120, 7, 17)",119,0.4898,0.0316,0.5358,1.0,0.9123,0.5188,0.3575,912.2718
saffron58_jpg.rf.cWlkzWTrrVJ0RoifE0Ax.jpg,22,267,120,"(257, 108, 21, 24)",504,0.4932,0.0323,0.5381,1.0,0.9357,0.5066,0.6751,935.6939
saffron58_jpg.rf.cWlkzWTrrVJ0RoifE0Ax.jpg,23,421,71,"(415, 60, 13, 22)",286,0.4842,0.0316,0.4947,1.0,1.0,0.5006,0.5,1594.3104
saffron59_jpg.rf.62AnemRUCcxbZr7CEVIO.jpg,1,383,493,"(367, 474, 33, 38)",1254,0.5201,0.3127,0.5359,1.0,0.231,0.5249,0.848,231.0066
saffron59_jpg.rf.62AnemRUCcxbZr7CEVIO.jpg,2,313,109,"(306, 105, 15, 9)",135,0.6114,0.5308,0.4834,1.0,0.5638,0.4967,0.3439,563.8202
saffron5_jpg.rf.cWKKibsndZHEQUrfh39g.jpg,1,47,452,"(43, 444, 8, 17)",136,0.5551,0.5174,0.4815,1.0,0.0545,0.5065,0.5603,54.5174
saffron5_jpg.rf.cWKKibsndZHEQUrfh39g.jpg,2,96,307,"(90, 301, 12, 13)",156,0.5599,0.5224,0.483,1.0,0.0802,0.5081,0.3917,80.2066
saffron5_jpg.rf.cWKKibsndZHEQUrfh39g.jpg,3,397,162,"(391, 158, 13, 9)",117,0.5953,0.5485,0.5147,1.0,0.2315,0.5032,0.3352,231.5129
saffron5_jpg.rf.cWKKibsndZHEQUrfh39g.jpg,4,7,15,"(0, 0, 15, 31)",465,0.5681,0.5184,0.5222,1.0,0.0391,0.5031,0.3218,39.1446
saffron609_jpg.rf.SZGWbJUW5f1BiUNDvLty.jpg,1,462,505,"(450, 498, 24, 14)",336,0.5181,0.2985,0.524,1.0,0.3026,0.5067,0.6542,302.6365
saffron609_jpg.rf.SZGWbJUW5f1BiUNDvLty.jpg,2,13,328,"(0, 314, 27, 29)",783,0.4596,0.0226,0.4611,1.0,0.9027,0.5055,0.5085,902.6873
saffron609_jpg.rf.SZGWbJUW5f1BiUNDvLty.jpg,3,104,306,"(100, 300, 9, 13)",117,0.5451,0.3113,0.4872,1.0,0.6557,0.518,0.4876,655.7195
saffron609_jpg.rf.SZGWbJUW5f1BiUNDvLty.jpg,4,500,29,"(488, 12, 24, 35)",840,0.5058,0.3158,0.5084,1.0,0.1737,0.5176,0.7447,173.6502
saffron609_jpg.rf.SZGWbJUW5f1BiUNDvLty.jpg,5,232,7,"(227, 0, 10, 15)",150,0.547,0.3219,0.4838,1.0,0.6496,0.509,0.6948,649.5999
saffron609_jpg.rf.SZGWbJUW5f1BiUNDvLty.jpg,6,100,10,"(89, 0, 22, 20)",440,0.583,0.3219,0.5087,1.0,0.9232,0.511,0.9977,923.2131
saffron61_jpg.rf.4fndqY9fhRo4ruxQY0Bu.jpg,1,500,507,"(488, 503, 24, 9)",216,0.7415,0.9616,0.5172,1.0,0.2394,0.5029,0.8067,239.3537
saffron61_jpg.rf.4fndqY9fhRo4ruxQY0Bu.jpg,2,475,504,"(463, 499, 24, 10)",240,0.7268,0.9684,0.4839,1.0,0.185,0.504,0.693,185.0049
saffron61_jpg.rf.4fndqY9fhRo4ruxQY0Bu.jpg,3,205,504,"(192, 497, 27, 15)",405,0.6829,0.6605,0.4911,1.0,0.7982,0.5056,0.58,798.186
saffron61_jpg.rf.4fndqY9fhRo4ruxQY0Bu.jpg,4,7,504,"(0, 497, 14, 15)",210,0.7337,0.9616,0.4901,1.0,0.2563,0.5087,0.5048,256.2719
saffron61_jpg.rf.4fndqY9fhRo4ruxQY0Bu.jpg,5,91,500,"(83, 495, 16, 11)",176,0.6679,0.6779,0.4694,1.0,0.6632,0.5058,0.4084,663.1873
saffron61_jpg.rf.4fndqY9fhRo4ruxQY0Bu.jpg,6,123,503,"(110, 494, 27, 18)",486,0.7656,0.9715,0.4755,1.0,0.5916,0.5002,0.7254,591.6168
saffron61_jpg.rf.4fndqY9fhRo4ruxQY0Bu.jpg,7,41,434,"(34, 430, 14, 9)",126,0.7563,0.9715,0.5044,1.0,0.3977,0.5052,0.4231,397.6818
saffron61_jpg.rf.4fndqY9fhRo4ruxQY0Bu.jpg,8,122,431,"(111, 424, 23, 15)",345,0.6775,0.7352,0.4876,1.0,0.4958,0.5103,0.509,495.7517
saffron61_jpg.rf.4fndqY9fhRo4ruxQY0Bu.jpg,9,159,425,"(136, 413, 47, 24)",1128,0.6453,0.7274,0.4645,1.0,0.2821,0.5148,0.6135,282.1208
saffron61_jpg.rf.4fndqY9fhRo4ruxQY0Bu.jpg,10,21,415,"(13, 406, 17, 18)",306,0.6695,0.7387,0.4855,1.0,0.4101,0.5099,0.4839,410.0722
saffron61_jpg.rf.4fndqY9fhRo4ruxQY0Bu.jpg,11,192,396,"(168, 385, 49, 23)",1127,0.6629,0.725,0.4696,1.0,0.4483,0.5214,0.5026,448.3026
saffron61_jpg.rf.4fndqY9fhRo4ruxQY0Bu.jpg,12,43,378,"(37, 367, 13, 22)",286,0.724,0.9512,0.4971,1.0,0.1711,0.5164,0.2682,171.097
saffron61_jpg.rf.4fndqY9fhRo4ruxQY0Bu.jpg,13,18,224,"(10, 218, 17, 13)",221,0.6082,0.6589,0.4802,1.0,0.095,0.5133,0.7586,94.9776
saffron61_jpg.rf.4fndqY9fhRo4ruxQY0Bu.jpg,14,507,213,"(503, 204, 9, 18)",162,0.4742,0.3029,0.451,1.0,0.103,0.5017,1.0,102.9864
saffron61_jpg.rf.4fndqY9fhRo4ruxQY0Bu.jpg,15,15,168,"(8, 163, 14, 11)",154,0.7137,0.9367,0.5173,1.0,0.0484,0.5091,0.5452,48.4105
saffron61_jpg.rf.4fndqY9fhRo4ruxQY0Bu.jpg,16,26,139,"(0, 123, 53, 33)",1749,0.7084,0.9473,0.4731,1.0,0.1124,0.5087,0.368,112.3713
saffron61_jpg.rf.4fndqY9fhRo4ruxQY0Bu.jpg,17,112,61,"(103, 51, 19, 21)",399,0.7114,0.9444,0.5036,1.0,0.0454,0.5143,0.2893,45.416
saffron61_jpg.rf.4fndqY9fhRo4ruxQY0Bu.jpg,18,507,45,"(502, 39, 10, 12)",120,0.4627,0.2751,0.4722,1.0,0.0114,0.5042,0.6042,11.3559
saffron61_jpg.rf.4fndqY9fhRo4ruxQY0Bu.jpg,19,384,13,"(375, 9, 18, 9)",162,0.478,0.2944,0.4731,1.0,0.093,0.5097,0.3746,92.9951
saffron61_jpg.rf.4fndqY9fhRo4ruxQY0Bu.jpg,20,222,2,"(211, 0, 22, 4)",88,0.4674,0.2935,0.4519,1.0,0.0649,0.5013,0.6206,64.8955
saffron61_jpg.rf.4fndqY9fhRo4ruxQY0Bu.jpg,21,120,12,"(103, 0, 34, 25)",850,0.5018,0.9314,0.4894,0.007,0.0308,0.5071,0.0014,30.7634
saffron62_jpg.rf.bg0o3hh0KpgZu2haTPNH.jpg,1,257,471,"(248, 467, 18, 9)",162,0.4732,0.1317,0.4992,0.7619,0.9997,0.4984,0.1524,999.6534
saffron62_jpg.rf.bg0o3hh0KpgZu2haTPNH.jpg,2,82,360,"(70, 350, 25, 21)",525,0.4556,0.1495,0.4954,1.0,0.2988,0.4946,0.5184,298.7785
saffron62_jpg.rf.bg0o3hh0KpgZu2haTPNH.jpg,3,463,90,"(458, 84, 10, 12)",120,0.4715,0.8003,0.5416,0.0,0.0182,0.4986,0.0,18.1663
saffron63_jpg.rf.92GlucZxAiow6m9Hlc07.jpg,1,272,382,"(268, 374, 9, 17)",153,0.5032,0.5549,0.5014,0.3941,0.5471,0.498,0.0788,547.1043
saffron63_jpg.rf.92GlucZxAiow6m9Hlc07.jpg,2,473,325,"(458, 312, 31, 26)",806,0.5006,0.3764,0.464,1.0,0.0651,0.5195,0.6952,65.0645
saffron63_jpg.rf.92GlucZxAiow6m9Hlc07.jpg,3,3,161,"(0, 155, 7, 13)",91,0.4925,0.2791,0.5488,1.0,0.0267,0.4996,0.9723,26.6534
saffron65_jpg.rf.dakWufRuWFPq0xPVjmL5.jpg,1,8,331,"(1, 326, 15, 10)",150,0.4752,0.0226,0.4779,1.0,1.0,0.5059,0.8719,1355.5488
saffron65_jpg.rf.dakWufRuWFPq0xPVjmL5.jpg,2,70,283,"(53, 263, 34, 41)",1394,0.5259,0.3179,0.4713,1.0,0.4967,0.5191,0.975,496.6887
saffron65_jpg.rf.dakWufRuWFPq0xPVjmL5.jpg,3,112,133,"(39, 65, 146, 136)",19856,0.5184,0.3127,0.4867,1.0,0.3862,0.5154,0.4944,386.211
saffron66_jpg.rf.eaqqlC62XoSa3vgStq8s.jpg,1,305,134,"(298, 113, 14, 42)",588,0.701,0.8911,0.4999,1.0,0.1413,0.5267,0.5449,141.2649
saffron66_jpg.rf.eaqqlC62XoSa3vgStq8s.jpg,2,105,95,"(98, 83, 15, 24)",360,0.4924,0.3127,0.4524,1.0,0.2458,0.516,0.8138,245.7508
saffron66_jpg.rf.eaqqlC62XoSa3vgStq8s.jpg,3,115,73,"(108, 68, 15, 11)",165,0.5206,0.3127,0.4875,1.0,0.4056,0.5096,0.6667,405.5718
saffron67_jpg.rf.HBAIUWZqiKcWlPrtCyym.jpg,1,238,322,"(190, 255, 97, 134)",12998,0.4869,0.3061,0.4672,1.0,0.1619,0.5235,0.5314,161.8939
saffron68_jpg.rf.48wBFZ6aNudaMotDumaN.jpg,1,347,506,"(338, 501, 19, 11)",209,0.582,0.3016,0.561,1.0,0.8014,0.5024,0.7249,801.3641
saffron68_jpg.rf.48wBFZ6aNudaMotDumaN.jpg,2,128,496,"(82, 480, 92, 32)",2944,0.512,0.2985,0.4827,1.0,0.3855,0.515,0.3517,385.4686
saffron68_jpg.rf.48wBFZ6aNudaMotDumaN.jpg,3,439,458,"(366, 404, 146, 108)",15768,0.4967,0.3127,0.4548,1.0,0.2812,0.5279,0.7195,281.1535
saffron68_jpg.rf.48wBFZ6aNudaMotDumaN.jpg,4,494,367,"(477, 346, 35, 42)",1470,0.5305,0.3037,0.4887,1.0,0.5319,0.5156,0.509,531.8519
saffron68_jpg.rf.48wBFZ6aNudaMotDumaN.jpg,5,508,293,"(504, 279, 8, 29)",232,0.4513,0.0278,0.5104,1.0,0.629,0.5031,0.6254,628.9792
saffron6_jpg.rf.2r2OtPisNOqLgfEFSUZX.jpg,1,487,417,"(479, 412, 16, 10)",160,0.7073,0.9499,0.4906,1.0,0.0308,0.4981,0.2841,30.7745
saffron6_jpg.rf.2r2OtPisNOqLgfEFSUZX.jpg,2,40,331,"(35, 326, 11, 10)",110,0.5813,0.5454,0.5268,1.0,0.0604,0.5075,0.7391,60.3888
saffron6_jpg.rf.2r2OtPisNOqLgfEFSUZX.jpg,3,49,192,"(43, 186, 13, 12)",156,0.7029,0.8921,0.5381,1.0,0.0236,0.5025,0.8467,23.5796
saffron6_jpg.rf.2r2OtPisNOqLgfEFSUZX.jpg,4,112,170,"(107, 163, 11, 14)",154,0.7069,0.9499,0.4944,1.0,0.0139,0.5025,0.9348,13.8828
saffron6_jpg.rf.2r2OtPisNOqLgfEFSUZX.jpg,5,445,40,"(441, 34, 9, 12)",108,0.7158,0.8987,0.5354,1.0,0.1393,0.503,0.5714,139.3007
saffron6_jpg.rf.2r2OtPisNOqLgfEFSUZX.jpg,6,332,35,"(326, 31, 13, 8)",104,0.7173,0.9499,0.5143,1.0,0.0488,0.4997,0.804,48.7571
saffron6_jpg.rf.2r2OtPisNOqLgfEFSUZX.jpg,7,403,37,"(396, 25, 14, 25)",350,0.7315,0.9606,0.5241,1.0,0.1185,0.5083,0.8233,118.4754
saffron70_jpg.rf.mLYK7KTZhVzsjDwqK5OG.jpg,1,366,316,"(358, 310, 17, 13)",221,0.7345,0.9512,0.4892,1.0,0.3042,0.4956,0.2469,304.2019
saffron70_jpg.rf.mLYK7KTZhVzsjDwqK5OG.jpg,2,98,242,"(93, 235, 10, 15)",150,0.4954,0.2985,0.4869,1.0,0.2052,0.4952,0.8131,205.1748
saffron70_jpg.rf.mLYK7KTZhVzsjDwqK5OG.jpg,3,331,221,"(320, 212, 23, 19)",437,0.6471,0.7546,0.5026,1.0,0.0704,0.51,0.4986,70.4385
saffron70_jpg.rf.mLYK7KTZhVzsjDwqK5OG.jpg,4,128,192,"(119, 180, 19, 24)",456,0.5823,0.3868,0.4682,1.0,0.8306,0.5123,0.302,830.5686
saffron70_jpg.rf.mLYK7KTZhVzsjDwqK5OG.jpg,5,263,155,"(255, 136, 16, 38)",608,0.4956,0.2926,0.5063,1.0,0.1603,0.5082,0.8936,160.3103
saffron70_jpg.rf.mLYK7KTZhVzsjDwqK5OG.jpg,6,430,114,"(414, 78, 33, 72)",2376,0.4871,0.3054,0.4854,1.0,0.1028,0.514,0.5622,102.8439
saffron70_jpg.rf.mLYK7KTZhVzsjDwqK5OG.jpg,7,356,60,"(345, 55, 22, 11)",242,0.5226,0.9499,0.5164,0.0,0.0935,0.5014,0.0,93.4665
saffron70_jpg.rf.mLYK7KTZhVzsjDwqK5OG.jpg,8,236,35,"(230, 28, 12, 15)",180,0.7103,0.7956,0.5282,1.0,0.4695,0.5008,0.5741,469.5091
saffron70_jpg.rf.mLYK7KTZhVzsjDwqK5OG.jpg,9,489,80,"(467, 0, 45, 160)",7200,0.4817,0.3054,0.4734,1.0,0.0911,0.5268,0.7564,91.0536
saffron70_jpg.rf.mLYK7KTZhVzsjDwqK5OG.jpg,10,225,12,"(203, 0, 44, 25)",1100,0.7178,0.96,0.498,1.0,0.0754,0.5078,0.6123,75.3815
saffron71_jpg.rf.etU442isiiBO0J4sAcMf.jpg,1,451,274,"(391, 229, 121, 90)",10890,0.5589,0.3179,0.5176,1.0,0.665,0.52,0.5493,664.9886
saffron71_jpg.rf.etU442isiiBO0J4sAcMf.jpg,2,337,160,"(323, 155, 29, 10)",290,0.5378,0.2985,0.5311,1.0,0.4748,0.5174,0.3991,474.7878
saffron71_jpg.rf.etU442isiiBO0J4sAcMf.jpg,3,141,158,"(82, 127, 119, 63)",7497,0.5221,0.2985,0.5222,1.0,0.3484,0.5197,0.3628,348.3794
saffron71_jpg.rf.etU442isiiBO0J4sAcMf.jpg,4,109,122,"(100, 118, 18, 9)",162,0.5086,0.2985,0.5235,1.0,0.2089,0.511,0.2524,208.8894
saffron71_jpg.rf.etU442isiiBO0J4sAcMf.jpg,5,237,126,"(215, 113, 45, 26)",1170,0.5126,0.2985,0.5028,1.0,0.322,0.5117,0.404,322.0035
saffron71_jpg.rf.etU442isiiBO0J4sAcMf.jpg,6,139,116,"(129, 110, 20, 13)",260,0.513,0.2985,0.5189,1.0,0.2687,0.5128,0.3425,268.6938
saffron71_jpg.rf.etU442isiiBO0J4sAcMf.jpg,7,57,106,"(49, 100, 16, 12)",192,0.5258,0.2985,0.5709,1.0,0.2149,0.509,0.3065,214.9481
saffron72_jpg.rf.5YtLY7DNnttBc4JoJVia.jpg,1,369,408,"(358, 381, 23, 55)",1265,0.7172,0.9512,0.4868,1.0,0.1391,0.5152,0.3829,139.0928
saffron73_jpg.rf.ycjP9szM5lMHJy5zm1ZH.jpg,1,48,421,"(41, 416, 14, 11)",154,0.5599,0.5224,0.4711,1.0,0.1216,0.5055,0.3177,121.5666
saffron73_jpg.rf.ycjP9szM5lMHJy5zm1ZH.jpg,2,21,360,"(16, 354, 10, 13)",130,0.6019,0.5423,0.4817,1.0,0.4351,0.5026,0.2018,435.1114
saffron73_jpg.rf.ycjP9szM5lMHJy5zm1ZH.jpg,3,186,65,"(180, 57, 12, 17)",204,0.4517,0.5308,0.4888,0.273,0.4026,0.5028,0.0546,402.5871
saffron73_jpg.rf.ycjP9szM5lMHJy5zm1ZH.jpg,4,272,70,"(254, 40, 36, 61)",2196,0.4929,0.2985,0.4787,1.0,0.2089,0.5146,0.5699,208.88
saffron74_jpg.rf.xo7kD0PAJvCTNjlrBJ3W.jpg,1,450,280,"(444, 272, 12, 16)",192,0.5888,0.5349,0.4844,1.0,0.3202,0.5232,0.6726,320.1843
saffron74_jpg.rf.xo7kD0PAJvCTNjlrBJ3W.jpg,2,466,76,"(461, 69, 10, 14)",140,0.5181,0.9423,0.4917,0.0524,0.0575,0.5046,0.0105,57.455
saffron74_jpg.rf.xo7kD0PAJvCTNjlrBJ3W.jpg,3,238,67,"(227, 51, 23, 33)",759,0.6239,0.6641,0.4952,1.0,0.1812,0.5155,0.3841,181.2194
saffron74_jpg.rf.xo7kD0PAJvCTNjlrBJ3W.jpg,4,87,68,"(67, 43, 40, 51)",2040,0.6427,0.7214,0.4921,1.0,0.1794,0.5144,0.471,179.3943
saffron74_jpg.rf.xo7kD0PAJvCTNjlrBJ3W.jpg,5,443,43,"(438, 37, 10, 12)",120,0.5135,0.95,0.4999,0.0,0.0604,0.5027,0.0,60.4091
saffron75_jpg.rf.aepOMnWp2sGCl1zaHFML.jpg,1,293,218,"(282, 210, 22, 16)",352,0.5107,0.2985,0.5117,1.0,0.2719,0.5186,0.5809,271.8941
saffron75_jpg.rf.aepOMnWp2sGCl1zaHFML.jpg,2,272,113,"(260, 109, 24, 8)",192,0.6954,0.725,0.4731,1.0,0.7603,0.5079,0.5972,760.3102
saffron76_jpg.rf.tqNdTXJUvXqlvqFQPEOO.jpg,1,381,330,"(378, 323, 7, 15)",105,0.7248,0.725,0.4993,1.0,0.9633,0.52,0.4912,963.3441
saffron77_jpg.rf.lCQZOW0ug5HXqmqHVTIw.jpg,1,54,507,"(35, 503, 39, 9)",351,0.6239,0.6917,0.4883,1.0,0.1093,0.5045,0.4484,109.3198
saffron77_jpg.rf.lCQZOW0ug5HXqmqHVTIw.jpg,2,7,362,"(0, 351, 14, 23)",322,0.7481,0.9512,0.4984,1.0,0.4077,0.5197,0.6786,407.6712
saffron77_jpg.rf.lCQZOW0ug5HXqmqHVTIw.jpg,3,8,26,"(0, 21, 16, 11)",176,0.7113,0.9405,0.487,1.0,0.1165,0.5024,0.5356,116.4867
saffron78_jpg.rf.8UGvwF7kJcPmQxf2ISLm.jpg,1,502,284,"(492, 262, 20, 45)",900,0.4943,0.2751,0.5592,1.0,0.0227,0.5029,0.5034,22.6875
saffron78_jpg.rf.8UGvwF7kJcPmQxf2ISLm.jpg,2,82,275,"(41, 202, 82, 146)",11972,0.5044,0.2985,0.4721,1.0,0.3473,0.5242,0.5994,347.2587
saffron78_jpg.rf.8UGvwF7kJcPmQxf2ISLm.jpg,3,263,211,"(229, 160, 69, 103)",7107,0.5025,0.2985,0.5096,1.0,0.1968,0.5203,0.6293,196.8439
saffron78_jpg.rf.8UGvwF7kJcPmQxf2ISLm.jpg,4,88,128,"(69, 111, 39, 34)",1326,0.5,0.3087,0.5039,1.0,0.1563,0.5244,0.8542,156.3239
saffron78_jpg.rf.8UGvwF7kJcPmQxf2ISLm.jpg,5,94,77,"(62, 46, 64, 63)",4032,0.514,0.3127,0.5131,1.0,0.2493,0.5205,0.7528,249.3415
saffron7_jpg.rf.ZHlprS3iOxVVd3eUEjer.jpg,1,17,441,"(0, 394, 34, 94)",3196,0.7128,0.9576,0.5044,1.0,0.0112,0.5199,0.7231,11.2308
saffron7_jpg.rf.ZHlprS3iOxVVd3eUEjer.jpg,2,349,450,"(297, 388, 104, 124)",12896,0.5341,0.3127,0.5665,1.0,0.2639,0.5287,0.8139,263.8889
saffron7_jpg.rf.ZHlprS3iOxVVd3eUEjer.jpg,3,110,348,"(77, 321, 66, 54)",3564,0.6267,0.651,0.5147,1.0,0.1874,0.5189,0.6976,187.3584
saffron7_jpg.rf.ZHlprS3iOxVVd3eUEjer.jpg,4,351,318,"(343, 312, 17, 12)",204,0.7437,0.9544,0.5087,1.0,0.3159,0.5299,0.6695,315.9
saffron7_jpg.rf.ZHlprS3iOxVVd3eUEjer.jpg,5,319,326,"(303, 305, 33, 42)",1386,0.6398,0.6239,0.5037,1.0,0.4515,0.534,0.3403,451.4887
saffron7_jpg.rf.ZHlprS3iOxVVd3eUEjer.jpg,6,509,227,"(506, 212, 6, 30)",180,0.5146,0.9367,0.489,0.0,0.1564,0.4944,0.0,156.3809
saffron7_jpg.rf.ZHlprS3iOxVVd3eUEjer.jpg,7,481,218,"(477, 211, 8, 14)",112,0.5141,0.9367,0.5158,0.0,0.0576,0.4945,0.0,57.6352
saffron7_jpg.rf.ZHlprS3iOxVVd3eUEjer.jpg,8,483,165,"(480, 156, 7, 18)",126,0.5201,0.9367,0.5084,0.0,0.1433,0.4934,0.0,143.3366
saffron7_jpg.rf.ZHlprS3iOxVVd3eUEjer.jpg,9,345,157,"(340, 152, 11, 11)",121,0.7621,0.9476,0.5015,1.0,0.5494,0.5038,0.2476,549.3832
saffron7_jpg.rf.ZHlprS3iOxVVd3eUEjer.jpg,10,342,118,"(331, 89, 23, 58)",1334,0.7357,0.9544,0.4795,1.0,0.3386,0.5102,0.2216,338.6101
saffron7_jpg.rf.ZHlprS3iOxVVd3eUEjer.jpg,11,502,97,"(492, 84, 20, 27)",540,0.5145,0.9474,0.4988,0.0,0.0834,0.4961,0.0,83.4139
saffron7_jpg.rf.ZHlprS3iOxVVd3eUEjer.jpg,12,131,105,"(116, 72, 30, 67)",2010,0.737,0.9544,0.4804,1.0,0.3481,0.4995,0.2297,348.0747
saffron7_jpg.rf.ZHlprS3iOxVVd3eUEjer.jpg,13,507,57,"(503, 50, 9, 15)",135,0.7134,0.9616,0.4936,1.0,0.0406,0.4999,0.3235,40.6011
saffron7_jpg.rf.ZHlprS3iOxVVd3eUEjer.jpg,14,17,63,"(0, 36, 34, 55)",1870,0.5059,0.9499,0.4915,0.0,0.014,0.5015,0.0,14.0317
saffron7_jpg.rf.ZHlprS3iOxVVd3eUEjer.jpg,15,45,37,"(38, 24, 15, 27)",405,0.5087,0.9499,0.4931,0.0,0.036,0.4975,0.0,36.0192
saffron7_jpg.rf.ZHlprS3iOxVVd3eUEjer.jpg,16,438,47,"(383, 4, 111, 87)",9657,0.6732,0.9444,0.4887,0.7677,0.1808,0.5072,0.1535,180.8312
saffron7_jpg.rf.ZHlprS3iOxVVd3eUEjer.jpg,17,361,60,"(336, 0, 51, 121)",6171,0.542,0.9476,0.4958,0.0544,0.2596,0.5003,0.0109,259.6149
saffron81_jpg.rf.tEoYJItYjoFhjQYBUk0H.jpg,1,294,459,"(289, 447, 11, 25)",275,0.7159,0.9538,0.5127,1.0,0.0262,0.4952,0.9365,26.1709
saffron81_jpg.rf.tEoYJItYjoFhjQYBUk0H.jpg,2,57,462,"(45, 441, 24, 43)",1032,0.501,0.3127,0.496,1.0,0.1796,0.514,0.8854,179.5985
saffron81_jpg.rf.tEoYJItYjoFhjQYBUk0H.jpg,3,17,454,"(0, 441, 35, 26)",910,0.4673,0.311,0.4465,1.0,0.0221,0.5286,0.7259,22.0992
saffron81_jpg.rf.tEoYJItYjoFhjQYBUk0H.jpg,4,45,424,"(42, 417, 7, 15)",105,0.4929,0.2984,0.5336,1.0,0.0174,0.503,1.0,17.4476
saffron81_jpg.rf.tEoYJItYjoFhjQYBUk0H.jpg,5,13,417,"(0, 400, 27, 34)",918,0.7123,0.9416,0.5114,1.0,0.0377,0.5247,0.9137,37.6856
saffron81_jpg.rf.tEoYJItYjoFhjQYBUk0H.jpg,6,44,373,"(0, 330, 89, 86)",7654,0.5124,0.3738,0.5114,1.0,0.026,0.5197,0.7817,25.9926
saffron81_jpg.rf.tEoYJItYjoFhjQYBUk0H.jpg,7,342,333,"(336, 327, 12, 12)",144,0.5105,0.3179,0.4811,1.0,0.3086,0.5061,0.8542,308.5971
saffron81_jpg.rf.tEoYJItYjoFhjQYBUk0H.jpg,8,386,294,"(367, 281, 38, 26)",988,0.5883,0.5478,0.5215,1.0,0.1402,0.5267,0.7021,140.2087
saffron81_jpg.rf.tEoYJItYjoFhjQYBUk0H.jpg,9,354,271,"(348, 260, 13, 23)",299,0.6289,0.5572,0.5097,1.0,0.5551,0.5095,0.3531,555.1246
saffron81_jpg.rf.tEoYJItYjoFhjQYBUk0H.jpg,10,17,207,"(10, 198, 15, 19)",285,0.6107,0.6713,0.4912,1.0,0.0383,0.5102,0.7957,38.302
saffron83_jpg.rf.2iBFLcWoK8b45foc5YiV.jpg,1,291,484,"(277, 456, 29, 56)",1624,0.5709,0.3113,0.4993,1.0,0.8721,0.5042,0.2341,872.0694
saffron83_jpg.rf.2iBFLcWoK8b45foc5YiV.jpg,2,390,291,"(371, 279, 39, 25)",975,0.5017,0.2985,0.4944,1.0,0.2423,0.5163,0.7165,242.3157
saffron83_jpg.rf.2iBFLcWoK8b45foc5YiV.jpg,3,173,227,"(144, 209, 58, 36)",2088,0.5017,0.2825,0.5305,1.0,0.1714,0.5042,0.8679,171.4411
saffron83_jpg.rf.2iBFLcWoK8b45foc5YiV.jpg,4,202,159,"(170, 114, 64, 91)",5824,0.4863,0.3016,0.4902,1.0,0.0918,0.5088,0.8053,91.8273
saffron83_jpg.rf.2iBFLcWoK8b45foc5YiV.jpg,5,142,86,"(134, 81, 16, 11)",176,0.4686,0.0219,0.5591,1.0,0.6527,0.4955,0.4348,652.6576
saffron84_jpg.rf.tmKkN6GOVEGHmroQTy87.jpg,1,430,497,"(425, 492, 10, 10)",100,0.79,0.9715,0.4907,1.0,0.7819,0.5015,0.6694,781.8657
saffron84_jpg.rf.tmKkN6GOVEGHmroQTy87.jpg,2,307,461,"(303, 456, 8, 11)",88,0.7418,0.9715,0.4512,1.0,0.4381,0.502,0.3457,438.0646
saffron84_jpg.rf.tmKkN6GOVEGHmroQTy87.jpg,3,262,421,"(255, 413, 14, 16)",224,0.6039,0.9772,0.4893,0.3777,0.1506,0.5227,0.0755,150.6037
saffron84_jpg.rf.tmKkN6GOVEGHmroQTy87.jpg,4,21,189,"(0, 156, 43, 66)",2838,0.4868,0.3127,0.4771,1.0,0.1035,0.5173,0.6803,103.4758
saffron84_jpg.rf.tmKkN6GOVEGHmroQTy87.jpg,5,58,161,"(48, 150, 20, 22)",440,0.5053,0.2985,0.5403,1.0,0.1172,0.5205,0.5349,117.2058
saffron85_jpg.rf.GXbdxpbkQhid6eZhRl90.jpg,1,72,500,"(33, 488, 79, 24)",1896,0.7394,1.0,0.4778,1.0,0.222,0.524,0.4685,222.0433
saffron85_jpg.rf.GXbdxpbkQhid6eZhRl90.jpg,2,194,478,"(144, 444, 101, 68)",6868,0.5742,0.3179,0.5033,1.0,0.868,0.5168,0.5707,867.9867
saffron85_jpg.rf.GXbdxpbkQhid6eZhRl90.jpg,3,205,427,"(199, 420, 13, 14)",182,0.5794,0.3179,0.5041,1.0,0.9168,0.501,0.7723,916.7952
saffron85_jpg.rf.GXbdxpbkQhid6eZhRl90.jpg,4,24,356,"(16, 341, 17, 31)",527,0.5785,0.3179,0.4977,1.0,0.9304,0.5015,0.5549,930.4226
saffron85_jpg.rf.GXbdxpbkQhid6eZhRl90.jpg,5,6,326,"(0, 313, 12, 27)",324,0.5707,0.3113,0.5022,1.0,0.8601,0.5047,0.6225,860.0813
saffron85_jpg.rf.GXbdxpbkQhid6eZhRl90.jpg,6,499,144,"(486, 131, 26, 27)",702,0.5799,0.3113,0.4885,1.0,1.0,0.5231,0.5665,1406.0424
saffron8_jpg.rf.RQon690fo2r56bLIvGPs.jpg,1,306,456,"(300, 448, 12, 17)",204,0.7307,0.9538,0.5508,1.0,0.0402,0.5075,1.0,40.2447
saffron8_jpg.rf.RQon690fo2r56bLIvGPs.jpg,2,338,452,"(319, 430, 39, 44)",1716,0.6986,0.9471,0.4687,1.0,0.0301,0.5027,1.0,30.0852
saffron8_jpg.rf.RQon690fo2r56bLIvGPs.jpg,3,249,394,"(236, 386, 26, 16)",416,0.7123,0.9606,0.4826,1.0,0.0719,0.5028,1.0,71.9091
saffron8_jpg.rf.RQon690fo2r56bLIvGPs.jpg,4,176,48,"(148, 39, 56, 19)",1064,0.718,0.9576,0.5142,1.0,0.0283,0.5067,0.7429,28.2684
saffron9_jpg.rf.xe6oy8eB7gjjNTY5tlbW.jpg,1,397,406,"(384, 395, 26, 23)",598,0.5645,0.3179,0.4896,1.0,0.8188,0.5086,0.6549,818.774
saffron9_jpg.rf.xe6oy8eB7gjjNTY5tlbW.jpg,2,128,409,"(95, 386, 66, 46)",3036,0.4572,0.0271,0.4942,1.0,0.7474,0.4949,0.3015,747.4338
saffron9_jpg.rf.xe6oy8eB7gjjNTY5tlbW.jpg,3,190,386,"(176, 379, 29, 14)",406,0.5149,0.3127,0.4726,1.0,0.4007,0.5206,0.6792,400.7155
saffron_jpg.rf.XQKkjAi6PPTvm1jZlAFO.jpg,1,476,129,"(469, 124, 15, 10)",150,0.5214,0.2985,0.5051,1.0,0.4017,0.5075,0.3333,401.7027
saffron_jpg.rf.XQKkjAi6PPTvm1jZlAFO.jpg,2,200,133,"(189, 110, 22, 47)",1034,0.7086,0.8911,0.5127,1.0,0.1733,0.5288,0.5309,173.2564
saffron_jpg.rf.XQKkjAi6PPTvm1jZlAFO.jpg,3,455,108,"(437, 84, 36, 48)",1728,0.4866,0.2985,0.4583,1.0,0.2171,0.5105,0.8236,217.06
saffron_jpg.rf.XQKkjAi6PPTvm1jZlAFO.jpg,4,452,71,"(442, 65, 20, 12)",240,0.5297,0.3127,0.5103,1.0,0.4168,0.5047,0.6003,416.8141
saffron_jpg.rf.XQKkjAi6PPTvm1jZlAFO.jpg,5,321,55,"(258, 11, 126, 88)",11088,0.4957,0.3127,0.4799,1.0,0.1827,0.5099,0.5901,182.6867
saffron_jpg.rf.XQKkjAi6PPTvm1jZlAFO.jpg,6,405,42,"(368, 0, 75, 84)",6300,0.4955,0.3087,0.4847,1.0,0.1778,0.5046,0.7157,177.7948
saffroncrocusgrowingguide2_jpg.rf.CuG3QdZVs7gcFVvtJTrY.jpg,1,208,452,"(203, 437, 10, 30)",300,0.503,0.3685,0.5631,0.8658,0.0378,0.4998,0.1732,37.7957
saffroncrocusgrowingguide2_jpg.rf.CuG3QdZVs7gcFVvtJTrY.jpg,2,167,413,"(160, 369, 14, 88)",1232,0.5836,0.5485,0.5362,1.0,0.0395,0.5003,0.29,39.4894
saffroncrocusgrowingguide2_jpg.rf.CuG3QdZVs7gcFVvtJTrY.jpg,3,366,395,"(343, 360, 46, 70)",3220,0.7208,0.9435,0.5383,1.0,0.0222,0.52,0.2536,22.1853
saffroncrocusgrowingguide2_jpg.rf.CuG3QdZVs7gcFVvtJTrY.jpg,4,103,221,"(96, 211, 15, 20)",300,0.4794,0.2984,0.4839,1.0,0.0559,0.5101,0.5787,55.885
saffroncrocusgrowingguide2_jpg.rf.CuG3QdZVs7gcFVvtJTrY.jpg,5,301,102,"(289, 49, 25, 106)",2650,0.4636,0.2801,0.4622,1.0,0.0379,0.4992,0.5147,37.8707
saffroncrocusgrowingguide2_jpg.rf.CuG3QdZVs7gcFVvtJTrY.jpg,6,175,47,"(170, 39, 11, 16)",176,0.4889,0.3061,0.511,1.0,0.0292,0.5073,0.2593,29.1959
saffroncrocusgrowingguide2_jpg.rf.CuG3QdZVs7gcFVvtJTrY.jpg,7,199,102,"(186, 26, 27, 152)",4104,0.4855,0.2985,0.4868,1.0,0.1062,0.5145,0.4314,106.1512
saffroncrocusgrowingguide2_jpg.rf.CuG3QdZVs7gcFVvtJTrY.jpg,8,345,4,"(334, 0, 23, 9)",207,0.5126,0.3764,0.5001,1.0,0.0583,0.5143,0.3238,58.3006
shafran_jpg.rf.HLsDtXXfddo6QAIqqQaf.jpg,1,62,402,"(44, 386, 37, 33)",1221,0.7481,1.0,0.4822,1.0,0.2931,0.5249,0.6245,293.1334
shafran_jpg.rf.HLsDtXXfddo6QAIqqQaf.jpg,2,118,23,"(81, 0, 75, 46)",3450,0.484,0.3127,0.4873,1.0,0.0399,0.5335,0.4845,39.9123
shafran_jpg.rf.HLsDtXXfddo6QAIqqQaf.jpg,3,16,37,"(0, 0, 33, 74)",2442,0.4762,0.3054,0.4772,1.0,0.0227,0.5251,0.6519,22.7229
thrgfd_jpg.rf.Zpn9OEvEbRpr77ddamIZ.jpg,1,279,437,"(273, 431, 12, 13)",156,0.7604,0.9638,0.5202,1.0,0.4102,0.5141,0.605,410.1616
wild-wisdom-saffron_jpg.rf.0pmeJSDT5hRdcyHmrF6O.jpg,1,349,378,"(339, 369, 21, 18)",378,0.7027,0.7788,0.4972,1.0,0.5608,0.5275,0.4707,560.8306
wild-wisdom-saffron_jpg.rf.0pmeJSDT5hRdcyHmrF6O.jpg,2,96,230,"(89, 224, 15, 12)",180,0.8022,0.9544,0.5046,1.0,0.9153,0.5069,0.466,915.2917
wild-wisdom-saffron_jpg.rf.0pmeJSDT5hRdcyHmrF6O.jpg,3,145,39,"(106, 0, 79, 78)",6162,0.4937,0.3127,0.4894,1.0,0.1297,0.5131,0.5572,129.7487
